epoch,loss_epoch,loss_step,step,val/ema_loss_epoch,val/raw_loss_epoch
0,,0.6791902780532837,9,,
0,,0.42397063970565796,19,,
0,,0.35584673285484314,29,,
0,,0.17013974487781525,39,,
0,,0.15273791551589966,49,,
0,,0.17534340918064117,59,,
0,,0.19628247618675232,69,,
0,,0.12358030676841736,79,,
0,,0.12047231197357178,89,,
0,,0.10832547396421432,99,,
0,,0.0749889612197876,109,,
0,,0.12216315418481827,119,,
0,,0.08112119138240814,129,,
0,,0.049421753734350204,139,,
0,,0.05019066482782364,149,,
0,,0.03811768814921379,159,,
0,,0.0753563791513443,169,,
0,,0.054227571934461594,179,,
0,,0.08657301217317581,189,,
0,,0.07430152595043182,199,,
0,,0.049209773540496826,209,,
0,,0.05961665138602257,219,,
0,,0.0727350041270256,229,,
0,,0.0535699799656868,239,,
0,,0.0745852068066597,249,,
0,,0.03936254233121872,259,,
0,,0.0799892395734787,269,,
0,,0.05071861296892166,279,,
0,,0.07393468916416168,289,,
0,,0.04190412908792496,299,,
0,,0.028705265372991562,309,,
0,,0.022192293778061867,319,,
0,,0.04801628738641739,329,,
0,,0.07067570835351944,339,,
0,,0.06587499380111694,349,,
0,,0.049461305141448975,359,,
0,,0.04677777737379074,369,,
0,,0.04204777628183365,379,,
0,,0.02270372398197651,389,,
0,,0.05087631940841675,399,,
0,,0.05690240114927292,409,,
0,,0.04280461370944977,419,,
0,,0.059596821665763855,429,,
0,,0.04583730921149254,439,,
0,,0.04783348739147186,449,,
0,,0.05360730364918709,459,,
0,,0.028726136311888695,469,,
0,,0.026269519701600075,479,,
0,,,483,0.43402814865112305,0.040582772344350815
0,0.09569699317216873,,483,,
1,,0.06816254556179047,489,,
1,,0.03407939895987511,499,,
1,,0.06116008013486862,509,,
1,,0.02426152117550373,519,,
1,,0.04356857389211655,529,,
1,,0.02776366099715233,539,,
1,,0.03277403116226196,549,,
1,,0.02969362773001194,559,,
1,,0.03347591310739517,569,,
1,,0.03459486365318298,579,,
1,,0.034787729382514954,589,,
1,,0.02342752367258072,599,,
1,,0.03613744303584099,609,,
1,,0.029686106368899345,619,,
1,,0.044024668633937836,629,,
1,,0.02581110969185829,639,,
1,,0.026015130802989006,649,,
1,,0.03414725884795189,659,,
1,,0.02229858934879303,669,,
1,,0.018790699541568756,679,,
1,,0.033260829746723175,689,,
1,,0.01924811117351055,699,,
1,,0.02648785710334778,709,,
1,,0.03241929039359093,719,,
1,,0.028204355388879776,729,,
1,,0.025492068380117416,739,,
1,,0.031167414039373398,749,,
1,,0.030023936182260513,759,,
1,,0.018355917185544968,769,,
1,,0.024494554847478867,779,,
1,,0.023093001917004585,789,,
1,,0.012595970183610916,799,,
1,,0.023780817165970802,809,,
1,,0.026313336566090584,819,,
1,,0.024224214255809784,829,,
1,,0.02708146907389164,839,,
1,,0.015911094844341278,849,,
1,,0.02631223015487194,859,,
1,,0.01708894595503807,869,,
1,,0.024310121312737465,879,,
1,,0.02667013742029667,889,,
1,,0.018796946853399277,899,,
1,,0.021311022341251373,909,,
1,,0.02416473627090454,919,,
1,,0.020622216165065765,929,,
1,,0.020140226930379868,939,,
1,,0.02599233202636242,949,,
1,,0.02636464312672615,959,,
1,,,967,0.20323653519153595,0.021467717364430428
1,0.028280096128582954,,967,,
2,,0.01222186628729105,969,,
2,,0.020937003195285797,979,,
2,,0.015874190255999565,989,,
2,,0.045123543590307236,999,,
2,,0.010983021929860115,1009,,
2,,0.016497911885380745,1019,,
2,,0.020022835582494736,1029,,
2,,0.019769281148910522,1039,,
2,,0.02014225348830223,1049,,
2,,0.01735275238752365,1059,,
2,,0.014067365787923336,1069,,
2,,0.009687202051281929,1079,,
2,,0.011982865631580353,1089,,
2,,0.013364139944314957,1099,,
2,,0.007751968689262867,1109,,
2,,0.012991121970117092,1119,,
2,,0.01911102421581745,1129,,
2,,0.01878315582871437,1139,,
2,,0.022778596729040146,1149,,
2,,0.015936827287077904,1159,,
2,,0.020803876221179962,1169,,
2,,0.016718454658985138,1179,,
2,,0.015277044847607613,1189,,
2,,0.01293815579265356,1199,,
2,,0.021858127787709236,1209,,
2,,0.014227401465177536,1219,,
2,,0.013054056093096733,1229,,
2,,0.016541551798582077,1239,,
2,,0.009848952293395996,1249,,
2,,0.017303649336099625,1259,,
2,,0.018703024834394455,1269,,
2,,0.013322783634066582,1279,,
2,,0.017268655821681023,1289,,
2,,0.015926338732242584,1299,,
2,,0.01481289230287075,1309,,
2,,0.015989044681191444,1319,,
2,,0.0185986515134573,1329,,
2,,0.013858240097761154,1339,,
2,,0.014651184901595116,1349,,
2,,0.014092517085373402,1359,,
2,,0.01513612736016512,1369,,
2,,0.027105707675218582,1379,,
2,,0.013387743383646011,1389,,
2,,0.013638132251799107,1399,,
2,,0.02006855420768261,1409,,
2,,0.013388538733124733,1419,,
2,,0.015259169973433018,1429,,
2,,0.02483440190553665,1439,,
2,,0.02361820638179779,1449,,
2,,,1451,0.10656392574310303,0.015433479100465775
2,0.017958814278244972,,1451,,
3,,0.010788899846374989,1459,,
3,,0.01713533326983452,1469,,
3,,0.017561938613653183,1479,,
3,,0.010044852271676064,1489,,
3,,0.021389015018939972,1499,,
3,,0.014540613628923893,1509,,
3,,0.024854300543665886,1519,,
3,,0.016693631187081337,1529,,
3,,0.011921226046979427,1539,,
3,,0.018253140151500702,1549,,
3,,0.01064158882945776,1559,,
3,,0.01566612720489502,1569,,
3,,0.011408338323235512,1579,,
3,,0.019533682614564896,1589,,
3,,0.01246159803122282,1599,,
3,,0.015768475830554962,1609,,
3,,0.009100879542529583,1619,,
3,,0.009974679909646511,1629,,
3,,0.018786823377013206,1639,,
3,,0.014112172648310661,1649,,
3,,0.030780712142586708,1659,,
3,,0.01623586378991604,1669,,
3,,0.014910630881786346,1679,,
3,,0.01179924514144659,1689,,
3,,0.011351794935762882,1699,,
3,,0.02129262313246727,1709,,
3,,0.014096745289862156,1719,,
3,,0.0085310572758317,1729,,
3,,0.017668981105089188,1739,,
3,,0.021939314901828766,1749,,
3,,0.009495964273810387,1759,,
3,,0.014748510904610157,1769,,
3,,0.01078195683658123,1779,,
3,,0.012271728366613388,1789,,
3,,0.008765249513089657,1799,,
3,,0.004898708313703537,1809,,
3,,0.021389968693256378,1819,,
3,,0.010894816368818283,1829,,
3,,0.007244667038321495,1839,,
3,,0.013727927580475807,1849,,
3,,0.008834430947899818,1859,,
3,,0.012391563504934311,1869,,
3,,0.01014173123985529,1879,,
3,,0.014162963256239891,1889,,
3,,0.010261256247758865,1899,,
3,,0.015699638053774834,1909,,
3,,0.010284803807735443,1919,,
3,,0.012436099350452423,1929,,
3,,,1935,0.0580638088285923,0.01209691446274519
3,0.013882219791412354,,1935,,
4,,0.01670224778354168,1939,,
4,,0.02471959963440895,1949,,
4,,0.012919464148581028,1959,,
4,,0.010175023227930069,1969,,
4,,0.016590656712651253,1979,,
4,,0.009147468954324722,1989,,
4,,0.01877090521156788,1999,,
4,,0.015193555504083633,2009,,
4,,0.045240163803100586,2019,,
4,,0.010800848715007305,2029,,
4,,0.01256546936929226,2039,,
4,,0.01876422017812729,2049,,
4,,0.01128742191940546,2059,,
4,,0.013171356171369553,2069,,
4,,0.008792849257588387,2079,,
4,,0.011355551891028881,2089,,
4,,0.007771873846650124,2099,,
4,,0.015744512900710106,2109,,
4,,0.026723988354206085,2119,,
4,,0.007582710590213537,2129,,
4,,0.018395133316516876,2139,,
4,,0.011890212073922157,2149,,
4,,0.009400124661624432,2159,,
4,,0.009214344434440136,2169,,
4,,0.00508219376206398,2179,,
4,,0.011154589243233204,2189,,
4,,0.01226037461310625,2199,,
4,,0.007817639037966728,2209,,
4,,0.01337318867444992,2219,,
4,,0.010334603488445282,2229,,
4,,0.007750336080789566,2239,,
4,,0.009614276699721813,2249,,
4,,0.009086254984140396,2259,,
4,,0.007830880582332611,2269,,
4,,0.015113884583115578,2279,,
4,,0.01176378782838583,2289,,
4,,0.014573737047612667,2299,,
4,,0.014472994953393936,2309,,
4,,0.00797262229025364,2319,,
4,,0.010550584644079208,2329,,
4,,0.013532067649066448,2339,,
4,,0.01141706295311451,2349,,
4,,0.007529052905738354,2359,,
4,,0.007319267373532057,2369,,
4,,0.012872692197561264,2379,,
4,,0.019315708428621292,2389,,
4,,0.01214093342423439,2399,,
4,,0.014442851766943932,2409,,
4,,0.010705985128879547,2419,,
4,,,2419,0.032948099076747894,0.011765138246119022
4,0.011762614361941814,,2419,,
5,,0.013772882521152496,2429,,
5,,0.0117568988353014,2439,,
5,,0.013154308311641216,2449,,
5,,0.013448206707835197,2459,,
5,,0.005064991302788258,2469,,
5,,0.015640879049897194,2479,,
5,,0.006860748864710331,2489,,
5,,0.012326118536293507,2499,,
5,,0.009208057075738907,2509,,
5,,0.008584216237068176,2519,,
5,,0.012178829871118069,2529,,
5,,0.009113539010286331,2539,,
5,,0.012758413329720497,2549,,
5,,0.008623671717941761,2559,,
5,,0.011496204882860184,2569,,
5,,0.015732022002339363,2579,,
5,,0.014350775629281998,2589,,
5,,0.0042270333506166935,2599,,
5,,0.0062471358105540276,2609,,
5,,0.007008758373558521,2619,,
5,,0.012218253687024117,2629,,
5,,0.008854003623127937,2639,,
5,,0.006690451875329018,2649,,
5,,0.014044634066522121,2659,,
5,,0.016928156837821007,2669,,
5,,0.013035359792411327,2679,,
5,,0.009638005867600441,2689,,
5,,0.005417189560830593,2699,,
5,,0.0080668730661273,2709,,
5,,0.008361294865608215,2719,,
5,,0.011831216514110565,2729,,
5,,0.011464415118098259,2739,,
5,,0.015027094632387161,2749,,
5,,0.00817432813346386,2759,,
5,,0.016165442764759064,2769,,
5,,0.006309539545327425,2779,,
5,,0.009607640095055103,2789,,
5,,0.007105262950062752,2799,,
5,,0.008832789957523346,2809,,
5,,0.008403273299336433,2819,,
5,,0.008506644517183304,2829,,
5,,0.006758785340934992,2839,,
5,,0.01184519100934267,2849,,
5,,0.011860881932079792,2859,,
5,,0.01124650239944458,2869,,
5,,0.011138702742755413,2879,,
5,,0.010012439452111721,2889,,
5,,0.004444066900759935,2899,,
5,,,2903,0.020470181480050087,0.009683264419436455
5,0.010080273263156414,,2903,,
6,,0.009976943954825401,2909,,
6,,0.006176011636853218,2919,,
6,,0.005944470409303904,2929,,
6,,0.010759010910987854,2939,,
6,,0.007737313397228718,2949,,
6,,0.009250330738723278,2959,,
6,,0.013261370360851288,2969,,
6,,0.01015376579016447,2979,,
6,,0.008499698713421822,2989,,
6,,0.009585215710103512,2999,,
6,,0.00920940563082695,3009,,
6,,0.014322376810014248,3019,,
6,,0.0049646170809865,3029,,
6,,0.008012866601347923,3039,,
6,,0.007136129308491945,3049,,
6,,0.00845068134367466,3059,,
6,,0.009457787498831749,3069,,
6,,0.011521372944116592,3079,,
6,,0.01783636584877968,3089,,
6,,0.008382808417081833,3099,,
6,,0.010950500145554543,3109,,
6,,0.010001628659665585,3119,,
6,,0.016842437908053398,3129,,
6,,0.005710313096642494,3139,,
6,,0.009194491431117058,3149,,
6,,0.007577487267553806,3159,,
6,,0.009435988962650299,3169,,
6,,0.0024817415978759527,3179,,
6,,0.00844770111143589,3189,,
6,,0.009066220372915268,3199,,
6,,0.007597035728394985,3209,,
6,,0.009783132001757622,3219,,
6,,0.004240092355757952,3229,,
6,,0.012243203818798065,3239,,
6,,0.0024125208146870136,3249,,
6,,0.0034619737416505814,3259,,
6,,0.01196921057999134,3269,,
6,,0.007539713755249977,3279,,
6,,0.00922159943729639,3289,,
6,,0.008397960104048252,3299,,
6,,0.008603248745203018,3309,,
6,,0.008778019808232784,3319,,
6,,0.006551031023263931,3329,,
6,,0.007506622467190027,3339,,
6,,0.010101355612277985,3349,,
6,,0.008536938577890396,3359,,
6,,0.012495001778006554,3369,,
6,,0.006316676735877991,3379,,
6,,,3387,0.01421334221959114,0.008738522417843342
6,0.009082511067390442,,3387,,
7,,0.0056452760472893715,3389,,
7,,0.008700810372829437,3399,,
7,,0.009925796650350094,3409,,
7,,0.007158858701586723,3419,,
7,,0.008482241071760654,3429,,
7,,0.005389879457652569,3439,,
7,,0.00878164917230606,3449,,
7,,0.006941690109670162,3459,,
7,,0.0066822608932852745,3469,,
7,,0.0027414814103394747,3479,,
7,,0.004901121370494366,3489,,
7,,0.013793575577437878,3499,,
7,,0.007731551770120859,3509,,
7,,0.005642952397465706,3519,,
7,,0.006422242149710655,3529,,
7,,0.015360142104327679,3539,,
7,,0.013117698021233082,3549,,
7,,0.007705538533627987,3559,,
7,,0.005137902218848467,3569,,
7,,0.01217818446457386,3579,,
7,,0.005997292697429657,3589,,
7,,0.006564997602254152,3599,,
7,,0.006253029685467482,3609,,
7,,0.011877445504069328,3619,,
7,,0.008988630026578903,3629,,
7,,0.007907439023256302,3639,,
7,,0.011011254042387009,3649,,
7,,0.007074171677231789,3659,,
7,,0.011725216172635555,3669,,
7,,0.014209610410034657,3679,,
7,,0.009990338236093521,3689,,
7,,0.010000410489737988,3699,,
7,,0.006245705299079418,3709,,
7,,0.004145537968724966,3719,,
7,,0.009196726605296135,3729,,
7,,0.002653485396876931,3739,,
7,,0.007950256578624249,3749,,
7,,0.009704707190394402,3759,,
7,,0.009841824881732464,3769,,
7,,0.005983468145132065,3779,,
7,,0.010466264560818672,3789,,
7,,0.005457351449877024,3799,,
7,,0.007383492775261402,3809,,
7,,0.0055565498769283295,3819,,
7,,0.009809213690459728,3829,,
7,,0.007257071323692799,3839,,
7,,0.0031773203518241644,3849,,
7,,0.011476735584437847,3859,,
7,,0.011992148123681545,3869,,
7,,,3871,0.010755262337625027,0.007677566725760698
7,0.008398081175982952,,3871,,
8,,0.005254770163446665,3879,,
8,,0.0067954217083752155,3889,,
8,,0.011194408871233463,3899,,
8,,0.004792640917003155,3909,,
8,,0.010290706530213356,3919,,
8,,0.014497724361717701,3929,,
8,,0.01245791744440794,3939,,
8,,0.008636843413114548,3949,,
8,,0.008355716243386269,3959,,
8,,0.007844890467822552,3969,,
8,,0.007317922078073025,3979,,
8,,0.008094055578112602,3989,,
8,,0.009308740496635437,3999,,
8,,0.006864386610686779,4009,,
8,,0.006221992429345846,4019,,
8,,0.005773236509412527,4029,,
8,,0.009105350822210312,4039,,
8,,0.010021149180829525,4049,,
8,,0.014214817434549332,4059,,
8,,0.0102059505879879,4069,,
8,,0.0084896981716156,4079,,
8,,0.002964463084936142,4089,,
8,,0.006972122006118298,4099,,
8,,0.005681156180799007,4109,,
8,,0.008774668909609318,4119,,
8,,0.006361272186040878,4129,,
8,,0.004915145225822926,4139,,
8,,0.00991449411958456,4149,,
8,,0.0017141676507890224,4159,,
8,,0.007232462055981159,4169,,
8,,0.005682745948433876,4179,,
8,,0.008269347250461578,4189,,
8,,0.007795082870870829,4199,,
8,,0.013860374689102173,4209,,
8,,0.006205889396369457,4219,,
8,,0.01327876653522253,4229,,
8,,0.014303658157587051,4239,,
8,,0.004620331339538097,4249,,
8,,0.009293505921959877,4259,,
8,,0.010740671306848526,4269,,
8,,0.011261782608926296,4279,,
8,,0.005318475887179375,4289,,
8,,0.0056959521025419235,4299,,
8,,0.008248377591371536,4309,,
8,,0.007316275499761105,4319,,
8,,0.004358275793492794,4329,,
8,,0.005668530240654945,4339,,
8,,0.007958365604281425,4349,,
8,,,4355,0.008752540685236454,0.007368752267211676
8,0.007527620531618595,,4355,,
9,,0.011512690223753452,4359,,
9,,0.007272039540112019,4369,,
9,,0.0167255699634552,4379,,
9,,0.0031998218037188053,4389,,
9,,0.00599692203104496,4399,,
9,,0.009478269144892693,4409,,
9,,0.004559426102787256,4419,,
9,,0.006597660481929779,4429,,
9,,0.004909235052764416,4439,,
9,,0.00505419448018074,4449,,
9,,0.010072275996208191,4459,,
9,,0.008080551400780678,4469,,
9,,0.006546564865857363,4479,,
9,,0.001328618498519063,4489,,
9,,0.0028171546291559935,4499,,
9,,0.004638809710741043,4509,,
9,,0.006361538078635931,4519,,
9,,0.005983509123325348,4529,,
9,,0.006673802156001329,4539,,
9,,0.006063522771000862,4549,,
9,,0.0052523985505104065,4559,,
9,,0.008359409868717194,4569,,
9,,0.006435878574848175,4579,,
9,,0.004602986387908459,4589,,
9,,0.002731685061007738,4599,,
9,,0.006705651991069317,4609,,
9,,0.004512653686106205,4619,,
9,,0.0073372297920286655,4629,,
9,,0.0074141863733530045,4639,,
9,,0.006630473770201206,4649,,
9,,0.0033727972768247128,4659,,
9,,0.007935349829494953,4669,,
9,,0.009148674085736275,4679,,
9,,0.009999001398682594,4689,,
9,,0.004184526391327381,4699,,
9,,0.006853827740997076,4709,,
9,,0.007515670266002417,4719,,
9,,0.005682697985321283,4729,,
9,,0.008022316731512547,4739,,
9,,0.005091017112135887,4749,,
9,,0.007397179491817951,4759,,
9,,0.012491913512349129,4769,,
9,,0.0026351814158260822,4779,,
9,,0.007838794961571693,4789,,
9,,0.008031687699258327,4799,,
9,,0.00339472945779562,4809,,
9,,0.006693816743791103,4819,,
9,,0.010137060657143593,4829,,
9,,0.0055367955937981606,4839,,
9,,,4839,0.0075218407437205315,0.006543271243572235
9,0.006775419227778912,,4839,,
10,,0.005774529650807381,4849,,
10,,0.011952300556004047,4859,,
10,,0.00712088868021965,4869,,
10,,0.0037492532283067703,4879,,
10,,0.0052235485054552555,4889,,
10,,0.01228799857199192,4899,,
10,,0.009760594926774502,4909,,
10,,0.003182850545272231,4919,,
10,,0.01007259450852871,4929,,
10,,0.010000521317124367,4939,,
10,,0.008611992001533508,4949,,
10,,0.008954358287155628,4959,,
10,,0.011697356589138508,4969,,
10,,0.004724008031189442,4979,,
10,,0.007148295640945435,4989,,
10,,0.003031652420759201,4999,,
10,,0.0058135646395385265,5009,,
10,,0.003907711245119572,5019,,
10,,0.004839812405407429,5029,,
10,,0.00876450166106224,5039,,
10,,0.00908885058015585,5049,,
10,,0.0050592441111803055,5059,,
10,,0.009662849828600883,5069,,
10,,0.005425099283456802,5079,,
10,,0.002405710518360138,5089,,
10,,0.008747597225010395,5099,,
10,,0.009262379258871078,5109,,
10,,0.0072165438905358315,5119,,
10,,0.005052514374256134,5129,,
10,,0.00403983611613512,5139,,
10,,0.00313633494079113,5149,,
10,,0.008667310699820518,5159,,
10,,0.00679702777415514,5169,,
10,,0.007507518399506807,5179,,
10,,0.005774969235062599,5189,,
10,,0.006767735350877047,5199,,
10,,0.010370790958404541,5209,,
10,,0.006533105857670307,5219,,
10,,0.00786658562719822,5229,,
10,,0.005769374780356884,5239,,
10,,0.009191769175231457,5249,,
10,,0.00640038400888443,5259,,
10,,0.009680895134806633,5269,,
10,,0.005045019090175629,5279,,
10,,0.004052107688039541,5289,,
10,,0.006252909079194069,5299,,
10,,0.008341490291059017,5309,,
10,,0.007917077280580997,5319,,
10,,,5323,0.0067220889031887054,0.006061492022126913
10,0.006690347101539373,,5323,,
11,,0.009110767394304276,5329,,
11,,0.01472795382142067,5339,,
11,,0.003711658762767911,5349,,
11,,0.006056963466107845,5359,,
11,,0.0047566574066877365,5369,,
11,,0.008039142936468124,5379,,
11,,0.008064641617238522,5389,,
11,,0.003592603374272585,5399,,
11,,0.00486445426940918,5409,,
11,,0.002566682640463114,5419,,
11,,0.004286780022084713,5429,,
11,,0.005642061587423086,5439,,
11,,0.01246851496398449,5449,,
11,,0.005566811189055443,5459,,
11,,0.006176047958433628,5469,,
11,,0.004031414166092873,5479,,
11,,0.004935333970934153,5489,,
11,,0.005022316239774227,5499,,
11,,0.0058119772002100945,5509,,
11,,0.009414476342499256,5519,,
11,,0.003206356195732951,5529,,
11,,0.005192695185542107,5539,,
11,,0.0032561193220317364,5549,,
11,,0.01103564165532589,5559,,
11,,0.005802151281386614,5569,,
11,,0.00461328960955143,5579,,
11,,0.006989381741732359,5589,,
11,,0.0034187566488981247,5599,,
11,,0.0040772343054413795,5609,,
11,,0.004889384843409061,5619,,
11,,0.00746688898652792,5629,,
11,,0.003915372770279646,5639,,
11,,0.005152832716703415,5649,,
11,,0.004936765879392624,5659,,
11,,0.008085759356617928,5669,,
11,,0.006297366227954626,5679,,
11,,0.005217475350946188,5689,,
11,,0.007535895798355341,5699,,
11,,0.010729791596531868,5709,,
11,,0.007732993923127651,5719,,
11,,0.004635652527213097,5729,,
11,,0.006662783212959766,5739,,
11,,0.006078719161450863,5749,,
11,,0.004042947664856911,5759,,
11,,0.005208840128034353,5769,,
11,,0.00380741897970438,5779,,
11,,0.008550575003027916,5789,,
11,,0.003698478452861309,5799,,
11,,,5807,0.00612751767039299,0.005684114992618561
11,0.0060010869055986404,,5807,,
12,,0.003157236846163869,5809,,
12,,0.006924427580088377,5819,,
12,,0.006034029182046652,5829,,
12,,0.006798961199820042,5839,,
12,,0.012097584083676338,5849,,
12,,0.00357614504173398,5859,,
12,,0.00757407583296299,5869,,
12,,0.0019610929302871227,5879,,
12,,0.005094332620501518,5889,,
12,,0.011545348912477493,5899,,
12,,0.0014291561674326658,5909,,
12,,0.005643297918140888,5919,,
12,,0.004185078199952841,5929,,
12,,0.0054575419053435326,5939,,
12,,0.005910793319344521,5949,,
12,,0.003976334352046251,5959,,
12,,0.007063018158078194,5969,,
12,,0.0021444924641400576,5979,,
12,,0.007863147184252739,5989,,
12,,0.00467680161818862,5999,,
12,,0.008810327388346195,6009,,
12,,0.0031273593194782734,6019,,
12,,0.0073323422111570835,6029,,
12,,0.007458659820258617,6039,,
12,,0.004172147251665592,6049,,
12,,0.007585476152598858,6059,,
12,,0.001445970730856061,6069,,
12,,0.006729112472385168,6079,,
12,,0.010646328330039978,6089,,
12,,0.005010190419852734,6099,,
12,,0.003277322743088007,6109,,
12,,0.006978414952754974,6119,,
12,,0.002790914848446846,6129,,
12,,0.006641915068030357,6139,,
12,,0.0038553383201360703,6149,,
12,,0.005593656562268734,6159,,
12,,0.002275922568514943,6169,,
12,,0.0068611204624176025,6179,,
12,,0.007066443562507629,6189,,
12,,0.00676371855661273,6199,,
12,,0.004194144159555435,6209,,
12,,0.0021401280537247658,6219,,
12,,0.004304412752389908,6229,,
12,,0.003891712985932827,6239,,
12,,0.003880084026604891,6249,,
12,,0.006727512925863266,6259,,
12,,0.010214900597929955,6269,,
12,,0.004749986808747053,6279,,
12,,0.0033875727094709873,6289,,
12,,,6291,0.005659020971506834,0.005698497407138348
12,0.005553612485527992,,6291,,
13,,0.005914365407079458,6299,,
13,,0.012561151757836342,6309,,
13,,0.0031274640932679176,6319,,
13,,0.009054483845829964,6329,,
13,,0.0027011530473828316,6339,,
13,,0.004712978377938271,6349,,
13,,0.0040143681690096855,6359,,
13,,0.0060278987511992455,6369,,
13,,0.005674725864082575,6379,,
13,,0.006022442132234573,6389,,
13,,0.003990954719483852,6399,,
13,,0.005563157144933939,6409,,
13,,0.00573558546602726,6419,,
13,,0.004669182933866978,6429,,
13,,0.006345289759337902,6439,,
13,,0.0053007947281003,6449,,
13,,0.005169507581740618,6459,,
13,,0.00258357054553926,6469,,
13,,0.005462431348860264,6479,,
13,,0.0028300718404352665,6489,,
13,,0.006724510341882706,6499,,
13,,0.006269126199185848,6509,,
13,,0.0038835478480905294,6519,,
13,,0.0096188485622406,6529,,
13,,0.0023384587839245796,6539,,
13,,0.003133141901344061,6549,,
13,,0.004777438007295132,6559,,
13,,0.009217258542776108,6569,,
13,,0.007862955331802368,6579,,
13,,0.008009912446141243,6589,,
13,,0.006851120851933956,6599,,
13,,0.009817834943532944,6609,,
13,,0.00476996973156929,6619,,
13,,0.003988851793110371,6629,,
13,,0.003893514396622777,6639,,
13,,0.010621338151395321,6649,,
13,,0.0064259790815413,6659,,
13,,0.004985807929188013,6669,,
13,,0.018138904124498367,6679,,
13,,0.011880472302436829,6689,,
13,,0.008168844506144524,6699,,
13,,0.0077330246567726135,6709,,
13,,0.004979975055903196,6719,,
13,,0.006480480078607798,6729,,
13,,0.001954810693860054,6739,,
13,,0.0052415598183870316,6749,,
13,,0.003311538603156805,6759,,
13,,0.008251155726611614,6769,,
13,,,6775,0.005318368319422007,0.005149886477738619
13,0.005989848170429468,,6775,,
14,,0.004095770884305239,6779,,
14,,0.004608720541000366,6789,,
14,,0.0060175699181854725,6799,,
14,,0.008137175813317299,6809,,
14,,0.005801903083920479,6819,,
14,,0.007415126543492079,6829,,
14,,0.004520648159086704,6839,,
14,,0.007113219238817692,6849,,
14,,0.003231678158044815,6859,,
14,,0.002902225824072957,6869,,
14,,0.003666309639811516,6879,,
14,,0.005135190673172474,6889,,
14,,0.003422581125050783,6899,,
14,,0.0038424041122198105,6909,,
14,,0.00719032995402813,6919,,
14,,0.006793622393161058,6929,,
14,,0.00389842689037323,6939,,
14,,0.004611854441463947,6949,,
14,,0.00467329379171133,6959,,
14,,0.005831334739923477,6969,,
14,,0.003448753384873271,6979,,
14,,0.008309794589877129,6989,,
14,,0.003363022580742836,6999,,
14,,0.003825639607384801,7009,,
14,,0.0024578063748776913,7019,,
14,,0.003047581296414137,7029,,
14,,0.0030590726528316736,7039,,
14,,0.001062411000020802,7049,,
14,,0.007321415934711695,7059,,
14,,0.0032565530855208635,7069,,
14,,0.004476307891309261,7079,,
14,,0.004348001908510923,7089,,
14,,0.005765420384705067,7099,,
14,,0.0039098504930734634,7109,,
14,,0.002292039804160595,7119,,
14,,0.0028914548456668854,7129,,
14,,0.0025227260775864124,7139,,
14,,0.005573668517172337,7149,,
14,,0.006570432335138321,7159,,
14,,0.0015679305652156472,7169,,
14,,0.0016424348577857018,7179,,
14,,0.00459910137578845,7189,,
14,,0.0038070387672632933,7199,,
14,,0.004794164560735226,7209,,
14,,0.0023953986819833517,7219,,
14,,0.0032106947619467974,7229,,
14,,0.0027182712219655514,7239,,
14,,0.005602564662694931,7249,,
14,,0.005232596304267645,7259,,
14,,,7259,0.004998034797608852,0.004831820260733366
14,0.0049351174384355545,,7259,,
15,,0.0036244059447199106,7269,,
15,,0.0041608745232224464,7279,,
15,,0.0016122343949973583,7289,,
15,,0.0030215855222195387,7299,,
15,,0.004648719448596239,7309,,
15,,0.00474547129124403,7319,,
15,,0.001955692656338215,7329,,
15,,0.006381905637681484,7339,,
15,,0.002656223252415657,7349,,
15,,0.007290505804121494,7359,,
15,,0.0068625761196017265,7369,,
15,,0.006149314343929291,7379,,
15,,0.012145387008786201,7389,,
15,,0.003112359903752804,7399,,
15,,0.004758240655064583,7409,,
15,,0.008243209682404995,7419,,
15,,0.007642007432878017,7429,,
15,,0.003572628367692232,7439,,
15,,0.006016992498189211,7449,,
15,,0.003630812745541334,7459,,
15,,0.0027517222333699465,7469,,
15,,0.004000240936875343,7479,,
15,,0.0035237015690654516,7489,,
15,,0.009374521672725677,7499,,
15,,0.0029130661860108376,7509,,
15,,0.011222440749406815,7519,,
15,,0.005631004460155964,7529,,
15,,0.009338771924376488,7539,,
15,,0.006855432875454426,7549,,
15,,0.0023455850314348936,7559,,
15,,0.00272119278088212,7569,,
15,,0.004152191802859306,7579,,
15,,0.006057322025299072,7589,,
15,,0.0025212657637894154,7599,,
15,,0.0046615563333034515,7609,,
15,,0.0038634510710835457,7619,,
15,,0.0028389033395797014,7629,,
15,,0.004068322014063597,7639,,
15,,0.003068104386329651,7649,,
15,,0.0034932782873511314,7659,,
15,,0.007603936363011599,7669,,
15,,0.003358813002705574,7679,,
15,,0.00439031608402729,7689,,
15,,0.0032625915482640266,7699,,
15,,0.0025181181263178587,7709,,
15,,0.00431092968210578,7719,,
15,,0.004183163400739431,7729,,
15,,0.002733014989644289,7739,,
15,,,7743,0.0046597979962825775,0.0049750120379030704
15,0.0046192738227546215,,7743,,
16,,0.006757332477718592,7749,,
16,,0.005696575623005629,7759,,
16,,0.006649085786193609,7769,,
16,,0.0022652377374470234,7779,,
16,,0.004601582419127226,7789,,
16,,0.004034087527543306,7799,,
16,,0.0023972862400114536,7809,,
16,,0.0068004559725522995,7819,,
16,,0.004413981921970844,7829,,
16,,0.007303896825760603,7839,,
16,,0.004883209243416786,7849,,
16,,0.0057510677725076675,7859,,
16,,0.00244148843921721,7869,,
16,,0.00340545573271811,7879,,
16,,0.00658848462626338,7889,,
16,,0.007006049621850252,7899,,
16,,0.005332263186573982,7909,,
16,,0.005409653298556805,7919,,
16,,0.0024368774611502886,7929,,
16,,0.0038230489008128643,7939,,
16,,0.005458338186144829,7949,,
16,,0.0059973630122840405,7959,,
16,,0.0038734942208975554,7969,,
16,,0.004150547087192535,7979,,
16,,0.0037896065041422844,7989,,
16,,0.003930475562810898,7999,,
16,,0.007319610100239515,8009,,
16,,0.0018307275604456663,8019,,
16,,0.005985768046230078,8029,,
16,,0.006998288910835981,8039,,
16,,0.0035261770244687796,8049,,
16,,0.004025996197015047,8059,,
16,,0.0028801006264984608,8069,,
16,,0.004168183077126741,8079,,
16,,0.0034874887205660343,8089,,
16,,0.0073211947456002235,8099,,
16,,0.0027503049932420254,8109,,
16,,0.00459652952849865,8119,,
16,,0.001819438999518752,8129,,
16,,0.007058479357510805,8139,,
16,,0.003748717252165079,8149,,
16,,0.006010286509990692,8159,,
16,,0.004434771370142698,8169,,
16,,0.00632153544574976,8179,,
16,,0.004819193389266729,8189,,
16,,0.008477369323372841,8199,,
16,,0.005334501154720783,8209,,
16,,0.003339852672070265,8219,,
16,,,8227,0.004360483027994633,0.004758795723319054
16,0.0045189326629042625,,8227,,
17,,0.004931663628667593,8229,,
17,,0.0047116586938500404,8239,,
17,,0.005134838633239269,8249,,
17,,0.002845684066414833,8259,,
17,,0.004501720424741507,8269,,
17,,0.004549460019916296,8279,,
17,,0.002938981866464019,8289,,
17,,0.0024734260514378548,8299,,
17,,0.0058330451138317585,8309,,
17,,0.0020077675580978394,8319,,
17,,0.00388296484015882,8329,,
17,,0.004012835677713156,8339,,
17,,0.004184923134744167,8349,,
17,,0.005197408143430948,8359,,
17,,0.00627215625718236,8369,,
17,,0.002561451867222786,8379,,
17,,0.002675470197573304,8389,,
17,,0.003324992023408413,8399,,
17,,0.00425996258854866,8409,,
17,,0.0026222998276352882,8419,,
17,,0.005475534126162529,8429,,
17,,0.001334651722572744,8439,,
17,,0.002856271807104349,8449,,
17,,0.004631170071661472,8459,,
17,,0.00691035483032465,8469,,
17,,0.0009916182607412338,8479,,
17,,0.0035992346238344908,8489,,
17,,0.004836374893784523,8499,,
17,,0.0033776317723095417,8509,,
17,,0.004313839599490166,8519,,
17,,0.002733944682404399,8529,,
17,,0.0039044455625116825,8539,,
17,,0.0030947402119636536,8549,,
17,,0.0049019912257790565,8559,,
17,,0.0018937888089567423,8569,,
17,,0.00418312381953001,8579,,
17,,0.004283627960830927,8589,,
17,,0.005009130574762821,8599,,
17,,0.002788982354104519,8609,,
17,,0.0037087565287947655,8619,,
17,,0.002892253454774618,8629,,
17,,0.007501512765884399,8639,,
17,,0.002856756094843149,8649,,
17,,0.003710295306518674,8659,,
17,,0.0034664259292185307,8669,,
17,,0.0022387965582311153,8679,,
17,,0.005282086320221424,8689,,
17,,0.003994071390479803,8699,,
17,,0.004826480522751808,8709,,
17,,,8711,0.004092175979167223,0.003946834243834019
17,0.004118687007576227,,8711,,
18,,0.0019634703639894724,8719,,
18,,0.0020531206391751766,8729,,
18,,0.0029505747370421886,8739,,
18,,0.007056679576635361,8749,,
18,,0.00382419116795063,8759,,
18,,0.001030610641464591,8769,,
18,,0.003433013102039695,8779,,
18,,0.002673528855666518,8789,,
18,,0.003917202353477478,8799,,
18,,0.005310960114002228,8809,,
18,,0.0016740125138312578,8819,,
18,,0.003949766978621483,8829,,
18,,0.0034974226728081703,8839,,
18,,0.004078437574207783,8849,,
18,,0.002662462182343006,8859,,
18,,0.0037261066026985645,8869,,
18,,0.0033459418918937445,8879,,
18,,0.0035439154598861933,8889,,
18,,0.0034137158654630184,8899,,
18,,0.007736171595752239,8909,,
18,,0.006239891983568668,8919,,
18,,0.006611802615225315,8929,,
18,,0.003864697180688381,8939,,
18,,0.003789191599935293,8949,,
18,,0.00479161599650979,8959,,
18,,0.005522088147699833,8969,,
18,,0.0039632064290344715,8979,,
18,,0.00559729989618063,8989,,
18,,0.005261675454676151,8999,,
18,,0.005581857170909643,9009,,
18,,0.00329927122220397,9019,,
18,,0.0027156020514667034,9029,,
18,,0.0027276561595499516,9039,,
18,,0.003544655628502369,9049,,
18,,0.003998471423983574,9059,,
18,,0.0028091659769415855,9069,,
18,,0.0016836980357766151,9079,,
18,,0.00292395893484354,9089,,
18,,0.00361894560046494,9099,,
18,,0.0034353481605648994,9109,,
18,,0.0032777609303593636,9119,,
18,,0.0027258298359811306,9129,,
18,,0.002667468972504139,9139,,
18,,0.007248582784086466,9149,,
18,,0.0019081984646618366,9159,,
18,,0.0013910576235502958,9169,,
18,,0.005093889776617289,9179,,
18,,0.00364424055442214,9189,,
18,,,9195,0.0038453186862170696,0.0041494425386190414
18,0.003963926341384649,,9195,,
19,,0.004807467572391033,9199,,
19,,0.003872903063893318,9209,,
19,,0.0041138846427202225,9219,,
19,,0.004822400864213705,9229,,
19,,0.004376457072794437,9239,,
19,,0.003882339922711253,9249,,
19,,0.004716519732028246,9259,,
19,,0.003313578898087144,9269,,
19,,0.002832918893545866,9279,,
19,,0.004482667427510023,9289,,
19,,0.008353890851140022,9299,,
19,,0.0040167830884456635,9309,,
19,,0.004318448714911938,9319,,
19,,0.005673717707395554,9329,,
19,,0.0026755358558148146,9339,,
19,,0.0017891164170578122,9349,,
19,,0.004834245424717665,9359,,
19,,0.0025261929258704185,9369,,
19,,0.002486837562173605,9379,,
19,,0.003944707103073597,9389,,
19,,0.0030138723086565733,9399,,
19,,0.003049446502700448,9409,,
19,,0.003105912357568741,9419,,
19,,0.0029984612483531237,9429,,
19,,0.0038676150143146515,9439,,
19,,0.0035627996549010277,9449,,
19,,0.0021134652197360992,9459,,
19,,0.0015000530984252691,9469,,
19,,0.00257980078458786,9479,,
19,,0.002972564660012722,9489,,
19,,0.0021598227322101593,9499,,
19,,0.003939731977880001,9509,,
19,,0.004510706290602684,9519,,
19,,0.0021437923423945904,9529,,
19,,0.003981036599725485,9539,,
19,,0.0022752280347049236,9549,,
19,,0.003945673815906048,9559,,
19,,0.0020644015166908503,9569,,
19,,0.0029060046654194593,9579,,
19,,0.005847162567079067,9589,,
19,,0.0053348299115896225,9599,,
19,,0.0033997325226664543,9609,,
19,,0.0051828729920089245,9619,,
19,,0.0010981443338096142,9629,,
19,,0.0020980401895940304,9639,,
19,,0.0026314714923501015,9649,,
19,,0.004082372412085533,9659,,
19,,0.004306658171117306,9669,,
19,,0.004420943558216095,9679,,
19,,,9679,0.003628019941970706,0.003606835613027215
19,0.0038503454998135567,,9679,,
20,,0.003754891688004136,9689,,
20,,0.00423069205135107,9699,,
20,,0.003412561723962426,9709,,
20,,0.004482634831219912,9719,,
20,,0.005643882323056459,9729,,
20,,0.0068774838000535965,9739,,
20,,0.005192817188799381,9749,,
20,,0.0030166993383318186,9759,,
20,,0.0039853379130363464,9769,,
20,,0.0020761489868164062,9779,,
20,,0.0034592836163938046,9789,,
20,,0.002433865098282695,9799,,
20,,0.0037545289378613234,9809,,
20,,0.0022900118492543697,9819,,
20,,0.001084352028556168,9829,,
20,,0.0021114894188940525,9839,,
20,,0.0055690789595246315,9849,,
20,,0.002895067445933819,9859,,
20,,0.003673980012536049,9869,,
20,,0.0024680146016180515,9879,,
20,,0.0037280989345163107,9889,,
20,,0.004118378274142742,9899,,
20,,0.0034508011303842068,9909,,
20,,0.0021793150808662176,9919,,
20,,0.0037008083891123533,9929,,
20,,0.007400547619909048,9939,,
20,,0.009258929640054703,9949,,
20,,0.0033837768714874983,9959,,
20,,0.00639227032661438,9969,,
20,,0.003235995303839445,9979,,
20,,0.002971100388094783,9989,,
20,,0.0027234316803514957,9999,,
20,,0.0032258215360343456,10009,,
20,,0.004352769814431667,10019,,
20,,0.0049807061441242695,10029,,
20,,0.006634948775172234,10039,,
20,,0.004163006320595741,10049,,
20,,0.003021740820258856,10059,,
20,,0.0031605379190295935,10069,,
20,,0.003078118897974491,10079,,
20,,0.005472601391375065,10089,,
20,,0.007578468415886164,10099,,
20,,0.005843056365847588,10109,,
20,,0.0025366637855768204,10119,,
20,,0.005452183075249195,10129,,
20,,0.0049348752945661545,10139,,
20,,0.00230159773491323,10149,,
20,,0.0028414404951035976,10159,,
20,,,10163,0.003663927549496293,0.0036637617740780115
20,0.003999055363237858,,10163,,
21,,0.0034987046383321285,10169,,
21,,0.006101589649915695,10179,,
21,,0.0036116924602538347,10189,,
21,,0.003053496591746807,10199,,
21,,0.0038615725934505463,10209,,
21,,0.002954115392640233,10219,,
21,,0.0018160848412662745,10229,,
21,,0.001991331111639738,10239,,
21,,0.0037639907095581293,10249,,
21,,0.004079880192875862,10259,,
21,,0.004516960121691227,10269,,
21,,0.003779942635446787,10279,,
21,,0.0035076455678790808,10289,,
21,,0.007493308279663324,10299,,
21,,0.00394975021481514,10309,,
21,,0.0025207281578332186,10319,,
21,,0.0043365368619561195,10329,,
21,,0.004681842401623726,10339,,
21,,0.0017587619367986917,10349,,
21,,0.004038896411657333,10359,,
21,,0.006454716436564922,10369,,
21,,0.00549318315461278,10379,,
21,,0.004058064427226782,10389,,
21,,0.003949638921767473,10399,,
21,,0.005395953077822924,10409,,
21,,0.002749144798144698,10419,,
21,,0.0022761584259569645,10429,,
21,,0.0030165722128003836,10439,,
21,,0.002686840947717428,10449,,
21,,0.004854068160057068,10459,,
21,,0.0035607218742370605,10469,,
21,,0.0037260297685861588,10479,,
21,,0.004553990438580513,10489,,
21,,0.0018463293090462685,10499,,
21,,0.005046231206506491,10509,,
21,,0.0017348190303891897,10519,,
21,,0.005774992518126965,10529,,
21,,0.0038889949209988117,10539,,
21,,0.003774627111852169,10549,,
21,,0.003433863166719675,10559,,
21,,0.004738664720207453,10569,,
21,,0.0034300503320991993,10579,,
21,,0.003126384923234582,10589,,
21,,0.009167321026325226,10599,,
21,,0.0027841038536280394,10609,,
21,,0.005325269885361195,10619,,
21,,0.005257471464574337,10629,,
21,,0.0036707879044115543,10639,,
21,,,10647,0.004401880316436291,0.003744847374036908
21,0.0034177470952272415,,10647,,
22,,0.0026107337325811386,10649,,
22,,0.0013140268856659532,10659,,
22,,0.0012856617104262114,10669,,
22,,0.003074106527492404,10679,,
22,,0.0013290941715240479,10689,,
22,,0.0019460313487797976,10699,,
22,,0.0015765740536153316,10709,,
22,,0.0035316210705786943,10719,,
22,,0.003830109955742955,10729,,
22,,0.0028441203758120537,10739,,
22,,0.003075710730627179,10749,,
22,,0.00610002689063549,10759,,
22,,0.0026492273900657892,10769,,
22,,0.001666370197199285,10779,,
22,,0.001419072039425373,10789,,
22,,0.002433489542454481,10799,,
22,,0.0025081548374146223,10809,,
22,,0.002860703971236944,10819,,
22,,0.004214305430650711,10829,,
22,,0.0037641790695488453,10839,,
22,,0.0022564157843589783,10849,,
22,,0.0018607575912028551,10859,,
22,,0.00317404605448246,10869,,
22,,0.0026943054981529713,10879,,
22,,0.004254179075360298,10889,,
22,,0.0034572859294712543,10899,,
22,,0.002720263320952654,10909,,
22,,0.0035158684477210045,10919,,
22,,0.0014958531828597188,10929,,
22,,0.0031431280076503754,10939,,
22,,0.0014996061800047755,10949,,
22,,0.0022686924785375595,10959,,
22,,0.003396079409867525,10969,,
22,,0.006426443345844746,10979,,
22,,0.002368026878684759,10989,,
22,,0.004276620224118233,10999,,
22,,0.003549494780600071,11009,,
22,,0.004767606500536203,11019,,
22,,0.0021044465247541666,11029,,
22,,0.0037345685996115208,11039,,
22,,0.002474202774465084,11049,,
22,,0.0013308980269357562,11059,,
22,,0.0016857321606948972,11069,,
22,,0.0015351534821093082,11079,,
22,,0.0018713903846219182,11089,,
22,,0.0037464320193976164,11099,,
22,,0.003434901125729084,11109,,
22,,0.0020020343363285065,11119,,
22,,0.003776128636673093,11129,,
22,,,11131,0.0035236398689448833,0.003092848462983966
22,0.0033348610159009695,,11131,,
23,,0.005014771595597267,11139,,
23,,0.004879814572632313,11149,,
23,,0.0037115556187927723,11159,,
23,,0.0008437270298600197,11169,,
23,,0.0022780834697186947,11179,,
23,,0.00154023093637079,11189,,
23,,0.0022506634704768658,11199,,
23,,0.00375920906662941,11209,,
23,,0.0028893337585031986,11219,,
23,,0.00245935982093215,11229,,
23,,0.0035645593889057636,11239,,
23,,0.0034591956064105034,11249,,
23,,0.003370673395693302,11259,,
23,,0.005441075190901756,11269,,
23,,0.0022225016728043556,11279,,
23,,0.004387141205370426,11289,,
23,,0.0034347213804721832,11299,,
23,,0.0034733349457383156,11309,,
23,,0.003910197876393795,11319,,
23,,0.004488545004278421,11329,,
23,,0.0032883964013308287,11339,,
23,,0.0019605690613389015,11349,,
23,,0.0005411069141700864,11359,,
23,,0.003801492275670171,11369,,
23,,0.004615247715264559,11379,,
23,,0.004024888388812542,11389,,
23,,0.0023760003969073296,11399,,
23,,0.0029890919104218483,11409,,
23,,0.0034480830654501915,11419,,
23,,0.0034640454687178135,11429,,
23,,0.0030036019161343575,11439,,
23,,0.005907909013330936,11449,,
23,,0.0022278064861893654,11459,,
23,,0.0035605242010205984,11469,,
23,,0.0029176899697631598,11479,,
23,,0.002850930904969573,11489,,
23,,0.003211247269064188,11499,,
23,,0.002079926198348403,11509,,
23,,0.0016199036035686731,11519,,
23,,0.0019278735853731632,11529,,
23,,0.0035122677218168974,11539,,
23,,0.002002348657697439,11549,,
23,,0.002376614138484001,11559,,
23,,0.0030298479832708836,11569,,
23,,0.004568100441247225,11579,,
23,,0.0039184181950986385,11589,,
23,,0.0038092434406280518,11599,,
23,,0.0036221942864358425,11609,,
23,,,11615,0.0030820323154330254,0.003560262266546488
23,0.0031429666560143232,,11615,,
24,,0.0048591881059110165,11619,,
24,,0.0044527817517519,11629,,
24,,0.003500122344121337,11639,,
24,,0.005116569809615612,11649,,
24,,0.0030938079580664635,11659,,
24,,0.00563562847673893,11669,,
24,,0.0028874517884105444,11679,,
24,,0.0013394772540777922,11689,,
24,,0.001995756756514311,11699,,
24,,0.004812001716345549,11709,,
24,,0.0013730289647355676,11719,,
24,,0.0037720906548202038,11729,,
24,,0.0023395931348204613,11739,,
24,,0.0007884837687015533,11749,,
24,,0.00203967047855258,11759,,
24,,0.002139509189873934,11769,,
24,,0.002180998446419835,11779,,
24,,0.0025547975674271584,11789,,
24,,0.0029357299208641052,11799,,
24,,0.0037791281938552856,11809,,
24,,0.0033125942572951317,11819,,
24,,0.002088370965793729,11829,,
24,,0.0031290652696043253,11839,,
24,,0.002024225424975157,11849,,
24,,0.0036694633308798075,11859,,
24,,0.0013878147583454847,11869,,
24,,0.004133789800107479,11879,,
24,,0.001190738519653678,11889,,
24,,0.002660027937963605,11899,,
24,,0.004961034283041954,11909,,
24,,0.0012282009702175856,11919,,
24,,0.0033985786139965057,11929,,
24,,0.003154958598315716,11939,,
24,,0.0013743136078119278,11949,,
24,,0.004945020191371441,11959,,
24,,0.0028537928592413664,11969,,
24,,0.006041248794645071,11979,,
24,,0.001045346725732088,11989,,
24,,0.00260341539978981,11999,,
24,,0.00403438089415431,12009,,
24,,0.0017200595466420054,12019,,
24,,0.004021424800157547,12029,,
24,,0.004635308403521776,12039,,
24,,0.0018358206143602729,12049,,
24,,0.0016030909027904272,12059,,
24,,0.0027332957834005356,12069,,
24,,0.000914439675398171,12079,,
24,,0.00225604185834527,12089,,
24,,0.001968375639989972,12099,,
24,,,12099,0.0028719077818095684,0.0031565821263939142
24,0.0030084343161433935,,12099,,
25,,0.003960883244872093,12109,,
25,,0.0014882799005135894,12119,,
25,,0.002887645736336708,12129,,
25,,0.0061995647847652435,12139,,
25,,0.003007003804668784,12149,,
25,,0.0015878882259130478,12159,,
25,,0.0027769808657467365,12169,,
25,,0.0018885175231844187,12179,,
25,,0.004939430393278599,12189,,
25,,0.002605169778689742,12199,,
25,,0.0026189980562776327,12209,,
25,,0.00373504008166492,12219,,
25,,0.0041619352996349335,12229,,
25,,0.0058193514123559,12239,,
25,,0.002482612617313862,12249,,
25,,0.0014095359947532415,12259,,
25,,0.0028117483016103506,12269,,
25,,0.0036026693414896727,12279,,
25,,0.005049606319516897,12289,,
25,,0.0009965498466044664,12299,,
25,,0.0021340667735785246,12309,,
25,,0.0017423871904611588,12319,,
25,,0.0010054731974378228,12329,,
25,,0.005968336481601,12339,,
25,,0.004620724357664585,12349,,
25,,0.004005415365099907,12359,,
25,,0.007004088722169399,12369,,
25,,0.0034048352390527725,12379,,
25,,0.003395599778741598,12389,,
25,,0.001873109140433371,12399,,
25,,0.0024858182296156883,12409,,
25,,0.0031598929781466722,12419,,
25,,0.0034599618520587683,12429,,
25,,0.0036515621468424797,12439,,
25,,0.002064057160168886,12449,,
25,,0.004117051139473915,12459,,
25,,0.004198206588625908,12469,,
25,,0.0017763754585757852,12479,,
25,,0.002845095470547676,12489,,
25,,0.0029923117253929377,12499,,
25,,0.0016285640886053443,12509,,
25,,0.003937677480280399,12519,,
25,,0.004502123221755028,12529,,
25,,0.0028124679811298847,12539,,
25,,0.003784485626965761,12549,,
25,,0.004486249294131994,12559,,
25,,0.0019052799325436354,12569,,
25,,0.0020314552821218967,12579,,
25,,,12583,0.002747032092884183,0.0028366739861667156
25,0.0033156618010252714,,12583,,
26,,0.004328761249780655,12589,,
26,,0.002948174485936761,12599,,
26,,0.001371878432109952,12609,,
26,,0.0017098387470468879,12619,,
26,,0.0026047921273857355,12629,,
26,,0.0023872964084148407,12639,,
26,,0.003776545636355877,12649,,
26,,0.0034284621942788363,12659,,
26,,0.0033187814988195896,12669,,
26,,0.0007135424530133605,12679,,
26,,0.0052616470493376255,12689,,
26,,0.0027736155316233635,12699,,
26,,0.004831830505281687,12709,,
26,,0.0035301384050399065,12719,,
26,,0.0026554588694125414,12729,,
26,,0.0023617506958544254,12739,,
26,,0.004091234412044287,12749,,
26,,0.0032090358436107635,12759,,
26,,0.0031430411618202925,12769,,
26,,0.0038736057467758656,12779,,
26,,0.003325347788631916,12789,,
26,,0.00678724329918623,12799,,
26,,0.0021792477928102016,12809,,
26,,0.0038077617064118385,12819,,
26,,0.003202080726623535,12829,,
26,,0.003522595390677452,12839,,
26,,0.003560862271115184,12849,,
26,,0.001911464612931013,12859,,
26,,0.0030171568505465984,12869,,
26,,0.0033758392091840506,12879,,
26,,0.0037290360778570175,12889,,
26,,0.002007510978728533,12899,,
26,,0.0031630112789571285,12909,,
26,,0.002985453698784113,12919,,
26,,0.0014755455777049065,12929,,
26,,0.003437605919316411,12939,,
26,,0.0022621226962655783,12949,,
26,,0.0015273764729499817,12959,,
26,,0.00274236174300313,12969,,
26,,0.0029938172083348036,12979,,
26,,0.0021863775327801704,12989,,
26,,0.002134486101567745,12999,,
26,,0.002327175345271826,13009,,
26,,0.0028508976101875305,13019,,
26,,0.004161689430475235,13029,,
26,,0.0027322007808834314,13039,,
26,,0.0011578142875805497,13049,,
26,,0.004883528687059879,13059,,
26,,,13067,0.002636997727677226,0.003041297197341919
26,0.0028349265921860933,,13067,,
27,,0.0026800991035997868,13069,,
27,,0.001902204006910324,13079,,
27,,0.004695254378020763,13089,,
27,,0.0013249155599623919,13099,,
27,,0.003441588021814823,13109,,
27,,0.0076004620641469955,13119,,
27,,0.00329631008207798,13129,,
27,,0.003744998248293996,13139,,
27,,0.0034162052907049656,13149,,
27,,0.0031625288538634777,13159,,
27,,0.0030855978839099407,13169,,
27,,0.002414847258478403,13179,,
27,,0.004704867023974657,13189,,
27,,0.0011665322817862034,13199,,
27,,0.0022793011739850044,13209,,
27,,0.0019598554354161024,13219,,
27,,0.004543606657534838,13229,,
27,,0.0016999118961393833,13239,,
27,,0.0018522131722420454,13249,,
27,,0.003883740399032831,13259,,
27,,0.0014218309661373496,13269,,
27,,0.0031484945211559534,13279,,
27,,0.002433574525639415,13289,,
27,,0.0024092828389257193,13299,,
27,,0.004944983869791031,13309,,
27,,0.0029308213852345943,13319,,
27,,0.00254041887819767,13329,,
27,,0.003226036438718438,13339,,
27,,0.0017888523871079087,13349,,
27,,0.002544935792684555,13359,,
27,,0.0026530586183071136,13369,,
27,,0.0029775891453027725,13379,,
27,,0.0028586722910404205,13389,,
27,,0.002779862144961953,13399,,
27,,0.0013533738674595952,13409,,
27,,0.002879145322367549,13419,,
27,,0.0028383254539221525,13429,,
27,,0.000949940993450582,13439,,
27,,0.004481363110244274,13449,,
27,,0.0024991286918520927,13459,,
27,,0.002328223781660199,13469,,
27,,0.0008021049434319139,13479,,
27,,0.003721740562468767,13489,,
27,,0.00139593705534935,13499,,
27,,0.004058671649545431,13509,,
27,,0.002670885995030403,13519,,
27,,0.002339571714401245,13529,,
27,,0.003862095531076193,13539,,
27,,0.0028638148214668036,13549,,
27,,,13551,0.0025356595870107412,0.005244036205112934
27,0.0028601933736354113,,13551,,
28,,0.004091507289558649,13559,,
28,,0.0016233602073043585,13569,,
28,,0.0038892028387635946,13579,,
28,,0.002147646388038993,13589,,
28,,0.0033391034230589867,13599,,
28,,0.0017546742456033826,13609,,
28,,0.0023229760117828846,13619,,
28,,0.002729139057919383,13629,,
28,,0.0020395212341099977,13639,,
28,,0.0007363678887486458,13649,,
28,,0.003387109376490116,13659,,
28,,0.0023237415589392185,13669,,
28,,0.0027319719083607197,13679,,
28,,0.00294183986261487,13689,,
28,,0.004219633061438799,13699,,
28,,0.007924307137727737,13709,,
28,,0.004104236606508493,13719,,
28,,0.0011801425134763122,13729,,
28,,0.0019885809160768986,13739,,
28,,0.002278695348650217,13749,,
28,,0.0018278313800692558,13759,,
28,,0.0034592209849506617,13769,,
28,,0.00311526982113719,13779,,
28,,0.00199545593932271,13789,,
28,,0.004427378065884113,13799,,
28,,0.0030492825899273157,13809,,
28,,0.002409005304798484,13819,,
28,,0.002224917756393552,13829,,
28,,0.0029975567013025284,13839,,
28,,0.003122735535725951,13849,,
28,,0.0034544861409813166,13859,,
28,,0.0037564889062196016,13869,,
28,,0.003998249303549528,13879,,
28,,0.0032772417180240154,13889,,
28,,0.0018825128208845854,13899,,
28,,0.0030816735234111547,13909,,
28,,0.0024750574957579374,13919,,
28,,0.0032482503447681665,13929,,
28,,0.002115105278789997,13939,,
28,,0.0035201450809836388,13949,,
28,,0.0021123476326465607,13959,,
28,,0.0006343622226268053,13969,,
28,,0.0047828396782279015,13979,,
28,,0.001923583447933197,13989,,
28,,0.0016150034498423338,13999,,
28,,0.002558227628469467,14009,,
28,,0.0012269129510968924,14019,,
28,,0.0014683555345982313,14029,,
28,,,14035,0.0024580059107393026,0.002527289791032672
28,0.0028004159685224295,,14035,,
29,,0.0020890552550554276,14039,,
29,,0.0013914724113419652,14049,,
29,,0.002526075579226017,14059,,
29,,0.001563405035994947,14069,,
29,,0.0037088575772941113,14079,,
29,,0.002896584803238511,14089,,
29,,0.0017972460482269526,14099,,
29,,0.0013967205304652452,14109,,
29,,0.0019456404261291027,14119,,
29,,0.002401350997388363,14129,,
29,,0.0036956192925572395,14139,,
29,,0.002437114715576172,14149,,
29,,0.003918289206922054,14159,,
29,,0.0020467089489102364,14169,,
29,,0.002162666991353035,14179,,
29,,0.003192552365362644,14189,,
29,,0.004795452579855919,14199,,
29,,0.0018831584602594376,14209,,
29,,0.0031909167300909758,14219,,
29,,0.0014974335208535194,14229,,
29,,0.0029887426644563675,14239,,
29,,0.00165099638979882,14249,,
29,,0.002335578203201294,14259,,
29,,0.002647060202434659,14269,,
29,,0.0014907289296388626,14279,,
29,,0.001425627968274057,14289,,
29,,0.0017668164800852537,14299,,
29,,0.0019376863492652774,14309,,
29,,0.005614693276584148,14319,,
29,,0.0014278852613642812,14329,,
29,,0.0037286910228431225,14339,,
29,,0.001370608457364142,14349,,
29,,0.002850140677765012,14359,,
29,,0.0025792268570512533,14369,,
29,,0.0016872503329068422,14379,,
29,,0.0011806607944890857,14389,,
29,,0.0031635244376957417,14399,,
29,,0.003385914023965597,14409,,
29,,0.003326819511130452,14419,,
29,,0.0054241870529949665,14429,,
29,,0.0013380671152845025,14439,,
29,,0.0033011315390467644,14449,,
29,,0.0013189687160775065,14459,,
29,,0.0010983035899698734,14469,,
29,,0.002423281315714121,14479,,
29,,0.0014682384207844734,14489,,
29,,0.004510107915848494,14499,,
29,,0.0008631738601252437,14509,,
29,,0.001758225029334426,14519,,
29,,,14519,0.00236350460909307,0.0026654491666704416
29,0.0025460002943873405,,14519,,
30,,0.0030152250546962023,14529,,
30,,0.003948265686631203,14539,,
30,,0.001838775584474206,14549,,
30,,0.0064144739881157875,14559,,
30,,0.002466517500579357,14569,,
30,,0.0019286106107756495,14579,,
30,,0.004335671663284302,14589,,
30,,0.0024600434117019176,14599,,
30,,0.0008560639107599854,14609,,
30,,0.0016267250757664442,14619,,
30,,0.006023656576871872,14629,,
30,,0.003378808032721281,14639,,
30,,0.0018374519422650337,14649,,
30,,0.0022800355218350887,14659,,
30,,0.0026180145796388388,14669,,
30,,0.002542286878451705,14679,,
30,,0.0017353761941194534,14689,,
30,,0.0010105277178809047,14699,,
30,,0.0027093314565718174,14709,,
30,,0.002267980482429266,14719,,
30,,0.001920424634590745,14729,,
30,,0.0016744756139814854,14739,,
30,,0.0029946633148938417,14749,,
30,,0.00440573412925005,14759,,
30,,0.003945257049053907,14769,,
30,,0.002322397893294692,14779,,
30,,0.0035365638323128223,14789,,
30,,0.0027610929682850838,14799,,
30,,0.0013023314531892538,14809,,
30,,0.0026535054203122854,14819,,
30,,0.001562231802381575,14829,,
30,,0.0034114550799131393,14839,,
30,,0.0012410839553922415,14849,,
30,,0.002504392061382532,14859,,
30,,0.003832734888419509,14869,,
30,,0.0009552371338941157,14879,,
30,,0.00238500302657485,14889,,
30,,0.002487722784280777,14899,,
30,,0.0020669777877628803,14909,,
30,,0.002540073823183775,14919,,
30,,0.0012944957707077265,14929,,
30,,0.0018186926608905196,14939,,
30,,0.0038800605107098818,14949,,
30,,0.0028555053286254406,14959,,
30,,0.0010854885913431644,14969,,
30,,0.0012993145501241088,14979,,
30,,0.0013936572941020131,14989,,
30,,0.005224256776273251,14999,,
30,,,15003,0.002278625965118408,0.0022772508673369884
30,0.0024758130311965942,,15003,,
31,,0.0012772961053997278,15009,,
31,,0.0014625692274421453,15019,,
31,,0.0011167202610522509,15029,,
31,,0.001956732477992773,15039,,
31,,0.0016232402995228767,15049,,
31,,0.001720657222904265,15059,,
31,,0.000803819508291781,15069,,
31,,0.0034482318442314863,15079,,
31,,0.0025386977940797806,15089,,
31,,0.0005926312296651304,15099,,
31,,0.004394884686917067,15109,,
31,,0.0023880351800471544,15119,,
31,,0.003045295597985387,15129,,
31,,0.004220211412757635,15139,,
31,,0.005358288995921612,15149,,
31,,0.001436444465070963,15159,,
31,,0.0021786296274513006,15169,,
31,,0.0018359427340328693,15179,,
31,,0.0010246363235637546,15189,,
31,,0.0013668223982676864,15199,,
31,,0.001559217693284154,15209,,
31,,0.003709126729518175,15219,,
31,,0.002382464474067092,15229,,
31,,0.003322983393445611,15239,,
31,,0.0010659771505743265,15249,,
31,,0.001384939532727003,15259,,
31,,0.0017283199122175574,15269,,
31,,0.000481861992739141,15279,,
31,,0.0017863137181848288,15289,,
31,,0.0036036167293787003,15299,,
31,,0.004048794973641634,15309,,
31,,0.0007162420079112053,15319,,
31,,0.0020153415389358997,15329,,
31,,0.0031055028084665537,15339,,
31,,0.0028435136191546917,15349,,
31,,0.0008518311660736799,15359,,
31,,0.0044852253049612045,15369,,
31,,0.0018247724510729313,15379,,
31,,0.0016476166201755404,15389,,
31,,0.0018290141597390175,15399,,
31,,0.003343654330819845,15409,,
31,,0.002990949433296919,15419,,
31,,0.0016595292836427689,15429,,
31,,0.0006522388430312276,15439,,
31,,0.0025620218366384506,15449,,
31,,0.0018511530943214893,15459,,
31,,0.005008497275412083,15469,,
31,,0.002833071630448103,15479,,
31,,,15487,0.0021994272246956825,0.0029118529055267572
31,0.0023938145022839308,,15487,,
32,,0.001836599549278617,15489,,
32,,0.0038370441179722548,15499,,
32,,0.0030984757468104362,15509,,
32,,0.0014927966985851526,15519,,
32,,0.0023336419835686684,15529,,
32,,0.0010426596272736788,15539,,
32,,0.0011039217934012413,15549,,
32,,0.0030506120529025793,15559,,
32,,0.002575129037722945,15569,,
32,,0.002244865521788597,15579,,
32,,0.0029296274296939373,15589,,
32,,0.0014656640123575926,15599,,
32,,0.0020812922157347202,15609,,
32,,0.0015766052529215813,15619,,
32,,0.0023618368431925774,15629,,
32,,0.0022914321161806583,15639,,
32,,0.002989027416333556,15649,,
32,,0.0021431148052215576,15659,,
32,,0.002707112580537796,15669,,
32,,0.0034818481653928757,15679,,
32,,0.0015573638956993818,15689,,
32,,0.0020172898657619953,15699,,
32,,0.0024169415701180696,15709,,
32,,0.003959051799029112,15719,,
32,,0.002943312516435981,15729,,
32,,0.0021357801742851734,15739,,
32,,0.0013633391354233027,15749,,
32,,0.0013324255123734474,15759,,
32,,0.002945717889815569,15769,,
32,,0.0005317009054124355,15779,,
32,,0.0024367228616029024,15789,,
32,,0.0015800567343831062,15799,,
32,,0.002125048777088523,15809,,
32,,0.0020081945694983006,15819,,
32,,0.004234645050019026,15829,,
32,,0.0009518623701296747,15839,,
32,,0.0028328639455139637,15849,,
32,,0.002862336114048958,15859,,
32,,0.0019472846761345863,15869,,
32,,0.000749898434150964,15879,,
32,,0.0021545374765992165,15889,,
32,,0.0014777580508962274,15899,,
32,,0.0008426665444858372,15909,,
32,,0.0013769385404884815,15919,,
32,,0.003984576556831598,15929,,
32,,0.001202478539198637,15939,,
32,,0.002327327150851488,15949,,
32,,0.0010048139374703169,15959,,
32,,0.0026769668329507113,15969,,
32,,,15971,0.0021264750976115465,0.002374336589127779
32,0.002302648266777396,,15971,,
33,,0.0038678848650306463,15979,,
33,,0.002449845429509878,15989,,
33,,0.001474733930081129,15999,,
33,,0.0017950566252693534,16009,,
33,,0.0012487273197621107,16019,,
33,,0.0021797737572342157,16029,,
33,,0.0015043370658531785,16039,,
33,,0.0016768870409578085,16049,,
33,,0.0012617799220606685,16059,,
33,,0.0020921609830111265,16069,,
33,,0.0010385289788246155,16079,,
33,,0.002530649770051241,16089,,
33,,0.0019171282183378935,16099,,
33,,0.004829361103475094,16109,,
33,,0.0030966424383223057,16119,,
33,,0.0030009676702320576,16129,,
33,,0.0032630199566483498,16139,,
33,,0.004806706216186285,16149,,
33,,0.003098292276263237,16159,,
33,,0.0028370602522045374,16169,,
33,,0.0022343287710100412,16179,,
33,,0.004535283427685499,16189,,
33,,0.002893203403800726,16199,,
33,,0.0017284603090956807,16209,,
33,,0.002551271114498377,16219,,
33,,0.0026965225115418434,16229,,
33,,0.0024251211434602737,16239,,
33,,0.0023955823853611946,16249,,
33,,0.002169154118746519,16259,,
33,,0.0016640041721984744,16269,,
33,,0.0007245998131111264,16279,,
33,,0.002963626990094781,16289,,
33,,0.0024341512471437454,16299,,
33,,0.0024941307492554188,16309,,
33,,0.002290161559358239,16319,,
33,,0.0029375343583524227,16329,,
33,,0.002035305369645357,16339,,
33,,0.0016417686128988862,16349,,
33,,0.0026489910669624805,16359,,
33,,0.0024828731548041105,16369,,
33,,0.004035912454128265,16379,,
33,,0.0025925079826265574,16389,,
33,,0.0011800569482147694,16399,,
33,,0.002015145495533943,16409,,
33,,0.0014194522518664598,16419,,
33,,0.002526140073314309,16429,,
33,,0.002467500977218151,16439,,
33,,0.002111276611685753,16449,,
33,,,16455,0.0020596508402377367,0.0022914065048098564
33,0.00226665404625237,,16455,,
34,,0.0031286519952118397,16459,,
34,,0.0021205234806984663,16469,,
34,,0.0012124001514166594,16479,,
34,,0.00263293762691319,16489,,
34,,0.0035144267603754997,16499,,
34,,0.0024481303989887238,16509,,
34,,0.0023010638542473316,16519,,
34,,0.0032776815351098776,16529,,
34,,0.0019071949645876884,16539,,
34,,0.0027661253698170185,16549,,
34,,0.0019330629147589207,16559,,
34,,0.003205706598237157,16569,,
34,,0.0018424728186801076,16579,,
34,,0.001515807001851499,16589,,
34,,0.001361487084068358,16599,,
34,,0.002557919593527913,16609,,
34,,0.0011101106647402048,16619,,
34,,0.0020337551832199097,16629,,
34,,0.0006290269084274769,16639,,
34,,0.0014369644923135638,16649,,
34,,0.0040882183238863945,16659,,
34,,0.0008499863324686885,16669,,
34,,0.00161588448099792,16679,,
34,,0.0005517372628673911,16689,,
34,,0.0029412631411105394,16699,,
34,,0.0013802911853417754,16709,,
34,,0.001206572400406003,16719,,
34,,0.0026503487024456263,16729,,
34,,0.001890874933451414,16739,,
34,,0.005224825348705053,16749,,
34,,0.0018147744704037905,16759,,
34,,0.0029799521435052156,16769,,
34,,0.0031473624985665083,16779,,
34,,0.003440535394474864,16789,,
34,,0.0029387855902314186,16799,,
34,,0.0009427794720977545,16809,,
34,,0.0010313383536413312,16819,,
34,,0.0015914487885311246,16829,,
34,,0.0041291071102023125,16839,,
34,,0.0018162063788622618,16849,,
34,,0.0017255498096346855,16859,,
34,,0.0014984487788751721,16869,,
34,,0.0017106372397392988,16879,,
34,,0.0029735241550952196,16889,,
34,,0.0025420086458325386,16899,,
34,,0.0008800153736956418,16909,,
34,,0.001151511212810874,16919,,
34,,0.0021389240864664316,16929,,
34,,0.0019834302365779877,16939,,
34,,,16939,0.0019979507196694613,0.002167738741263747
34,0.0022593883331865072,,16939,,
35,,0.001846622908487916,16949,,
35,,0.002507738536223769,16959,,
35,,0.0019351302180439234,16969,,
35,,0.001093039638362825,16979,,
35,,0.0010558073408901691,16989,,
35,,0.002582344925031066,16999,,
35,,0.0004617390804924071,17009,,
35,,0.0012573525309562683,17019,,
35,,0.0032789241522550583,17029,,
35,,0.0011354992166161537,17039,,
35,,0.001358171459287405,17049,,
35,,0.004399246536195278,17059,,
35,,0.0018081285525113344,17069,,
35,,0.0013828477822244167,17079,,
35,,0.00036932455259375274,17089,,
35,,0.002911840332672,17099,,
35,,0.0009571887203492224,17109,,
35,,0.0022968845441937447,17119,,
35,,0.002470707055181265,17129,,
35,,0.0024163539055734873,17139,,
35,,0.0015752647304907441,17149,,
35,,0.001710962736979127,17159,,
35,,0.002668015891686082,17169,,
35,,0.0025884846691042185,17179,,
35,,0.0017597961705178022,17189,,
35,,0.0020992562640458345,17199,,
35,,0.0022298868279904127,17209,,
35,,0.0027998657897114754,17219,,
35,,0.00248631089925766,17229,,
35,,0.002755720168352127,17239,,
35,,0.0013866779627278447,17249,,
35,,0.002808918943628669,17259,,
35,,0.0021549744997173548,17269,,
35,,0.0026297136209905148,17279,,
35,,0.0017034094780683517,17289,,
35,,0.0016199599485844374,17299,,
35,,0.0006706049898639321,17309,,
35,,0.002170307096093893,17319,,
35,,0.0022329215425997972,17329,,
35,,0.0005477869417518377,17339,,
35,,0.0021869223564863205,17349,,
35,,0.002114973496645689,17359,,
35,,0.002104434883221984,17369,,
35,,0.002813981380313635,17379,,
35,,0.002123701386153698,17389,,
35,,0.0016802623867988586,17399,,
35,,0.003922946751117706,17409,,
35,,0.001642115879803896,17419,,
35,,,17423,0.001941239694133401,0.002006659982725978
35,0.0021833658684045076,,17423,,
36,,0.003993349149823189,17429,,
36,,0.0011815275065600872,17439,,
36,,0.0017182050505653024,17449,,
36,,0.0017914772033691406,17459,,
36,,0.0020135026425123215,17469,,
36,,0.0023735887371003628,17479,,
36,,0.0024762495886534452,17489,,
36,,0.002230902435258031,17499,,
36,,0.0018541356548666954,17509,,
36,,0.0012747877044603229,17519,,
36,,0.0024513474199920893,17529,,
36,,0.0032718954607844353,17539,,
36,,0.0013981100637465715,17549,,
36,,0.002753769513219595,17559,,
36,,0.002178605180233717,17569,,
36,,0.002303787274286151,17579,,
36,,0.000905738677829504,17589,,
36,,0.003318347502499819,17599,,
36,,0.0014088465832173824,17609,,
36,,0.004181892145425081,17619,,
36,,0.001873560599051416,17629,,
36,,0.002153305336833,17639,,
36,,0.002103337785229087,17649,,
36,,0.0014086819719523191,17659,,
36,,0.0024124369956552982,17669,,
36,,0.001806119573302567,17679,,
36,,0.004024088382720947,17689,,
36,,0.0032500133384019136,17699,,
36,,0.0027200242038816214,17709,,
36,,0.0038713314570486546,17719,,
36,,0.0023044568952172995,17729,,
36,,0.001653511542826891,17739,,
36,,0.0011007884750142694,17749,,
36,,0.0022484231740236282,17759,,
36,,0.003919932991266251,17769,,
36,,0.0016739149577915668,17779,,
36,,0.0014184277970343828,17789,,
36,,0.0005782571388408542,17799,,
36,,0.0016129782889038324,17809,,
36,,0.0014957190724089742,17819,,
36,,0.0025409990921616554,17829,,
36,,0.0010842231567949057,17839,,
36,,0.0008925329893827438,17849,,
36,,0.002015908481553197,17859,,
36,,0.002267097122967243,17869,,
36,,0.0019486639648675919,17879,,
36,,0.001308367121964693,17889,,
36,,0.002940317615866661,17899,,
36,,,17907,0.0018897138070315123,0.0021216291934251785
36,0.0021541344467550516,,17907,,
37,,0.0008580535068176687,17909,,
37,,0.003788798814639449,17919,,
37,,0.0012950641103088856,17929,,
37,,0.0013201276306062937,17939,,
37,,0.0020693668629974127,17949,,
37,,0.003187531605362892,17959,,
37,,0.002900135237723589,17969,,
37,,0.001261731842532754,17979,,
37,,0.0020206356421113014,17989,,
37,,0.001024330616928637,17999,,
37,,0.0015424678567796946,18009,,
37,,0.0017795405583456159,18019,,
37,,0.004953980445861816,18029,,
37,,0.0015765433199703693,18039,,
37,,0.0023255927953869104,18049,,
37,,0.0028682327829301357,18059,,
37,,0.002302598673850298,18069,,
37,,0.0010082179214805365,18079,,
37,,0.0012847785837948322,18089,,
37,,0.0008032890036702156,18099,,
37,,0.002498899819329381,18109,,
37,,0.0037047406658530235,18119,,
37,,0.003134690457955003,18129,,
37,,0.0012152070412412286,18139,,
37,,0.001772664487361908,18149,,
37,,0.0015340502141043544,18159,,
37,,0.0024995561689138412,18169,,
37,,0.0028118686750531197,18179,,
37,,0.0017099537653848529,18189,,
37,,0.002583563094958663,18199,,
37,,0.0012229818385094404,18209,,
37,,0.0022603136021643877,18219,,
37,,0.0022474194411188364,18229,,
37,,0.003460823092609644,18239,,
37,,0.0016121134394779801,18249,,
37,,0.004456250928342342,18259,,
37,,0.005218198522925377,18269,,
37,,0.0039649177342653275,18279,,
37,,0.004227255471050739,18289,,
37,,0.0029947692528367043,18299,,
37,,0.002308274619281292,18309,,
37,,0.0009243812528438866,18319,,
37,,0.0015248785493895411,18329,,
37,,0.0009046550840139389,18339,,
37,,0.0017273228149861097,18349,,
37,,0.0008776922477409244,18359,,
37,,0.0017937496304512024,18369,,
37,,0.0026933387853205204,18379,,
37,,0.003292942186817527,18389,,
37,,,18391,0.0018521443707868457,0.0026061597745865583
37,0.002246501622721553,,18391,,
38,,0.001330190454609692,18399,,
38,,0.0007036637980490923,18409,,
38,,0.0029748158995062113,18419,,
38,,0.0031194244511425495,18429,,
38,,0.0011294286232441664,18439,,
38,,0.004571891389787197,18449,,
38,,0.002093927003443241,18459,,
38,,0.002865781309083104,18469,,
38,,0.0013160596136003733,18479,,
38,,0.0013160970993340015,18489,,
38,,0.0012833948712795973,18499,,
38,,0.0010751718655228615,18509,,
38,,0.0017890901071950793,18519,,
38,,0.001747582107782364,18529,,
38,,0.002767383586615324,18539,,
38,,0.003137927269563079,18549,,
38,,0.0019317573169246316,18559,,
38,,0.0014455828350037336,18569,,
38,,0.0014900206588208675,18579,,
38,,0.0009145726216956973,18589,,
38,,0.0013056611642241478,18599,,
38,,0.0025010101962834597,18609,,
38,,0.0005809948779642582,18619,,
38,,0.002198133384808898,18629,,
38,,0.0021843817085027695,18639,,
38,,0.0017062166007235646,18649,,
38,,0.0017748870886862278,18659,,
38,,0.0033952922094613314,18669,,
38,,0.0020559816621243954,18679,,
38,,0.002600137609988451,18689,,
38,,0.0028159248176962137,18699,,
38,,0.002130853943526745,18709,,
38,,0.0023487263824790716,18719,,
38,,0.0020634604152292013,18729,,
38,,0.002252885140478611,18739,,
38,,0.0015403825091198087,18749,,
38,,0.004030294716358185,18759,,
38,,0.003220747923478484,18769,,
38,,0.0021817886736243963,18779,,
38,,0.0007247832836583257,18789,,
38,,0.0019377528224140406,18799,,
38,,0.0016726305475458503,18809,,
38,,0.0019411167595535517,18819,,
38,,0.00042250752449035645,18829,,
38,,0.00144427758641541,18839,,
38,,0.0040630679577589035,18849,,
38,,0.0016102481167763472,18859,,
38,,0.0018001021817326546,18869,,
38,,,18875,0.0018094879342243075,0.0021351317409425974
38,0.0020691966637969017,,18875,,
39,,0.0027565902564674616,18879,,
39,,0.0027432478964328766,18889,,
39,,0.0013111921725794673,18899,,
39,,0.0019441579934209585,18909,,
39,,0.0010362579487264156,18919,,
39,,0.003203311935067177,18929,,
39,,0.0012141307815909386,18939,,
39,,0.0005902615375816822,18949,,
39,,0.0024580806493759155,18959,,
39,,0.0014454348711296916,18969,,
39,,0.0014334337320178747,18979,,
39,,0.002062273910269141,18989,,
39,,0.0029029459692537785,18999,,
39,,0.0011413127649575472,19009,,
39,,0.0032631296198815107,19019,,
39,,0.0033062035217881203,19029,,
39,,0.0017171287909150124,19039,,
39,,0.0022629480808973312,19049,,
39,,0.0010127588175237179,19059,,
39,,0.002162607852369547,19069,,
39,,0.0024140351451933384,19079,,
39,,0.004909989889711142,19089,,
39,,0.0020449990406632423,19099,,
39,,0.007298215292394161,19109,,
39,,0.0023320193868130445,19119,,
39,,0.004326889291405678,19129,,
39,,0.004570581018924713,19139,,
39,,0.002546242903918028,19149,,
39,,0.002645439701154828,19159,,
39,,0.003705969313159585,19169,,
39,,0.0011994687374681234,19179,,
39,,0.001501060789451003,19189,,
39,,0.0024163699708878994,19199,,
39,,0.0008386202389374375,19209,,
39,,0.002934257034212351,19219,,
39,,0.0021069133654236794,19229,,
39,,0.0032978039234876633,19239,,
39,,0.003209045622497797,19249,,
39,,0.0027018985711038113,19259,,
39,,0.003816337790340185,19269,,
39,,0.002096133306622505,19279,,
39,,0.0010898899054154754,19289,,
39,,0.001927986741065979,19299,,
39,,0.0018576888833194971,19309,,
39,,0.0005927792517468333,19319,,
39,,0.002536318963393569,19329,,
39,,0.0032364532817155123,19339,,
39,,0.0012975514400750399,19349,,
39,,0.0014246659120544791,19359,,
39,,,19359,0.0018343793926760554,0.001975149381905794
39,0.002494769636541605,,19359,,
40,,0.002561210887506604,19369,,
40,,0.0018271340522915125,19379,,
40,,0.0015190080739557743,19389,,
40,,0.000697749899700284,19399,,
40,,0.0037380033172667027,19409,,
40,,0.0043167793191969395,19419,,
40,,0.002926482353359461,19429,,
40,,0.0034553222358226776,19439,,
40,,0.0027257532346993685,19449,,
40,,0.0038415370509028435,19459,,
40,,0.0009862423175945878,19469,,
40,,0.002451131120324135,19479,,
40,,0.0027925469912588596,19489,,
40,,0.0022920898627489805,19499,,
40,,0.002349755261093378,19509,,
40,,0.0023100373800843954,19519,,
40,,0.002043475629761815,19529,,
40,,0.0033312998712062836,19539,,
40,,0.0015229226555675268,19549,,
40,,0.00197109067812562,19559,,
40,,0.0013930536806583405,19569,,
40,,0.0019057384924963117,19579,,
40,,0.0015346186701208353,19589,,
40,,0.0010527056874707341,19599,,
40,,0.0007428147364407778,19609,,
40,,0.0017849011346697807,19619,,
40,,0.002687031403183937,19629,,
40,,0.0008701655315235257,19639,,
40,,0.003037145361304283,19649,,
40,,0.0013086802791804075,19659,,
40,,0.0014647617936134338,19669,,
40,,0.002204034011811018,19679,,
40,,0.002997069153934717,19689,,
40,,0.0033377446234226227,19699,,
40,,0.004524421878159046,19709,,
40,,0.0015416211681440473,19719,,
40,,0.0036335261538624763,19729,,
40,,0.0030455549713224173,19739,,
40,,0.0024216771125793457,19749,,
40,,0.0023398075718432665,19759,,
40,,0.0011694114655256271,19769,,
40,,0.0019621741957962513,19779,,
40,,0.006613748613744974,19789,,
40,,0.002970718080177903,19799,,
40,,0.0028608895372599363,19809,,
40,,0.0035291449166834354,19819,,
40,,0.0015420729760080576,19829,,
40,,0.0019513927400112152,19839,,
40,,,19843,0.0019493319559842348,0.002173430286347866
40,0.002443599281832576,,19843,,
41,,0.0024448162876069546,19849,,
41,,0.0036693678703159094,19859,,
41,,0.0009094510460272431,19869,,
41,,0.0034963656216859818,19879,,
41,,0.0043063112534582615,19889,,
41,,0.001780536025762558,19899,,
41,,0.0026557492092251778,19909,,
41,,0.001410704106092453,19919,,
41,,0.001976374536752701,19929,,
41,,0.001287764054723084,19939,,
41,,0.0020411068107932806,19949,,
41,,0.0008480322430841625,19959,,
41,,0.0011158105917274952,19969,,
41,,0.001872749999165535,19979,,
41,,0.0018816806841641665,19989,,
41,,0.0025302765425294638,19999,,
41,,0.0017660288140177727,20009,,
41,,0.0026941532269120216,20019,,
41,,0.0028408628422766924,20029,,
41,,0.0029143153224140406,20039,,
41,,0.0023965395521372557,20049,,
41,,0.001371747232042253,20059,,
41,,0.0024045617319643497,20069,,
41,,0.0021286120172590017,20079,,
41,,0.000562583445571363,20089,,
41,,0.002974503207951784,20099,,
41,,0.002037196420133114,20109,,
41,,0.002649386413395405,20119,,
41,,0.0020646711345762014,20129,,
41,,0.0013177322689443827,20139,,
41,,0.002691518049687147,20149,,
41,,0.003298691939562559,20159,,
41,,0.0010957608465105295,20169,,
41,,0.0011518507963046432,20179,,
41,,0.003199669998139143,20189,,
41,,0.0010704892920330167,20199,,
41,,0.001139972941018641,20209,,
41,,0.0015938328579068184,20219,,
41,,0.0024502689484506845,20229,,
41,,0.0020069049205631018,20239,,
41,,0.0008596538100391626,20249,,
41,,0.001525243278592825,20259,,
41,,0.0006775092333555222,20269,,
41,,0.0014666272327303886,20279,,
41,,0.001192891737446189,20289,,
41,,0.0020635456312447786,20299,,
41,,0.0017373714363202453,20309,,
41,,0.001902576070278883,20319,,
41,,,20327,0.0019299782579764724,0.0018225471721962094
41,0.0019008039962500334,,20327,,
42,,0.0037454504054039717,20329,,
42,,0.0012398536782711744,20339,,
42,,0.0007820416940376163,20349,,
42,,0.0013344790786504745,20359,,
42,,0.0008674429263919592,20369,,
42,,0.002266030525788665,20379,,
42,,0.001626157434657216,20389,,
42,,0.0011270695831626654,20399,,
42,,0.0020109291654080153,20409,,
42,,0.00198214128613472,20419,,
42,,0.0029558571986854076,20429,,
42,,0.0012961658649146557,20439,,
42,,0.0006233513122424483,20449,,
42,,0.0016017977613955736,20459,,
42,,0.0018460997380316257,20469,,
42,,0.0022485065273940563,20479,,
42,,0.0010919109918177128,20489,,
42,,0.002590818563476205,20499,,
42,,0.0029024197719991207,20509,,
42,,0.0013284244341775775,20519,,
42,,0.0017788608092814684,20529,,
42,,0.0015969168161973357,20539,,
42,,0.0007654972723685205,20549,,
42,,0.0023700085002928972,20559,,
42,,0.002103047911077738,20569,,
42,,0.0010291838552802801,20579,,
42,,0.0025148175191134214,20589,,
42,,0.001342786243185401,20599,,
42,,0.0017011852469295263,20609,,
42,,0.003252636641263962,20619,,
42,,0.0016539223724976182,20629,,
42,,0.0019319875864312053,20639,,
42,,0.0008112068753689528,20649,,
42,,0.0016332917148247361,20659,,
42,,0.0022769845090806484,20669,,
42,,0.0020797669421881437,20679,,
42,,0.0013501191278919578,20689,,
42,,0.001409317017532885,20699,,
42,,0.0020173131488263607,20709,,
42,,0.0007997745415195823,20719,,
42,,0.002511152997612953,20729,,
42,,0.001405464019626379,20739,,
42,,0.001206340966746211,20749,,
42,,0.0014640705194324255,20759,,
42,,0.0017458440270274878,20769,,
42,,0.002749138977378607,20779,,
42,,0.0013266309397295117,20789,,
42,,0.00274193799123168,20799,,
42,,0.0039831530302762985,20809,,
42,,,20811,0.0017613808158785105,0.001839601551182568
42,0.001805665553547442,,20811,,
43,,0.0013063321821391582,20819,,
43,,0.0016576012130826712,20829,,
43,,0.0008023511618375778,20839,,
43,,0.0027344056870788336,20849,,
43,,0.001138428458943963,20859,,
43,,0.000828110205475241,20869,,
43,,0.001389036187902093,20879,,
43,,0.0013831458054482937,20889,,
43,,0.0006451443186961114,20899,,
43,,0.0028358837589621544,20909,,
43,,0.0008221908356063068,20919,,
43,,0.0012654606252908707,20929,,
43,,0.0018617912428453565,20939,,
43,,0.0016865755897015333,20949,,
43,,0.0029578804969787598,20959,,
43,,0.0024136158172041178,20969,,
43,,0.0018305788980796933,20979,,
43,,0.0020890268497169018,20989,,
43,,0.00467962259426713,20999,,
43,,0.0016518981428816915,21009,,
43,,0.00260672764852643,21019,,
43,,0.0020107917953282595,21029,,
43,,0.002239040331915021,21039,,
43,,0.002812020480632782,21049,,
43,,0.0013837353326380253,21059,,
43,,0.0038761638570576906,21069,,
43,,0.0030541145242750645,21079,,
43,,0.0015878272242844105,21089,,
43,,0.0007716062827967107,21099,,
43,,0.0024734335020184517,21109,,
43,,0.002793529536575079,21119,,
43,,0.001313697313889861,21129,,
43,,0.0004433022113516927,21139,,
43,,0.0014931196346879005,21149,,
43,,0.001118808751925826,21159,,
43,,0.0012049444485455751,21169,,
43,,0.004616837948560715,21179,,
43,,0.0015447016339749098,21189,,
43,,0.003078003181144595,21199,,
43,,0.0010989421280100942,21209,,
43,,0.0009187697432935238,21219,,
43,,0.0018729590810835361,21229,,
43,,0.0011949159670621157,21239,,
43,,0.0018472609808668494,21249,,
43,,0.0010039175394922495,21259,,
43,,0.0027736567426472902,21269,,
43,,0.001959321554750204,21279,,
43,,0.0012878014240413904,21289,,
43,,,21295,0.0016635406063869596,0.001753753051161766
43,0.0018640694906935096,,21295,,
44,,0.0027816526126116514,21299,,
44,,0.0011880038073286414,21309,,
44,,0.00245387083850801,21319,,
44,,0.0019099261844530702,21329,,
44,,0.0015196203021332622,21339,,
44,,0.0015030853683128953,21349,,
44,,0.0011487666051834822,21359,,
44,,0.0011513730278238654,21369,,
44,,0.0008977493271231651,21379,,
44,,0.0008516467642039061,21389,,
44,,0.00048390921438112855,21399,,
44,,0.0011028577573597431,21409,,
44,,0.0036873407661914825,21419,,
44,,0.002266984898597002,21429,,
44,,0.002131233224645257,21439,,
44,,0.0014045080170035362,21449,,
44,,0.0010979324579238892,21459,,
44,,0.0013683477882295847,21469,,
44,,0.0008831777377054095,21479,,
44,,0.0018261689692735672,21489,,
44,,0.0016771714435890317,21499,,
44,,0.0008392527233809233,21509,,
44,,0.0018979087471961975,21519,,
44,,0.0025606001727283,21529,,
44,,0.001840588403865695,21539,,
44,,0.002149076433852315,21549,,
44,,0.0013988374266773462,21559,,
44,,0.0008069011964835227,21569,,
44,,0.002546521835029125,21579,,
44,,0.0006926495116204023,21589,,
44,,0.0010278139961883426,21599,,
44,,0.002642239211127162,21609,,
44,,0.0017053555930033326,21619,,
44,,0.00197346112690866,21629,,
44,,0.0013190326280891895,21639,,
44,,0.0010524775134399533,21649,,
44,,0.0027272405568510294,21659,,
44,,0.0014446850400418043,21669,,
44,,0.0010455925948917866,21679,,
44,,0.0017067366279661655,21689,,
44,,0.0007661960553377867,21699,,
44,,0.0022194357588887215,21709,,
44,,0.0010192443151026964,21719,,
44,,0.003163253888487816,21729,,
44,,0.0019517538603395224,21739,,
44,,0.0007032365538179874,21749,,
44,,0.0013113843742758036,21759,,
44,,0.0009033165988512337,21769,,
44,,0.0016701689455658197,21779,,
44,,,21779,0.0015969052910804749,0.0018546911887824535
44,0.0017099761171266437,,21779,,
45,,0.0013636245857924223,21789,,
45,,0.0012680445797741413,21799,,
45,,0.00144300633110106,21809,,
45,,0.0012224252568557858,21819,,
45,,0.0021063261665403843,21829,,
45,,0.0009443312883377075,21839,,
45,,0.001986029325053096,21849,,
45,,0.0020244596526026726,21859,,
45,,0.0005488810711540282,21869,,
45,,0.0008887918666005135,21879,,
45,,0.00187730195466429,21889,,
45,,0.0019080655183643103,21899,,
45,,0.001060585374943912,21909,,
45,,0.0035764193162322044,21919,,
45,,0.0021058679558336735,21929,,
45,,0.0015110485255718231,21939,,
45,,0.0031706723384559155,21949,,
45,,0.0020991372875869274,21959,,
45,,0.0016980578657239676,21969,,
45,,0.0016978561179712415,21979,,
45,,0.002369654830545187,21989,,
45,,0.002226674696430564,21999,,
45,,0.0020682071335613728,22009,,
45,,0.0011077766539528966,22019,,
45,,0.0017006387934088707,22029,,
45,,0.0020067179575562477,22039,,
45,,0.002046991605311632,22049,,
45,,0.0017948608146980405,22059,,
45,,0.0025102284271270037,22069,,
45,,0.001583331497386098,22079,,
45,,0.0018853568471968174,22089,,
45,,0.0022585324477404356,22099,,
45,,0.0031976138707250357,22109,,
45,,0.001940448535606265,22119,,
45,,0.0025988719426095486,22129,,
45,,0.001447451999410987,22139,,
45,,0.0014208117499947548,22149,,
45,,0.0011273862328380346,22159,,
45,,0.0004141249810345471,22169,,
45,,0.0012946526985615492,22179,,
45,,0.0016332920640707016,22189,,
45,,0.0021527111530303955,22199,,
45,,0.0006378995021805167,22209,,
45,,0.0010368118528276682,22219,,
45,,0.0010658199898898602,22229,,
45,,0.0014513549394905567,22239,,
45,,0.002343678381294012,22249,,
45,,0.0028696642257273197,22259,,
45,,,22263,0.001548832398839295,0.001684011658653617
45,0.0017354304436594248,,22263,,
46,,0.0013698406983166933,22269,,
46,,0.0014212923124432564,22279,,
46,,0.002735886722803116,22289,,
46,,0.0020036199130117893,22299,,
46,,0.0019354308024048805,22309,,
46,,0.001716559287160635,22319,,
46,,0.002280476037412882,22329,,
46,,0.0012960563180968165,22339,,
46,,0.0013082956429570913,22349,,
46,,0.0021499134600162506,22359,,
46,,0.0012279385700821877,22369,,
46,,0.0011281733168289065,22379,,
46,,0.0023466781713068485,22389,,
46,,0.002214425941929221,22399,,
46,,0.0012119687162339687,22409,,
46,,0.0010733703384175897,22419,,
46,,0.0016147494316101074,22429,,
46,,0.001972013618797064,22439,,
46,,0.0016816298011690378,22449,,
46,,0.0027942059095948935,22459,,
46,,0.0014167800545692444,22469,,
46,,0.002175937406718731,22479,,
46,,0.0009898656280711293,22489,,
46,,0.0017698431620374322,22499,,
46,,0.0006825655582360923,22509,,
46,,0.0020033647306263447,22519,,
46,,0.001661710673943162,22529,,
46,,0.0013889515539631248,22539,,
46,,0.0014230740489438176,22549,,
46,,0.0008473045891150832,22559,,
46,,0.001563528086990118,22569,,
46,,0.0012522354954853654,22579,,
46,,0.00152486318256706,22589,,
46,,0.001915347296744585,22599,,
46,,0.0011036933865398169,22609,,
46,,0.0026009725406765938,22619,,
46,,0.0021677021868526936,22629,,
46,,0.0006288706208579242,22639,,
46,,0.0014011251041665673,22649,,
46,,0.003192237578332424,22659,,
46,,0.0005883389967493713,22669,,
46,,0.000926387554500252,22679,,
46,,0.0017957092495635152,22689,,
46,,0.002460211981087923,22699,,
46,,0.0022237938828766346,22709,,
46,,0.0006766224978491664,22719,,
46,,0.0015493187820538878,22729,,
46,,0.0019916188903152943,22739,,
46,,,22747,0.0015062649035826325,0.0018147265072911978
46,0.0016698908293619752,,22747,,
47,,0.0017211484955623746,22749,,
47,,0.0016919324407353997,22759,,
47,,0.0019660561811178923,22769,,
47,,0.0022473284043371677,22779,,
47,,0.001616435358300805,22789,,
47,,0.001749658491462469,22799,,
47,,0.0029609391931444407,22809,,
47,,0.0007373787229880691,22819,,
47,,0.0007884371443651617,22829,,
47,,0.002397762844339013,22839,,
47,,0.0012044087052345276,22849,,
47,,0.0015839848201721907,22859,,
47,,0.0023041265085339546,22869,,
47,,0.0017895775381475687,22879,,
47,,0.0017108977772295475,22889,,
47,,0.0032142929267138243,22899,,
47,,0.0009708049474284053,22909,,
47,,0.0017110188491642475,22919,,
47,,0.0034637360367923975,22929,,
47,,0.0016849124804139137,22939,,
47,,0.0007879988988861442,22949,,
47,,0.0006277235224843025,22959,,
47,,0.0010423031635582447,22969,,
47,,0.0007129638106562197,22979,,
47,,0.002707899082452059,22989,,
47,,0.0014310921542346478,22999,,
47,,0.0015291684539988637,23009,,
47,,0.001501718070358038,23019,,
47,,0.0019536511972546577,23029,,
47,,0.0007637948729097843,23039,,
47,,0.0021181779447942972,23049,,
47,,0.002314846497029066,23059,,
47,,0.0026961546391248703,23069,,
47,,0.0032992421183735132,23079,,
47,,0.004526339937001467,23089,,
47,,0.0012643160298466682,23099,,
47,,0.0015430449275299907,23109,,
47,,0.0012056756531819701,23119,,
47,,0.0014329281402751803,23129,,
47,,0.0012155749136582017,23139,,
47,,0.0008585178875364363,23149,,
47,,0.0010657244129106402,23159,,
47,,0.000943184713833034,23169,,
47,,0.0015624965308234096,23179,,
47,,0.001663621049374342,23189,,
47,,0.0015256679616868496,23199,,
47,,0.003127787262201309,23209,,
47,,0.0017802993534132838,23219,,
47,,0.0006551828701049089,23229,,
47,,,23231,0.0014679363230243325,0.0019107975531369448
47,0.001632443512789905,,23231,,
48,,0.0016604975098744035,23239,,
48,,0.002863270230591297,23249,,
48,,0.0010105636902153492,23259,,
48,,0.0024038914125412703,23269,,
48,,0.000946491549257189,23279,,
48,,0.0017716801958158612,23289,,
48,,0.001467492780648172,23299,,
48,,0.0021560615859925747,23309,,
48,,0.0010110235307365656,23319,,
48,,0.000817391206510365,23329,,
48,,0.0015196575550362468,23339,,
48,,0.0016457170713692904,23349,,
48,,0.000429421488661319,23359,,
48,,0.0023791154380887747,23369,,
48,,0.000980535987764597,23379,,
48,,0.0013523583766072989,23389,,
48,,0.0007404002826660872,23399,,
48,,0.0009538488229736686,23409,,
48,,0.0010160730453208089,23419,,
48,,0.0020385889802128077,23429,,
48,,0.0010206685401499271,23439,,
48,,0.0025562543887645006,23449,,
48,,0.0009220592910423875,23459,,
48,,0.0021367743611335754,23469,,
48,,0.0010767655912786722,23479,,
48,,0.0017071152105927467,23489,,
48,,0.0019774404354393482,23499,,
48,,0.0027649065013974905,23509,,
48,,0.0015815586084499955,23519,,
48,,0.0011670795502141118,23529,,
48,,0.003083215095102787,23539,,
48,,0.0018639031331986189,23549,,
48,,0.0011520457919687033,23559,,
48,,0.0016477499157190323,23569,,
48,,0.0014648984652012587,23579,,
48,,0.001324700890108943,23589,,
48,,0.0010828290833160281,23599,,
48,,0.000437092618085444,23609,,
48,,0.0015552262775599957,23619,,
48,,0.002042649546638131,23629,,
48,,0.001400990760885179,23639,,
48,,0.001405371818691492,23649,,
48,,0.002105653751641512,23659,,
48,,0.0020445308182388544,23669,,
48,,0.0024601256009191275,23679,,
48,,0.0024493136443197727,23689,,
48,,0.002519087167456746,23699,,
48,,0.0011688984232023358,23709,,
48,,,23715,0.0014342794893309474,0.0020385063253343105
48,0.0016243100399151444,,23715,,
49,,0.0024077901616692543,23719,,
49,,0.0018007084727287292,23729,,
49,,0.0024841793347150087,23739,,
49,,0.001980446744710207,23749,,
49,,0.0021233982406556606,23759,,
49,,0.002409551991149783,23769,,
49,,0.0005320359487086535,23779,,
49,,0.0007765538757666945,23789,,
49,,0.003136623650789261,23799,,
49,,0.003927540499716997,23809,,
49,,0.002921138424426317,23819,,
49,,0.00168619304895401,23829,,
49,,0.0010009093675762415,23839,,
49,,0.001749872462823987,23849,,
49,,0.001330946572124958,23859,,
49,,0.0015878824051469564,23869,,
49,,0.0010841120965778828,23879,,
49,,0.0023497766815125942,23889,,
49,,0.0020767056848853827,23899,,
49,,0.0009207203984260559,23909,,
49,,0.0012016252148896456,23919,,
49,,0.0009515543933957815,23929,,
49,,0.0028083021752536297,23939,,
49,,0.001106215175241232,23949,,
49,,0.0020225956104695797,23959,,
49,,0.002252395497635007,23969,,
49,,0.0028065622318536043,23979,,
49,,0.0012857880210503936,23989,,
49,,0.000559090287424624,23999,,
49,,0.0018773314077407122,24009,,
49,,0.00041369142127223313,24019,,
49,,0.0006880408618599176,24029,,
49,,0.003586473409086466,24039,,
49,,0.002524676965549588,24049,,
49,,0.002229688223451376,24059,,
49,,0.0021380248945206404,24069,,
49,,0.001073781051672995,24079,,
49,,0.0004552439204417169,24089,,
49,,0.0023276968859136105,24099,,
49,,0.001838593278080225,24109,,
49,,0.000673469330649823,24119,,
49,,0.0019226858858019114,24129,,
49,,0.001612465362995863,24139,,
49,,0.0024558636359870434,24149,,
49,,0.0017611089861020446,24159,,
49,,0.0010130064329132438,24169,,
49,,0.0008230754174292088,24179,,
49,,0.0004678669502027333,24189,,
49,,0.000652260787319392,24199,,
49,,,24199,0.001403791131451726,0.001735993311740458
49,0.0015988770173862576,,24199,,
50,,0.001110836397856474,24209,,
50,,0.0011354903690516949,24219,,
50,,0.0013410055544227362,24229,,
50,,0.0023847371339797974,24239,,
50,,0.001722731743939221,24249,,
50,,0.002023955574259162,24259,,
50,,0.0029083164408802986,24269,,
50,,0.0009081251919269562,24279,,
50,,0.002630161587148905,24289,,
50,,0.0011747481767088175,24299,,
50,,0.0016318542184308171,24309,,
50,,0.0021532545797526836,24319,,
50,,0.0020096595399081707,24329,,
50,,0.0009096082067117095,24339,,
50,,0.002419497352093458,24349,,
50,,0.0016768291825428605,24359,,
50,,0.001749155344441533,24369,,
50,,0.0034569324925541878,24379,,
50,,0.001182924839667976,24389,,
50,,0.0007262068684212863,24399,,
50,,0.0015765444841235876,24409,,
50,,0.0010103500680997968,24419,,
50,,0.0008809143910184503,24429,,
50,,0.0017275940626859665,24439,,
50,,0.0011443368857726455,24449,,
50,,0.00229107728227973,24459,,
50,,0.001940487534739077,24469,,
50,,0.0020034676417708397,24479,,
50,,0.0016922992654144764,24489,,
50,,0.002096385695040226,24499,,
50,,0.0005368266720324755,24509,,
50,,0.0034315758384764194,24519,,
50,,0.001033176900818944,24529,,
50,,0.0015326712746173143,24539,,
50,,0.0015180859481915832,24549,,
50,,0.0005750661948695779,24559,,
50,,0.0026203126180917025,24569,,
50,,0.0019376861164346337,24579,,
50,,0.0020316513255238533,24589,,
50,,0.002350375521928072,24599,,
50,,0.001838004682213068,24609,,
50,,0.0017357717733830214,24619,,
50,,0.001932242652401328,24629,,
50,,0.0012586696539074183,24639,,
50,,0.0015265577239915729,24649,,
50,,0.0017882050015032291,24659,,
50,,0.001118077663704753,24669,,
50,,0.0008155122050084174,24679,,
50,,,24683,0.0013757336419075727,0.0017418351490050554
50,0.0015866674948483706,,24683,,
51,,0.0011932057095691562,24689,,
51,,0.002765471115708351,24699,,
51,,0.0018966618226841092,24709,,
51,,0.0009318438824266195,24719,,
51,,0.0022201521787792444,24729,,
51,,0.00074616918573156,24739,,
51,,0.0023658673744648695,24749,,
51,,0.001241660793311894,24759,,
51,,0.0013393561821430922,24769,,
51,,0.0028997687622904778,24779,,
51,,0.0017917039804160595,24789,,
51,,0.0014883680269122124,24799,,
51,,0.0012403154978528619,24809,,
51,,0.000889996241312474,24819,,
51,,0.0006756030488759279,24829,,
51,,0.0028752596117556095,24839,,
51,,0.0019251375924795866,24849,,
51,,0.0034233522601425648,24859,,
51,,0.002179774921387434,24869,,
51,,0.003561494406312704,24879,,
51,,0.0019688636530190706,24889,,
51,,0.0017770674312487245,24899,,
51,,0.0012508531799539924,24909,,
51,,0.0018278757343068719,24919,,
51,,0.0007895823800936341,24929,,
51,,0.00138277024962008,24939,,
51,,0.0010967720299959183,24949,,
51,,0.0011473536724224687,24959,,
51,,0.0006995611474849284,24969,,
51,,0.002871895907446742,24979,,
51,,0.0007459199987351894,24989,,
51,,0.0008377268677577376,24999,,
51,,0.0009857355616986752,25009,,
51,,0.0017199879512190819,25019,,
51,,0.0013470589183270931,25029,,
51,,0.0016582667594775558,25039,,
51,,0.0016244810540229082,25049,,
51,,0.002285284223034978,25059,,
51,,0.0007469719275832176,25069,,
51,,0.002001450164243579,25079,,
51,,0.001077823806554079,25089,,
51,,0.0013704211451113224,25099,,
51,,0.0007814539130777121,25109,,
51,,0.0014271766413003206,25119,,
51,,0.0013144019758328795,25129,,
51,,0.0030005166772753,25139,,
51,,0.0024327263236045837,25149,,
51,,0.0012393416836857796,25159,,
51,,,25167,0.0013534051831811666,0.0016724476590752602
51,0.0016915852902457118,,25167,,
52,,0.0015391143970191479,25169,,
52,,0.002452159533277154,25179,,
52,,0.004727453924715519,25189,,
52,,0.001809404813684523,25199,,
52,,0.0017491973703727126,25209,,
52,,0.0009543861960992217,25219,,
52,,0.00134964007884264,25229,,
52,,0.0013812205288559198,25239,,
52,,0.0015907789347693324,25249,,
52,,0.0006785645382478833,25259,,
52,,0.0005582667654380202,25269,,
52,,0.0007575158961117268,25279,,
52,,0.00098332017660141,25289,,
52,,0.001553309615701437,25299,,
52,,0.001755055971443653,25309,,
52,,0.0018435092642903328,25319,,
52,,0.0011721289483830333,25329,,
52,,0.001164154033176601,25339,,
52,,0.0027162295300513506,25349,,
52,,0.0004753332177642733,25359,,
52,,0.0007450889679603279,25369,,
52,,0.0007450012490153313,25379,,
52,,0.000897957244887948,25389,,
52,,0.0026054070331156254,25399,,
52,,0.00048681144835427403,25409,,
52,,0.0037153838202357292,25419,,
52,,0.0007384514901787043,25429,,
52,,0.0025505959056317806,25439,,
52,,0.0010577320354059339,25449,,
52,,0.0009024844039231539,25459,,
52,,0.0005471937474794686,25469,,
52,,0.0012344493297860026,25479,,
52,,0.0006673178868368268,25489,,
52,,0.0011595797259360552,25499,,
52,,0.0006350202602334321,25509,,
52,,0.0032657156698405743,25519,,
52,,0.000589054252486676,25529,,
52,,0.0007680682465434074,25539,,
52,,0.001309000886976719,25549,,
52,,0.0018178693717345595,25559,,
52,,0.002599712461233139,25569,,
52,,0.0022191235329955816,25579,,
52,,0.0021131616085767746,25589,,
52,,0.0012311285827308893,25599,,
52,,0.000779110414441675,25609,,
52,,0.0017153420485556126,25619,,
52,,0.0007495380705222487,25629,,
52,,0.0023155519738793373,25639,,
52,,0.001135676633566618,25649,,
52,,,25651,0.0013236661907285452,0.001419152831658721
52,0.0014171355869621038,,25651,,
53,,0.0013705131132155657,25659,,
53,,0.0016688484465703368,25669,,
53,,0.0016728260088711977,25679,,
53,,0.001260502147488296,25689,,
53,,0.0017436661291867495,25699,,
53,,0.0015574167482554913,25709,,
53,,0.0017995150992646813,25719,,
53,,0.0011419536313042045,25729,,
53,,0.0007072597509250045,25739,,
53,,0.00177044200245291,25749,,
53,,0.0009624910308048129,25759,,
53,,0.0008850500453263521,25769,,
53,,0.0013514793245121837,25779,,
53,,0.0016646061558276415,25789,,
53,,0.0011308041866868734,25799,,
53,,0.0009983221534639597,25809,,
53,,0.0015322875697165728,25819,,
53,,0.0014092216733843088,25829,,
53,,0.0007619605166837573,25839,,
53,,0.0021174121648073196,25849,,
53,,0.000942543672863394,25859,,
53,,0.0015927675412967801,25869,,
53,,0.001257781870663166,25879,,
53,,0.001287817140109837,25889,,
53,,0.0004332235548645258,25899,,
53,,0.0010370654053986073,25909,,
53,,0.0015841053100302815,25919,,
53,,0.0027349574957042933,25929,,
53,,0.0005202346947044134,25939,,
53,,0.0012078196741640568,25949,,
53,,0.0011582060251384974,25959,,
53,,0.0011182914022356272,25969,,
53,,0.0014450380112975836,25979,,
53,,0.0022850302048027515,25989,,
53,,0.0008480631513521075,25999,,
53,,0.0005744369700551033,26009,,
53,,0.0015812728088349104,26019,,
53,,0.0011057639494538307,26029,,
53,,0.001127305906265974,26039,,
53,,0.0021736007183790207,26049,,
53,,0.001061709364876151,26059,,
53,,0.0012952320976182818,26069,,
53,,0.0014739948092028499,26079,,
53,,0.0018219433259218931,26089,,
53,,0.0016630213940516114,26099,,
53,,0.0013375644339248538,26109,,
53,,0.0005916723748669028,26119,,
53,,0.002810866804793477,26129,,
53,,,26135,0.0012948482763022184,0.0015844213776290417
53,0.001441672444343567,,26135,,
54,,0.003399994457140565,26139,,
54,,0.0010849203681573272,26149,,
54,,0.0015414641238749027,26159,,
54,,0.0004508918500505388,26169,,
54,,0.0016996858175843954,26179,,
54,,0.0007453456055372953,26189,,
54,,0.0010538229253143072,26199,,
54,,0.003000022377818823,26209,,
54,,0.0019757384434342384,26219,,
54,,0.0005767507245764136,26229,,
54,,0.0016528305131942034,26239,,
54,,0.002251237630844116,26249,,
54,,0.002286397386342287,26259,,
54,,0.0013060967903584242,26269,,
54,,0.0004493494052439928,26279,,
54,,0.0008005074341781437,26289,,
54,,0.002237678272649646,26299,,
54,,0.0013990611769258976,26309,,
54,,0.0014075092040002346,26319,,
54,,0.0006834387313574553,26329,,
54,,0.0012037679553031921,26339,,
54,,0.0014843116514384747,26349,,
54,,0.0027273267041891813,26359,,
54,,0.0008099937695078552,26369,,
54,,0.0005568705964833498,26379,,
54,,0.0017588493647053838,26389,,
54,,0.0007966781267896295,26399,,
54,,0.001324203796684742,26409,,
54,,0.0006439405842684209,26419,,
54,,0.0010061957873404026,26429,,
54,,0.002247166819870472,26439,,
54,,0.0011530006304383278,26449,,
54,,0.0013145518023520708,26459,,
54,,0.0011044135317206383,26469,,
54,,0.0008474402711726725,26479,,
54,,0.0013493378646671772,26489,,
54,,0.0016434016870334744,26499,,
54,,0.0032137357629835606,26509,,
54,,0.001845258055254817,26519,,
54,,0.0016860305331647396,26529,,
54,,0.0008679645252414048,26539,,
54,,0.002644607098773122,26549,,
54,,0.0015797549858689308,26559,,
54,,0.0013609224697574973,26569,,
54,,0.0024703238159418106,26579,,
54,,0.0015074755065143108,26589,,
54,,0.000739645678550005,26599,,
54,,0.0008177299168892205,26609,,
54,,0.0012422652216628194,26619,,
54,,,26619,0.0012692321324720979,0.0013593966141343117
54,0.0014457398792728782,,26619,,
55,,0.0013009904650971293,26629,,
55,,0.000609078851994127,26639,,
55,,0.0008380592917092144,26649,,
55,,0.003924377262592316,26659,,
55,,0.0012763094855472445,26669,,
55,,0.001855349401012063,26679,,
55,,0.0007546568522229791,26689,,
55,,0.0014095385558903217,26699,,
55,,0.0013242012355476618,26709,,
55,,0.0008690505055710673,26719,,
55,,0.0004689349443651736,26729,,
55,,0.0004654563090298325,26739,,
55,,0.0009298314107581973,26749,,
55,,0.002436652546748519,26759,,
55,,0.0019700280390679836,26769,,
55,,0.0011676761787384748,26779,,
55,,0.001500717829912901,26789,,
55,,0.0006583141512237489,26799,,
55,,0.0019630480092018843,26809,,
55,,0.002452571177855134,26819,,
55,,0.00254258094355464,26829,,
55,,0.001841092947870493,26839,,
55,,0.0016899523325264454,26849,,
55,,0.001452665077522397,26859,,
55,,0.0025558508932590485,26869,,
55,,0.0004831120604649186,26879,,
55,,0.0010223729768767953,26889,,
55,,0.0009394676890224218,26899,,
55,,0.0010167884174734354,26909,,
55,,0.0027162497863173485,26919,,
55,,0.0033725756220519543,26929,,
55,,0.0009213641169480979,26939,,
55,,0.0008703505154699087,26949,,
55,,0.0016509268898516893,26959,,
55,,0.0017288739327341318,26969,,
55,,0.0018511911621317267,26979,,
55,,0.0011928258463740349,26989,,
55,,0.0022150687873363495,26999,,
55,,0.0023339272011071444,27009,,
55,,0.0019704813603311777,27019,,
55,,0.000735735462512821,27029,,
55,,0.00187638308852911,27039,,
55,,0.0014068628661334515,27049,,
55,,0.0009023704333230853,27059,,
55,,0.0017913305200636387,27069,,
55,,0.0005428284639492631,27079,,
55,,0.0014923533890396357,27089,,
55,,0.0015867584152147174,27099,,
55,,,27103,0.0012431854847818613,0.0014304728247225285
55,0.0013576836790889502,,27103,,
56,,0.0014024674892425537,27109,,
56,,0.0014548596227541566,27119,,
56,,0.0014354169834405184,27129,,
56,,0.000625432119704783,27139,,
56,,0.0015509598888456821,27149,,
56,,0.0009042504825629294,27159,,
56,,0.001514081028290093,27169,,
56,,0.0009359048563055694,27179,,
56,,0.0018943932373076677,27189,,
56,,0.0011517027160152793,27199,,
56,,0.0022550446446985006,27209,,
56,,0.0018259234493598342,27219,,
56,,0.0018727865535765886,27229,,
56,,0.0016928620170801878,27239,,
56,,0.0010550215374678373,27249,,
56,,0.001448015682399273,27259,,
56,,0.001301273237913847,27269,,
56,,0.0010291746584698558,27279,,
56,,0.0007030197302810848,27289,,
56,,0.002191477222368121,27299,,
56,,0.0015072929672896862,27309,,
56,,0.003483418608084321,27319,,
56,,0.0007453048601746559,27329,,
56,,0.0010063450317829847,27339,,
56,,0.0008354741148650646,27349,,
56,,0.0018172119744122028,27359,,
56,,0.0008529261685907841,27369,,
56,,0.001284838654100895,27379,,
56,,0.0016575159970670938,27389,,
56,,0.0010239069815725088,27399,,
56,,0.0012099382001906633,27409,,
56,,0.0021226226817816496,27419,,
56,,0.0010320120491087437,27429,,
56,,0.002153842942789197,27439,,
56,,0.001497019431553781,27449,,
56,,0.0021124696359038353,27459,,
56,,0.0016563913086429238,27469,,
56,,0.0007926244870759547,27479,,
56,,0.001111948979087174,27489,,
56,,0.0006584040238521993,27499,,
56,,0.0016017386224120855,27509,,
56,,0.000303565408103168,27519,,
56,,0.0010825631907209754,27529,,
56,,0.0011186539195477962,27539,,
56,,0.0014537973329424858,27549,,
56,,0.0011867245193570852,27559,,
56,,0.003536263247951865,27569,,
56,,0.002279220148921013,27579,,
56,,,27587,0.0012214689049869776,0.001948543475009501
56,0.0014611324295401573,,27587,,
57,,0.0024420698173344135,27589,,
57,,0.0016715213423594832,27599,,
57,,0.0010097563499584794,27609,,
57,,0.001341046066954732,27619,,
57,,0.0007225663866847754,27629,,
57,,0.0009460470173507929,27639,,
57,,0.0012760180979967117,27649,,
57,,0.0006083909538574517,27659,,
57,,0.0007033550064079463,27669,,
57,,0.0005815801559947431,27679,,
57,,0.002216607565060258,27689,,
57,,0.0011173419188708067,27699,,
57,,0.0012744577834382653,27709,,
57,,0.0006115182768553495,27719,,
57,,0.0008656830759719014,27729,,
57,,0.0025383026804775,27739,,
57,,0.0005421580281108618,27749,,
57,,0.001383605063892901,27759,,
57,,0.0009811568306759,27769,,
57,,0.0005814764299429953,27779,,
57,,0.0008971586357802153,27789,,
57,,0.0020513059571385384,27799,,
57,,0.000970115012023598,27809,,
57,,0.0007210493786260486,27819,,
57,,0.0012776399962604046,27829,,
57,,0.0007179616368375719,27839,,
57,,0.0003363659488968551,27849,,
57,,0.001825509825721383,27859,,
57,,0.0012024606112390757,27869,,
57,,0.0009880304569378495,27879,,
57,,0.0006801532581448555,27889,,
57,,0.0013969416031613946,27899,,
57,,0.0008005882846191525,27909,,
57,,0.00048097132821567357,27919,,
57,,0.001325361430644989,27929,,
57,,0.0014456684002652764,27939,,
57,,0.0007950437138788402,27949,,
57,,0.0011803165543824434,27959,,
57,,0.0013213439378887415,27969,,
57,,0.0013513381127268076,27979,,
57,,0.002448613755404949,27989,,
57,,0.001184812979772687,27999,,
57,,0.0012181036872789264,28009,,
57,,0.0008847631397657096,28019,,
57,,0.0013334390241652727,28029,,
57,,0.001733026234433055,28039,,
57,,0.0005229091038927436,28049,,
57,,0.0012295023771002889,28059,,
57,,0.0007715320680290461,28069,,
57,,,28071,0.0012009653728455305,0.0013198480010032654
57,0.001353458734229207,,28071,,
58,,0.0014342420035973191,28079,,
58,,0.001554931397549808,28089,,
58,,0.0017014812910929322,28099,,
58,,0.0018670618301257491,28109,,
58,,0.0013572941534221172,28119,,
58,,0.00048478724784217775,28129,,
58,,0.0004644744622055441,28139,,
58,,0.0006271086167544127,28149,,
58,,0.000994393602013588,28159,,
58,,0.0023164001759141684,28169,,
58,,0.0007063134107738733,28179,,
58,,0.0009106399957090616,28189,,
58,,0.0013651875779032707,28199,,
58,,0.0016596601344645023,28209,,
58,,0.0015435644891113043,28219,,
58,,0.0010834800777956843,28229,,
58,,0.0013596243225038052,28239,,
58,,0.002964095212519169,28249,,
58,,0.0006671948358416557,28259,,
58,,0.0016329686623066664,28269,,
58,,0.0007010832196101546,28279,,
58,,0.0008148564957082272,28289,,
58,,0.0019567233975976706,28299,,
58,,0.0020034979097545147,28309,,
58,,0.0015380366239696741,28319,,
58,,0.0011426149867475033,28329,,
58,,0.0014736485900357366,28339,,
58,,0.0006323531270027161,28349,,
58,,0.00041168462485074997,28359,,
58,,0.0014691640390083194,28369,,
58,,0.0019618947990238667,28379,,
58,,0.0024252966977655888,28389,,
58,,0.0011053849011659622,28399,,
58,,0.0014025194104760885,28409,,
58,,0.0006861162837594748,28419,,
58,,0.002545964904129505,28429,,
58,,0.0009458376443944871,28439,,
58,,0.0018832646310329437,28449,,
58,,0.0012418839614838362,28459,,
58,,0.0013482008362188935,28469,,
58,,0.0013058425392955542,28479,,
58,,0.002336932346224785,28489,,
58,,0.001307062921114266,28499,,
58,,0.0016149498987942934,28509,,
58,,0.0010983641259372234,28519,,
58,,0.0012541236355900764,28529,,
58,,0.0005512408679351211,28539,,
58,,0.0012812553904950619,28549,,
58,,,28555,0.0011777139734476805,0.0014563736040145159
58,0.0013288879999890924,,28555,,
59,,0.0017172617372125387,28559,,
59,,0.0010855436557903886,28569,,
59,,0.0003653628227766603,28579,,
59,,0.0005111377104185522,28589,,
59,,0.0008682407205924392,28599,,
59,,0.0003592314023990184,28609,,
59,,0.0015265418915078044,28619,,
59,,0.0006327482406049967,28629,,
59,,0.0019712874200195074,28639,,
59,,0.0013309046626091003,28649,,
59,,0.0013288604095578194,28659,,
59,,0.0006576377199962735,28669,,
59,,0.0004718148265965283,28679,,
59,,0.0014724611537531018,28689,,
59,,0.0008273846469819546,28699,,
59,,0.001958191394805908,28709,,
59,,0.0013436200097203255,28719,,
59,,0.001131350640207529,28729,,
59,,0.0013139295624569058,28739,,
59,,0.0008416665950790048,28749,,
59,,0.002483830088749528,28759,,
59,,0.001219848170876503,28769,,
59,,0.0012705238768830895,28779,,
59,,0.001483340049162507,28789,,
59,,0.0008014965569600463,28799,,
59,,0.0017705484060570598,28809,,
59,,0.00024778523948043585,28819,,
59,,0.0006988251116126776,28829,,
59,,0.0009682596428319812,28839,,
59,,0.0006110910908319056,28849,,
59,,0.0006871841032989323,28859,,
59,,0.0010302963200956583,28869,,
59,,0.0008343524532392621,28879,,
59,,0.0020852817688137293,28889,,
59,,0.002552250400185585,28899,,
59,,0.002079759491607547,28909,,
59,,0.0018082376336678863,28919,,
59,,0.0006427979096770287,28929,,
59,,0.0036473055370151997,28939,,
59,,0.0009318065131083131,28949,,
59,,0.0005991706857457757,28959,,
59,,0.0013332529924809933,28969,,
59,,0.0013310083886608481,28979,,
59,,0.0015389214968308806,28989,,
59,,0.0015402971766889095,28999,,
59,,0.001905682496726513,29009,,
59,,0.0006094598211348057,29019,,
59,,0.004285913892090321,29029,,
59,,0.0009401908610016108,29039,,
59,,,29039,0.0011559315025806427,0.001749846967868507
59,0.0012978253653272986,,29039,,
60,,0.0007446230738423765,29049,,
60,,0.0026075143832713366,29059,,
60,,0.0015376012306660414,29069,,
60,,0.0019303589360788465,29079,,
60,,0.0010228303726762533,29089,,
60,,0.0005311971763148904,29099,,
60,,0.0010785269550979137,29109,,
60,,0.0012993921991437674,29119,,
60,,0.0009267063578590751,29129,,
60,,0.0007071094587445259,29139,,
60,,0.0011624116450548172,29149,,
60,,0.0013144020922482014,29159,,
60,,0.0007140007801353931,29169,,
60,,0.0013973379973322153,29179,,
60,,0.0019506530370563269,29189,,
60,,0.0020779231563210487,29199,,
60,,0.0013401455944404006,29209,,
60,,0.0017198153072968125,29219,,
60,,0.0014067039592191577,29229,,
60,,0.0017484496347606182,29239,,
60,,0.0008571685757488012,29249,,
60,,0.0010392263066023588,29259,,
60,,0.0034881625324487686,29269,,
60,,0.0016579496441408992,29279,,
60,,0.000677508010994643,29289,,
60,,0.0010599740780889988,29299,,
60,,0.001646151184104383,29309,,
60,,0.001514212228357792,29319,,
60,,0.001492386101745069,29329,,
60,,0.0008191214874386787,29339,,
60,,0.0011363982921466231,29349,,
60,,0.0005049089668318629,29359,,
60,,0.0011138435220345855,29369,,
60,,0.0019454159773886204,29379,,
60,,0.0027082939632236958,29389,,
60,,0.0012529919622465968,29399,,
60,,0.00047544948756694794,29409,,
60,,0.001850189990364015,29419,,
60,,0.0008021666435524821,29429,,
60,,0.000574200414121151,29439,,
60,,0.0022314784582704306,29449,,
60,,0.001182700740173459,29459,,
60,,0.0006948377704247832,29469,,
60,,0.0019171813037246466,29479,,
60,,0.0016169529408216476,29489,,
60,,0.0004990564193576574,29499,,
60,,0.0019130515865981579,29509,,
60,,0.001986139453947544,29519,,
60,,,29523,0.0011361497454345226,0.0013499100459739566
60,0.001302681164816022,,29523,,
61,,0.0010687356116250157,29529,,
61,,0.0009282474056817591,29539,,
61,,0.0023166202008724213,29549,,
61,,0.0015706777339801192,29559,,
61,,0.0008826940320432186,29569,,
61,,0.0016823341138660908,29579,,
61,,0.0016806970816105604,29589,,
61,,0.002515228698030114,29599,,
61,,0.0012606747914105654,29609,,
61,,0.0011370675638318062,29619,,
61,,0.00097578892018646,29629,,
61,,0.0014042264083400369,29639,,
61,,0.0008808460552245378,29649,,
61,,0.0026615499518811703,29659,,
61,,0.0019252764759585261,29669,,
61,,0.0013306500623002648,29679,,
61,,0.0004360550083220005,29689,,
61,,0.0017413021996617317,29699,,
61,,0.0010748354252427816,29709,,
61,,0.0009800954721868038,29719,,
61,,0.0005730928387492895,29729,,
61,,0.0006978975725360215,29739,,
61,,0.002563140355050564,29749,,
61,,0.0008658291772007942,29759,,
61,,0.0005137796979397535,29769,,
61,,0.0007690333295613527,29779,,
61,,0.00038227494223974645,29789,,
61,,0.0013312352821230888,29799,,
61,,0.0008072173222899437,29809,,
61,,0.0009871837683022022,29819,,
61,,0.0003879240248352289,29829,,
61,,0.0008690032991580665,29839,,
61,,0.001083135837689042,29849,,
61,,0.0017651678062975407,29859,,
61,,0.0007707583718001842,29869,,
61,,0.0025894460268318653,29879,,
61,,0.002208214718848467,29889,,
61,,0.0016471990384161472,29899,,
61,,0.0012580649927258492,29909,,
61,,0.0008928009774535894,29919,,
61,,0.0006973084527999163,29929,,
61,,0.0007449768600054085,29939,,
61,,0.0021059734281152487,29949,,
61,,0.0014997412217780948,29959,,
61,,0.0009931345703080297,29969,,
61,,0.002979084849357605,29979,,
61,,0.002300041727721691,29989,,
61,,0.001277351751923561,29999,,
61,,,30007,0.0011154798557981849,0.0015184108633548021
61,0.0012645137030631304,,30007,,
62,,0.0009117258596234024,30009,,
62,,0.0012052725069224834,30019,,
62,,0.0007947646081447601,30029,,
62,,0.0010347759816795588,30039,,
62,,0.001715951249934733,30049,,
62,,0.0008223940385505557,30059,,
62,,0.0003994807484559715,30069,,
62,,0.001372740720398724,30079,,
62,,0.0022094817832112312,30089,,
62,,0.0009000350255519152,30099,,
62,,0.0014556869864463806,30109,,
62,,0.0008864420233294368,30119,,
62,,0.0013913547154515982,30129,,
62,,0.000760611379519105,30139,,
62,,0.001017342903651297,30149,,
62,,0.001270452979952097,30159,,
62,,0.002164265140891075,30169,,
62,,0.000515562598593533,30179,,
62,,0.00034999570925720036,30189,,
62,,0.00432052556425333,30199,,
62,,0.0014713413547724485,30209,,
62,,0.0009255210170522332,30219,,
62,,0.0016329690115526319,30229,,
62,,0.0009944853372871876,30239,,
62,,0.0016547308769077063,30249,,
62,,0.0006119769532233477,30259,,
62,,0.0009088392253033817,30269,,
62,,0.0005954874795861542,30279,,
62,,0.0013601842802017927,30289,,
62,,0.0005096716340631247,30299,,
62,,0.0013059643097221851,30309,,
62,,0.0005101219867356122,30319,,
62,,0.002463072072714567,30329,,
62,,0.0017359305638819933,30339,,
62,,0.0017523241695016623,30349,,
62,,0.0017214980907738209,30359,,
62,,0.0003010905347764492,30369,,
62,,0.0005210225936025381,30379,,
62,,0.0009178072214126587,30389,,
62,,0.0015586863737553358,30399,,
62,,0.0007376240682788193,30409,,
62,,0.0004076520272064954,30419,,
62,,0.0008591354126110673,30429,,
62,,0.00112670857924968,30439,,
62,,0.0007198172388598323,30449,,
62,,0.0008382756495848298,30459,,
62,,0.0011112906504422426,30469,,
62,,0.0010298804845660925,30479,,
62,,0.0013182794209569693,30489,,
62,,,30491,0.001098865526728332,0.0014764453517273068
62,0.0012805975275114179,,30491,,
63,,0.0015882723964750767,30499,,
63,,0.0009276717901229858,30509,,
63,,0.0004682768485508859,30519,,
63,,0.0013829029630869627,30529,,
63,,0.0014050621539354324,30539,,
63,,0.0024642583448439837,30549,,
63,,0.001173810800537467,30559,,
63,,0.001106694689951837,30569,,
63,,0.0013837674632668495,30579,,
63,,0.0006622906657867134,30589,,
63,,0.0009818205144256353,30599,,
63,,0.0006532964762300253,30609,,
63,,0.0012609486002475023,30619,,
63,,0.0006334778154268861,30629,,
63,,0.0006011186633259058,30639,,
63,,0.0019502592040225863,30649,,
63,,0.001236846437677741,30659,,
63,,0.0010458602337166667,30669,,
63,,0.0007014673901721835,30679,,
63,,0.0008836836786940694,30689,,
63,,0.004340251907706261,30699,,
63,,0.001518858945928514,30709,,
63,,0.0029993602074682713,30719,,
63,,0.0016646988224238157,30729,,
63,,0.001239970326423645,30739,,
63,,0.0008194240508601069,30749,,
63,,0.002321878680959344,30759,,
63,,0.0013769050128757954,30769,,
63,,0.002971105743199587,30779,,
63,,0.0013525813119485974,30789,,
63,,0.0009305548155680299,30799,,
63,,0.001150187337771058,30809,,
63,,0.0016788628417998552,30819,,
63,,0.0011054091155529022,30829,,
63,,0.0015821702545508742,30839,,
63,,0.0008296127198264003,30849,,
63,,0.0013423856580629945,30859,,
63,,0.000799883040599525,30869,,
63,,0.0012092490214854479,30879,,
63,,0.00247397692874074,30889,,
63,,0.002213855506852269,30899,,
63,,0.001015032990835607,30909,,
63,,0.001272798515856266,30919,,
63,,0.001683857524767518,30929,,
63,,0.001577010378241539,30939,,
63,,0.0012318962253630161,30949,,
63,,0.0019630752503871918,30959,,
63,,0.0014222615864127874,30969,,
63,,,30975,0.0010846873046830297,0.0013314347015693784
63,0.0013649347238242626,,30975,,
64,,0.0022072226274758577,30979,,
64,,0.0022896553855389357,30989,,
64,,0.0008431535679847002,30999,,
64,,0.0017102148849517107,31009,,
64,,0.0006735427305102348,31019,,
64,,0.0011894979979842901,31029,,
64,,0.0019445004872977734,31039,,
64,,0.0011699576862156391,31049,,
64,,0.002358136000111699,31059,,
64,,0.0007116691558621824,31069,,
64,,0.0010544474935159087,31079,,
64,,0.0010024807415902615,31089,,
64,,0.0011268043890595436,31099,,
64,,0.001789988949894905,31109,,
64,,0.0012771084439009428,31119,,
64,,0.0013993981992825866,31129,,
64,,0.0014580782735720277,31139,,
64,,0.0010207190643996,31149,,
64,,0.0007120793452486396,31159,,
64,,0.0012202841462567449,31169,,
64,,0.002743408316746354,31179,,
64,,0.0014851487940177321,31189,,
64,,0.001016398542560637,31199,,
64,,0.0006613661535084248,31209,,
64,,0.0006564593641087413,31219,,
64,,0.0017377214971929789,31229,,
64,,0.000902223982848227,31239,,
64,,0.0007447810494340956,31249,,
64,,0.0022966167889535427,31259,,
64,,0.0011138494592159986,31269,,
64,,0.0009507001959718764,31279,,
64,,0.0008938165847212076,31289,,
64,,0.0005772613221779466,31299,,
64,,0.0006326906150206923,31309,,
64,,0.0010518531780689955,31319,,
64,,0.000922851380892098,31329,,
64,,0.0019119235221296549,31339,,
64,,0.0009029944194480777,31349,,
64,,0.0009257514029741287,31359,,
64,,0.0015439061680808663,31369,,
64,,0.0007360198651440442,31379,,
64,,0.0015306693967431784,31389,,
64,,0.0007030662382021546,31399,,
64,,0.0003661154769361019,31409,,
64,,0.00085544737521559,31419,,
64,,0.0010998607613146305,31429,,
64,,0.0005272557027637959,31439,,
64,,0.0021345606073737144,31449,,
64,,0.000685096369124949,31459,,
64,,,31459,0.0010661754058673978,0.001167752081528306
64,0.001167593989521265,,31459,,
65,,0.000775457127019763,31469,,
65,,0.0009201595094054937,31479,,
65,,0.00930891465395689,31489,,
65,,0.004104379564523697,31499,,
65,,0.0019466446246951818,31509,,
65,,0.0018089251825585961,31519,,
65,,0.0014031928731128573,31529,,
65,,0.0025785525795072317,31539,,
65,,0.0017245098715648055,31549,,
65,,0.0019706720486283302,31559,,
65,,0.0021489786449819803,31569,,
65,,0.0022090934216976166,31579,,
65,,0.0013363475445657969,31589,,
65,,0.0017159829149022698,31599,,
65,,0.0015979009913280606,31609,,
65,,0.0010312835220247507,31619,,
65,,0.0011810613796114922,31629,,
65,,0.0025807262863963842,31639,,
65,,0.0014085144503042102,31649,,
65,,0.0009538253652863204,31659,,
65,,0.0012751863105222583,31669,,
65,,0.0016237337840721011,31679,,
65,,0.0007651704363524914,31689,,
65,,0.0011553835356608033,31699,,
65,,0.0023547671735286713,31709,,
65,,0.0018637710018083453,31719,,
65,,0.0010134056210517883,31729,,
65,,0.0006847277982160449,31739,,
65,,0.00045739710913039744,31749,,
65,,0.0022135223262012005,31759,,
65,,0.0010513290762901306,31769,,
65,,0.0015941954916343093,31779,,
65,,0.0016266079619526863,31789,,
65,,0.00039881753036752343,31799,,
65,,0.0018040791619569063,31809,,
65,,0.000871357275173068,31819,,
65,,0.0013939989730715752,31829,,
65,,0.0017731068655848503,31839,,
65,,0.0008465085411444306,31849,,
65,,0.0011293890420347452,31859,,
65,,0.0012206746032461524,31869,,
65,,0.0016434760764241219,31879,,
65,,0.0008088534814305604,31889,,
65,,0.0012182311620563269,31899,,
65,,0.0006049280054867268,31909,,
65,,0.0014497095253318548,31919,,
65,,0.0016443058848381042,31929,,
65,,0.0008513365173712373,31939,,
65,,,31943,0.0011779345804825425,0.0013809164520353079
65,0.0016750763170421124,,31943,,
66,,0.0007052865694276989,31949,,
66,,0.001300361705943942,31959,,
66,,0.00199065450578928,31969,,
66,,0.0005197834689170122,31979,,
66,,0.001587773091159761,31989,,
66,,0.0006857543485239148,31999,,
66,,0.0027078173588961363,32009,,
66,,0.0003813207149505615,32019,,
66,,0.0007705434109084308,32029,,
66,,0.0008912074845284224,32039,,
66,,0.0008311661658808589,32049,,
66,,0.0006083002081140876,32059,,
66,,0.0012324517592787743,32069,,
66,,0.0022899159230291843,32079,,
66,,0.0005779607454314828,32089,,
66,,0.00036259679473005235,32099,,
66,,0.002093636430799961,32109,,
66,,0.0007707824697718024,32119,,
66,,0.0009919388685375452,32129,,
66,,0.001512985210865736,32139,,
66,,0.0016130689764395356,32149,,
66,,0.0006028339266777039,32159,,
66,,0.002176350448280573,32169,,
66,,0.0013094267342239618,32179,,
66,,0.0010542443487793207,32189,,
66,,0.0016310370992869139,32199,,
66,,0.0008535342058166862,32209,,
66,,0.0020984874572604895,32219,,
66,,0.0012723742984235287,32229,,
66,,0.0016078745247796178,32239,,
66,,0.0016575315967202187,32249,,
66,,0.0016750238137319684,32259,,
66,,0.001366886543110013,32269,,
66,,0.0007940231589600444,32279,,
66,,0.0010248549515381455,32289,,
66,,0.0016828184016048908,32299,,
66,,0.0015690624713897705,32309,,
66,,0.0011220034211874008,32319,,
66,,0.0012567135272547603,32329,,
66,,0.001447585178539157,32339,,
66,,0.0008455639472231269,32349,,
66,,0.0015716580674052238,32359,,
66,,0.0012144075008109212,32369,,
66,,0.0012203337391838431,32379,,
66,,0.002457450842484832,32389,,
66,,0.0036954369861632586,32399,,
66,,0.001983984373509884,32409,,
66,,0.002847671741619706,32419,,
66,,,32427,0.0011317573953419924,0.0020338529720902443
66,0.0013679401017725468,,32427,,
67,,0.0018065792974084616,32429,,
67,,0.0012504812330007553,32439,,
67,,0.0019808586221188307,32449,,
67,,0.0005339111667126417,32459,,
67,,0.0012392629869282246,32469,,
67,,0.0008328030235134065,32479,,
67,,0.000678377109579742,32489,,
67,,0.0013935028109699488,32499,,
67,,0.0015873683150857687,32509,,
67,,0.0010678579565137625,32519,,
67,,0.0004892072756774724,32529,,
67,,0.0021964379120618105,32539,,
67,,0.00044287994387559593,32549,,
67,,0.0010873288847506046,32559,,
67,,0.0004957251949235797,32569,,
67,,0.0012522254837676883,32579,,
67,,0.0010277546243742108,32589,,
67,,0.0010459166951477528,32599,,
67,,0.0014593133237212896,32609,,
67,,0.001354425447061658,32619,,
67,,0.0009500347659923136,32629,,
67,,0.0008689301321282983,32639,,
67,,0.0009511092212051153,32649,,
67,,0.0012036021798849106,32659,,
67,,0.0006008106283843517,32669,,
67,,0.0008608738426119089,32679,,
67,,0.0013823636109009385,32689,,
67,,0.0012146265944465995,32699,,
67,,0.0011860455852001905,32709,,
67,,0.0006201889482326806,32719,,
67,,0.0009547004010528326,32729,,
67,,0.0017979410476982594,32739,,
67,,0.002100414829328656,32749,,
67,,0.0012600468471646309,32759,,
67,,0.0006425774772651494,32769,,
67,,0.0026343849021941423,32779,,
67,,0.0012706795241683722,32789,,
67,,0.0006465537007898092,32799,,
67,,0.0013314224779605865,32809,,
67,,0.0014575773384422064,32819,,
67,,0.0020242079626768827,32829,,
67,,0.0009647739934735,32839,,
67,,0.0009222605149261653,32849,,
67,,0.0011818133061751723,32859,,
67,,0.001588706043548882,32869,,
67,,0.0010540280491113663,32879,,
67,,0.0007203429122455418,32889,,
67,,0.0009155384032055736,32899,,
67,,0.002900379942730069,32909,,
67,,,32911,0.0010836533037945628,0.0011147477198392153
67,0.0011732811108231544,,32911,,
68,,0.0007026508683338761,32919,,
68,,0.0013398319715633988,32929,,
68,,0.0010732521768659353,32939,,
68,,0.0019204921554774046,32949,,
68,,0.0009753917111083865,32959,,
68,,0.0006910046795383096,32969,,
68,,0.00042192876571789384,32979,,
68,,0.0018687988631427288,32989,,
68,,0.0014364590169861913,32999,,
68,,0.0015490853693336248,33009,,
68,,0.0009870390640571713,33019,,
68,,0.0004609897150658071,33029,,
68,,0.0005289879627525806,33039,,
68,,0.0006726265419274569,33049,,
68,,0.0016680574044585228,33059,,
68,,0.0005590799264609814,33069,,
68,,0.001115612220019102,33079,,
68,,0.0008960454724729061,33089,,
68,,0.0007685840246267617,33099,,
68,,0.0016743503510951996,33109,,
68,,0.00039655339787714183,33119,,
68,,0.0014050485333427787,33129,,
68,,0.000909332768060267,33139,,
68,,0.0008086651796475053,33149,,
68,,0.0012182709760963917,33159,,
68,,0.0008315341547131538,33169,,
68,,0.0012521015014499426,33179,,
68,,0.0007375736022368073,33189,,
68,,0.0002398973738308996,33199,,
68,,0.0015113458503037691,33209,,
68,,0.0006713691400364041,33219,,
68,,0.0007127285934984684,33229,,
68,,0.001113465754315257,33239,,
68,,0.0044664787128567696,33249,,
68,,0.0024174924474209547,33259,,
68,,0.0021462542936205864,33269,,
68,,0.0016389696393162012,33279,,
68,,0.0023898787330836058,33289,,
68,,0.0013277851976454258,33299,,
68,,0.001440629013814032,33309,,
68,,0.0006172918365336955,33319,,
68,,0.000852454686537385,33329,,
68,,0.0008351056603714824,33339,,
68,,0.0006243719253689051,33349,,
68,,0.0016882229829207063,33359,,
68,,0.0015906146727502346,33369,,
68,,0.000986566417850554,33379,,
68,,0.001299644005484879,33389,,
68,,,33395,0.0010516248876228929,0.0011896108044311404
68,0.0012903893366456032,,33395,,
69,,0.00095811189385131,33399,,
69,,0.0020450064912438393,33409,,
69,,0.001677185413427651,33419,,
69,,0.0010722330771386623,33429,,
69,,0.00271995784714818,33439,,
69,,0.001453195814974606,33449,,
69,,0.0014693320263177156,33459,,
69,,0.0008828365826047957,33469,,
69,,0.0005720267072319984,33479,,
69,,0.0007895933231338859,33489,,
69,,0.0012555874418467283,33499,,
69,,0.0015507623320445418,33509,,
69,,0.0010159534867852926,33519,,
69,,0.0018831687048077583,33529,,
69,,0.002031482057645917,33539,,
69,,0.0016963101224973798,33549,,
69,,0.000348445784766227,33559,,
69,,0.0014170038048177958,33569,,
69,,0.0012608823599293828,33579,,
69,,0.0004735694674309343,33589,,
69,,0.0005173009703867137,33599,,
69,,0.0012729235459119081,33609,,
69,,0.001480126054957509,33619,,
69,,0.0022785135079175234,33629,,
69,,0.0010424014180898666,33639,,
69,,0.001117584528401494,33649,,
69,,0.0005818504723720253,33659,,
69,,0.0009464958566240966,33669,,
69,,0.0014165528118610382,33679,,
69,,0.0006069705123081803,33689,,
69,,0.0012204530648887157,33699,,
69,,0.0019320814171805978,33709,,
69,,0.0005694779101759195,33719,,
69,,0.00039585691411048174,33729,,
69,,0.000622148800175637,33739,,
69,,0.0011531154159456491,33749,,
69,,0.00044405896915122867,33759,,
69,,0.0018127409275621176,33769,,
69,,0.0014056048821657896,33779,,
69,,0.0010595961939543486,33789,,
69,,0.0007129615405574441,33799,,
69,,0.0006473084213212132,33809,,
69,,0.00037932791747152805,33819,,
69,,0.0006226271507330239,33829,,
69,,0.0002987623156514019,33839,,
69,,0.0018321294337511063,33849,,
69,,0.0009217383922077715,33859,,
69,,0.0007556094788014889,33869,,
69,,0.0005625308258458972,33879,,
69,,,33879,0.0010246462188661098,0.0011367610422894359
69,0.001106878975406289,,33879,,
70,,0.0031949987169355154,33889,,
70,,0.0022608775179833174,33899,,
70,,0.0011381185613572598,33909,,
70,,0.0020762511994689703,33919,,
70,,0.0009267894783988595,33929,,
70,,0.0022374140098690987,33939,,
70,,0.0004348359361756593,33949,,
70,,0.0013209617463871837,33959,,
70,,0.0009625961538404226,33969,,
70,,0.0008677957230247557,33979,,
70,,0.0009531094110570848,33989,,
70,,0.0003443811147008091,33999,,
70,,0.0017706486396491528,34009,,
70,,0.001392133766785264,34019,,
70,,0.0008522520074620843,34029,,
70,,0.00043894984992221,34039,,
70,,0.0015614274889230728,34049,,
70,,0.000690220738761127,34059,,
70,,0.0016080222558230162,34069,,
70,,0.0008621289161965251,34079,,
70,,0.002812017686665058,34089,,
70,,0.0011788976844400167,34099,,
70,,0.0007614849600940943,34109,,
70,,0.0012041972950100899,34119,,
70,,0.0008776371832937002,34129,,
70,,0.001238150056451559,34139,,
70,,0.0020277714356780052,34149,,
70,,0.0006547015509568155,34159,,
70,,0.0013051697751507163,34169,,
70,,0.00044299050932750106,34179,,
70,,0.0015794668579474092,34189,,
70,,0.0010602525435388088,34199,,
70,,0.0007092492887750268,34209,,
70,,0.0005171592347323895,34219,,
70,,0.0005209799273870885,34229,,
70,,0.0017602238804101944,34239,,
70,,0.0016721570864319801,34249,,
70,,0.0013640406541526318,34259,,
70,,0.0006704317638650537,34269,,
70,,0.0010161910904571414,34279,,
70,,0.0007837174343876541,34289,,
70,,0.0008037367952056229,34299,,
70,,0.0005533865769393742,34309,,
70,,0.0017206702614203095,34319,,
70,,0.001350534032098949,34329,,
70,,0.0012697800993919373,34339,,
70,,0.0012288601137697697,34349,,
70,,0.00043817999539896846,34359,,
70,,,34363,0.0010014547733590007,0.0013831128599122167
70,0.0011480761459097266,,34363,,
71,,0.000985432299785316,34369,,
71,,0.0014285608194768429,34379,,
71,,0.0015163824427872896,34389,,
71,,0.0007742343004792929,34399,,
71,,0.0007291499059647322,34409,,
71,,0.0013081410434097052,34419,,
71,,0.0006460538133978844,34429,,
71,,0.000984908314421773,34439,,
71,,0.0013492676662281156,34449,,
71,,0.0007687659235671163,34459,,
71,,0.0016521434299647808,34469,,
71,,0.0008364876266568899,34479,,
71,,0.0014293675776571035,34489,,
71,,0.0007144379196688533,34499,,
71,,0.0011184219038113952,34509,,
71,,0.0013424846110865474,34519,,
71,,0.0029354896396398544,34529,,
71,,0.0007257011020556092,34539,,
71,,0.001492969924584031,34549,,
71,,0.0011318435426801443,34559,,
71,,0.001411355216987431,34569,,
71,,0.0015678044874221087,34579,,
71,,0.0021731294691562653,34589,,
71,,0.00026952807093039155,34599,,
71,,0.0016937071923166513,34609,,
71,,0.0005538720870390534,34619,,
71,,0.0010938415070995688,34629,,
71,,0.0009489826625213027,34639,,
71,,0.0010973751777783036,34649,,
71,,0.0014830888248980045,34659,,
71,,0.001615602639503777,34669,,
71,,0.0007329186191782355,34679,,
71,,0.0012932936660945415,34689,,
71,,0.0006423235754482448,34699,,
71,,0.001062848954461515,34709,,
71,,0.0006848943885415792,34719,,
71,,0.0017053545452654362,34729,,
71,,0.0003706031711772084,34739,,
71,,0.000820911256596446,34749,,
71,,0.0013851863332092762,34759,,
71,,0.0006144553772173822,34769,,
71,,0.0011058480013161898,34779,,
71,,0.0013549905270338058,34789,,
71,,0.0014630293007940054,34799,,
71,,0.0007849243120290339,34809,,
71,,0.000558785512112081,34819,,
71,,0.0006098351441323757,34829,,
71,,0.0009291238966397941,34839,,
71,,,34847,0.0009819669649004936,0.0014050131430849433
71,0.0010862770723178983,,34847,,
72,,0.0013349218061193824,34849,,
72,,0.000656347896438092,34859,,
72,,0.001095788786187768,34869,,
72,,0.001799624995328486,34879,,
72,,0.0007051127613522112,34889,,
72,,0.0014629533980041742,34899,,
72,,0.0006796971429139376,34909,,
72,,0.0010091476142406464,34919,,
72,,0.0010099629871547222,34929,,
72,,0.0006047425558790565,34939,,
72,,0.0006917834398336709,34949,,
72,,0.001099283224903047,34959,,
72,,0.000482552801258862,34969,,
72,,0.000795869214925915,34979,,
72,,0.001592643791809678,34989,,
72,,0.001379260211251676,34999,,
72,,0.001677540596574545,35009,,
72,,0.002227373654022813,35019,,
72,,0.0008358770282939076,35029,,
72,,0.0018486049957573414,35039,,
72,,0.0012704518157988787,35049,,
72,,0.0006400321144610643,35059,,
72,,0.002106564352288842,35069,,
72,,0.0007901812205091119,35079,,
72,,0.000699524418450892,35089,,
72,,0.002099350094795227,35099,,
72,,0.0006265642587095499,35109,,
72,,0.0012312998296692967,35119,,
72,,0.0004214532091282308,35129,,
72,,0.002057641977444291,35139,,
72,,0.0017725108191370964,35149,,
72,,0.0011729380348697305,35159,,
72,,0.0013852661941200495,35169,,
72,,0.0008202303433790803,35179,,
72,,0.0004469074192456901,35189,,
72,,0.0012000780552625656,35199,,
72,,0.0018901044968515635,35209,,
72,,0.0009488377836532891,35219,,
72,,0.0007246518507599831,35229,,
72,,0.000816666055470705,35239,,
72,,0.000601603533141315,35249,,
72,,0.0007763963658362627,35259,,
72,,0.001380277331918478,35269,,
72,,0.0012280256487429142,35279,,
72,,0.0010438114404678345,35289,,
72,,0.001324450015090406,35299,,
72,,0.0005335770547389984,35309,,
72,,0.000337230070726946,35319,,
72,,0.0007427262607961893,35329,,
72,,,35331,0.0009690638398751616,0.0011009559966623783
72,0.0012098344741389155,,35331,,
73,,0.000508757890202105,35339,,
73,,0.0006070970557630062,35349,,
73,,0.0006563607603311539,35359,,
73,,0.0012040312867611647,35369,,
73,,0.0013554140459746122,35379,,
73,,0.001219111611135304,35389,,
73,,0.0014570349594578147,35399,,
73,,0.0015108132502064109,35409,,
73,,0.0003756717487704009,35419,,
73,,0.00018053804524242878,35429,,
73,,0.0005292296991683543,35439,,
73,,0.0004289704083930701,35449,,
73,,0.003508595284074545,35459,,
73,,0.002347012050449848,35469,,
73,,0.0005636249552480876,35479,,
73,,0.0015232583973556757,35489,,
73,,0.0004917378537356853,35499,,
73,,0.0009991126134991646,35509,,
73,,0.0008773888112045825,35519,,
73,,0.001383602269925177,35529,,
73,,0.0012230983702465892,35539,,
73,,0.0010069338604807854,35549,,
73,,0.0011102694552391768,35559,,
73,,0.0005388575955294073,35569,,
73,,0.0012508624931797385,35579,,
73,,0.0006790905026718974,35589,,
73,,0.0007356893620453775,35599,,
73,,0.0009564491920173168,35609,,
73,,0.0005101370625197887,35619,,
73,,0.0008330162381753325,35629,,
73,,0.0034794779494404793,35639,,
73,,0.0012549904640763998,35649,,
73,,0.0010250491322949529,35659,,
73,,0.0008734471630305052,35669,,
73,,0.0008762762299738824,35679,,
73,,0.0009094320703297853,35689,,
73,,0.0020166998729109764,35699,,
73,,0.0017941370606422424,35709,,
73,,0.0005846413550898433,35719,,
73,,0.0010503762168809772,35729,,
73,,0.0006570488912984729,35739,,
73,,0.0009198269108310342,35749,,
73,,0.0018448039190843701,35759,,
73,,0.0005150371580384672,35769,,
73,,0.0010149728041142225,35779,,
73,,0.0006490953965112567,35789,,
73,,0.00028192903846502304,35799,,
73,,0.0013024820946156979,35809,,
73,,,35815,0.0009554070420563221,0.0010787687497213483
73,0.0011490352917462587,,35815,,
74,,0.0011987672187387943,35819,,
74,,0.0005175398546271026,35829,,
74,,0.0006806236342526972,35839,,
74,,0.0007944726385176182,35849,,
74,,0.0015317564830183983,35859,,
74,,0.0008587711490690708,35869,,
74,,0.0011000055819749832,35879,,
74,,0.0005889991298317909,35889,,
74,,0.0005938016111031175,35899,,
74,,0.0017833552556112409,35909,,
74,,0.0020346459932625294,35919,,
74,,0.00046119786566123366,35929,,
74,,0.0010997448116540909,35939,,
74,,0.0007067401893436909,35949,,
74,,0.0013563951943069696,35959,,
74,,0.0017320656916126609,35969,,
74,,0.00047180912224575877,35979,,
74,,0.001626212033443153,35989,,
74,,0.0012652261648327112,35999,,
74,,0.0006159329786896706,36009,,
74,,0.0027913080994039774,36019,,
74,,0.0005366092664189637,36029,,
74,,0.00040849469951353967,36039,,
74,,0.00089318270329386,36049,,
74,,0.0006815887754783034,36059,,
74,,0.0010100946528837085,36069,,
74,,0.001339439069852233,36079,,
74,,0.0005993330269120634,36089,,
74,,0.0008958504186011851,36099,,
74,,0.0006771293701604009,36109,,
74,,0.0007065738318488002,36119,,
74,,0.0008329474367201328,36129,,
74,,0.00043569321860559285,36139,,
74,,0.0004855277366004884,36149,,
74,,0.001013938570395112,36159,,
74,,0.00046295070205815136,36169,,
74,,0.0008540826383978128,36179,,
74,,0.000533288752194494,36189,,
74,,0.0015286096604540944,36199,,
74,,0.0006646818364970386,36209,,
74,,0.0013495609164237976,36219,,
74,,0.0011053376365453005,36229,,
74,,0.0010577193461358547,36239,,
74,,0.0008884960552677512,36249,,
74,,0.0009288985747843981,36259,,
74,,0.0010058877523988485,36269,,
74,,0.0009292195318266749,36279,,
74,,0.0004239072441123426,36289,,
74,,0.0006602561916224658,36299,,
74,,,36299,0.0009393537184223533,0.001114137819968164
74,0.0010327518684789538,,36299,,
75,,0.0007144387345761061,36309,,
75,,0.0011323414510115981,36319,,
75,,0.0004966894048266113,36329,,
75,,0.0010734633542597294,36339,,
75,,0.0004335667472332716,36349,,
75,,0.0006801027338951826,36359,,
75,,0.0006927208160050213,36369,,
75,,0.0003632434527389705,36379,,
75,,0.0009584764484316111,36389,,
75,,0.0007359539158642292,36399,,
75,,0.000623153755441308,36409,,
75,,0.001129612559452653,36419,,
75,,0.0010031376732513309,36429,,
75,,0.0013527936534956098,36439,,
75,,0.0011336007155478,36449,,
75,,0.0013051081914454699,36459,,
75,,0.0011963536962866783,36469,,
75,,0.0008771360735408962,36479,,
75,,0.0007627143641002476,36489,,
75,,0.0005104778101667762,36499,,
75,,0.0007955668261274695,36509,,
75,,0.0011170493671670556,36519,,
75,,0.0009406392346136272,36529,,
75,,0.0006618667975999415,36539,,
75,,0.0003576531307771802,36549,,
75,,0.0014527547173202038,36559,,
75,,0.0005560658755712211,36569,,
75,,0.0008072892669588327,36579,,
75,,0.0012596540618687868,36589,,
75,,0.0006746253347955644,36599,,
75,,0.0009712876053526998,36609,,
75,,0.0009673295426182449,36619,,
75,,0.0006768578314222395,36629,,
75,,0.0006584742804989219,36639,,
75,,0.0012617789907380939,36649,,
75,,0.000776888569816947,36659,,
75,,0.0015854150988161564,36669,,
75,,0.0016195634379982948,36679,,
75,,0.0004468822153285146,36689,,
75,,0.0017095906659960747,36699,,
75,,0.0006611027638427913,36709,,
75,,0.0018096184358000755,36719,,
75,,0.000706128659658134,36729,,
75,,0.00047115859342738986,36739,,
75,,0.001843033591285348,36749,,
75,,0.0009057453717105091,36759,,
75,,0.0007740420987829566,36769,,
75,,0.0011603872990235686,36779,,
75,,,36783,0.0009220805368386209,0.0011203144676983356
75,0.0010080630891025066,,36783,,
76,,0.0012307713041082025,36789,,
76,,0.000509025645442307,36799,,
76,,0.0009955328423529863,36809,,
76,,0.001645960146561265,36819,,
76,,0.0021601589396595955,36829,,
76,,0.0005966984899714589,36839,,
76,,0.000662570761051029,36849,,
76,,0.0019021660555154085,36859,,
76,,0.0009361794218420982,36869,,
76,,0.0013631227193400264,36879,,
76,,0.0007123189279809594,36889,,
76,,0.0006924677873030305,36899,,
76,,0.00115307979285717,36909,,
76,,0.0011461339890956879,36919,,
76,,0.0008781244978308678,36929,,
76,,0.0006529997917823493,36939,,
76,,0.0010427720844745636,36949,,
76,,0.0008100475533865392,36959,,
76,,0.0004762402386404574,36969,,
76,,0.0016643819399178028,36979,,
76,,0.0006070028175599873,36989,,
76,,0.0011329773114994168,36999,,
76,,0.0012026953045278788,37009,,
76,,0.0010538094211369753,37019,,
76,,0.0007902409415692091,37029,,
76,,0.0008379568462260067,37039,,
76,,0.0007105580880306661,37049,,
76,,0.0013928208500146866,37059,,
76,,0.0015610719565302134,37069,,
76,,0.00045901339035481215,37079,,
76,,0.0011467260774224997,37089,,
76,,0.0009330421453341842,37099,,
76,,0.0005756610771641135,37109,,
76,,0.0005918096285313368,37119,,
76,,0.00043041788740083575,37129,,
76,,0.0010346691124141216,37139,,
76,,0.0009646847611293197,37149,,
76,,0.0014269904932007194,37159,,
76,,0.0010678586550056934,37169,,
76,,0.0008519288385286927,37179,,
76,,0.000852379365824163,37189,,
76,,0.0016604841221123934,37199,,
76,,0.0011450733290985227,37209,,
76,,0.0008818308706395328,37219,,
76,,0.00200656964443624,37229,,
76,,0.00098038325086236,37239,,
76,,0.0007376672001555562,37249,,
76,,0.0014001254457980394,37259,,
76,,,37267,0.0009065758786164224,0.0013037732569500804
76,0.0010368326911702752,,37267,,
77,,0.0028153141029179096,37269,,
77,,0.0026256185956299305,37279,,
77,,0.0009428684134036303,37289,,
77,,0.0014034057967364788,37299,,
77,,0.0024124605115503073,37309,,
77,,0.0012460583820939064,37319,,
77,,0.0007940188515931368,37329,,
77,,0.00027741602389141917,37339,,
77,,0.0003290177264716476,37349,,
77,,0.0006960532627999783,37359,,
77,,0.0008749178959988058,37369,,
77,,0.0011045096907764673,37379,,
77,,0.001046795048750937,37389,,
77,,0.0007408809033222497,37399,,
77,,0.0014194304822012782,37409,,
77,,0.0012694831239059567,37419,,
77,,0.0016242824494838715,37429,,
77,,0.002012663520872593,37439,,
77,,0.0005043662386015058,37449,,
77,,0.0010025863302871585,37459,,
77,,0.0007702071452513337,37469,,
77,,0.0016066187527030706,37479,,
77,,0.0005657755536958575,37489,,
77,,0.0018427616450935602,37499,,
77,,0.0007854333380237222,37509,,
77,,0.0007040814380161464,37519,,
77,,0.0011698752641677856,37529,,
77,,0.0025032884441316128,37539,,
77,,0.0005113186780363321,37549,,
77,,0.0011661300668492913,37559,,
77,,0.0006966550135985017,37569,,
77,,0.0009470364893786609,37579,,
77,,0.0006393661024048924,37589,,
77,,0.0005899423849768937,37599,,
77,,0.0011000554077327251,37609,,
77,,0.0002939630066975951,37619,,
77,,0.0008679028251208365,37629,,
77,,0.001292641507461667,37639,,
77,,0.0006719191442243755,37649,,
77,,0.0006937891012057662,37659,,
77,,0.0011266609653830528,37669,,
77,,0.0007563811959698796,37679,,
77,,0.0014673317782580853,37689,,
77,,0.00044868511031381786,37699,,
77,,0.0013462716015055776,37709,,
77,,0.0009196395985782146,37719,,
77,,0.0009115781867876649,37729,,
77,,0.0012987494701519608,37739,,
77,,0.0008802131051197648,37749,,
77,,,37751,0.0008971596835181117,0.0013006831286475062
77,0.0010774008696898818,,37751,,
78,,0.0013491404242813587,37759,,
78,,0.0008875106577761471,37769,,
78,,0.0005746150854974985,37779,,
78,,0.0015484937466681004,37789,,
78,,0.000923814601264894,37799,,
78,,0.0008562889997847378,37809,,
78,,0.0011780530912801623,37819,,
78,,0.000336132594384253,37829,,
78,,0.0006507703801617026,37839,,
78,,0.0011184468166902661,37849,,
78,,0.001244084327481687,37859,,
78,,0.001290141954086721,37869,,
78,,0.0016700644046068192,37879,,
78,,0.0006454031099565327,37889,,
78,,0.0009280496742576361,37899,,
78,,0.000680742203257978,37909,,
78,,0.000475282286060974,37919,,
78,,0.001583470730111003,37929,,
78,,0.0016321295406669378,37939,,
78,,0.0018679755739867687,37949,,
78,,0.0010435752337798476,37959,,
78,,0.0013236859813332558,37969,,
78,,0.0008442771504633129,37979,,
78,,0.0008236524881795049,37989,,
78,,0.000488923629745841,37999,,
78,,0.0005494187353178859,38009,,
78,,0.0007456683088093996,38019,,
78,,0.0021333126351237297,38029,,
78,,0.0005985612515360117,38039,,
78,,0.0016982053639367223,38049,,
78,,0.0005849745939485729,38059,,
78,,0.000439104565884918,38069,,
78,,0.00024515390396118164,38079,,
78,,0.0012965748319402337,38089,,
78,,0.000984466401860118,38099,,
78,,0.0011160499416291714,38109,,
78,,0.0008563786395825446,38119,,
78,,0.0012459139106795192,38129,,
78,,0.0005948147736489773,38139,,
78,,0.0008419702062383294,38149,,
78,,0.001375536434352398,38159,,
78,,0.0012307658325880766,38169,,
78,,0.0006577891181223094,38179,,
78,,0.0006842345464974642,38189,,
78,,0.0012842833530157804,38199,,
78,,0.0015660892240703106,38209,,
78,,0.0010475213639438152,38219,,
78,,0.0007258250843733549,38229,,
78,,,38235,0.0008831871091388166,0.0010228215251117945
78,0.0009971908293664455,,38235,,
79,,0.0011713363928720355,38239,,
79,,0.0007982574170455337,38249,,
79,,0.000511357793584466,38259,,
79,,0.0006537270382978022,38269,,
79,,0.0009712758474051952,38279,,
79,,0.0012633820297196507,38289,,
79,,0.0008329097181558609,38299,,
79,,0.0007801882456988096,38309,,
79,,0.0006642593652941287,38319,,
79,,0.00047596608055755496,38329,,
79,,0.0004621181287802756,38339,,
79,,0.0004949814174324274,38349,,
79,,0.0014132920186966658,38359,,
79,,0.001417729421518743,38369,,
79,,0.001143287867307663,38379,,
79,,0.0009197351755574346,38389,,
79,,0.0005670406972058117,38399,,
79,,0.0008490977343171835,38409,,
79,,0.0014024983393028378,38419,,
79,,0.0017213427927345037,38429,,
79,,0.0008944309665821493,38439,,
79,,0.001791957300156355,38449,,
79,,0.0010816588765010238,38459,,
79,,0.0004065105167683214,38469,,
79,,0.0025496005546301603,38479,,
79,,0.0020739638712257147,38489,,
79,,0.0015941531164571643,38499,,
79,,0.0009535374119877815,38509,,
79,,0.0012416646350175142,38519,,
79,,0.0010415739379823208,38529,,
79,,0.0006952449912205338,38539,,
79,,0.0007379449089057744,38549,,
79,,0.0013659031828865409,38559,,
79,,0.001496672979556024,38569,,
79,,0.0011752723949030042,38579,,
79,,0.0004133602196816355,38589,,
79,,0.0005267321830615401,38599,,
79,,0.0005198766011744738,38609,,
79,,0.0006534699350595474,38619,,
79,,0.0005761337233707309,38629,,
79,,0.0008637123974040151,38639,,
79,,0.0006932725082151592,38649,,
79,,0.00037707568844780326,38659,,
79,,0.0008734212606213987,38669,,
79,,0.0009707481367513537,38679,,
79,,0.0006300023524090648,38689,,
79,,0.0006396700628101826,38699,,
79,,0.0013558410573750734,38709,,
79,,0.0007132888422347605,38719,,
79,,,38719,0.0008721264894120395,0.0012605809606611729
79,0.0010149377631023526,,38719,,
80,,0.001845710794441402,38729,,
80,,0.0002720317570492625,38739,,
80,,0.0007812246913090348,38749,,
80,,0.0019485409138724208,38759,,
80,,0.000563307199627161,38769,,
80,,0.0008281153859570622,38779,,
80,,0.0007431177655234933,38789,,
80,,0.0005608021165244281,38799,,
80,,0.0007684763404540718,38809,,
80,,0.0005480323452502489,38819,,
80,,0.0008156656986102462,38829,,
80,,0.0005787345580756664,38839,,
80,,0.0012706414563581347,38849,,
80,,0.0018578130984678864,38859,,
80,,0.0005343472585082054,38869,,
80,,0.0006750768516212702,38879,,
80,,0.0004634910146705806,38889,,
80,,0.0005985073512420058,38899,,
80,,0.0015039632562547922,38909,,
80,,0.0015253719175234437,38919,,
80,,0.0018633361905813217,38929,,
80,,0.0003148042014800012,38939,,
80,,0.0008901542751118541,38949,,
80,,0.0009413430234417319,38959,,
80,,0.0025366474874317646,38969,,
80,,0.0014079377287998796,38979,,
80,,0.0011541065759956837,38989,,
80,,0.0009125886135734618,38999,,
80,,0.0010171692119911313,39009,,
80,,0.001613088184967637,39019,,
80,,0.0008760375203564763,39029,,
80,,0.0005344475503079593,39039,,
80,,0.0010467306710779667,39049,,
80,,0.0017716474831104279,39059,,
80,,0.001315115368925035,39069,,
80,,0.0014963466674089432,39079,,
80,,0.0002456788206472993,39089,,
80,,0.0009548498783260584,39099,,
80,,0.001247023930773139,39109,,
80,,0.0007888282416388392,39119,,
80,,0.0006213549058884382,39129,,
80,,0.0003395246167201549,39139,,
80,,0.0012378401588648558,39149,,
80,,0.002355450764298439,39159,,
80,,0.00079467857722193,39169,,
80,,0.0009289828012697399,39179,,
80,,0.0010564564727246761,39189,,
80,,0.001191421295516193,39199,,
80,,,39203,0.0008582262089475989,0.0010072897421196103
80,0.000950477144215256,,39203,,
81,,0.0005443172412924469,39209,,
81,,0.0011417733039706945,39219,,
81,,0.0002341602521482855,39229,,
81,,0.0013297166442498565,39239,,
81,,0.0007927702972665429,39249,,
81,,0.0010177823714911938,39259,,
81,,0.0009033847018145025,39269,,
81,,0.0006911501986905932,39279,,
81,,0.0015076275449246168,39289,,
81,,0.0011565570021048188,39299,,
81,,0.0007079270435497165,39309,,
81,,0.0014606837648898363,39319,,
81,,0.0011267379159107804,39329,,
81,,0.0011025035055354238,39339,,
81,,0.0008914780919440091,39349,,
81,,0.0009688215795904398,39359,,
81,,0.0006705326377414167,39369,,
81,,0.0005518256220966578,39379,,
81,,0.0013529211282730103,39389,,
81,,0.0013993397587910295,39399,,
81,,0.0012373956851661205,39409,,
81,,0.0006545183714479208,39419,,
81,,0.0011552778305485845,39429,,
81,,0.0005047190934419632,39439,,
81,,0.0005111695500090718,39449,,
81,,0.0015009696362540126,39459,,
81,,0.0004363447369541973,39469,,
81,,0.00112121959682554,39479,,
81,,0.0006809089099988341,39489,,
81,,0.0003974075079895556,39499,,
81,,0.0012191770365461707,39509,,
81,,0.0020212754607200623,39519,,
81,,0.0005912635824643075,39529,,
81,,0.000560894375666976,39539,,
81,,0.0006935608689673245,39549,,
81,,0.0009918850846588612,39559,,
81,,0.0014688767259940505,39569,,
81,,0.0008503383141942322,39579,,
81,,0.001121756387874484,39589,,
81,,0.0009280460653826594,39599,,
81,,0.0009754400234669447,39609,,
81,,0.0018315494526177645,39619,,
81,,0.0014089863980188966,39629,,
81,,0.0009024810278788209,39639,,
81,,0.0008513534558005631,39649,,
81,,0.0019793568644672632,39659,,
81,,0.0007032924331724644,39669,,
81,,0.0006454481044784188,39679,,
81,,,39687,0.0008443986298516393,0.0010545478435233235
81,0.0009415248059667647,,39687,,
82,,0.000809334684163332,39689,,
82,,0.0016790301306173205,39699,,
82,,0.00035335871507413685,39709,,
82,,0.0004642462299671024,39719,,
82,,0.0007863774080760777,39729,,
82,,0.0013133077882230282,39739,,
82,,0.0008690148824825883,39749,,
82,,0.0011136754183098674,39759,,
82,,0.0012573502026498318,39769,,
82,,0.000552255951333791,39779,,
82,,0.0008888011798262596,39789,,
82,,0.0014782568905502558,39799,,
82,,0.0005683692288585007,39809,,
82,,0.0010269228368997574,39819,,
82,,0.001306828111410141,39829,,
82,,0.0003799112746492028,39839,,
82,,0.0007373617263510823,39849,,
82,,0.001716945436783135,39859,,
82,,0.0013428255915641785,39869,,
82,,0.0011424587573856115,39879,,
82,,0.0005311021814122796,39889,,
82,,0.0007682546856813133,39899,,
82,,0.0005921417032368481,39909,,
82,,0.0008179301512427628,39919,,
82,,0.0013017960591241717,39929,,
82,,0.0008020071545615792,39939,,
82,,0.0009100305614992976,39949,,
82,,0.0005090639460831881,39959,,
82,,0.0008632650133222342,39969,,
82,,0.0007496416801586747,39979,,
82,,0.0009960774332284927,39989,,
82,,0.0012292074970901012,39999,,
82,,0.0010771742090582848,40009,,
82,,0.000685692997649312,40019,,
82,,0.0004092258168384433,40029,,
82,,0.0007717773551121354,40039,,
82,,0.00208797724917531,40049,,
82,,0.0011647926876321435,40059,,
82,,0.0005414895713329315,40069,,
82,,0.0006816592067480087,40079,,
82,,0.0007076712790876627,40089,,
82,,0.00029058524523861706,40099,,
82,,0.0009620824712328613,40109,,
82,,0.0005017723888158798,40119,,
82,,0.0012904333416372538,40129,,
82,,0.00037435971898958087,40139,,
82,,0.001740095904096961,40149,,
82,,0.0004559301014523953,40159,,
82,,0.0011222107568755746,40169,,
82,,,40171,0.0008323460351675749,0.001024025259539485
82,0.000950345944147557,,40171,,
83,,0.0008038769010454416,40179,,
83,,0.000740620365832001,40189,,
83,,0.000734702858608216,40199,,
83,,0.0016813428374007344,40209,,
83,,0.0006322815897874534,40219,,
83,,0.0034971442073583603,40229,,
83,,0.002402104437351227,40239,,
83,,0.004594158381223679,40249,,
83,,0.005135959945619106,40259,,
83,,0.0038148839958012104,40269,,
83,,0.002417690120637417,40279,,
83,,0.001235014759004116,40289,,
83,,0.0007879543118178844,40299,,
83,,0.0012605632655322552,40309,,
83,,0.0017251251265406609,40319,,
83,,0.0011379708303138614,40329,,
83,,0.0006942495820112526,40339,,
83,,0.001503782463259995,40349,,
83,,0.0008360670180991292,40359,,
83,,0.0008080773986876011,40369,,
83,,0.0008523467113263905,40379,,
83,,0.0013991094892844558,40389,,
83,,0.0004903358058072627,40399,,
83,,0.0009529069066047668,40409,,
83,,0.0011319940676912665,40419,,
83,,0.0015291986055672169,40429,,
83,,0.0017546698218211532,40439,,
83,,0.001051979954354465,40449,,
83,,0.0008649566443637013,40459,,
83,,0.0008273248095065355,40469,,
83,,0.0009187881951220334,40479,,
83,,0.0008883613045327365,40489,,
83,,0.0012383233988657594,40499,,
83,,0.0015728576108813286,40509,,
83,,0.0011465188581496477,40519,,
83,,0.00035536749055609107,40529,,
83,,0.0003048688522540033,40539,,
83,,0.0005385170225054026,40549,,
83,,0.0009989599930122495,40559,,
83,,0.0005181242595426738,40569,,
83,,0.0009339317912235856,40579,,
83,,0.0012990297982469201,40589,,
83,,0.0005743503570556641,40599,,
83,,0.0022027783561497927,40609,,
83,,0.0012533628614619374,40619,,
83,,0.0023552468046545982,40629,,
83,,0.0007217585225589573,40639,,
83,,0.0008889617747627199,40649,,
83,,,40655,0.0008782293298281729,0.0009831641800701618
83,0.0015526659553870559,,40655,,
84,,0.0013372228713706136,40659,,
84,,0.0005164055619388819,40669,,
84,,0.0005820653168484569,40679,,
84,,0.0007768870564177632,40689,,
84,,0.001127017429098487,40699,,
84,,0.0012000559363514185,40709,,
84,,0.0005335399182513356,40719,,
84,,0.001052318373695016,40729,,
84,,0.0012528421357274055,40739,,
84,,0.0003861604491248727,40749,,
84,,0.0003540862235240638,40759,,
84,,0.0009280545054934919,40769,,
84,,0.00045547826448455453,40779,,
84,,0.0003223319072276354,40789,,
84,,0.0009000260033644736,40799,,
84,,0.0006329721654765308,40809,,
84,,0.0014324311632663012,40819,,
84,,0.0016879993490874767,40829,,
84,,0.0006877545965835452,40839,,
84,,0.0006759156822226942,40849,,
84,,0.0011443386320024729,40859,,
84,,0.00043129001278430223,40869,,
84,,0.0007310752989724278,40879,,
84,,0.00031924949144013226,40889,,
84,,0.0013431317638605833,40899,,
84,,0.0013066574465483427,40909,,
84,,0.0008534156950190663,40919,,
84,,0.0005304700462147593,40929,,
84,,0.00027161859907209873,40939,,
84,,0.0009497949504293501,40949,,
84,,0.0006519095040857792,40959,,
84,,0.0007030900451354682,40969,,
84,,0.0006398245459422469,40979,,
84,,0.0009268069406971335,40989,,
84,,0.0005135340616106987,40999,,
84,,0.0006295948405750096,41009,,
84,,0.0003034481778740883,41019,,
84,,0.0006500278250314295,41029,,
84,,0.0006556410226039588,41039,,
84,,0.00025896134320646524,41049,,
84,,0.0007620271062478423,41059,,
84,,0.0020027828868478537,41069,,
84,,0.0022109891287982464,41079,,
84,,0.0011781525099650025,41089,,
84,,0.001267995685338974,41099,,
84,,0.0020050466991961002,41109,,
84,,0.00039850908797234297,41119,,
84,,0.0010029381373897195,41129,,
84,,0.0010669432813301682,41139,,
84,,,41139,0.0008528272737748921,0.001114548183977604
84,0.0009012572700157762,,41139,,
85,,0.0007273440714925528,41149,,
85,,0.0006111274706199765,41159,,
85,,0.0004875003360211849,41169,,
85,,0.0005825980333611369,41179,,
85,,0.001060681650415063,41189,,
85,,0.0013638994423672557,41199,,
85,,0.0003098789893556386,41209,,
85,,0.0008531842031516135,41219,,
85,,0.0021700093057006598,41229,,
85,,0.0013791348319500685,41239,,
85,,0.0014423830434679985,41249,,
85,,0.0008502622949890792,41259,,
85,,0.0012739195954054594,41269,,
85,,0.0004174620844423771,41279,,
85,,0.001314748078584671,41289,,
85,,0.0011127821635454893,41299,,
85,,0.0023391328286379576,41309,,
85,,0.0011234702542424202,41319,,
85,,0.0011985392775386572,41329,,
85,,0.0008983289590105414,41339,,
85,,0.0010049405973404646,41349,,
85,,0.001280719181522727,41359,,
85,,0.0012018870329484344,41369,,
85,,0.0007295222021639347,41379,,
85,,0.000905240245629102,41389,,
85,,0.001516263117082417,41399,,
85,,0.0011283399071544409,41409,,
85,,0.000434184999903664,41419,,
85,,0.0012945265043526888,41429,,
85,,0.0006324800197035074,41439,,
85,,0.0009639012860134244,41449,,
85,,0.0010817002039402723,41459,,
85,,0.0013418358284980059,41469,,
85,,0.000576798222027719,41479,,
85,,0.0009472294477745891,41489,,
85,,0.0011812937445938587,41499,,
85,,0.0006581521593034267,41509,,
85,,0.0015920446021482348,41519,,
85,,0.00042765794205479324,41529,,
85,,0.0010151710594072938,41539,,
85,,0.0005872621550224721,41549,,
85,,0.000396330957300961,41559,,
85,,0.0008163249003700912,41569,,
85,,0.00036093321978114545,41579,,
85,,0.0011987058678641915,41589,,
85,,0.0009769536554813385,41599,,
85,,0.0005551634239964187,41609,,
85,,0.0008955851662904024,41619,,
85,,,41623,0.0008260290487669408,0.0010555241024121642
85,0.0009210459538735449,,41623,,
86,,0.0008613179670646787,41629,,
86,,0.00032345973886549473,41639,,
86,,0.0013779540313407779,41649,,
86,,0.0012339554959908128,41659,,
86,,0.0011956503149122,41669,,
86,,0.0010617560474202037,41679,,
86,,0.00048133014934137464,41689,,
86,,0.0018533600959926844,41699,,
86,,0.0003838868869934231,41709,,
86,,0.0014611475635319948,41719,,
86,,0.0007958288188092411,41729,,
86,,0.0019986541010439396,41739,,
86,,0.0007123538525775075,41749,,
86,,0.0005908783059567213,41759,,
86,,0.00047391263069584966,41769,,
86,,0.0004447437240742147,41779,,
86,,0.000828644260764122,41789,,
86,,0.00071316136745736,41799,,
86,,0.0006637035985477269,41809,,
86,,0.0014327033422887325,41819,,
86,,0.0003880843869410455,41829,,
86,,0.001062049763277173,41839,,
86,,0.0008620712324045599,41849,,
86,,0.0007105498807504773,41859,,
86,,0.0008333391160704195,41869,,
86,,0.0005552287911996245,41879,,
86,,0.00042415811913087964,41889,,
86,,0.0009318289812654257,41899,,
86,,0.0008346844115294516,41909,,
86,,0.0009597066091373563,41919,,
86,,0.000681554723996669,41929,,
86,,0.000848862633574754,41939,,
86,,0.0005695711588487029,41949,,
86,,0.0006266215932555497,41959,,
86,,0.0020946303848177195,41969,,
86,,0.0017935940995812416,41979,,
86,,0.0021702307276427746,41989,,
86,,0.0007866490632295609,41999,,
86,,0.0018386237788945436,42009,,
86,,0.0010628816671669483,42019,,
86,,0.0010131540475413203,42029,,
86,,0.0014477302320301533,42039,,
86,,0.0009446413023397326,42049,,
86,,0.0006608798867091537,42059,,
86,,0.0010777220595628023,42069,,
86,,0.0012978247832506895,42079,,
86,,0.0007664900622330606,42089,,
86,,0.0012933089165017009,42099,,
86,,,42107,0.0008102576248347759,0.0008774845628067851
86,0.0009862404549494386,,42107,,
87,,0.0003629903367254883,42109,,
87,,0.0014753055293112993,42119,,
87,,0.0012160890037193894,42129,,
87,,0.00028564012609422207,42139,,
87,,0.0004215487861074507,42149,,
87,,0.0011332826688885689,42159,,
87,,0.0017239607404917479,42169,,
87,,0.0010474552400410175,42179,,
87,,0.0005930147017352283,42189,,
87,,0.0013952117878943682,42199,,
87,,0.0005352479056455195,42209,,
87,,0.0009509993251413107,42219,,
87,,0.0009092821273952723,42229,,
87,,0.0013188447337597609,42239,,
87,,0.0003610949497669935,42249,,
87,,0.0006227984558790922,42259,,
87,,0.0010789878433570266,42269,,
87,,0.0017233063699677587,42279,,
87,,0.00148817989975214,42289,,
87,,0.0030269292183220387,42299,,
87,,0.0013901726342737675,42309,,
87,,0.0024231080897152424,42319,,
87,,0.0007162325782701373,42329,,
87,,0.0006359278340823948,42339,,
87,,0.0011238112347200513,42349,,
87,,0.0014412684831768274,42359,,
87,,0.0006406094180420041,42369,,
87,,0.0009094631532207131,42379,,
87,,0.0013625500723719597,42389,,
87,,0.0009832540526986122,42399,,
87,,0.0008325184462592006,42409,,
87,,0.0005683607887476683,42419,,
87,,0.0014273711713030934,42429,,
87,,0.0005414565093815327,42439,,
87,,0.0008531185449101031,42449,,
87,,0.0012936093844473362,42459,,
87,,0.0015806244919076562,42469,,
87,,0.0009061475284397602,42479,,
87,,0.001135489554144442,42489,,
87,,0.0010841164039447904,42499,,
87,,0.0009697123896330595,42509,,
87,,0.0009805273730307817,42519,,
87,,0.0007717017433606088,42529,,
87,,0.0007918667979538441,42539,,
87,,0.0007049096166156232,42549,,
87,,0.0004707772459369153,42559,,
87,,0.000755114306230098,42569,,
87,,0.0018891501240432262,42579,,
87,,0.0011778767220675945,42589,,
87,,,42591,0.0008053827914409339,0.0009626257233321667
87,0.001047538942657411,,42591,,
88,,0.0009410963393747807,42599,,
88,,0.0009719469235278666,42609,,
88,,0.00036647659726440907,42619,,
88,,0.0009379620314575732,42629,,
88,,0.000857410894241184,42639,,
88,,0.0013230654876679182,42649,,
88,,0.0010192175395786762,42659,,
88,,0.00036201055627316236,42669,,
88,,0.000653774244710803,42679,,
88,,0.0008641194435767829,42689,,
88,,0.0008397491765208542,42699,,
88,,0.00092972198035568,42709,,
88,,0.0019081856589764357,42719,,
88,,0.0010255944216623902,42729,,
88,,0.0013838156592100859,42739,,
88,,0.0004595527134370059,42749,,
88,,0.0006527021760120988,42759,,
88,,0.0009162175701931119,42769,,
88,,0.00046538159949705005,42779,,
88,,0.000831753364764154,42789,,
88,,0.0017539301188662648,42799,,
88,,0.0008235882851295173,42809,,
88,,0.001326295780017972,42819,,
88,,0.00038434480666182935,42829,,
88,,0.0002551624784246087,42839,,
88,,0.0003721624379977584,42849,,
88,,0.0007322935271076858,42859,,
88,,0.001072979997843504,42869,,
88,,0.0008111379574984312,42879,,
88,,0.0016370624070987105,42889,,
88,,0.00034622009843587875,42899,,
88,,0.0006491671083495021,42909,,
88,,0.00036241032648831606,42919,,
88,,0.0006931298412382603,42929,,
88,,0.0009667903650552034,42939,,
88,,0.0008738713804632425,42949,,
88,,0.0003971247933804989,42959,,
88,,0.0007724327151663601,42969,,
88,,0.0011187142226845026,42979,,
88,,0.0008066288428381085,42989,,
88,,0.0008880943059921265,42999,,
88,,0.0011025938438251615,43009,,
88,,0.0009754989296197891,43019,,
88,,0.0013977044727653265,43029,,
88,,0.0009819427505135536,43039,,
88,,0.0013292966177687049,43049,,
88,,0.0009796947706490755,43059,,
88,,0.00045472453348338604,43069,,
88,,,43075,0.0007917311741039157,0.0008885624120011926
88,0.0009014385286718607,,43075,,
89,,0.0007203796412795782,43079,,
89,,0.0009461325244046748,43089,,
89,,0.0013011221308261156,43099,,
89,,0.0009644075180403888,43109,,
89,,0.0005388890276663005,43119,,
89,,0.0014345146482810378,43129,,
89,,0.0005870008026249707,43139,,
89,,0.0009429915808141232,43149,,
89,,0.0010272907093167305,43159,,
89,,0.0009714417392387986,43169,,
89,,0.0005255311261862516,43179,,
89,,0.0010654127690941095,43189,,
89,,0.0006848162738606334,43199,,
89,,0.0012317701475694776,43209,,
89,,0.0007296712137758732,43219,,
89,,0.0015337869990617037,43229,,
89,,0.0006892693927511573,43239,,
89,,0.000918245583306998,43249,,
89,,0.00044194364454597235,43259,,
89,,0.0006168075487948954,43269,,
89,,0.0007332372479140759,43279,,
89,,0.0006078055594116449,43289,,
89,,0.0005402860697358847,43299,,
89,,0.0008397423662245274,43309,,
89,,0.001285815378651023,43319,,
89,,0.0002741729258559644,43329,,
89,,0.0012392529752105474,43339,,
89,,0.0003056710120290518,43349,,
89,,0.000686793529894203,43359,,
89,,0.0009152955608442426,43369,,
89,,0.0010760303121060133,43379,,
89,,0.0003577594761736691,43389,,
89,,0.0013181365793570876,43399,,
89,,0.0015244267415255308,43409,,
89,,0.0006017308915033937,43419,,
89,,0.0004813382402062416,43429,,
89,,0.0009789178147912025,43439,,
89,,0.000802847440354526,43449,,
89,,0.0008268325473181903,43459,,
89,,0.000894293887540698,43469,,
89,,0.000617941259406507,43479,,
89,,0.0007071453146636486,43489,,
89,,0.0003050061932299286,43499,,
89,,0.001571235479786992,43509,,
89,,0.0003648510901257396,43519,,
89,,0.00030532796517945826,43529,,
89,,0.0006989560788497329,43539,,
89,,0.0011652749963104725,43549,,
89,,0.001114464714191854,43559,,
89,,,43559,0.0007781411404721439,0.0010664660949259996
89,0.0008601152221672237,,43559,,
90,,0.0016987825511023402,43569,,
90,,0.001336434856057167,43579,,
90,,0.0010488545522093773,43589,,
90,,0.00031742124701850116,43599,,
90,,0.0006667907000519335,43609,,
90,,0.0003112357808277011,43619,,
90,,0.0010343682952225208,43629,,
90,,0.0010568981524556875,43639,,
90,,0.0010776878334581852,43649,,
90,,0.0019301280844956636,43659,,
90,,0.0007887538522481918,43669,,
90,,0.0003163109940942377,43679,,
90,,0.0009881769074127078,43689,,
90,,0.0017892727628350258,43699,,
90,,0.0005791046423837543,43709,,
90,,0.0006010585930198431,43719,,
90,,0.0011415430344641209,43729,,
90,,0.0010734446113929152,43739,,
90,,0.0008088022004812956,43749,,
90,,0.0004558078944683075,43759,,
90,,0.0013331803493201733,43769,,
90,,0.000651007576379925,43779,,
90,,0.00046260442468337715,43789,,
90,,0.0014801559736952186,43799,,
90,,0.002479268703609705,43809,,
90,,0.0011928309686481953,43819,,
90,,0.0006090512033551931,43829,,
90,,0.0007600807002745569,43839,,
90,,0.0013826987706124783,43849,,
90,,0.0007923755329102278,43859,,
90,,0.0009854980744421482,43869,,
90,,0.0022546304389834404,43879,,
90,,0.0012115351855754852,43889,,
90,,0.0008418894140049815,43899,,
90,,0.0005500555271282792,43909,,
90,,0.0006921104504726827,43919,,
90,,0.0004192250198684633,43929,,
90,,0.001814903924241662,43939,,
90,,0.0013212825870141387,43949,,
90,,0.0003966583462897688,43959,,
90,,0.0005791738512925804,43969,,
90,,0.0016334457322955132,43979,,
90,,0.0008722750935703516,43989,,
90,,0.0005211253301240504,43999,,
90,,0.0005136054824106395,44009,,
90,,0.0011009392328560352,44019,,
90,,0.00032170594204217196,44029,,
90,,0.0012574874563142657,44039,,
90,,,44043,0.0007658929680474102,0.0009998659370467067
90,0.0008550269994884729,,44043,,
91,,0.0005502384155988693,44049,,
91,,0.0007600695826113224,44059,,
91,,0.001258976524695754,44069,,
91,,0.0013902876526117325,44079,,
91,,0.0011287262896075845,44089,,
91,,0.0010298129636794329,44099,,
91,,0.001016966300085187,44109,,
91,,0.0007989038713276386,44119,,
91,,0.0008494582725688815,44129,,
91,,0.0005212037358433008,44139,,
91,,0.00088782689999789,44149,,
91,,0.0007007158710621297,44159,,
91,,0.002240194473415613,44169,,
91,,0.0015184886287897825,44179,,
91,,0.0009182138601318002,44189,,
91,,0.0009239288629032671,44199,,
91,,0.000572825432755053,44209,,
91,,0.0007594116032123566,44219,,
91,,0.0004020226188004017,44229,,
91,,0.0006301032844930887,44239,,
91,,0.0012224306119605899,44249,,
91,,0.0005052982596680522,44259,,
91,,0.001143858302384615,44269,,
91,,0.0009679308859631419,44279,,
91,,0.0006963172345422208,44289,,
91,,0.001162932487204671,44299,,
91,,0.0008438817458227277,44309,,
91,,0.0014112194767221808,44319,,
91,,0.0006077340804040432,44329,,
91,,0.0008044947171583772,44339,,
91,,0.0006246034172363579,44349,,
91,,0.0015155408764258027,44359,,
91,,0.001238419907167554,44369,,
91,,0.0005240480531938374,44379,,
91,,0.0007749003707431257,44389,,
91,,0.00026765884831547737,44399,,
91,,0.001992654986679554,44409,,
91,,0.0017080636462196708,44419,,
91,,0.0011836609337478876,44429,,
91,,0.00033885485026985407,44439,,
91,,0.0011249425588175654,44449,,
91,,0.0005132866208441556,44459,,
91,,0.0012403004802763462,44469,,
91,,0.0007233608630485833,44479,,
91,,0.0006405547028407454,44489,,
91,,0.0006761383265256882,44499,,
91,,0.0008239152375608683,44509,,
91,,0.0006852527149021626,44519,,
91,,,44527,0.0007547427085228264,0.0009701061062514782
91,0.0008574729436077178,,44527,,
92,,0.0007612948538735509,44529,,
92,,0.0007825670763850212,44539,,
92,,0.0003352028434164822,44549,,
92,,0.0007976220222190022,44559,,
92,,0.0014206519117578864,44569,,
92,,0.000506577140185982,44579,,
92,,0.000915213895495981,44589,,
92,,0.0005285764927975833,44599,,
92,,0.001217838260345161,44609,,
92,,0.000686036713887006,44619,,
92,,0.000452264619525522,44629,,
92,,0.0006332024349831045,44639,,
92,,0.0012950384989380836,44649,,
92,,0.001376009895466268,44659,,
92,,0.0008301507332362235,44669,,
92,,0.0015354924835264683,44679,,
92,,0.0011041411198675632,44689,,
92,,0.0003522582701407373,44699,,
92,,0.0004347286303527653,44709,,
92,,0.0007244639564305544,44719,,
92,,0.0005242606857791543,44729,,
92,,0.000877687765751034,44739,,
92,,0.0006219572969712317,44749,,
92,,0.0007792238611727953,44759,,
92,,0.0011667744256556034,44769,,
92,,0.0005853150505572557,44779,,
92,,0.0007858625613152981,44789,,
92,,0.0007941138464957476,44799,,
92,,0.0007579250959679484,44809,,
92,,0.0003532836271915585,44819,,
92,,0.0006105373613536358,44829,,
92,,0.00025044893845915794,44839,,
92,,0.000978283234871924,44849,,
92,,0.0006495316047221422,44859,,
92,,0.0003354616928845644,44869,,
92,,0.0011583687737584114,44879,,
92,,0.0014363504014909267,44889,,
92,,0.00085630570538342,44899,,
92,,0.00025537144392728806,44909,,
92,,0.0005061648553237319,44919,,
92,,0.00037249253364279866,44929,,
92,,0.0012264950200915337,44939,,
92,,0.0008176551200449467,44949,,
92,,0.0008462840924039483,44959,,
92,,0.0012239906936883926,44969,,
92,,0.0006886895862407982,44979,,
92,,0.0015370954060927033,44989,,
92,,0.0020210202783346176,44999,,
92,,0.0009950813837349415,45009,,
92,,,45011,0.0007446015370078385,0.0009679293725639582
92,0.0008423287654295564,,45011,,
93,,0.0008242873009294271,45019,,
93,,0.001115204649977386,45029,,
93,,0.0010367785580456257,45039,,
93,,0.0010948478011414409,45049,,
93,,0.0005816709017381072,45059,,
93,,0.0014966634334996343,45069,,
93,,0.0009388457401655614,45079,,
93,,0.0004911446594633162,45089,,
93,,0.0006502072792500257,45099,,
93,,0.0005989334895275533,45109,,
93,,0.0005666161305271089,45119,,
93,,0.0003910574596375227,45129,,
93,,0.00022479332983493805,45139,,
93,,0.0009178585023619235,45149,,
93,,0.0010307796765118837,45159,,
93,,0.001031425315886736,45169,,
93,,0.000739118957426399,45179,,
93,,0.0003627570695243776,45189,,
93,,0.0009621834615245461,45199,,
93,,0.0005962172872386873,45209,,
93,,0.0009989371756091714,45219,,
93,,0.00040914537385106087,45229,,
93,,0.001421421067789197,45239,,
93,,0.0016618679510429502,45249,,
93,,0.0016807694919407368,45259,,
93,,0.0010497916955500841,45269,,
93,,0.001384916715323925,45279,,
93,,0.0009531828109174967,45289,,
93,,0.0010158091317862272,45299,,
93,,0.0005352328298613429,45309,,
93,,0.0003698429209180176,45319,,
93,,0.0010677973041310906,45329,,
93,,0.00022293382789939642,45339,,
93,,0.002585996873676777,45349,,
93,,0.0015174444997683167,45359,,
93,,0.000690318236593157,45369,,
93,,0.00038151815533638,45379,,
93,,0.0010571444872766733,45389,,
93,,0.0011285592336207628,45399,,
93,,0.0007412636186927557,45409,,
93,,0.0010430801194161177,45419,,
93,,0.0006251378217712045,45429,,
93,,0.000909951573703438,45439,,
93,,0.000998735660687089,45449,,
93,,0.0009709491278044879,45459,,
93,,0.0003669753496069461,45469,,
93,,0.0007069848943501711,45479,,
93,,0.0007368006044998765,45489,,
93,,,45495,0.0007354028057307005,0.0008873322512954473
93,0.0008497158414684236,,45495,,
94,,0.0013002982595935464,45499,,
94,,0.0014966214075684547,45509,,
94,,0.0009942542528733611,45519,,
94,,0.0009848044719547033,45529,,
94,,0.0003257462230976671,45539,,
94,,0.0005423316615633667,45549,,
94,,0.0007928571430966258,45559,,
94,,0.0010929838754236698,45569,,
94,,0.001077529857866466,45579,,
94,,0.0009625147795304656,45589,,
94,,0.0007037112372927368,45599,,
94,,0.0010722309816628695,45609,,
94,,0.0005250421818345785,45619,,
94,,0.000839248183183372,45629,,
94,,0.0009167241514660418,45639,,
94,,0.0006986649241298437,45649,,
94,,0.00080022809561342,45659,,
94,,0.0005497494130395353,45669,,
94,,0.00020846091501880437,45679,,
94,,0.0012201449135318398,45689,,
94,,0.0007412516279146075,45699,,
94,,0.00047462963266298175,45709,,
94,,0.0006227323319762945,45719,,
94,,0.0007468381663784385,45729,,
94,,0.00042385724373161793,45739,,
94,,0.0007721311994828284,45749,,
94,,0.0008885281858965755,45759,,
94,,0.0009258032077923417,45769,,
94,,0.0005052053020335734,45779,,
94,,0.0007542480598203838,45789,,
94,,0.0007851893315091729,45799,,
94,,0.0008564424933865666,45809,,
94,,0.0008361435611732304,45819,,
94,,0.0010202620178461075,45829,,
94,,0.0016088016564026475,45839,,
94,,0.0008204102050513029,45849,,
94,,0.0015135427238419652,45859,,
94,,0.00157024129293859,45869,,
94,,0.00024287193082273006,45879,,
94,,0.001139250467531383,45889,,
94,,0.00030626601073890924,45899,,
94,,0.0021532129030674696,45909,,
94,,0.00023052126925904304,45919,,
94,,0.0013011752162128687,45929,,
94,,0.0007586991996504366,45939,,
94,,0.0009983573108911514,45949,,
94,,0.0004179526004008949,45959,,
94,,0.0005735050071962178,45969,,
94,,0.00039870961336418986,45979,,
94,,,45979,0.0007266973261721432,0.0008804643875919282
94,0.0008448479347862303,,45979,,
95,,0.0002874528872780502,45989,,
95,,0.0008668121881783009,45999,,
95,,0.0006909778458066285,46009,,
95,,0.0005469086463563144,46019,,
95,,0.0011013936018571258,46029,,
95,,0.0009720684611238539,46039,,
95,,0.00058962736511603,46049,,
95,,0.000778013956733048,46059,,
95,,0.0014963956782594323,46069,,
95,,0.00045431568287312984,46079,,
95,,0.0003596737515181303,46089,,
95,,0.0021191562991589308,46099,,
95,,0.0009833215735852718,46109,,
95,,0.0008413351024501026,46119,,
95,,0.0012508812360465527,46129,,
95,,0.0003925992641597986,46139,,
95,,0.0008912466000765562,46149,,
95,,0.0010619035456329584,46159,,
95,,0.0009609559783712029,46169,,
95,,0.0007910561980679631,46179,,
95,,0.00037561473436653614,46189,,
95,,0.00047318998258560896,46199,,
95,,0.0006890466320328414,46209,,
95,,0.0013865340733900666,46219,,
95,,0.0006738208467140794,46229,,
95,,0.001303679309785366,46239,,
95,,0.0009442380396649241,46249,,
95,,0.0008466917206533253,46259,,
95,,0.001963770017027855,46269,,
95,,0.0006842091679573059,46279,,
95,,0.0009768789168447256,46289,,
95,,0.0007384381606243551,46299,,
95,,0.0006717696087434888,46309,,
95,,0.0006169752450659871,46319,,
95,,0.000570432748645544,46329,,
95,,0.0006240177317522466,46339,,
95,,0.000881441228557378,46349,,
95,,0.0003852744121104479,46359,,
95,,0.00035112901241518557,46369,,
95,,0.0008650572854094207,46379,,
95,,0.00041217872058041394,46389,,
95,,0.0005037645460106432,46399,,
95,,0.00045603711623698473,46409,,
95,,0.000562151602935046,46419,,
95,,0.0009948238730430603,46429,,
95,,0.0008624753681942821,46439,,
95,,0.0006725558778271079,46449,,
95,,0.0017221712041646242,46459,,
95,,,46463,0.0007246162858791649,0.000827951414976269
95,0.000979734119027853,,46463,,
96,,0.0010233428329229355,46469,,
96,,0.001046963152475655,46479,,
96,,0.0007815670105628669,46489,,
96,,0.0010390824172645807,46499,,
96,,0.0004818279994651675,46509,,
96,,0.0008489603060297668,46519,,
96,,0.0005185324116609991,46529,,
96,,0.0005406210548244417,46539,,
96,,0.0004910386633127928,46549,,
96,,0.00039989466313272715,46559,,
96,,0.00019917660392820835,46569,,
96,,0.00039695599116384983,46579,,
96,,0.000452608015621081,46589,,
96,,0.00037746160523965955,46599,,
96,,0.0006560367764905095,46609,,
96,,0.0009918537689372897,46619,,
96,,0.0004850813129451126,46629,,
96,,0.00023734004935249686,46639,,
96,,0.00032012417796067894,46649,,
96,,0.0009061173186637461,46659,,
96,,0.0009458237909711897,46669,,
96,,0.0017750486731529236,46679,,
96,,0.0006663899985142052,46689,,
96,,0.0012799579417333007,46699,,
96,,0.0005529511254280806,46709,,
96,,0.0008628643117845058,46719,,
96,,0.0006342544802464545,46729,,
96,,0.0009372658096253872,46739,,
96,,0.00032074807677417994,46749,,
96,,0.0006370489718392491,46759,,
96,,0.0006879228167235851,46769,,
96,,0.0006076712743379176,46779,,
96,,0.00046558273606933653,46789,,
96,,0.0024756910279393196,46799,,
96,,0.000526921940036118,46809,,
96,,0.0011334315640851855,46819,,
96,,0.0017117668176069856,46829,,
96,,0.0006129882531240582,46839,,
96,,0.0006499937735497952,46849,,
96,,0.0004650425398722291,46859,,
96,,0.0005732646677643061,46869,,
96,,0.000790837628301233,46879,,
96,,0.00023253640392795205,46889,,
96,,0.0012099926825612783,46899,,
96,,0.0008962658466771245,46909,,
96,,0.0005885724094696343,46919,,
96,,0.0007848420646041632,46929,,
96,,0.0008488745661452413,46939,,
96,,,46947,0.0007148809963837266,0.0008504226570948958
96,0.0007892423309385777,,46947,,
97,,0.0005183681496419013,46949,,
97,,0.0016249845502898097,46959,,
97,,0.0009149857796728611,46969,,
97,,0.0013678395189344883,46979,,
97,,0.001932540093548596,46989,,
97,,0.0009654561290517449,46999,,
97,,0.000991965876892209,47009,,
97,,0.001168681774288416,47019,,
97,,0.0009064266923815012,47029,,
97,,0.0012325108982622623,47039,,
97,,0.0009860272984951735,47049,,
97,,0.00044168109889142215,47059,,
97,,0.001020639669150114,47069,,
97,,0.0004809768288396299,47079,,
97,,0.0006948675727471709,47089,,
97,,0.0010444940999150276,47099,,
97,,0.0008238891023211181,47109,,
97,,0.0007368178921751678,47119,,
97,,0.0007967585697770119,47129,,
97,,0.0005190589581616223,47139,,
97,,0.0004708269552793354,47149,,
97,,0.0009830232011154294,47159,,
97,,0.0008243304910138249,47169,,
97,,0.0002828417345881462,47179,,
97,,0.0005341928917914629,47189,,
97,,0.0008041480905376375,47199,,
97,,0.0010807313956320286,47209,,
97,,0.0006225648103281856,47219,,
97,,0.001340500428341329,47229,,
97,,0.0009418430272489786,47239,,
97,,0.00023749389220029116,47249,,
97,,0.0004300501896068454,47259,,
97,,0.0006513563566841185,47269,,
97,,0.0021499593276530504,47279,,
97,,0.00024263717932626605,47289,,
97,,0.0004846594820264727,47299,,
97,,0.0005730112316086888,47309,,
97,,0.00036481404094956815,47319,,
97,,0.0014640635345131159,47329,,
97,,0.0009839772246778011,47339,,
97,,0.0014890155289322138,47349,,
97,,0.0010434738360345364,47359,,
97,,0.0015478699933737516,47369,,
97,,0.0009496056591160595,47379,,
97,,0.0011349522974342108,47389,,
97,,0.0006540106842294335,47399,,
97,,0.0009316809009760618,47409,,
97,,0.0015975998248904943,47419,,
97,,0.0015635958407074213,47429,,
97,,,47431,0.0007048919796943665,0.0009949953528121114
97,0.0008104030857793987,,47431,,
98,,0.0007112928433343768,47439,,
98,,0.0005982542061246932,47449,,
98,,0.0003959599998779595,47459,,
98,,0.000743902928661555,47469,,
98,,0.0007563789840787649,47479,,
98,,0.0005931049818173051,47489,,
98,,0.0003400836721993983,47499,,
98,,0.000891651667188853,47509,,
98,,0.000685390317812562,47519,,
98,,0.00019220808462705463,47529,,
98,,0.00069190573412925,47539,,
98,,0.0008135158568620682,47549,,
98,,0.0007647810271009803,47559,,
98,,0.0002935757511295378,47569,,
98,,0.0001932088634930551,47579,,
98,,0.000762087875045836,47589,,
98,,0.0008760825730860233,47599,,
98,,0.00023485816200263798,47609,,
98,,0.0004174090572632849,47619,,
98,,0.001058861962519586,47629,,
98,,0.0012977004516869783,47639,,
98,,0.0012600235641002655,47649,,
98,,0.0014218630967661738,47659,,
98,,0.0004454243171494454,47669,,
98,,0.0008677763398736715,47679,,
98,,0.0006362417479977012,47689,,
98,,0.0003610630810726434,47699,,
98,,0.0013512364821508527,47709,,
98,,0.0003202327061444521,47719,,
98,,0.0009163690847344697,47729,,
98,,0.0008654892444610596,47739,,
98,,0.0009013348026201129,47749,,
98,,0.0004457313334569335,47759,,
98,,0.0010643608402460814,47769,,
98,,0.0013294171076267958,47779,,
98,,0.0006171307759359479,47789,,
98,,0.00039366932469420135,47799,,
98,,0.00035659538116306067,47809,,
98,,0.0010933957528322935,47819,,
98,,0.0002198927541030571,47829,,
98,,0.0004566884890664369,47839,,
98,,0.0009971540421247482,47849,,
98,,0.0020521574188023806,47859,,
98,,0.0006330853793770075,47869,,
98,,0.000914120115339756,47879,,
98,,0.00017753132851794362,47889,,
98,,0.00023934598721098155,47899,,
98,,0.0007609185995534062,47909,,
98,,,47915,0.0006960501195862889,0.0009180543711408973
98,0.000788634642958641,,47915,,
99,,0.0006051596719771624,47919,,
99,,0.0002299852785654366,47929,,
99,,0.0003852912050206214,47939,,
99,,0.001027130289003253,47949,,
99,,0.0013739833375439048,47959,,
99,,0.0006750611355528235,47969,,
99,,0.00016550096916034818,47979,,
99,,0.0016050992999225855,47989,,
99,,0.0005695857689715922,47999,,
99,,0.0005467822775244713,48009,,
99,,0.00047572841867804527,48019,,
99,,0.0004592008772306144,48029,,
99,,0.0008634804398752749,48039,,
99,,0.0009545359062030911,48049,,
99,,0.0007339818403124809,48059,,
99,,0.00031789185595698655,48069,,
99,,0.0005884894635528326,48079,,
99,,0.0005412016762420535,48089,,
99,,0.0011504748836159706,48099,,
99,,0.0005164660979062319,48109,,
99,,0.0007730057695880532,48119,,
99,,0.00025483136414550245,48129,,
99,,0.0024252324365079403,48139,,
99,,0.0005806292756460607,48149,,
99,,0.0014635256957262754,48159,,
99,,0.0005488950992003083,48169,,
99,,0.0009888592176139355,48179,,
99,,0.00036149888182990253,48189,,
99,,0.0014177820412442088,48199,,
99,,0.002500345231965184,48209,,
99,,0.0014381427317857742,48219,,
99,,0.0009173845173791051,48229,,
99,,0.0005103772855363786,48239,,
99,,0.0004752043751068413,48249,,
99,,0.0009188365656882524,48259,,
99,,0.001117359846830368,48269,,
99,,0.001058828318491578,48279,,
99,,0.0007872707210481167,48289,,
99,,0.0004562106332741678,48299,,
99,,0.0007174042984843254,48309,,
99,,0.0008903279667720199,48319,,
99,,0.0005704837385565042,48329,,
99,,0.00023953343043103814,48339,,
99,,0.0006251930026337504,48349,,
99,,0.0010508063714951277,48359,,
99,,0.0008004549890756607,48369,,
99,,0.0012983568012714386,48379,,
99,,0.0005185282207094133,48389,,
99,,0.0006943423068150878,48399,,
99,,,48399,0.0006871187943033874,0.0009259182843379676
99,0.0007637072121724486,,48399,,
