epoch,loss_epoch,loss_step,step,val/loss_epoch,val/loss_step
0,,0.5680294632911682,9,,
0,,0.5185772180557251,19,,
0,,0.3154589533805847,29,,
0,,0.2279348522424698,39,,
0,,0.24186357855796814,49,,
0,,0.2584248483181,59,,
0,,0.15218520164489746,69,,
0,,0.16287700831890106,79,,
,,,0,,0.01870086044073105
,,,1,,0.02316621132194996
,,,2,,0.011320093646645546
,,,3,,0.016533877700567245
,,,4,,0.053201280534267426
,,,5,,0.013882143422961235
,,,6,,0.008350491523742676
,,,7,,0.01119451317936182
,,,8,,0.0273740254342556
,,,9,,0.011577249504625797
,,,10,,0.014564619399607182
,,,11,,0.011098519898951054
,,,12,,0.014516825787723064
,,,13,,0.010012172162532806
,,,14,,0.013604732230305672
,,,15,,0.012881016358733177
,,,16,,0.02996092475950718
,,,17,,0.046250782907009125
,,,18,,0.030582860112190247
,,,19,,0.014193111099302769
,,,20,,0.009276434779167175
,,,21,,0.030953217297792435
,,,22,,0.01595359295606613
,,,23,,0.01370222307741642
,,,24,,0.019650094211101532
,,,25,,0.03267425298690796
,,,26,,0.02640817128121853
,,,27,,0.06954585015773773
,,,28,,0.10797540098428726
,,,29,,0.09832324087619781
,,,30,,0.09671953320503235
,,,31,,0.10620075464248657
,,,32,,0.0901573896408081
,,,33,,0.20020274817943573
,,,34,,0.1198490783572197
,,,35,,0.08917447924613953
,,,36,,0.08919111639261246
,,,37,,0.07718968391418457
,,,38,,0.07475029677152634
,,,39,,0.09339010715484619
,,,40,,0.078483946621418
,,,41,,0.10567759722471237
,,,42,,0.13906830549240112
,,,43,,0.13508275151252747
,,,44,,0.08665300905704498
,,,45,,0.17076686024665833
,,,46,,0.13818013668060303
,,,47,,0.0874529480934143
,,,48,,0.131916344165802
,,,49,,0.06691047549247742
,,,50,,0.07264862954616547
,,,51,,0.08929494023323059
,,,52,,0.06272712349891663
,,,53,,0.0868585854768753
,,,54,,0.09516210108995438
,,,55,,0.12156735360622406
,,,56,,0.13988059759140015
,,,57,,0.08297048509120941
,,,58,,0.1300537884235382
,,,59,,0.06908825039863586
,,,60,,0.10234327614307404
,,,61,,0.07714486122131348
,,,62,,0.07214184105396271
,,,63,,0.10659556090831757
,,,64,,0.0788356363773346
,,,65,,0.038220975548028946
,,,66,,0.06554147601127625
,,,67,,0.14334774017333984
,,,68,,0.0934571847319603
,,,69,,0.03331419453024864
,,,70,,0.062675341963768
,,,71,,0.02143424190580845
,,,72,,0.02759624272584915
,,,73,,0.014330475591123104
,,,74,,0.020548861473798752
,,,75,,0.02406543493270874
,,,76,,0.01969742961227894
,,,77,,0.016575608402490616
,,,78,,0.016909681260585785
,,,79,,0.01290810015052557
,,,80,,0.0345400907099247
,,,81,,0.02220051921904087
,,,82,,0.012551805935800076
,,,83,,0.01797615736722946
,,,84,,0.22899611294269562
,,,85,,0.2775258421897888
,,,86,,0.3411911725997925
,,,87,,0.783543586730957
,,,88,,0.672644317150116
,,,89,,0.4778260588645935
,,,90,,0.49330756068229675
,,,91,,0.4797694683074951
,,,92,,0.27635711431503296
,,,93,,0.2493613362312317
,,,94,,0.2654730975627899
,,,95,,0.2241097390651703
,,,96,,0.22929108142852783
,,,97,,0.233973890542984
,,,98,,0.23923754692077637
,,,99,,0.2282855212688446
,,,100,,0.2363623082637787
,,,101,,0.24506577849388123
,,,102,,0.2574310600757599
,,,103,,0.20611414313316345
,,,104,,0.2645185589790344
,,,105,,0.2358841449022293
,,,106,,0.25792503356933594
,,,107,,0.23900705575942993
,,,108,,0.22552165389060974
,,,109,,0.2579794228076935
,,,110,,0.24320542812347412
,,,111,,0.20807833969593048
,,,112,,0.24356606602668762
,,,113,,0.24407532811164856
,,,114,,0.3618399500846863
,,,115,,0.3662983775138855
,,,116,,0.27629491686820984
,,,117,,0.18662910163402557
,,,118,,0.20114421844482422
,,,119,,0.20620575547218323
,,,120,,0.17866842448711395
,,,121,,0.19162771105766296
,,,122,,0.19638723134994507
,,,123,,0.19100823998451233
,,,124,,0.2007831335067749
,,,125,,0.20738719403743744
,,,126,,0.17202714085578918
,,,127,,0.19469194114208221
,,,128,,0.19861692190170288
,,,129,,0.2105255275964737
,,,130,,0.19243407249450684
,,,131,,0.20228631794452667
,,,132,,0.21325907111167908
,,,133,,0.2152889221906662
,,,134,,0.21345515549182892
,,,135,,0.19976231455802917
,,,136,,0.19986554980278015
,,,137,,0.20017114281654358
,,,138,,0.1822291612625122
,,,139,,0.19030246138572693
,,,140,,0.1855589747428894
,,,141,,0.17183949053287506
,,,142,,0.17812217772006989
,,,143,,0.1769433468580246
,,,144,,0.16548976302146912
,,,145,,0.1893552541732788
,,,146,,0.17281368374824524
,,,147,,0.19053754210472107
,,,148,,0.1624474823474884
,,,149,,0.16978104412555695
,,,150,,0.17576028406620026
,,,151,,0.18891370296478271
,,,152,,0.1854512095451355
,,,153,,0.1856144368648529
,,,154,,0.18268734216690063
,,,155,,0.1764993518590927
,,,156,,0.18519416451454163
,,,157,,0.17497095465660095
,,,158,,0.1803560107946396
,,,159,,0.18237517774105072
,,,160,,0.18492110073566437
,,,161,,0.2216528356075287
,,,162,,0.2388034462928772
,,,163,,0.20959025621414185
,,,164,,0.22482943534851074
,,,165,,0.20519721508026123
,,,166,,0.18641403317451477
,,,167,,0.1899871826171875
,,,168,,0.25821512937545776
,,,169,,0.2221217304468155
,,,170,,0.19035561382770538
,,,171,,0.23706534504890442
,,,172,,0.21919408440589905
,,,173,,0.2484322488307953
,,,174,,0.2104385495185852
,,,175,,0.20115342736244202
,,,176,,0.22294193506240845
,,,177,,0.21828919649124146
,,,178,,0.20946334302425385
,,,179,,0.23566290736198425
,,,180,,0.209212526679039
,,,181,,0.21438226103782654
,,,182,,0.24782131612300873
,,,183,,0.22804252803325653
,,,184,,0.16653233766555786
,,,185,,0.19096964597702026
,,,186,,0.09479733556509018
,,,187,,0.1292199045419693
,,,188,,0.21487396955490112
,,,189,,0.1551210582256317
,,,190,,0.17910154163837433
,,,191,,0.19017678499221802
,,,192,,0.14716435968875885
,,,193,,0.061552681028842926
,,,194,,0.1784747838973999
,,,195,,0.13891027867794037
,,,196,,0.06620696932077408
,,,197,,0.045095331966876984
,,,198,,0.059718117117881775
,,,199,,0.019842607900500298
,,,200,,0.1304723620414734
,,,201,,0.03264433145523071
,,,202,,0.07928550243377686
,,,203,,0.03959762677550316
,,,204,,0.054986439645290375
,,,205,,0.08804890513420105
,,,206,,0.07892864942550659
,,,207,,0.08051177859306335
,,,208,,0.09992632269859314
,,,209,,0.08843362331390381
,,,210,,0.12363677471876144
,,,211,,0.06682014465332031
,,,212,,0.17048953473567963
,,,213,,0.14716041088104248
,,,214,,0.13434630632400513
,,,215,,0.14017105102539062
,,,216,,0.17878393828868866
,,,217,,0.1264272928237915
,,,218,,0.12977473437786102
,,,219,,0.16891077160835266
,,,220,,0.13313201069831848
,,,221,,0.15816572308540344
,,,222,,0.1341380774974823
,,,223,,0.14507204294204712
,,,224,,0.15091434121131897
,,,225,,0.1463860273361206
,,,226,,0.1480216383934021
,,,227,,0.14684918522834778
,,,228,,0.08783663809299469
0,,,80,0.1485157012939453,
0,0.3143429160118103,,80,,
1,,0.11408822238445282,89,,
1,,0.09685464203357697,99,,
1,,0.09420137107372284,109,,
1,,0.08272475004196167,119,,
1,,0.06555899232625961,129,,
1,,0.07786235958337784,139,,
1,,0.05612947791814804,149,,
1,,0.07478682696819305,159,,
,,,229,,0.005709876772016287
,,,230,,0.006222948897629976
,,,231,,0.005374752916395664
,,,232,,0.00582385528832674
,,,233,,0.014270475134253502
,,,234,,0.0059448289684951305
,,,235,,0.004417377058416605
,,,236,,0.004661524668335915
,,,237,,0.008940333500504494
,,,238,,0.004782442469149828
,,,239,,0.0054206280037760735
,,,240,,0.005057407543063164
,,,241,,0.00603796262294054
,,,242,,0.004083647858351469
,,,243,,0.005728661082684994
,,,244,,0.0050466060638427734
,,,245,,0.006131977774202824
,,,246,,0.012649216689169407
,,,247,,0.00915532372891903
,,,248,,0.006296367384493351
,,,249,,0.0042130048386752605
,,,250,,0.006985519081354141
,,,251,,0.005505697801709175
,,,252,,0.005713831167668104
,,,253,,0.005961633753031492
,,,254,,0.011227108538150787
,,,255,,0.0069474996998906136
,,,256,,0.03270595893263817
,,,257,,0.05916428565979004
,,,258,,0.05415138229727745
,,,259,,0.04928576946258545
,,,260,,0.052802927792072296
,,,261,,0.0519883930683136
,,,262,,0.13576532900333405
,,,263,,0.07327201217412949
,,,264,,0.0506369024515152
,,,265,,0.04877352714538574
,,,266,,0.04001699388027191
,,,267,,0.03296521306037903
,,,268,,0.04866182804107666
,,,269,,0.03659747913479805
,,,270,,0.04956638813018799
,,,271,,0.08059614896774292
,,,272,,0.0677490234375
,,,273,,0.041272494941949844
,,,274,,0.09865079075098038
,,,275,,0.06565717607736588
,,,276,,0.03423769399523735
,,,277,,0.07064826786518097
,,,278,,0.03537042438983917
,,,279,,0.03478895127773285
,,,280,,0.04498957842588425
,,,281,,0.021623605862259865
,,,282,,0.043702077120542526
,,,283,,0.0540953204035759
,,,284,,0.0812942162156105
,,,285,,0.08817576617002487
,,,286,,0.049768753349781036
,,,287,,0.07557626813650131
,,,288,,0.04116852581501007
,,,289,,0.061118897050619125
,,,290,,0.043351419270038605
,,,291,,0.041573211550712585
,,,292,,0.05878743529319763
,,,293,,0.048256102949380875
,,,294,,0.025353701785206795
,,,295,,0.041550323367118835
,,,296,,0.09391041100025177
,,,297,,0.057710789144039154
,,,298,,0.02707643434405327
,,,299,,0.037880007177591324
,,,300,,0.007196278311312199
,,,301,,0.011440644040703773
,,,302,,0.0064120520837605
,,,303,,0.008164512924849987
,,,304,,0.008157497271895409
,,,305,,0.007331692613661289
,,,306,,0.004989416338503361
,,,307,,0.005820514168590307
,,,308,,0.004860554821789265
,,,309,,0.010465499944984913
,,,310,,0.007001020014286041
,,,311,,0.004601246677339077
,,,312,,0.007016782183200121
,,,313,,0.10091523081064224
,,,314,,0.12106047570705414
,,,315,,0.19730889797210693
,,,316,,0.5915517807006836
,,,317,,0.4940258264541626
,,,318,,0.26408135890960693
,,,319,,0.1934622824192047
,,,320,,0.18284650146961212
,,,321,,0.13386739790439606
,,,322,,0.13879334926605225
,,,323,,0.14537113904953003
,,,324,,0.11462125182151794
,,,325,,0.12155972421169281
,,,326,,0.12740850448608398
,,,327,,0.12919539213180542
,,,328,,0.12593472003936768
,,,329,,0.12555624544620514
,,,330,,0.13055847585201263
,,,331,,0.14297544956207275
,,,332,,0.1019316166639328
,,,333,,0.15032735466957092
,,,334,,0.122710220515728
,,,335,,0.14742857217788696
,,,336,,0.12552288174629211
,,,337,,0.11782141029834747
,,,338,,0.14003346860408783
,,,339,,0.13214266300201416
,,,340,,0.10510732233524323
,,,341,,0.13241097331047058
,,,342,,0.1257510781288147
,,,343,,0.0944024920463562
,,,344,,0.0995166003704071
,,,345,,0.07849238812923431
,,,346,,0.09089431166648865
,,,347,,0.08490172028541565
,,,348,,0.09613221883773804
,,,349,,0.07301265001296997
,,,350,,0.08543132990598679
,,,351,,0.08756206929683685
,,,352,,0.09005260467529297
,,,353,,0.08269000053405762
,,,354,,0.08718506991863251
,,,355,,0.07544863224029541
,,,356,,0.08065170049667358
,,,357,,0.07813548296689987
,,,358,,0.09728014469146729
,,,359,,0.0840548574924469
,,,360,,0.09815935045480728
,,,361,,0.08747397363185883
,,,362,,0.10297314077615738
,,,363,,0.0957036167383194
,,,364,,0.08788041025400162
,,,365,,0.08389265090227127
,,,366,,0.09316709637641907
,,,367,,0.0807061493396759
,,,368,,0.08299402892589569
,,,369,,0.0738104060292244
,,,370,,0.06435410678386688
,,,371,,0.07693014293909073
,,,372,,0.07489887624979019
,,,373,,0.07823788374662399
,,,374,,0.08340181410312653
,,,375,,0.06797713786363602
,,,376,,0.07610653340816498
,,,377,,0.07784207165241241
,,,378,,0.05685191601514816
,,,379,,0.0659942775964737
,,,380,,0.06733378022909164
,,,381,,0.07578630745410919
,,,382,,0.07809889316558838
,,,383,,0.0768994390964508
,,,384,,0.07578156888484955
,,,385,,0.0733325332403183
,,,386,,0.07089804112911224
,,,387,,0.07059367001056671
,,,388,,0.08280522376298904
,,,389,,0.05090843141078949
,,,390,,0.0578237809240818
,,,391,,0.06282048672437668
,,,392,,0.05598112568259239
,,,393,,0.059509702026844025
,,,394,,0.0542830191552639
,,,395,,0.049406785517930984
,,,396,,0.05115588381886482
,,,397,,0.0687142089009285
,,,398,,0.05872930958867073
,,,399,,0.05077690631151199
,,,400,,0.06320695579051971
,,,401,,0.05700230598449707
,,,402,,0.06656888127326965
,,,403,,0.0554957240819931
,,,404,,0.05292373150587082
,,,405,,0.05993872135877609
,,,406,,0.05840639770030975
,,,407,,0.05438802391290665
,,,408,,0.06395643949508667
,,,409,,0.05543847382068634
,,,410,,0.05728461593389511
,,,411,,0.05106358975172043
,,,412,,0.04722443222999573
,,,413,,0.03383873775601387
,,,414,,0.03703837841749191
,,,415,,0.02176874317228794
,,,416,,0.027945682406425476
,,,417,,0.04153710603713989
,,,418,,0.03151848912239075
,,,419,,0.037149105221033096
,,,420,,0.03833737224340439
,,,421,,0.031129654496908188
,,,422,,0.019875597208738327
,,,423,,0.03243722766637802
,,,424,,0.04862818866968155
,,,425,,0.05466200411319733
,,,426,,0.040269725024700165
,,,427,,0.037037841975688934
,,,428,,0.016749078407883644
,,,429,,0.1216999739408493
,,,430,,0.026349753141403198
,,,431,,0.07607374340295792
,,,432,,0.035518828779459
,,,433,,0.04887042194604874
,,,434,,0.06566381454467773
,,,435,,0.07298541814088821
,,,436,,0.06700177490711212
,,,437,,0.09256623685359955
,,,438,,0.07158680260181427
,,,439,,0.11062869429588318
,,,440,,0.05104418098926544
,,,441,,0.16077756881713867
,,,442,,0.13839642703533173
,,,443,,0.12583091855049133
,,,444,,0.12904039025306702
,,,445,,0.1682395040988922
,,,446,,0.11595523357391357
,,,447,,0.11769908666610718
,,,448,,0.15915504097938538
,,,449,,0.12303192913532257
,,,450,,0.14918369054794312
,,,451,,0.12090111523866653
,,,452,,0.1302882730960846
,,,453,,0.14210578799247742
,,,454,,0.13619738817214966
,,,455,,0.13824519515037537
,,,456,,0.1383933573961258
,,,457,,0.06822031736373901
1,,,161,0.07161843776702881,
1,0.09697392582893372,,161,,
2,,0.05705101415514946,169,,
2,,0.08899509906768799,179,,
2,,0.06512325257062912,189,,
2,,0.0646204948425293,199,,
2,,0.05079665035009384,209,,
2,,0.0700511485338211,219,,
2,,0.07265396416187286,229,,
2,,0.05804456025362015,239,,
,,,458,,0.002917338628321886
,,,459,,0.0033163046464323997
,,,460,,0.003101336769759655
,,,461,,0.0030526763293892145
,,,462,,0.0081706577911973
,,,463,,0.0033685395028442144
,,,464,,0.0026032617315649986
,,,465,,0.0024970630183815956
,,,466,,0.004720371216535568
,,,467,,0.0027243508957326412
,,,468,,0.003209024900570512
,,,469,,0.003193523967638612
,,,470,,0.003345092758536339
,,,471,,0.0023158546537160873
,,,472,,0.003642395604401827
,,,473,,0.0027492998633533716
,,,474,,0.0036313661839812994
,,,475,,0.0071097481995821
,,,476,,0.00485618319362402
,,,477,,0.00423735985532403
,,,478,,0.0024173210840672255
,,,479,,0.003546549007296562
,,,480,,0.0029819568153470755
,,,481,,0.003716762876138091
,,,482,,0.0034013285767287016
,,,483,,0.006040453445166349
,,,484,,0.0038571017794311047
,,,485,,0.024011598899960518
,,,486,,0.04568006098270416
,,,487,,0.042250096797943115
,,,488,,0.03831407427787781
,,,489,,0.04134979099035263
,,,490,,0.04018302634358406
,,,491,,0.11933237314224243
,,,492,,0.058727674186229706
,,,493,,0.03832925483584404
,,,494,,0.037684790790081024
,,,495,,0.029396597295999527
,,,496,,0.023353051394224167
,,,497,,0.036933593451976776
,,,498,,0.026625018566846848
,,,499,,0.033337194472551346
,,,500,,0.059265680611133575
,,,501,,0.049860768020153046
,,,502,,0.029001927003264427
,,,503,,0.07296838611364365
,,,504,,0.04393777623772621
,,,505,,0.022180642932653427
,,,506,,0.051876477897167206
,,,507,,0.02461714670062065
,,,508,,0.024704866111278534
,,,509,,0.03195735439658165
,,,510,,0.013856717385351658
,,,511,,0.03074273094534874
,,,512,,0.04045771807432175
,,,513,,0.0679374635219574
,,,514,,0.07090096175670624
,,,515,,0.03907488286495209
,,,516,,0.057779956609010696
,,,517,,0.03374600037932396
,,,518,,0.04839272052049637
,,,519,,0.034419313073158264
,,,520,,0.03292490914463997
,,,521,,0.04540928825736046
,,,522,,0.0396493598818779
,,,523,,0.021577443927526474
,,,524,,0.03285304084420204
,,,525,,0.07659293711185455
,,,526,,0.04557356983423233
,,,527,,0.024714423343539238
,,,528,,0.03004944697022438
,,,529,,0.0040552373975515366
,,,530,,0.007175339385867119
,,,531,,0.003542602062225342
,,,532,,0.0042203329503536224
,,,533,,0.004568534903228283
,,,534,,0.004207858350127935
,,,535,,0.003134246915578842
,,,536,,0.003363823052495718
,,,537,,0.0029180017299950123
,,,538,,0.006033327896147966
,,,539,,0.0036132594104856253
,,,540,,0.0033729923889040947
,,,541,,0.004457694943994284
,,,542,,0.072728231549263
,,,543,,0.08791483938694
,,,544,,0.13058125972747803
,,,545,,0.40511399507522583
,,,546,,0.325653612613678
,,,547,,0.1837981641292572
,,,548,,0.17440339922904968
,,,549,,0.16223527491092682
,,,550,,0.08676007390022278
,,,551,,0.0889395922422409
,,,552,,0.09403084218502045
,,,553,,0.06871471554040909
,,,554,,0.07676708698272705
,,,555,,0.08262456953525543
,,,556,,0.07897698879241943
,,,557,,0.07690119743347168
,,,558,,0.08238621801137924
,,,559,,0.08319970965385437
,,,560,,0.08404958993196487
,,,561,,0.06284796446561813
,,,562,,0.09411673247814178
,,,563,,0.07949842512607574
,,,564,,0.09187270700931549
,,,565,,0.0794936865568161
,,,566,,0.07525582611560822
,,,567,,0.09155412018299103
,,,568,,0.08369569480419159
,,,569,,0.06449734419584274
,,,570,,0.08401571214199066
,,,571,,0.08137498795986176
,,,572,,0.0768013596534729
,,,573,,0.08067445456981659
,,,574,,0.06042277067899704
,,,575,,0.06004048138856888
,,,576,,0.05676911026239395
,,,577,,0.06429217755794525
,,,578,,0.04827383533120155
,,,579,,0.05614302307367325
,,,580,,0.05715245008468628
,,,581,,0.05848994851112366
,,,582,,0.05559390038251877
,,,583,,0.05874772369861603
,,,584,,0.04904073476791382
,,,585,,0.05262302607297897
,,,586,,0.05245663970708847
,,,587,,0.0643303245306015
,,,588,,0.05633886158466339
,,,589,,0.06470011174678802
,,,590,,0.05825800448656082
,,,591,,0.06627695262432098
,,,592,,0.06390946358442307
,,,593,,0.058685120195150375
,,,594,,0.05561152845621109
,,,595,,0.060273051261901855
,,,596,,0.052201129496097565
,,,597,,0.05496697872877121
,,,598,,0.047024551779031754
,,,599,,0.041533276438713074
,,,600,,0.04832430183887482
,,,601,,0.0513032041490078
,,,602,,0.05127810686826706
,,,603,,0.052761632949113846
,,,604,,0.04559629410505295
,,,605,,0.05020694434642792
,,,606,,0.04823271930217743
,,,607,,0.037067703902721405
,,,608,,0.04329753294587135
,,,609,,0.043535538017749786
,,,610,,0.04967653751373291
,,,611,,0.04947695508599281
,,,612,,0.05262145772576332
,,,613,,0.050416119396686554
,,,614,,0.048796042799949646
,,,615,,0.04498504474759102
,,,616,,0.04751824215054512
,,,617,,0.05348905920982361
,,,618,,0.03627273440361023
,,,619,,0.04044407606124878
,,,620,,0.0442986860871315
,,,621,,0.039627835154533386
,,,622,,0.04132945463061333
,,,623,,0.03824829310178757
,,,624,,0.034106917679309845
,,,625,,0.03573242202401161
,,,626,,0.047664824873209
,,,627,,0.0407237708568573
,,,628,,0.03575577214360237
,,,629,,0.04412326216697693
,,,630,,0.039194002747535706
,,,631,,0.04738413915038109
,,,632,,0.039339497685432434
,,,633,,0.036985740065574646
,,,634,,0.041593603789806366
,,,635,,0.04119841009378433
,,,636,,0.03762831538915634
,,,637,,0.04456714540719986
,,,638,,0.03885231167078018
,,,639,,0.03942592814564705
,,,640,,0.024112533777952194
,,,641,,0.021408507600426674
,,,642,,0.016067054122686386
,,,643,,0.017709139734506607
,,,644,,0.011871815659105778
,,,645,,0.013765727169811726
,,,646,,0.019397834315896034
,,,647,,0.014958444982767105
,,,648,,0.017954695969820023
,,,649,,0.018110282719135284
,,,650,,0.015428073704242706
,,,651,,0.011636978015303612
,,,652,,0.015384864993393421
,,,653,,0.038535941392183304
,,,654,,0.05053115636110306
,,,655,,0.03751005977392197
,,,656,,0.03182346373796463
,,,657,,0.015050006099045277
,,,658,,0.11787475645542145
,,,659,,0.02408795803785324
,,,660,,0.0736759677529335
,,,661,,0.033462557941675186
,,,662,,0.046846844255924225
,,,663,,0.0624384880065918
,,,664,,0.06990668177604675
,,,665,,0.0630001574754715
,,,666,,0.08992934226989746
,,,667,,0.06866558641195297
,,,668,,0.10723854601383209
,,,669,,0.04818768799304962
,,,670,,0.15689760446548462
,,,671,,0.1349690556526184
,,,672,,0.12225200235843658
,,,673,,0.12488321214914322
,,,674,,0.16507835686206818
,,,675,,0.11140923202037811
,,,676,,0.11260515451431274
,,,677,,0.15538284182548523
,,,678,,0.1187233030796051
,,,679,,0.14574545621871948
,,,680,,0.11682143062353134
,,,681,,0.12464285641908646
,,,682,,0.13776618242263794
,,,683,,0.13203726708889008
,,,684,,0.1340145766735077
,,,685,,0.1345285177230835
,,,686,,0.06397679448127747
2,,,242,0.05277351289987564,
2,0.06101522967219353,,242,,
3,,0.04577247053384781,249,,
3,,0.04893723875284195,259,,
3,,0.05199652537703514,269,,
3,,0.04412011802196503,279,,
3,,0.04680543392896652,289,,
3,,0.06331314146518707,299,,
3,,0.03344027325510979,309,,
3,,0.04409974813461304,319,,
,,,687,,0.0021751709282398224
,,,688,,0.0023868801072239876
,,,689,,0.002523938426747918
,,,690,,0.002403202001005411
,,,691,,0.00586373545229435
,,,692,,0.0026330705732107162
,,,693,,0.0023219091817736626
,,,694,,0.0019114618189632893
,,,695,,0.0035916524939239025
,,,696,,0.0021671331487596035
,,,697,,0.0027135848067700863
,,,698,,0.0027297353371977806
,,,699,,0.00242476724088192
,,,700,,0.0020071356557309628
,,,701,,0.0029406421817839146
,,,702,,0.002234875224530697
,,,703,,0.0029799698386341333
,,,704,,0.00514951441437006
,,,705,,0.0037512455601245165
,,,706,,0.0036051308270543814
,,,707,,0.002031574724242091
,,,708,,0.0025983923114836216
,,,709,,0.0022787724155932665
,,,710,,0.003000452183187008
,,,711,,0.0027805473655462265
,,,712,,0.004309262149035931
,,,713,,0.003056560643017292
,,,714,,0.018624763935804367
,,,715,,0.039128340780735016
,,,716,,0.03605484217405319
,,,717,,0.032842885702848434
,,,718,,0.03508433699607849
,,,719,,0.03432586044073105
,,,720,,0.11167110502719879
,,,721,,0.05107297748327255
,,,722,,0.03318140655755997
,,,723,,0.03240197151899338
,,,724,,0.024582769721746445
,,,725,,0.01852020062506199
,,,726,,0.030900971964001656
,,,727,,0.021502826362848282
,,,728,,0.025259770452976227
,,,729,,0.04846305772662163
,,,730,,0.04091698303818703
,,,731,,0.022674560546875
,,,732,,0.0605640634894371
,,,733,,0.03449493646621704
,,,734,,0.016172349452972412
,,,735,,0.04130438715219498
,,,736,,0.018367182463407516
,,,737,,0.019396187737584114
,,,738,,0.024566518142819405
,,,739,,0.010220176540315151
,,,740,,0.02417578175663948
,,,741,,0.0347176194190979
,,,742,,0.060819465667009354
,,,743,,0.061477094888687134
,,,744,,0.03448445349931717
,,,745,,0.04871884733438492
,,,746,,0.029677381739020348
,,,747,,0.04195837676525116
,,,748,,0.03092084638774395
,,,749,,0.029082227498292923
,,,750,,0.039573974907398224
,,,751,,0.035225823521614075
,,,752,,0.019991330802440643
,,,753,,0.02861981838941574
,,,754,,0.06626518815755844
,,,755,,0.039428893476724625
,,,756,,0.02279295213520527
,,,757,,0.026688527315855026
,,,758,,0.003264456521719694
,,,759,,0.005392067134380341
,,,760,,0.0024085650220513344
,,,761,,0.0033670058473944664
,,,762,,0.00340493256226182
,,,763,,0.003335613990202546
,,,764,,0.0024132863618433475
,,,765,,0.0024092812091112137
,,,766,,0.0024173220153898
,,,767,,0.004421898163855076
,,,768,,0.0027690757997334003
,,,769,,0.0032310655806213617
,,,770,,0.00343411136418581
,,,771,,0.06129532307386398
,,,772,,0.0749751552939415
,,,773,,0.09468470513820648
,,,774,,0.27143800258636475
,,,775,,0.2176501303911209
,,,776,,0.13700196146965027
,,,777,,0.16440100967884064
,,,778,,0.15132126212120056
,,,779,,0.06618823856115341
,,,780,,0.06776967644691467
,,,781,,0.07179564982652664
,,,782,,0.052111320197582245
,,,783,,0.05815599486231804
,,,784,,0.06300486624240875
,,,785,,0.05780155956745148
,,,786,,0.05765882506966591
,,,787,,0.06392049044370651
,,,788,,0.06154624745249748
,,,789,,0.05917152762413025
,,,790,,0.0469587966799736
,,,791,,0.07044050097465515
,,,792,,0.06093534454703331
,,,793,,0.06951471418142319
,,,794,,0.06012511998414993
,,,795,,0.05718798190355301
,,,796,,0.07165031135082245
,,,797,,0.06352499127388
,,,798,,0.049055032432079315
,,,799,,0.0645345151424408
,,,800,,0.06279504299163818
,,,801,,0.06347827613353729
,,,802,,0.06633441150188446
,,,803,,0.050829507410526276
,,,804,,0.04858450964093208
,,,805,,0.046736039221286774
,,,806,,0.05201812833547592
,,,807,,0.03988932445645332
,,,808,,0.046059589833021164
,,,809,,0.04768321290612221
,,,810,,0.04754606634378433
,,,811,,0.045952245593070984
,,,812,,0.04834289103746414
,,,813,,0.03987029567360878
,,,814,,0.04296785965561867
,,,815,,0.04232661426067352
,,,816,,0.0522683709859848
,,,817,,0.04614127427339554
,,,818,,0.051939330995082855
,,,819,,0.04711848869919777
,,,820,,0.055213525891304016
,,,821,,0.05246657878160477
,,,822,,0.047630004584789276
,,,823,,0.0451575443148613
,,,824,,0.04965738579630852
,,,825,,0.04137003421783447
,,,826,,0.04622582346200943
,,,827,,0.03890019282698631
,,,828,,0.03527004271745682
,,,829,,0.03937221318483353
,,,830,,0.0424610897898674
,,,831,,0.042420223355293274
,,,832,,0.043439608067274094
,,,833,,0.038787148892879486
,,,834,,0.04160591959953308
,,,835,,0.03887534141540527
,,,836,,0.031205318868160248
,,,837,,0.036867715418338776
,,,838,,0.037077587097883224
,,,839,,0.042707525193691254
,,,840,,0.04076447710394859
,,,841,,0.04456020146608353
,,,842,,0.042796045541763306
,,,843,,0.04100317880511284
,,,844,,0.03657473623752594
,,,845,,0.040653105825185776
,,,846,,0.04387165606021881
,,,847,,0.03040831908583641
,,,848,,0.03361788019537926
,,,849,,0.037286557257175446
,,,850,,0.03330892696976662
,,,851,,0.03441566973924637
,,,852,,0.031598277390003204
,,,853,,0.02869042009115219
,,,854,,0.02978413552045822
,,,855,,0.039994169026613235
,,,856,,0.03415320813655853
,,,857,,0.02952936291694641
,,,858,,0.03743555024266243
,,,859,,0.03285662829875946
,,,860,,0.039740730077028275
,,,861,,0.03260977566242218
,,,862,,0.03037024848163128
,,,863,,0.03472542390227318
,,,864,,0.034778740257024765
,,,865,,0.030914414674043655
,,,866,,0.03748038411140442
,,,867,,0.03236071392893791
,,,868,,0.03254219889640808
,,,869,,0.017369696870446205
,,,870,,0.014705340377986431
,,,871,,0.011666540056467056
,,,872,,0.012819726020097733
,,,873,,0.009030045010149479
,,,874,,0.010103033855557442
,,,875,,0.014264483004808426
,,,876,,0.011111961677670479
,,,877,,0.013534747064113617
,,,878,,0.013097185641527176
,,,879,,0.011383453384041786
,,,880,,0.008856574073433876
,,,881,,0.011933274567127228
,,,882,,0.035423021763563156
,,,883,,0.04932774603366852
,,,884,,0.03658970445394516
,,,885,,0.0296836756169796
,,,886,,0.01479373686015606
,,,887,,0.11608084291219711
,,,888,,0.02341458573937416
,,,889,,0.0726812332868576
,,,890,,0.033230047672986984
,,,891,,0.046302907168865204
,,,892,,0.06033630669116974
,,,893,,0.06872101128101349
,,,894,,0.06108039990067482
,,,895,,0.08784040808677673
,,,896,,0.06681652367115021
,,,897,,0.104969322681427
,,,898,,0.04739740490913391
,,,899,,0.15537500381469727
,,,900,,0.1335398554801941
,,,901,,0.12093420326709747
,,,902,,0.1232970803976059
,,,903,,0.16371233761310577
,,,904,,0.10991469025611877
,,,905,,0.11086998879909515
,,,906,,0.15394115447998047
,,,907,,0.11726009845733643
,,,908,,0.14421309530735016
,,,909,,0.11537935584783554
,,,910,,0.12240731716156006
,,,911,,0.13612039387226105
,,,912,,0.13040411472320557
,,,913,,0.13255643844604492
,,,914,,0.13326767086982727
,,,915,,0.062074724584817886
3,,,323,0.044859208166599274,
3,0.048536527901887894,,323,,
4,,0.03696819394826889,329,,
4,,0.05880458652973175,339,,
4,,0.061243630945682526,349,,
4,,0.04209102690219879,359,,
4,,0.036196231842041016,369,,
4,,0.04603058844804764,379,,
4,,0.04193120449781418,389,,
4,,0.03814347833395004,399,,
,,,916,,0.002259458415210247
,,,917,,0.002309720264747739
,,,918,,0.0026498460210859776
,,,919,,0.002292866352945566
,,,920,,0.004728300496935844
,,,921,,0.00249392818659544
,,,922,,0.002402056008577347
,,,923,,0.002053419593721628
,,,924,,0.002963785082101822
,,,925,,0.0021431592758744955
,,,926,,0.002816436579450965
,,,927,,0.0028178179636597633
,,,928,,0.0023794914595782757
,,,929,,0.002082514576613903
,,,930,,0.0029270732775330544
,,,931,,0.0022786338813602924
,,,932,,0.00305059552192688
,,,933,,0.00454237824305892
,,,934,,0.003406448755413294
,,,935,,0.003630994353443384
,,,936,,0.0021188543178141117
,,,937,,0.0026311888359487057
,,,938,,0.0022721285931766033
,,,939,,0.003079013666138053
,,,940,,0.0029452573508024216
,,,941,,0.004055427853018045
,,,942,,0.002970639616250992
,,,943,,0.01673729531466961
,,,944,,0.035512059926986694
,,,945,,0.0326453298330307
,,,946,,0.030215956270694733
,,,947,,0.032192498445510864
,,,948,,0.031166810542345047
,,,949,,0.10758956521749496
,,,950,,0.04713498055934906
,,,951,,0.030328579246997833
,,,952,,0.029952410608530045
,,,953,,0.02257126197218895
,,,954,,0.016439294442534447
,,,955,,0.028096530586481094
,,,956,,0.01958717219531536
,,,957,,0.021726194769144058
,,,958,,0.04321438819169998
,,,959,,0.03618208318948746
,,,960,,0.02035778947174549
,,,961,,0.05403447523713112
,,,962,,0.02984868735074997
,,,963,,0.014179389923810959
,,,964,,0.03635292500257492
,,,965,,0.01682576909661293
,,,966,,0.016921602189540863
,,,967,,0.022127747535705566
,,,968,,0.009299516677856445
,,,969,,0.021550271660089493
,,,970,,0.03175199776887894
,,,971,,0.05532111972570419
,,,972,,0.05522220581769943
,,,973,,0.0318538174033165
,,,974,,0.043294429779052734
,,,975,,0.027801068499684334
,,,976,,0.038291700184345245
,,,977,,0.02909058704972267
,,,978,,0.027041593566536903
,,,979,,0.035883642733097076
,,,980,,0.03302549198269844
,,,981,,0.01940799131989479
,,,982,,0.02656601369380951
,,,983,,0.059392377734184265
,,,984,,0.03573063015937805
,,,985,,0.022625556215643883
,,,986,,0.024022338911890984
,,,987,,0.0029307492077350616
,,,988,,0.004772940184921026
,,,989,,0.003675216343253851
,,,990,,0.003436097875237465
,,,991,,0.003293212503194809
,,,992,,0.0032005240209400654
,,,993,,0.0024455091916024685
,,,994,,0.002914567245170474
,,,995,,0.0023443996906280518
,,,996,,0.004059979692101479
,,,997,,0.003139349166303873
,,,998,,0.00211045378819108
,,,999,,0.0032860133796930313
,,,1000,,0.05059085786342621
,,,1001,,0.062188856303691864
,,,1002,,0.07477492839097977
,,,1003,,0.21918638050556183
,,,1004,,0.17526592314243317
,,,1005,,0.11408402025699615
,,,1006,,0.14999108016490936
,,,1007,,0.1375710666179657
,,,1008,,0.05720151215791702
,,,1009,,0.05935939401388168
,,,1010,,0.062479227781295776
,,,1011,,0.045069243758916855
,,,1012,,0.05061783269047737
,,,1013,,0.05548867583274841
,,,1014,,0.04995274543762207
,,,1015,,0.0501735657453537
,,,1016,,0.056168194860219955
,,,1017,,0.0526932030916214
,,,1018,,0.05041918158531189
,,,1019,,0.0411362424492836
,,,1020,,0.0610065832734108
,,,1021,,0.053499795496463776
,,,1022,,0.06012331694364548
,,,1023,,0.05267070606350899
,,,1024,,0.04954152554273605
,,,1025,,0.06315620988607407
,,,1026,,0.05566693842411041
,,,1027,,0.04272973909974098
,,,1028,,0.05689965933561325
,,,1029,,0.05516867712140083
,,,1030,,0.06047644466161728
,,,1031,,0.06360547989606857
,,,1032,,0.04706194996833801
,,,1033,,0.04223860055208206
,,,1034,,0.041031066328287125
,,,1035,,0.045225776731967926
,,,1036,,0.03481194004416466
,,,1037,,0.040502116084098816
,,,1038,,0.04177309572696686
,,,1039,,0.04126663878560066
,,,1040,,0.0399763360619545
,,,1041,,0.042122840881347656
,,,1042,,0.03467743098735809
,,,1043,,0.03730492666363716
,,,1044,,0.03664526343345642
,,,1045,,0.045756746083498
,,,1046,,0.03999561443924904
,,,1047,,0.04528605937957764
,,,1048,,0.0413149893283844
,,,1049,,0.04847095534205437
,,,1050,,0.04554874449968338
,,,1051,,0.04143553227186203
,,,1052,,0.0395575575530529
,,,1053,,0.043600134551525116
,,,1054,,0.03542882204055786
,,,1055,,0.03896288573741913
,,,1056,,0.03202822059392929
,,,1057,,0.029968367889523506
,,,1058,,0.03280045464634895
,,,1059,,0.03580532968044281
,,,1060,,0.035962432622909546
,,,1061,,0.03675729036331177
,,,1062,,0.03277590870857239
,,,1063,,0.03524797409772873
,,,1064,,0.0329216830432415
,,,1065,,0.026154153048992157
,,,1066,,0.03138759359717369
,,,1067,,0.031574372202157974
,,,1068,,0.03624207526445389
,,,1069,,0.034331247210502625
,,,1070,,0.03806384652853012
,,,1071,,0.036544330418109894
,,,1072,,0.034782055765390396
,,,1073,,0.03072988986968994
,,,1074,,0.03461446613073349
,,,1075,,0.03671859949827194
,,,1076,,0.02708214893937111
,,,1077,,0.030181147158145905
,,,1078,,0.033775750547647476
,,,1079,,0.030053578317165375
,,,1080,,0.03078201785683632
,,,1081,,0.028524653986096382
,,,1082,,0.02544938400387764
,,,1083,,0.026594625785946846
,,,1084,,0.036113087087869644
,,,1085,,0.03073715791106224
,,,1086,,0.026813426986336708
,,,1087,,0.034005701541900635
,,,1088,,0.029537977650761604
,,,1089,,0.03597768023610115
,,,1090,,0.029450079426169395
,,,1091,,0.027174122631549835
,,,1092,,0.03157857805490494
,,,1093,,0.031491704285144806
,,,1094,,0.027800515294075012
,,,1095,,0.03378866985440254
,,,1096,,0.029200492426753044
,,,1097,,0.029693741351366043
,,,1098,,0.014568611979484558
,,,1099,,0.012669434770941734
,,,1100,,0.010237677954137325
,,,1101,,0.01127757877111435
,,,1102,,0.008470389060676098
,,,1103,,0.009293392300605774
,,,1104,,0.01150293368846178
,,,1105,,0.010303896851837635
,,,1106,,0.012119227088987827
,,,1107,,0.011447899043560028
,,,1108,,0.010293561033904552
,,,1109,,0.009005392901599407
,,,1110,,0.010265108197927475
,,,1111,,0.03427998349070549
,,,1112,,0.04939652234315872
,,,1113,,0.03667397052049637
,,,1114,,0.028811955824494362
,,,1115,,0.015301532112061977
,,,1116,,0.1164507120847702
,,,1117,,0.023421157151460648
,,,1118,,0.07306517660617828
,,,1119,,0.033504828810691833
,,,1120,,0.04622478783130646
,,,1121,,0.06004902720451355
,,,1122,,0.0690540298819542
,,,1123,,0.06079931929707527
,,,1124,,0.08783921599388123
,,,1125,,0.06728608161211014
,,,1126,,0.10573489964008331
,,,1127,,0.04730807989835739
,,,1128,,0.15461955964565277
,,,1129,,0.13321490585803986
,,,1130,,0.12038876861333847
,,,1131,,0.12229203432798386
,,,1132,,0.16276393830776215
,,,1133,,0.10879464447498322
,,,1134,,0.10998088121414185
,,,1135,,0.1528913974761963
,,,1136,,0.11624155193567276
,,,1137,,0.14332199096679688
,,,1138,,0.11440995335578918
,,,1139,,0.12143932282924652
,,,1140,,0.13490791618824005
,,,1141,,0.1295042335987091
,,,1142,,0.13159602880477905
,,,1143,,0.1321849226951599
,,,1144,,0.06118875741958618
4,,,404,0.04098653048276901,
4,0.04192988574504852,,404,,
5,,0.033918946981430054,409,,
5,,0.02004745788872242,419,,
5,,0.020725440233945847,429,,
5,,0.05577344447374344,439,,
5,,0.055755507200956345,449,,
5,,0.04782461002469063,459,,
5,,0.02451939880847931,469,,
5,,0.018596572801470757,479,,
,,,1145,,0.0014487773878499866
,,,1146,,0.0015427293255925179
,,,1147,,0.0017821607179939747
,,,1148,,0.0015002402942627668
,,,1149,,0.0034714280627667904
,,,1150,,0.0016107840929180384
,,,1151,,0.0015749242156744003
,,,1152,,0.0012120045721530914
,,,1153,,0.002113260328769684
,,,1154,,0.0013659615069627762
,,,1155,,0.0019638792145997286
,,,1156,,0.0019692350178956985
,,,1157,,0.001657010056078434
,,,1158,,0.001316755311563611
,,,1159,,0.00201794714666903
,,,1160,,0.0014817980118095875
,,,1161,,0.002166284481063485
,,,1162,,0.0031742313876748085
,,,1163,,0.0023065414279699326
,,,1164,,0.002687677275389433
,,,1165,,0.0012532202526926994
,,,1166,,0.0015522041358053684
,,,1167,,0.0013782456517219543
,,,1168,,0.0021954705007374287
,,,1169,,0.0020540738478302956
,,,1170,,0.002760461065918207
,,,1171,,0.0019476881716400385
,,,1172,,0.014633351005613804
,,,1173,,0.03224490210413933
,,,1174,,0.029910799115896225
,,,1175,,0.027205556631088257
,,,1176,,0.029436489567160606
,,,1177,,0.02858143486082554
,,,1178,,0.10312402248382568
,,,1179,,0.04339965060353279
,,,1180,,0.027210097759962082
,,,1181,,0.0272859837859869
,,,1182,,0.019754905253648758
,,,1183,,0.01444188877940178
,,,1184,,0.025275152176618576
,,,1185,,0.017338827252388
,,,1186,,0.018617644906044006
,,,1187,,0.038779377937316895
,,,1188,,0.03257661312818527
,,,1189,,0.017493244260549545
,,,1190,,0.04841332137584686
,,,1191,,0.026220424100756645
,,,1192,,0.011359350755810738
,,,1193,,0.03208112716674805
,,,1194,,0.014128483831882477
,,,1195,,0.014587119221687317
,,,1196,,0.0192253477871418
,,,1197,,0.007450642064213753
,,,1198,,0.018702547997236252
,,,1199,,0.029039572924375534
,,,1200,,0.05060111731290817
,,,1201,,0.05009742081165314
,,,1202,,0.029349107295274734
,,,1203,,0.03924158215522766
,,,1204,,0.025727804750204086
,,,1205,,0.03495869040489197
,,,1206,,0.027188647538423538
,,,1207,,0.02509816735982895
,,,1208,,0.032864395529031754
,,,1209,,0.030808329582214355
,,,1210,,0.017923470586538315
,,,1211,,0.02407466061413288
,,,1212,,0.0538598895072937
,,,1213,,0.03234659880399704
,,,1214,,0.021400608122348785
,,,1215,,0.022184764966368675
,,,1216,,0.00224712654016912
,,,1217,,0.0037134350277483463
,,,1218,,0.0016916317399591208
,,,1219,,0.002263177651911974
,,,1220,,0.00238408287987113
,,,1221,,0.002464274177327752
,,,1222,,0.001706225797533989
,,,1223,,0.001719699939712882
,,,1224,,0.0016683435533195734
,,,1225,,0.002957160584628582
,,,1226,,0.001926549943163991
,,,1227,,0.0027108658105134964
,,,1228,,0.002599930390715599
,,,1229,,0.04372282326221466
,,,1230,,0.05324790999293327
,,,1231,,0.06328348815441132
,,,1232,,0.1900586485862732
,,,1233,,0.14980341494083405
,,,1234,,0.10451376438140869
,,,1235,,0.1465577483177185
,,,1236,,0.13323593139648438
,,,1237,,0.051805682480335236
,,,1238,,0.05227496102452278
,,,1239,,0.05442357063293457
,,,1240,,0.0389866828918457
,,,1241,,0.04498516768217087
,,,1242,,0.05024547129869461
,,,1243,,0.044272877275943756
,,,1244,,0.044584620743989944
,,,1245,,0.04873465746641159
,,,1246,,0.04650699347257614
,,,1247,,0.04460810869932175
,,,1248,,0.03626245632767677
,,,1249,,0.05347118526697159
,,,1250,,0.04703246057033539
,,,1251,,0.052481599152088165
,,,1252,,0.04668160155415535
,,,1253,,0.04388722777366638
,,,1254,,0.055969275534152985
,,,1255,,0.04935496672987938
,,,1256,,0.03792320191860199
,,,1257,,0.050284624099731445
,,,1258,,0.0491272434592247
,,,1259,,0.04570465907454491
,,,1260,,0.045993622392416
,,,1261,,0.03571872413158417
,,,1262,,0.03780268132686615
,,,1263,,0.035493187606334686
,,,1264,,0.039363183081150055
,,,1265,,0.030800286680459976
,,,1266,,0.03509090840816498
,,,1267,,0.036633796989917755
,,,1268,,0.03632137179374695
,,,1269,,0.0345403291285038
,,,1270,,0.036609403789043427
,,,1271,,0.030772628262639046
,,,1272,,0.03243183344602585
,,,1273,,0.032017841935157776
,,,1274,,0.040229253470897675
,,,1275,,0.035091742873191833
,,,1276,,0.04003589600324631
,,,1277,,0.03582547977566719
,,,1278,,0.0420687273144722
,,,1279,,0.0401344820857048
,,,1280,,0.036475151777267456
,,,1281,,0.03431777283549309
,,,1282,,0.03804853931069374
,,,1283,,0.030565917491912842
,,,1284,,0.03297268599271774
,,,1285,,0.027721207588911057
,,,1286,,0.025793612003326416
,,,1287,,0.02843448892235756
,,,1288,,0.031436845660209656
,,,1289,,0.030908040702342987
,,,1290,,0.03186287730932236
,,,1291,,0.028395963832736015
,,,1292,,0.03035009652376175
,,,1293,,0.028631683439016342
,,,1294,,0.02278856374323368
,,,1295,,0.02665979042649269
,,,1296,,0.027109626680612564
,,,1297,,0.030988000333309174
,,,1298,,0.029504988342523575
,,,1299,,0.032876212149858475
,,,1300,,0.03144888952374458
,,,1301,,0.03005446493625641
,,,1302,,0.026810884475708008
,,,1303,,0.029531046748161316
,,,1304,,0.03183547034859657
,,,1305,,0.024325791746377945
,,,1306,,0.027272161096334457
,,,1307,,0.03062458336353302
,,,1308,,0.027247551828622818
,,,1309,,0.02774619869887829
,,,1310,,0.025847822427749634
,,,1311,,0.022716131061315536
,,,1312,,0.02415504865348339
,,,1313,,0.03255303576588631
,,,1314,,0.027617981657385826
,,,1315,,0.024259304627776146
,,,1316,,0.030568325892090797
,,,1317,,0.02648148685693741
,,,1318,,0.03247952461242676
,,,1319,,0.02655647322535515
,,,1320,,0.024537796154618263
,,,1321,,0.028302131220698357
,,,1322,,0.02853437513113022
,,,1323,,0.025043321773409843
,,,1324,,0.030588343739509583
,,,1325,,0.026349127292633057
,,,1326,,0.02655533328652382
,,,1327,,0.012303141877055168
,,,1328,,0.010104969143867493
,,,1329,,0.008063375018537045
,,,1330,,0.008784662932157516
,,,1331,,0.006578549742698669
,,,1332,,0.007050704210996628
,,,1333,,0.009557570330798626
,,,1334,,0.007954626344144344
,,,1335,,0.009786972776055336
,,,1336,,0.009217342361807823
,,,1337,,0.007980890572071075
,,,1338,,0.007188248913735151
,,,1339,,0.008206556551158428
,,,1340,,0.03274247422814369
,,,1341,,0.048073574900627136
,,,1342,,0.035533759742975235
,,,1343,,0.02760365977883339
,,,1344,,0.014230487868189812
,,,1345,,0.11386741697788239
,,,1346,,0.0226636603474617
,,,1347,,0.07042580842971802
,,,1348,,0.032232921570539474
,,,1349,,0.045183323323726654
,,,1350,,0.058383241295814514
,,,1351,,0.06703527271747589
,,,1352,,0.058635130524635315
,,,1353,,0.08599415421485901
,,,1354,,0.06512682139873505
,,,1355,,0.10265737771987915
,,,1356,,0.0455583892762661
,,,1357,,0.15165187418460846
,,,1358,,0.13008764386177063
,,,1359,,0.11779128760099411
,,,1360,,0.11973008513450623
,,,1361,,0.1592978537082672
,,,1362,,0.10681352019309998
,,,1363,,0.10807711631059647
,,,1364,,0.149380624294281
,,,1365,,0.11381478607654572
,,,1366,,0.14021480083465576
,,,1367,,0.11294659972190857
,,,1368,,0.11904740333557129
,,,1369,,0.13239994645118713
,,,1370,,0.126604825258255
,,,1371,,0.12894415855407715
,,,1372,,0.12981204688549042
,,,1373,,0.05904455482959747
5,,,485,0.03736291080713272,
5,0.038687847554683685,,485,,
6,,0.03937896341085434,489,,
6,,0.04620245844125748,499,,
6,,0.027532991021871567,509,,
6,,0.04579863324761391,519,,
6,,0.0271510761231184,529,,
6,,0.04617568850517273,539,,
6,,0.03194905072450638,549,,
6,,0.042499445378780365,559,,
,,,1374,,0.0026571943890303373
,,,1375,,0.002657525474205613
,,,1376,,0.003144678194075823
,,,1377,,0.0028261360712349415
,,,1378,,0.004132748115807772
,,,1379,,0.002947893925011158
,,,1380,,0.0029911664314568043
,,,1381,,0.0026247575879096985
,,,1382,,0.0031503550708293915
,,,1383,,0.002663923427462578
,,,1384,,0.003332261461764574
,,,1385,,0.003282286459580064
,,,1386,,0.0027549765072762966
,,,1387,,0.0025518126785755157
,,,1388,,0.0030818572267889977
,,,1389,,0.002450119936838746
,,,1390,,0.003077378263697028
,,,1391,,0.0038545439019799232
,,,1392,,0.0030326417181640863
,,,1393,,0.003794718999415636
,,,1394,,0.0025932597927749157
,,,1395,,0.002718220930546522
,,,1396,,0.0024520487058907747
,,,1397,,0.0033158045262098312
,,,1398,,0.0030143908224999905
,,,1399,,0.003678392618894577
,,,1400,,0.0030324494000524282
,,,1401,,0.014564412645995617
,,,1402,,0.031683266162872314
,,,1403,,0.029325217008590698
,,,1404,,0.02661803364753723
,,,1405,,0.028730878606438637
,,,1406,,0.028068164363503456
,,,1407,,0.10175871104001999
,,,1408,,0.04277560114860535
,,,1409,,0.026683222502470016
,,,1410,,0.026963552460074425
,,,1411,,0.019855132326483727
,,,1412,,0.014361923560500145
,,,1413,,0.024890786036849022
,,,1414,,0.01724754273891449
,,,1415,,0.017967216670513153
,,,1416,,0.03711462393403053
,,,1417,,0.03150465339422226
,,,1418,,0.017812933772802353
,,,1419,,0.04580432176589966
,,,1420,,0.025257470086216927
,,,1421,,0.012203847989439964
,,,1422,,0.030601700767874718
,,,1423,,0.014796326868236065
,,,1424,,0.014662020839750767
,,,1425,,0.019158873707056046
,,,1426,,0.008487632498145103
,,,1427,,0.018718836829066277
,,,1428,,0.028979742899537086
,,,1429,,0.04781104996800423
,,,1430,,0.04716852307319641
,,,1431,,0.02952556684613228
,,,1432,,0.037141554057598114
,,,1433,,0.026036832481622696
,,,1434,,0.03413569927215576
,,,1435,,0.027732640504837036
,,,1436,,0.025418756529688835
,,,1437,,0.03218131512403488
,,,1438,,0.030807938426733017
,,,1439,,0.01937052607536316
,,,1440,,0.024635329842567444
,,,1441,,0.050424836575984955
,,,1442,,0.03157472983002663
,,,1443,,0.022791560739278793
,,,1444,,0.021749179810285568
,,,1445,,0.0030275648459792137
,,,1446,,0.004696168936789036
,,,1447,,0.004420732147991657
,,,1448,,0.0033895052038133144
,,,1449,,0.003187457798048854
,,,1450,,0.0034190723672509193
,,,1451,,0.0029722570907324553
,,,1452,,0.0034618969075381756
,,,1453,,0.0027648508548736572
,,,1454,,0.003907077945768833
,,,1455,,0.00328799057751894
,,,1456,,0.0022305320017039776
,,,1457,,0.0037261450197547674
,,,1458,,0.042994335293769836
,,,1459,,0.052241336554288864
,,,1460,,0.0581570528447628
,,,1461,,0.16847136616706848
,,,1462,,0.12985025346279144
,,,1463,,0.08871574699878693
,,,1464,,0.12865236401557922
,,,1465,,0.11748422682285309
,,,1466,,0.04691483825445175
,,,1467,,0.04830962046980858
,,,1468,,0.0497964546084404
,,,1469,,0.03551318496465683
,,,1470,,0.04157064110040665
,,,1471,,0.046924665570259094
,,,1472,,0.04019177705049515
,,,1473,,0.0409555621445179
,,,1474,,0.04465600848197937
,,,1475,,0.04276030510663986
,,,1476,,0.040074996650218964
,,,1477,,0.03308244049549103
,,,1478,,0.048871442675590515
,,,1479,,0.0437173992395401
,,,1480,,0.04784863442182541
,,,1481,,0.04260198399424553
,,,1482,,0.04010558873414993
,,,1483,,0.051508236676454544
,,,1484,,0.045514579862356186
,,,1485,,0.03469923883676529
,,,1486,,0.04648963361978531
,,,1487,,0.04504556208848953
,,,1488,,0.04075358062982559
,,,1489,,0.04138781502842903
,,,1490,,0.032431866973638535
,,,1491,,0.03433865308761597
,,,1492,,0.03237040340900421
,,,1493,,0.035404544323682785
,,,1494,,0.02801869809627533
,,,1495,,0.03203746676445007
,,,1496,,0.03352770209312439
,,,1497,,0.0329909585416317
,,,1498,,0.03125226870179176
,,,1499,,0.03321215510368347
,,,1500,,0.02751568704843521
,,,1501,,0.029362205415964127
,,,1502,,0.029050923883914948
,,,1503,,0.036680668592453
,,,1504,,0.031966667622327805
,,,1505,,0.036125048995018005
,,,1506,,0.03264503553509712
,,,1507,,0.03806041181087494
,,,1508,,0.0363910086452961
,,,1509,,0.03316408395767212
,,,1510,,0.03105459362268448
,,,1511,,0.03480736166238785
,,,1512,,0.02664707787334919
,,,1513,,0.028580546379089355
,,,1514,,0.024229291826486588
,,,1515,,0.02277069166302681
,,,1516,,0.02522340416908264
,,,1517,,0.027326321229338646
,,,1518,,0.02671293169260025
,,,1519,,0.02789893001317978
,,,1520,,0.02419266849756241
,,,1521,,0.026740144938230515
,,,1522,,0.024851584807038307
,,,1523,,0.020118065178394318
,,,1524,,0.02347099781036377
,,,1525,,0.023952163755893707
,,,1526,,0.026960477232933044
,,,1527,,0.025855401530861855
,,,1528,,0.028521113097667694
,,,1529,,0.027404755353927612
,,,1530,,0.026522397994995117
,,,1531,,0.023675931617617607
,,,1532,,0.025539789348840714
,,,1533,,0.027843253687024117
,,,1534,,0.023459691554307938
,,,1535,,0.026345117017626762
,,,1536,,0.029402058571577072
,,,1537,,0.02624751627445221
,,,1538,,0.026781711727380753
,,,1539,,0.025048570707440376
,,,1540,,0.02213125489652157
,,,1541,,0.023466624319553375
,,,1542,,0.03103099763393402
,,,1543,,0.02657575160264969
,,,1544,,0.023778021335601807
,,,1545,,0.029252342879772186
,,,1546,,0.025514623150229454
,,,1547,,0.031106844544410706
,,,1548,,0.02565978653728962
,,,1549,,0.02389013022184372
,,,1550,,0.02726665884256363
,,,1551,,0.027508292347192764
,,,1552,,0.02431207150220871
,,,1553,,0.029309261590242386
,,,1554,,0.02556082233786583
,,,1555,,0.025691531598567963
,,,1556,,0.012089604511857033
,,,1557,,0.0106577817350626
,,,1558,,0.00939644780009985
,,,1559,,0.009912009350955486
,,,1560,,0.007914317771792412
,,,1561,,0.00833306834101677
,,,1562,,0.010090791620314121
,,,1563,,0.009121354669332504
,,,1564,,0.010605627670884132
,,,1565,,0.009895066730678082
,,,1566,,0.009465587325394154
,,,1567,,0.008358567021787167
,,,1568,,0.009679501876235008
,,,1569,,0.03317762166261673
,,,1570,,0.04958213493227959
,,,1571,,0.03696770966053009
,,,1572,,0.029135629534721375
,,,1573,,0.016209155321121216
,,,1574,,0.11461183428764343
,,,1575,,0.024161461740732193
,,,1576,,0.07133988291025162
,,,1577,,0.033865660429000854
,,,1578,,0.046445995569229126
,,,1579,,0.05850115418434143
,,,1580,,0.06750616431236267
,,,1581,,0.05917462706565857
,,,1582,,0.08599187433719635
,,,1583,,0.06636852025985718
,,,1584,,0.10288693010807037
,,,1585,,0.046911418437957764
,,,1586,,0.15163549780845642
,,,1587,,0.13017837703227997
,,,1588,,0.11792591214179993
,,,1589,,0.1195225715637207
,,,1590,,0.15887683629989624
,,,1591,,0.10665833204984665
,,,1592,,0.10813574492931366
,,,1593,,0.1492290198802948
,,,1594,,0.1140260398387909
,,,1595,,0.14030109345912933
,,,1596,,0.11239680647850037
,,,1597,,0.11867229640483856
,,,1598,,0.13203737139701843
,,,1599,,0.12640079855918884
,,,1600,,0.1291538029909134
,,,1601,,0.12962284684181213
,,,1602,,0.05932742357254028
6,,,566,0.03596537560224533,
6,0.035499151796102524,,566,,
7,,0.02558266557753086,569,,
7,,0.028712034225463867,579,,
7,,0.031309887766838074,589,,
7,,0.03665836900472641,599,,
7,,0.03288854658603668,609,,
7,,0.06544328480958939,619,,
7,,0.030223943293094635,629,,
7,,0.04988349229097366,639,,
,,,1603,,0.0010299881687387824
,,,1604,,0.001042729476466775
,,,1605,,0.0013926556566730142
,,,1606,,0.0010872527491301298
,,,1607,,0.0025371962692588568
,,,1608,,0.001156850135885179
,,,1609,,0.0012317909859120846
,,,1610,,0.0008436134085059166
,,,1611,,0.0015379810938611627
,,,1612,,0.0010036223102360964
,,,1613,,0.0015605909284204245
,,,1614,,0.0015814828220754862
,,,1615,,0.0010866711381822824
,,,1616,,0.0010154880583286285
,,,1617,,0.001531404908746481
,,,1618,,0.0010261009447276592
,,,1619,,0.001694279257208109
,,,1620,,0.0023560943081974983
,,,1621,,0.0017336277524009347
,,,1622,,0.0022067271638661623
,,,1623,,0.0009450218640267849
,,,1624,,0.0011051429901272058
,,,1625,,0.0009063078323379159
,,,1626,,0.0017271277029067278
,,,1627,,0.0015288256108760834
,,,1628,,0.0018999994499608874
,,,1629,,0.0014664661139249802
,,,1630,,0.01218412071466446
,,,1631,,0.028446417301893234
,,,1632,,0.026179969310760498
,,,1633,,0.02381015196442604
,,,1634,,0.026080496609210968
,,,1635,,0.024978242814540863
,,,1636,,0.09787449240684509
,,,1637,,0.03887748718261719
,,,1638,,0.023424804210662842
,,,1639,,0.023935507982969284
,,,1640,,0.01713276468217373
,,,1641,,0.012164156883955002
,,,1642,,0.022144077345728874
,,,1643,,0.014918724074959755
,,,1644,,0.015042259357869625
,,,1645,,0.03293340653181076
,,,1646,,0.027708828449249268
,,,1647,,0.014433558098971844
,,,1648,,0.040423937141895294
,,,1649,,0.0215324517339468
,,,1650,,0.008926386013627052
,,,1651,,0.026358608156442642
,,,1652,,0.01156772579997778
,,,1653,,0.012010091915726662
,,,1654,,0.01621338725090027
,,,1655,,0.006031840108335018
,,,1656,,0.015553778037428856
,,,1657,,0.025614889338612556
,,,1658,,0.04335881769657135
,,,1659,,0.04254944995045662
,,,1660,,0.026463070884346962
,,,1661,,0.03333757445216179
,,,1662,,0.023063544183969498
,,,1663,,0.030577395111322403
,,,1664,,0.02480953186750412
,,,1665,,0.022619251161813736
,,,1666,,0.028702381998300552
,,,1667,,0.027699479833245277
,,,1668,,0.016666354611516
,,,1669,,0.02143814228475094
,,,1670,,0.04544821381568909
,,,1671,,0.027937257662415504
,,,1672,,0.020335912704467773
,,,1673,,0.01925637200474739
,,,1674,,0.0014912940096110106
,,,1675,,0.0028447445947676897
,,,1676,,0.0015578874154016376
,,,1677,,0.0016685448354110122
,,,1678,,0.0015461902366951108
,,,1679,,0.0017497434746474028
,,,1680,,0.0011148612247779965
,,,1681,,0.0012596901506185532
,,,1682,,0.001032053492963314
,,,1683,,0.0019881261978298426
,,,1684,,0.0014541450655087829
,,,1685,,0.0015516825951635838
,,,1686,,0.0018225917592644691
,,,1687,,0.03717609867453575
,,,1688,,0.04502502828836441
,,,1689,,0.05016500502824783
,,,1690,,0.150570809841156
,,,1691,,0.11664731055498123
,,,1692,,0.0788097158074379
,,,1693,,0.11990611255168915
,,,1694,,0.10882607102394104
,,,1695,,0.04273311793804169
,,,1696,,0.04372822120785713
,,,1697,,0.045489341020584106
,,,1698,,0.03200198709964752
,,,1699,,0.03709733486175537
,,,1700,,0.04132627695798874
,,,1701,,0.03648141771554947
,,,1702,,0.036603689193725586
,,,1703,,0.040008094161748886
,,,1704,,0.03706424683332443
,,,1705,,0.036029063165187836
,,,1706,,0.029887426644563675
,,,1707,,0.04369870573282242
,,,1708,,0.03894899785518646
,,,1709,,0.04359077662229538
,,,1710,,0.0387713797390461
,,,1711,,0.035916365683078766
,,,1712,,0.047050364315509796
,,,1713,,0.04097338020801544
,,,1714,,0.030821602791547775
,,,1715,,0.042085304856300354
,,,1716,,0.04018595442175865
,,,1717,,0.035342101007699966
,,,1718,,0.035565175116062164
,,,1719,,0.028633568435907364
,,,1720,,0.031921230256557465
,,,1721,,0.030329983681440353
,,,1722,,0.03355729579925537
,,,1723,,0.026490598917007446
,,,1724,,0.030510252341628075
,,,1725,,0.03219751641154289
,,,1726,,0.031217969954013824
,,,1727,,0.029690325260162354
,,,1728,,0.031467556953430176
,,,1729,,0.025876043364405632
,,,1730,,0.02784113399684429
,,,1731,,0.027108827605843544
,,,1732,,0.03449052572250366
,,,1733,,0.030310282483696938
,,,1734,,0.03418024256825447
,,,1735,,0.03085913136601448
,,,1736,,0.03695826977491379
,,,1737,,0.03416675329208374
,,,1738,,0.03082633577287197
,,,1739,,0.02942991629242897
,,,1740,,0.03327983245253563
,,,1741,,0.02506205253303051
,,,1742,,0.02749076671898365
,,,1743,,0.022924646735191345
,,,1744,,0.02193354070186615
,,,1745,,0.023398417979478836
,,,1746,,0.02577480673789978
,,,1747,,0.025243936106562614
,,,1748,,0.026487745344638824
,,,1749,,0.02351413667201996
,,,1750,,0.025448625907301903
,,,1751,,0.023384753614664078
,,,1752,,0.01923815906047821
,,,1753,,0.022624097764492035
,,,1754,,0.023536453023552895
,,,1755,,0.02601609192788601
,,,1756,,0.024540729820728302
,,,1757,,0.02716084197163582
,,,1758,,0.025985078886151314
,,,1759,,0.025159910321235657
,,,1760,,0.022106269374489784
,,,1761,,0.024436719715595245
,,,1762,,0.026096737012267113
,,,1763,,0.02051137201488018
,,,1764,,0.023353751748800278
,,,1765,,0.026267528533935547
,,,1766,,0.02333216555416584
,,,1767,,0.02378649264574051
,,,1768,,0.022077038884162903
,,,1769,,0.019478585571050644
,,,1770,,0.020507855340838432
,,,1771,,0.02807244285941124
,,,1772,,0.023781204596161842
,,,1773,,0.02062709629535675
,,,1774,,0.026440389454364777
,,,1775,,0.022897794842720032
,,,1776,,0.027892405167222023
,,,1777,,0.022704094648361206
,,,1778,,0.020941516384482384
,,,1779,,0.02449546754360199
,,,1780,,0.024483313784003258
,,,1781,,0.021331533789634705
,,,1782,,0.026450131088495255
,,,1783,,0.02264733985066414
,,,1784,,0.022640278562903404
,,,1785,,0.009653130546212196
,,,1786,,0.007907350547611713
,,,1787,,0.0064948126673698425
,,,1788,,0.007012977264821529
,,,1789,,0.005387650802731514
,,,1790,,0.00561412563547492
,,,1791,,0.0073775360360741615
,,,1792,,0.006347600370645523
,,,1793,,0.007993165403604507
,,,1794,,0.007175058126449585
,,,1795,,0.0065820952877402306
,,,1796,,0.005887052975594997
,,,1797,,0.006666119210422039
,,,1798,,0.030772291123867035
,,,1799,,0.046547017991542816
,,,1800,,0.034716978669166565
,,,1801,,0.026581112295389175
,,,1802,,0.013752051629126072
,,,1803,,0.11188093572854996
,,,1804,,0.02166791260242462
,,,1805,,0.06993595510721207
,,,1806,,0.031462039798498154
,,,1807,,0.043832652270793915
,,,1808,,0.056446563452482224
,,,1809,,0.0658879280090332
,,,1810,,0.05702607333660126
,,,1811,,0.0837654173374176
,,,1812,,0.06388169527053833
,,,1813,,0.10086070001125336
,,,1814,,0.04442661255598068
,,,1815,,0.1475963592529297
,,,1816,,0.12641775608062744
,,,1817,,0.11435067653656006
,,,1818,,0.1159452572464943
,,,1819,,0.15543904900550842
,,,1820,,0.10346901416778564
,,,1821,,0.10493189096450806
,,,1822,,0.14526662230491638
,,,1823,,0.1105276346206665
,,,1824,,0.13628548383712769
,,,1825,,0.10909920930862427
,,,1826,,0.11572705954313278
,,,1827,,0.12868204712867737
,,,1828,,0.12321961671113968
,,,1829,,0.1255260854959488
,,,1830,,0.12559106945991516
,,,1831,,0.05770803615450859
7,,,647,0.03305673599243164,
7,0.03362077474594116,,647,,
8,,0.0314011350274086,649,,
8,,0.027880288660526276,659,,
8,,0.02188940718770027,669,,
8,,0.04616432636976242,679,,
8,,0.04152186959981918,689,,
8,,0.024593230336904526,699,,
8,,0.01108846440911293,709,,
8,,0.0326259545981884,719,,
,,,1832,,0.0010747173801064491
,,,1833,,0.0010777501156553626
,,,1834,,0.0014718780294060707
,,,1835,,0.001153045566752553
,,,1836,,0.002400773810222745
,,,1837,,0.0012240001233294606
,,,1838,,0.0012824591249227524
,,,1839,,0.0009030465735122561
,,,1840,,0.001586999511346221
,,,1841,,0.0010130557930096984
,,,1842,,0.0016311805229634047
,,,1843,,0.0015974101843312383
,,,1844,,0.001146895345300436
,,,1845,,0.0010925013339146972
,,,1846,,0.001627321937121451
,,,1847,,0.0011179526336491108
,,,1848,,0.0016803820617496967
,,,1849,,0.0022157388739287853
,,,1850,,0.0016402486944571137
,,,1851,,0.0022368384525179863
,,,1852,,0.0010260241106152534
,,,1853,,0.0010616891086101532
,,,1854,,0.000996880349703133
,,,1855,,0.0017698951996862888
,,,1856,,0.0015866475878283381
,,,1857,,0.001824997365474701
,,,1858,,0.0014928749296814203
,,,1859,,0.01166001707315445
,,,1860,,0.027525704354047775
,,,1861,,0.02546345442533493
,,,1862,,0.023085055872797966
,,,1863,,0.025111619383096695
,,,1864,,0.024115005508065224
,,,1865,,0.09639638662338257
,,,1866,,0.037635549902915955
,,,1867,,0.022607451304793358
,,,1868,,0.02318444661796093
,,,1869,,0.016550401225686073
,,,1870,,0.011604676954448223
,,,1871,,0.021391715854406357
,,,1872,,0.014259416610002518
,,,1873,,0.01416274718940258
,,,1874,,0.031204449012875557
,,,1875,,0.026347115635871887
,,,1876,,0.013694538734853268
,,,1877,,0.03794831782579422
,,,1878,,0.02028418518602848
,,,1879,,0.008342796936631203
,,,1880,,0.024662764742970467
,,,1881,,0.010938015766441822
,,,1882,,0.011410376988351345
,,,1883,,0.015326110646128654
,,,1884,,0.005566165782511234
,,,1885,,0.014696242287755013
,,,1886,,0.024509530514478683
,,,1887,,0.040894195437431335
,,,1888,,0.040048401802778244
,,,1889,,0.025583449751138687
,,,1890,,0.03153438866138458
,,,1891,,0.022319946438074112
,,,1892,,0.029202982783317566
,,,1893,,0.024142902344465256
,,,1894,,0.02180849388241768
,,,1895,,0.02769537642598152
,,,1896,,0.02671349048614502
,,,1897,,0.01633569598197937
,,,1898,,0.02057729661464691
,,,1899,,0.04255073145031929
,,,1900,,0.02665022946894169
,,,1901,,0.01972527801990509
,,,1902,,0.018605485558509827
,,,1903,,0.0015316327335312963
,,,1904,,0.0027414397336542606
,,,1905,,0.001171524403616786
,,,1906,,0.0015690043801441789
,,,1907,,0.0015341228572651744
,,,1908,,0.001778818666934967
,,,1909,,0.0011518830433487892
,,,1910,,0.0010958935599774122
,,,1911,,0.0011702228803187609
,,,1912,,0.0019826649222522974
,,,1913,,0.001328825019299984
,,,1914,,0.0021092230454087257
,,,1915,,0.0018376460066065192
,,,1916,,0.0348188653588295
,,,1917,,0.04206144064664841
,,,1918,,0.04612364619970322
,,,1919,,0.1351701319217682
,,,1920,,0.10615027695894241
,,,1921,,0.07125634700059891
,,,1922,,0.10754051804542542
,,,1923,,0.09945541620254517
,,,1924,,0.03852207213640213
,,,1925,,0.039452433586120605
,,,1926,,0.040666595101356506
,,,1927,,0.028782792389392853
,,,1928,,0.03361998498439789
,,,1929,,0.038032133132219315
,,,1930,,0.03286134451627731
,,,1931,,0.03310338780283928
,,,1932,,0.03582543134689331
,,,1933,,0.033902570605278015
,,,1934,,0.03215716779232025
,,,1935,,0.026809150353074074
,,,1936,,0.039304621517658234
,,,1937,,0.03518638014793396
,,,1938,,0.03924199193716049
,,,1939,,0.03480849415063858
,,,1940,,0.03251727670431137
,,,1941,,0.042348962277173996
,,,1942,,0.03711564838886261
,,,1943,,0.0281769260764122
,,,1944,,0.03795533999800682
,,,1945,,0.03679401054978371
,,,1946,,0.03236275166273117
,,,1947,,0.03274965286254883
,,,1948,,0.025982491672039032
,,,1949,,0.02909744530916214
,,,1950,,0.02697889320552349
,,,1951,,0.029826927930116653
,,,1952,,0.023696143180131912
,,,1953,,0.027164949104189873
,,,1954,,0.028589436784386635
,,,1955,,0.027866531163454056
,,,1956,,0.026216676458716393
,,,1957,,0.027943458408117294
,,,1958,,0.023091938346624374
,,,1959,,0.024599315598607063
,,,1960,,0.023999931290745735
,,,1961,,0.03095943108201027
,,,1962,,0.02720768377184868
,,,1963,,0.030821723863482475
,,,1964,,0.027324113994836807
,,,1965,,0.0325925350189209
,,,1966,,0.030612511560320854
,,,1967,,0.027674388140439987
,,,1968,,0.026155881583690643
,,,1969,,0.02951202541589737
,,,1970,,0.022022422403097153
,,,1971,,0.023966368287801743
,,,1972,,0.020434655249118805
,,,1973,,0.019286606460809708
,,,1974,,0.020985404029488564
,,,1975,,0.023124687373638153
,,,1976,,0.02229994162917137
,,,1977,,0.023475006222724915
,,,1978,,0.020511982962489128
,,,1979,,0.02241535484790802
,,,1980,,0.020530465990304947
,,,1981,,0.01706141233444214
,,,1982,,0.01965051144361496
,,,1983,,0.020525150001049042
,,,1984,,0.02279377356171608
,,,1985,,0.021693671122193336
,,,1986,,0.023837057873606682
,,,1987,,0.022837277501821518
,,,1988,,0.022198015823960304
,,,1989,,0.019744308665394783
,,,1990,,0.021429233253002167
,,,1991,,0.023202570155262947
,,,1992,,0.0193590447306633
,,,1993,,0.02199104055762291
,,,1994,,0.024742158129811287
,,,1995,,0.02207537740468979
,,,1996,,0.022444216534495354
,,,1997,,0.020932016894221306
,,,1998,,0.018298234790563583
,,,1999,,0.019450906664133072
,,,2000,,0.026361893862485886
,,,2001,,0.022335033863782883
,,,2002,,0.019633013755083084
,,,2003,,0.024809453636407852
,,,2004,,0.021437281742691994
,,,2005,,0.02631065621972084
,,,2006,,0.021437842398881912
,,,2007,,0.01980549469590187
,,,2008,,0.02307112142443657
,,,2009,,0.023203911259770393
,,,2010,,0.020128963515162468
,,,2011,,0.02492111548781395
,,,2012,,0.02144584059715271
,,,2013,,0.021257828921079636
,,,2014,,0.008944645524024963
,,,2015,,0.00719338608905673
,,,2016,,0.005824910011142492
,,,2017,,0.006279050372540951
,,,2018,,0.005069308914244175
,,,2019,,0.00521469209343195
,,,2020,,0.006800571922212839
,,,2021,,0.005854069255292416
,,,2022,,0.007398060988634825
,,,2023,,0.006664753891527653
,,,2024,,0.005954325199127197
,,,2025,,0.005746220238506794
,,,2026,,0.005995710380375385
,,,2027,,0.029533594846725464
,,,2028,,0.046648409217596054
,,,2029,,0.033780377358198166
,,,2030,,0.0258037056773901
,,,2031,,0.013385532423853874
,,,2032,,0.10843022912740707
,,,2033,,0.021655617281794548
,,,2034,,0.06752970069646835
,,,2035,,0.031103676185011864
,,,2036,,0.043521344661712646
,,,2037,,0.05473299324512482
,,,2038,,0.06409049034118652
,,,2039,,0.05602824315428734
,,,2040,,0.08193358778953552
,,,2041,,0.06212383508682251
,,,2042,,0.09754205495119095
,,,2043,,0.04347206652164459
,,,2044,,0.14575812220573425
,,,2045,,0.12484980374574661
,,,2046,,0.11284172534942627
,,,2047,,0.11452658474445343
,,,2048,,0.1528708040714264
,,,2049,,0.10158979892730713
,,,2050,,0.10332901775836945
,,,2051,,0.14293023943901062
,,,2052,,0.10872574895620346
,,,2053,,0.13441641628742218
,,,2054,,0.10786096751689911
,,,2055,,0.11400571465492249
,,,2056,,0.12690716981887817
,,,2057,,0.12161186337471008
,,,2058,,0.12365815043449402
,,,2059,,0.1230623722076416
,,,2060,,0.05553913861513138
8,,,728,0.031195247545838356,
8,0.03202829137444496,,728,,
9,,0.057548798620700836,729,,
9,,0.02697129175066948,739,,
9,,0.0429803691804409,749,,
9,,0.031161971390247345,759,,
9,,0.03097013384103775,769,,
9,,0.015194354578852654,779,,
9,,0.015119928866624832,789,,
9,,0.01999705843627453,799,,
9,,0.02471959963440895,809,,
,,,2061,,0.0011794900055974722
,,,2062,,0.0011845071567222476
,,,2063,,0.001619591610506177
,,,2064,,0.0011349666165187955
,,,2065,,0.0022526104003190994
,,,2066,,0.0011936668306589127
,,,2067,,0.0012984599452465773
,,,2068,,0.001057120505720377
,,,2069,,0.0015171903651207685
,,,2070,,0.0010900048073381186
,,,2071,,0.0016701370477676392
,,,2072,,0.0017447634600102901
,,,2073,,0.0012666251277551055
,,,2074,,0.0011537170503288507
,,,2075,,0.0016114097088575363
,,,2076,,0.0011675165733322501
,,,2077,,0.001862365985289216
,,,2078,,0.002229074016213417
,,,2079,,0.0016152557218447328
,,,2080,,0.0022765544708818197
,,,2081,,0.0010274898959323764
,,,2082,,0.0011251468677073717
,,,2083,,0.0010242038406431675
,,,2084,,0.0018763012485578656
,,,2085,,0.001723013585433364
,,,2086,,0.0019052049610763788
,,,2087,,0.0015327776782214642
,,,2088,,0.0114624397829175
,,,2089,,0.02679884433746338
,,,2090,,0.024610938504338264
,,,2091,,0.022651363164186478
,,,2092,,0.024494167417287827
,,,2093,,0.023267194628715515
,,,2094,,0.09544241428375244
,,,2095,,0.03673727065324783
,,,2096,,0.021776515990495682
,,,2097,,0.02268117293715477
,,,2098,,0.016301076859235764
,,,2099,,0.011266613379120827
,,,2100,,0.02083722874522209
,,,2101,,0.013987425714731216
,,,2102,,0.013683458790183067
,,,2103,,0.03005971759557724
,,,2104,,0.025667209178209305
,,,2105,,0.01344988215714693
,,,2106,,0.03634840250015259
,,,2107,,0.01961209625005722
,,,2108,,0.008532823994755745
,,,2109,,0.023523882031440735
,,,2110,,0.010853017680346966
,,,2111,,0.011272089555859566
,,,2112,,0.015156232751905918
,,,2113,,0.005805891938507557
,,,2114,,0.01439026091247797
,,,2115,,0.02367229387164116
,,,2116,,0.03849612921476364
,,,2117,,0.037694744765758514
,,,2118,,0.024586424231529236
,,,2119,,0.02993808686733246
,,,2120,,0.02171998843550682
,,,2121,,0.0278460755944252
,,,2122,,0.02344687655568123
,,,2123,,0.021232161670923233
,,,2124,,0.026612216606736183
,,,2125,,0.02584456279873848
,,,2126,,0.015840359032154083
,,,2127,,0.019821971654891968
,,,2128,,0.03993503749370575
,,,2129,,0.025311365723609924
,,,2130,,0.019365854561328888
,,,2131,,0.01767045632004738
,,,2132,,0.0015682245139032602
,,,2133,,0.002644540974870324
,,,2134,,0.0014705375069752336
,,,2135,,0.0015853154473006725
,,,2136,,0.0015794639475643635
,,,2137,,0.0017602338921278715
,,,2138,,0.0012313683982938528
,,,2139,,0.00130968086887151
,,,2140,,0.001205197419039905
,,,2141,,0.0019189148442819715
,,,2142,,0.0014084975700825453
,,,2143,,0.0019587825518101454
,,,2144,,0.0018978457665070891
,,,2145,,0.03341075778007507
,,,2146,,0.04075096547603607
,,,2147,,0.04262653738260269
,,,2148,,0.12230139970779419
,,,2149,,0.09417341649532318
,,,2150,,0.06532599776983261
,,,2151,,0.10229495167732239
,,,2152,,0.09510435163974762
,,,2153,,0.03613046184182167
,,,2154,,0.03682698309421539
,,,2155,,0.03804716467857361
,,,2156,,0.02691332995891571
,,,2157,,0.03141246736049652
,,,2158,,0.03566649556159973
,,,2159,,0.030502770096063614
,,,2160,,0.030758125707507133
,,,2161,,0.03340618684887886
,,,2162,,0.031588345766067505
,,,2163,,0.03000175952911377
,,,2164,,0.025017008185386658
,,,2165,,0.036727651953697205
,,,2166,,0.032739441841840744
,,,2167,,0.036665111780166626
,,,2168,,0.03256908804178238
,,,2169,,0.030348166823387146
,,,2170,,0.03969782590866089
,,,2171,,0.03466075658798218
,,,2172,,0.026326870545744896
,,,2173,,0.03562620282173157
,,,2174,,0.034262269735336304
,,,2175,,0.03109644167125225
,,,2176,,0.03155333176255226
,,,2177,,0.02473159320652485
,,,2178,,0.02728194370865822
,,,2179,,0.025102466344833374
,,,2180,,0.027956899255514145
,,,2181,,0.022134460508823395
,,,2182,,0.025184910744428635
,,,2183,,0.02673003077507019
,,,2184,,0.026110969483852386
,,,2185,,0.024357736110687256
,,,2186,,0.02603423222899437
,,,2187,,0.021534554660320282
,,,2188,,0.022875884547829628
,,,2189,,0.022464461624622345
,,,2190,,0.029073115438222885
,,,2191,,0.02533702552318573
,,,2192,,0.029063042253255844
,,,2193,,0.025483503937721252
,,,2194,,0.0303761288523674
,,,2195,,0.028517667204141617
,,,2196,,0.02576463483273983
,,,2197,,0.024345604702830315
,,,2198,,0.027522176504135132
,,,2199,,0.02033422701060772
,,,2200,,0.02229933999478817
,,,2201,,0.01871310919523239
,,,2202,,0.01793542504310608
,,,2203,,0.019445689395070076
,,,2204,,0.021354280412197113
,,,2205,,0.020833130925893784
,,,2206,,0.0219255518168211
,,,2207,,0.01884493976831436
,,,2208,,0.020908787846565247
,,,2209,,0.019199233502149582
,,,2210,,0.015680015087127686
,,,2211,,0.018328029662370682
,,,2212,,0.01914750412106514
,,,2213,,0.021196585148572922
,,,2214,,0.02009551227092743
,,,2215,,0.022459469735622406
,,,2216,,0.021303854882717133
,,,2217,,0.020659493282437325
,,,2218,,0.018498416990041733
,,,2219,,0.019823160022497177
,,,2220,,0.02167000062763691
,,,2221,,0.018469469621777534
,,,2222,,0.021170297637581825
,,,2223,,0.023735275492072105
,,,2224,,0.021208632737398148
,,,2225,,0.021474942564964294
,,,2226,,0.020031653344631195
,,,2227,,0.017600584775209427
,,,2228,,0.018641222268342972
,,,2229,,0.025149133056402206
,,,2230,,0.021414291113615036
,,,2231,,0.01883084699511528
,,,2232,,0.023874394595623016
,,,2233,,0.020560534670948982
,,,2234,,0.025186870247125626
,,,2235,,0.020555967465043068
,,,2236,,0.019023917615413666
,,,2237,,0.022126544266939163
,,,2238,,0.022277317941188812
,,,2239,,0.019300293177366257
,,,2240,,0.023869674652814865
,,,2241,,0.020601041615009308
,,,2242,,0.0203675776720047
,,,2243,,0.008453823626041412
,,,2244,,0.007010055705904961
,,,2245,,0.00597844272851944
,,,2246,,0.006155600771307945
,,,2247,,0.005018050782382488
,,,2248,,0.005079967435449362
,,,2249,,0.006639781408011913
,,,2250,,0.005749346688389778
,,,2251,,0.007195623125880957
,,,2252,,0.006415234878659248
,,,2253,,0.006010428071022034
,,,2254,,0.005499132908880711
,,,2255,,0.00621781125664711
,,,2256,,0.029672306030988693
,,,2257,,0.04623478651046753
,,,2258,,0.03433655947446823
,,,2259,,0.025951001793146133
,,,2260,,0.01357193198055029
,,,2261,,0.10844936966896057
,,,2262,,0.021716363728046417
,,,2263,,0.0677577406167984
,,,2264,,0.030668774619698524
,,,2265,,0.042906392365694046
,,,2266,,0.05405828729271889
,,,2267,,0.06424890458583832
,,,2268,,0.05603734776377678
,,,2269,,0.08007287979125977
,,,2270,,0.06162554398179054
,,,2271,,0.09703552722930908
,,,2272,,0.0433349534869194
,,,2273,,0.1440231204032898
,,,2274,,0.12310795485973358
,,,2275,,0.11137203127145767
,,,2276,,0.11303925514221191
,,,2277,,0.15071287751197815
,,,2278,,0.09990101307630539
,,,2279,,0.101689413189888
,,,2280,,0.14052896201610565
,,,2281,,0.10729493945837021
,,,2282,,0.13176003098487854
,,,2283,,0.10658971220254898
,,,2284,,0.11336220800876617
,,,2285,,0.12438348680734634
,,,2286,,0.11993443220853806
,,,2287,,0.12244077026844025
,,,2288,,0.12121124565601349
,,,2289,,0.05485028401017189
9,,,809,0.0300604198127985,
9,0.030365945771336555,,809,,
10,,0.042540356516838074,819,,
10,,0.040489912033081055,829,,
10,,0.019843120127916336,839,,
10,,0.023873403668403625,849,,
10,,0.02151353657245636,859,,
10,,0.04182486608624458,869,,
10,,0.03578559681773186,879,,
10,,0.02683272585272789,889,,
,,,2290,,0.0009748947340995073
,,,2291,,0.0009819893166422844
,,,2292,,0.0014232128160074353
,,,2293,,0.0009976029396057129
,,,2294,,0.0020933053456246853
,,,2295,,0.000997699680738151
,,,2296,,0.001188245601952076
,,,2297,,0.0008773781009949744
,,,2298,,0.0014577710535377264
,,,2299,,0.0009729620069265366
,,,2300,,0.001492510549724102
,,,2301,,0.0016043183859437704
,,,2302,,0.0010479395277798176
,,,2303,,0.0010053777368739247
,,,2304,,0.0013764271279796958
,,,2305,,0.0009577053133398294
,,,2306,,0.0016062288777902722
,,,2307,,0.001999311614781618
,,,2308,,0.0015142089687287807
,,,2309,,0.0020554298534989357
,,,2310,,0.0008427264401689172
,,,2311,,0.000931029673665762
,,,2312,,0.0008183337631635368
,,,2313,,0.001661223592236638
,,,2314,,0.001477984944358468
,,,2315,,0.0016039488837122917
,,,2316,,0.0013284189626574516
,,,2317,,0.010644419118762016
,,,2318,,0.025744598358869553
,,,2319,,0.023604996502399445
,,,2320,,0.02148115448653698
,,,2321,,0.023546643555164337
,,,2322,,0.0224301815032959
,,,2323,,0.09374538064002991
,,,2324,,0.035332974046468735
,,,2325,,0.020688790827989578
,,,2326,,0.02162485383450985
,,,2327,,0.015505320392549038
,,,2328,,0.01069689355790615
,,,2329,,0.01991124264895916
,,,2330,,0.01325263176113367
,,,2331,,0.012666355818510056
,,,2332,,0.028405001387000084
,,,2333,,0.024318594485521317
,,,2334,,0.01240728422999382
,,,2335,,0.034235429018735886
,,,2336,,0.018387986347079277
,,,2337,,0.007558540441095829
,,,2338,,0.021861884742975235
,,,2339,,0.00995791144669056
,,,2340,,0.010469119995832443
,,,2341,,0.01430298201739788
,,,2342,,0.005176063627004623
,,,2343,,0.0134781114757061
,,,2344,,0.022446446120738983
,,,2345,,0.03626050055027008
,,,2346,,0.03534114360809326
,,,2347,,0.023171627894043922
,,,2348,,0.028347132727503777
,,,2349,,0.02066158875823021
,,,2350,,0.026340831071138382
,,,2351,,0.02229807712137699
,,,2352,,0.020211512222886086
,,,2353,,0.025405967608094215
,,,2354,,0.02452736534178257
,,,2355,,0.015057282522320747
,,,2356,,0.018884118646383286
,,,2357,,0.03743162006139755
,,,2358,,0.023909226059913635
,,,2359,,0.01781919039785862
,,,2360,,0.016819201409816742
,,,2361,,0.001469229580834508
,,,2362,,0.0024532973766326904
,,,2363,,0.001349243219010532
,,,2364,,0.0014422727981582284
,,,2365,,0.0014979500556364655
,,,2366,,0.0016286331228911877
,,,2367,,0.001113183330744505
,,,2368,,0.0012096744030714035
,,,2369,,0.0011635712580755353
,,,2370,,0.0017379787750542164
,,,2371,,0.0012825272278860211
,,,2372,,0.0018513993127271533
,,,2373,,0.001776922377757728
,,,2374,,0.03073369711637497
,,,2375,,0.03719691187143326
,,,2376,,0.03868938982486725
,,,2377,,0.11000457406044006
,,,2378,,0.08433012664318085
,,,2379,,0.059901949018239975
,,,2380,,0.0961310938000679
,,,2381,,0.0892476886510849
,,,2382,,0.03345274180173874
,,,2383,,0.034366242587566376
,,,2384,,0.035525981336832047
,,,2385,,0.025226419791579247
,,,2386,,0.029459893703460693
,,,2387,,0.03336595743894577
,,,2388,,0.028602194041013718
,,,2389,,0.028884200379252434
,,,2390,,0.031293269246816635
,,,2391,,0.029521765187382698
,,,2392,,0.02782934159040451
,,,2393,,0.02348032034933567
,,,2394,,0.03414122015237808
,,,2395,,0.03074515424668789
,,,2396,,0.03442702442407608
,,,2397,,0.03052610158920288
,,,2398,,0.028495151549577713
,,,2399,,0.037353016436100006
,,,2400,,0.03256525099277496
,,,2401,,0.024640481919050217
,,,2402,,0.033348239958286285
,,,2403,,0.032115232199430466
,,,2404,,0.02829878404736519
,,,2405,,0.02869414910674095
,,,2406,,0.02271409146487713
,,,2407,,0.025860778987407684
,,,2408,,0.023987848311662674
,,,2409,,0.026651155203580856
,,,2410,,0.021228091791272163
,,,2411,,0.024210669100284576
,,,2412,,0.025774035602808
,,,2413,,0.02488560974597931
,,,2414,,0.023474274203181267
,,,2415,,0.024991115555167198
,,,2416,,0.02034507691860199
,,,2417,,0.021884463727474213
,,,2418,,0.021538931876420975
,,,2419,,0.027649395167827606
,,,2420,,0.024224694818258286
,,,2421,,0.027644313871860504
,,,2422,,0.02446821704506874
,,,2423,,0.02911461889743805
,,,2424,,0.027167659252882004
,,,2425,,0.02458619326353073
,,,2426,,0.023346178233623505
,,,2427,,0.026354556903243065
,,,2428,,0.01955942064523697
,,,2429,,0.02129632607102394
,,,2430,,0.018119581043720245
,,,2431,,0.0173114575445652
,,,2432,,0.0185319185256958
,,,2433,,0.02043858915567398
,,,2434,,0.01954074203968048
,,,2435,,0.020770207047462463
,,,2436,,0.018133042380213737
,,,2437,,0.01988080143928528
,,,2438,,0.01789090968668461
,,,2439,,0.015439743176102638
,,,2440,,0.0175614133477211
,,,2441,,0.018613353371620178
,,,2442,,0.02020307257771492
,,,2443,,0.019123468548059464
,,,2444,,0.021245261654257774
,,,2445,,0.020126231014728546
,,,2446,,0.019757242873311043
,,,2447,,0.017615485936403275
,,,2448,,0.01897815242409706
,,,2449,,0.020494235679507256
,,,2450,,0.01735846884548664
,,,2451,,0.020016513764858246
,,,2452,,0.022400546818971634
,,,2453,,0.019933577626943588
,,,2454,,0.020343126729130745
,,,2455,,0.018750131130218506
,,,2456,,0.016589317470788956
,,,2457,,0.017473220825195312
,,,2458,,0.023899562656879425
,,,2459,,0.020283911377191544
,,,2460,,0.01762978360056877
,,,2461,,0.0226511899381876
,,,2462,,0.01943235471844673
,,,2463,,0.023871734738349915
,,,2464,,0.01930183172225952
,,,2465,,0.017914263531565666
,,,2466,,0.020902622491121292
,,,2467,,0.02099597454071045
,,,2468,,0.01815219037234783
,,,2469,,0.022575147449970245
,,,2470,,0.019401943311095238
,,,2471,,0.01921779103577137
,,,2472,,0.008157968521118164
,,,2473,,0.006713828071951866
,,,2474,,0.005857376381754875
,,,2475,,0.005966429598629475
,,,2476,,0.005020285490900278
,,,2477,,0.005017047747969627
,,,2478,,0.006709543522447348
,,,2479,,0.005580539349466562
,,,2480,,0.006999194622039795
,,,2481,,0.006342395208775997
,,,2482,,0.00584131944924593
,,,2483,,0.005386169999837875
,,,2484,,0.006054988130927086
,,,2485,,0.027940800413489342
,,,2486,,0.04397362843155861
,,,2487,,0.03202410042285919
,,,2488,,0.025340527296066284
,,,2489,,0.012409906834363937
,,,2490,,0.10275767743587494
,,,2491,,0.02109910361468792
,,,2492,,0.06474575400352478
,,,2493,,0.02953498065471649
,,,2494,,0.041175588965415955
,,,2495,,0.05014754831790924
,,,2496,,0.060537468641996384
,,,2497,,0.05443427711725235
,,,2498,,0.07407796382904053
,,,2499,,0.05902725085616112
,,,2500,,0.08980632573366165
,,,2501,,0.04136362299323082
,,,2502,,0.14095927774906158
,,,2503,,0.11958485841751099
,,,2504,,0.10856397449970245
,,,2505,,0.109437957406044
,,,2506,,0.14724069833755493
,,,2507,,0.09751157462596893
,,,2508,,0.09933590888977051
,,,2509,,0.13599494099617004
,,,2510,,0.10435416549444199
,,,2511,,0.12882976233959198
,,,2512,,0.10356904566287994
,,,2513,,0.10937995463609695
,,,2514,,0.12083788961172104
,,,2515,,0.11730985343456268
,,,2516,,0.11796465516090393
,,,2517,,0.11744003742933273
,,,2518,,0.05411871150135994
10,,,890,0.028585977852344513,
10,0.02893812768161297,,890,,
11,,0.04291533678770065,899,,
11,,0.02489187940955162,909,,
11,,0.033039599657058716,919,,
11,,0.012469453737139702,929,,
11,,0.03848469257354736,939,,
11,,0.03024151176214218,949,,
11,,0.028796128928661346,959,,
11,,0.018701335415244102,969,,
,,,2519,,0.001100319204851985
,,,2520,,0.0011681667529046535
,,,2521,,0.001564474543556571
,,,2522,,0.0012603343930095434
,,,2523,,0.0025341534055769444
,,,2524,,0.0011292415438219905
,,,2525,,0.0014310295227915049
,,,2526,,0.001022064476273954
,,,2527,,0.001767780864611268
,,,2528,,0.0011220232117921114
,,,2529,,0.0017194710671901703
,,,2530,,0.001742321066558361
,,,2531,,0.0011067439336329699
,,,2532,,0.0011679448653012514
,,,2533,,0.0014907325385138392
,,,2534,,0.0011083215940743685
,,,2535,,0.0016796612180769444
,,,2536,,0.002144496887922287
,,,2537,,0.0018673259764909744
,,,2538,,0.0021333512850105762
,,,2539,,0.0009233416058123112
,,,2540,,0.0010470588458701968
,,,2541,,0.0009393978980369866
,,,2542,,0.0017768207471817732
,,,2543,,0.0015160540351644158
,,,2544,,0.0016305646859109402
,,,2545,,0.0014632968232035637
,,,2546,,0.01055251993238926
,,,2547,,0.02556075155735016
,,,2548,,0.023373033851385117
,,,2549,,0.021279461681842804
,,,2550,,0.02312377840280533
,,,2551,,0.022113407030701637
,,,2552,,0.09326282143592834
,,,2553,,0.03499002009630203
,,,2554,,0.020525019615888596
,,,2555,,0.021496305242180824
,,,2556,,0.015462590381503105
,,,2557,,0.010791478678584099
,,,2558,,0.019790280610322952
,,,2559,,0.013276256620883942
,,,2560,,0.012604380026459694
,,,2561,,0.02782796137034893
,,,2562,,0.02370467782020569
,,,2563,,0.012174420058727264
,,,2564,,0.033259741961956024
,,,2565,,0.018024146556854248
,,,2566,,0.007531045004725456
,,,2567,,0.021236810833215714
,,,2568,,0.010063810274004936
,,,2569,,0.010508634150028229
,,,2570,,0.014441198669373989
,,,2571,,0.005442438647150993
,,,2572,,0.013424225151538849
,,,2573,,0.02165231481194496
,,,2574,,0.035196587443351746
,,,2575,,0.034415289759635925
,,,2576,,0.02207142859697342
,,,2577,,0.027277657762169838
,,,2578,,0.019984900951385498
,,,2579,,0.025418216362595558
,,,2580,,0.021800870075821877
,,,2581,,0.01961580291390419
,,,2582,,0.02456023171544075
,,,2583,,0.02357579953968525
,,,2584,,0.0147372055798769
,,,2585,,0.01861872896552086
,,,2586,,0.03585263341665268
,,,2587,,0.023152854293584824
,,,2588,,0.017364008352160454
,,,2589,,0.016243893653154373
,,,2590,,0.001529440633021295
,,,2591,,0.0025401401799172163
,,,2592,,0.001983711961656809
,,,2593,,0.0018703946843743324
,,,2594,,0.0015730320010334253
,,,2595,,0.0016284009907394648
,,,2596,,0.0010977722704410553
,,,2597,,0.0015423473669216037
,,,2598,,0.0011564494343474507
,,,2599,,0.0017426928970962763
,,,2600,,0.0018085307674482465
,,,2601,,0.0011324058286845684
,,,2602,,0.0016620357055217028
,,,2603,,0.02936466783285141
,,,2604,,0.03571563959121704
,,,2605,,0.036748006939888
,,,2606,,0.10880398750305176
,,,2607,,0.08204182982444763
,,,2608,,0.057077378034591675
,,,2609,,0.09323587268590927
,,,2610,,0.08573471009731293
,,,2611,,0.03255324065685272
,,,2612,,0.03333752229809761
,,,2613,,0.034759946167469025
,,,2614,,0.02464381977915764
,,,2615,,0.02887001819908619
,,,2616,,0.03239944577217102
,,,2617,,0.02775266021490097
,,,2618,,0.028036050498485565
,,,2619,,0.030502744019031525
,,,2620,,0.028758395463228226
,,,2621,,0.02679426409304142
,,,2622,,0.02277052402496338
,,,2623,,0.03320321440696716
,,,2624,,0.029873134568333626
,,,2625,,0.033438485115766525
,,,2626,,0.029717663303017616
,,,2627,,0.027707654982805252
,,,2628,,0.03632504492998123
,,,2629,,0.03151383250951767
,,,2630,,0.024073254317045212
,,,2631,,0.03222030773758888
,,,2632,,0.031225144863128662
,,,2633,,0.026922263205051422
,,,2634,,0.027425481006503105
,,,2635,,0.02224319614470005
,,,2636,,0.02539585903286934
,,,2637,,0.023329678922891617
,,,2638,,0.025942642241716385
,,,2639,,0.02078373357653618
,,,2640,,0.02376784384250641
,,,2641,,0.025244809687137604
,,,2642,,0.024524107575416565
,,,2643,,0.02282322198152542
,,,2644,,0.024507857859134674
,,,2645,,0.01998302713036537
,,,2646,,0.021455785259604454
,,,2647,,0.0208914652466774
,,,2648,,0.026787450537085533
,,,2649,,0.023460088297724724
,,,2650,,0.026750292629003525
,,,2651,,0.023729383945465088
,,,2652,,0.028063464909791946
,,,2653,,0.026278221979737282
,,,2654,,0.02399100735783577
,,,2655,,0.022716153413057327
,,,2656,,0.02598227560520172
,,,2657,,0.01876661740243435
,,,2658,,0.02013588696718216
,,,2659,,0.017368558794260025
,,,2660,,0.016570821404457092
,,,2661,,0.017817363142967224
,,,2662,,0.019688230007886887
,,,2663,,0.018675290048122406
,,,2664,,0.019659608602523804
,,,2665,,0.017120469361543655
,,,2666,,0.018993915989995003
,,,2667,,0.017160974442958832
,,,2668,,0.014608018100261688
,,,2669,,0.01659931242465973
,,,2670,,0.017635833472013474
,,,2671,,0.019207876175642014
,,,2672,,0.01824095845222473
,,,2673,,0.019977515563368797
,,,2674,,0.019057463854551315
,,,2675,,0.018683502450585365
,,,2676,,0.016895640641450882
,,,2677,,0.01789897494018078
,,,2678,,0.01945328153669834
,,,2679,,0.016676705330610275
,,,2680,,0.01904352195560932
,,,2681,,0.021565094590187073
,,,2682,,0.019217144697904587
,,,2683,,0.01947138085961342
,,,2684,,0.018088461831212044
,,,2685,,0.015914220362901688
,,,2686,,0.016791176050901413
,,,2687,,0.02295566536486149
,,,2688,,0.019400786608457565
,,,2689,,0.017020445317029953
,,,2690,,0.021728917956352234
,,,2691,,0.018702976405620575
,,,2692,,0.02306990697979927
,,,2693,,0.018563739955425262
,,,2694,,0.01730167865753174
,,,2695,,0.020146749913692474
,,,2696,,0.020341090857982635
,,,2697,,0.017425397410988808
,,,2698,,0.021751195192337036
,,,2699,,0.01867937296628952
,,,2700,,0.01860050857067108
,,,2701,,0.007952043786644936
,,,2702,,0.006493746768683195
,,,2703,,0.0053271763026714325
,,,2704,,0.0056855278089642525
,,,2705,,0.00455685006454587
,,,2706,,0.004724342841655016
,,,2707,,0.005840431433171034
,,,2708,,0.0053392876870930195
,,,2709,,0.006966900080442429
,,,2710,,0.005996585823595524
,,,2711,,0.005592583678662777
,,,2712,,0.005451009143143892
,,,2713,,0.00554019957780838
,,,2714,,0.026659291237592697
,,,2715,,0.043449439108371735
,,,2716,,0.031713277101516724
,,,2717,,0.026081165298819542
,,,2718,,0.012280910275876522
,,,2719,,0.10109778493642807
,,,2720,,0.020668771117925644
,,,2721,,0.06376596540212631
,,,2722,,0.029139455407857895
,,,2723,,0.04033729434013367
,,,2724,,0.05076707527041435
,,,2725,,0.058736756443977356
,,,2726,,0.05375200882554054
,,,2727,,0.07338147610425949
,,,2728,,0.05657811462879181
,,,2729,,0.08755211532115936
,,,2730,,0.041012637317180634
,,,2731,,0.1386643648147583
,,,2732,,0.11699843406677246
,,,2733,,0.10678330808877945
,,,2734,,0.10667519271373749
,,,2735,,0.14432963728904724
,,,2736,,0.0959262102842331
,,,2737,,0.09811951965093613
,,,2738,,0.13359211385250092
,,,2739,,0.10215555131435394
,,,2740,,0.12541191279888153
,,,2741,,0.10198411345481873
,,,2742,,0.10909804701805115
,,,2743,,0.11793280392885208
,,,2744,,0.11499704420566559
,,,2745,,0.11678767949342728
,,,2746,,0.11541631817817688
,,,2747,,0.05205153673887253
11,,,971,0.027909666299819946,
11,0.0293500367552042,,971,,
12,,0.022263074293732643,979,,
12,,0.02702096849679947,989,,
12,,0.019775809720158577,999,,
12,,0.048142772167921066,1009,,
12,,0.01867637410759926,1019,,
12,,0.03379020467400551,1029,,
12,,0.011458707973361015,1039,,
12,,0.019958507269620895,1049,,
,,,2748,,0.0008097275858744979
,,,2749,,0.0007761352462694049
,,,2750,,0.0013271081261336803
,,,2751,,0.0008628983050584793
,,,2752,,0.002000416163355112
,,,2753,,0.00083619897486642
,,,2754,,0.0011567269684746861
,,,2755,,0.0006873247912153602
,,,2756,,0.0013844078639522195
,,,2757,,0.0007653485517948866
,,,2758,,0.0013824072666466236
,,,2759,,0.0015247943811118603
,,,2760,,0.0007833580020815134
,,,2761,,0.0008828674326650798
,,,2762,,0.0012863604351878166
,,,2763,,0.0008168064523488283
,,,2764,,0.001425557886250317
,,,2765,,0.0018052523955702782
,,,2766,,0.0014102327404543757
,,,2767,,0.001919410889968276
,,,2768,,0.0007222894346341491
,,,2769,,0.0007778647122904658
,,,2770,,0.0006625850801356137
,,,2771,,0.0015467059565708041
,,,2772,,0.001332743326202035
,,,2773,,0.0013526700204238296
,,,2774,,0.001210864633321762
,,,2775,,0.009779112413525581
,,,2776,,0.024581018835306168
,,,2777,,0.022440336644649506
,,,2778,,0.020366724580526352
,,,2779,,0.022306201979517937
,,,2780,,0.02131415344774723
,,,2781,,0.09205611050128937
,,,2782,,0.03391127660870552
,,,2783,,0.019549090415239334
,,,2784,,0.020612716674804688
,,,2785,,0.014571812003850937
,,,2786,,0.010029405355453491
,,,2787,,0.018910013139247894
,,,2788,,0.012464248575270176
,,,2789,,0.011744789779186249
,,,2790,,0.026508871465921402
,,,2791,,0.022624317556619644
,,,2792,,0.011459041386842728
,,,2793,,0.031733106821775436
,,,2794,,0.017016088590025902
,,,2795,,0.006866952404379845
,,,2796,,0.019950196146965027
,,,2797,,0.009209223091602325
,,,2798,,0.00970209576189518
,,,2799,,0.013468713499605656
,,,2800,,0.004686363041400909
,,,2801,,0.01249775756150484
,,,2802,,0.020557738840579987
,,,2803,,0.03320187330245972
,,,2804,,0.03244649991393089
,,,2805,,0.020647874101996422
,,,2806,,0.026093535125255585
,,,2807,,0.01901925355195999
,,,2808,,0.023969311267137527
,,,2809,,0.020715372636914253
,,,2810,,0.01869106851518154
,,,2811,,0.023524805903434753
,,,2812,,0.02239375002682209
,,,2813,,0.013326270505785942
,,,2814,,0.017237961292266846
,,,2815,,0.033860087394714355
,,,2816,,0.021698644384741783
,,,2817,,0.015627555549144745
,,,2818,,0.015369235537946224
,,,2819,,0.0012293197214603424
,,,2820,,0.002170901745557785
,,,2821,,0.001348958583548665
,,,2822,,0.0013307328335940838
,,,2823,,0.001246937783434987
,,,2824,,0.0013565325643867254
,,,2825,,0.0008314646547660232
,,,2826,,0.0010633105412125587
,,,2827,,0.0008927591261453927
,,,2828,,0.0014649131335318089
,,,2829,,0.0012366237351670861
,,,2830,,0.001283629797399044
,,,2831,,0.001401617657393217
,,,2832,,0.027370357885956764
,,,2833,,0.033282604068517685
,,,2834,,0.03446991741657257
,,,2835,,0.10245439410209656
,,,2836,,0.07749035954475403
,,,2837,,0.05591237172484398
,,,2838,,0.08937768638134003
,,,2839,,0.08426590263843536
,,,2840,,0.03087816759943962
,,,2841,,0.031279731541872025
,,,2842,,0.032658133655786514
,,,2843,,0.02285407856106758
,,,2844,,0.02690766006708145
,,,2845,,0.030758094042539597
,,,2846,,0.025901630520820618
,,,2847,,0.026232821866869926
,,,2848,,0.028454281389713287
,,,2849,,0.026712898164987564
,,,2850,,0.025257885456085205
,,,2851,,0.02146913856267929
,,,2852,,0.031115900725126266
,,,2853,,0.027804771438241005
,,,2854,,0.031386639922857285
,,,2855,,0.027865411713719368
,,,2856,,0.02607863023877144
,,,2857,,0.034235548228025436
,,,2858,,0.029826680198311806
,,,2859,,0.02263067103922367
,,,2860,,0.030554907396435738
,,,2861,,0.029292874038219452
,,,2862,,0.025792613625526428
,,,2863,,0.026286166161298752
,,,2864,,0.020379047840833664
,,,2865,,0.02372201532125473
,,,2866,,0.021616917103528976
,,,2867,,0.024327650666236877
,,,2868,,0.01909753493964672
,,,2869,,0.021899867802858353
,,,2870,,0.023225931450724602
,,,2871,,0.022599123418331146
,,,2872,,0.02099258080124855
,,,2873,,0.022358626127243042
,,,2874,,0.01844579353928566
,,,2875,,0.019541842862963676
,,,2876,,0.019366005435585976
,,,2877,,0.02523665875196457
,,,2878,,0.021802078932523727
,,,2879,,0.025367481634020805
,,,2880,,0.02196602337062359
,,,2881,,0.026068925857543945
,,,2882,,0.024498607963323593
,,,2883,,0.022251345217227936
,,,2884,,0.02107131853699684
,,,2885,,0.023853380233049393
,,,2886,,0.017545539885759354
,,,2887,,0.019361812621355057
,,,2888,,0.016273580491542816
,,,2889,,0.015630686655640602
,,,2890,,0.016822604462504387
,,,2891,,0.01874386891722679
,,,2892,,0.0179465152323246
,,,2893,,0.01909761130809784
,,,2894,,0.016289083287119865
,,,2895,,0.018017465248703957
,,,2896,,0.01649750955402851
,,,2897,,0.013674481771886349
,,,2898,,0.015858512371778488
,,,2899,,0.01689472235739231
,,,2900,,0.018345532938838005
,,,2901,,0.017363140359520912
,,,2902,,0.01954641565680504
,,,2903,,0.018375694751739502
,,,2904,,0.01791352406144142
,,,2905,,0.016070066019892693
,,,2906,,0.01725240796804428
,,,2907,,0.01876772753894329
,,,2908,,0.015913542360067368
,,,2909,,0.01812290959060192
,,,2910,,0.020667789503932
,,,2911,,0.018382593989372253
,,,2912,,0.018543073907494545
,,,2913,,0.01730262115597725
,,,2914,,0.015056898817420006
,,,2915,,0.016055945307016373
,,,2916,,0.02179362252354622
,,,2917,,0.018405374139547348
,,,2918,,0.016289744526147842
,,,2919,,0.020757164806127548
,,,2920,,0.017667323350906372
,,,2921,,0.02201029658317566
,,,2922,,0.017612259835004807
,,,2923,,0.016432983800768852
,,,2924,,0.019016120582818985
,,,2925,,0.019335754215717316
,,,2926,,0.016643298789858818
,,,2927,,0.020882025361061096
,,,2928,,0.01775207556784153
,,,2929,,0.01761452481150627
,,,2930,,0.007349129766225815
,,,2931,,0.005899549461901188
,,,2932,,0.0047751534730196
,,,2933,,0.0050822775810956955
,,,2934,,0.00405266834422946
,,,2935,,0.004132166039198637
,,,2936,,0.00537783931940794
,,,2937,,0.004688761197030544
,,,2938,,0.0062845805659890175
,,,2939,,0.005361991003155708
,,,2940,,0.00506312120705843
,,,2941,,0.004793532658368349
,,,2942,,0.004960088990628719
,,,2943,,0.026578467339277267
,,,2944,,0.04171837866306305
,,,2945,,0.029952988028526306
,,,2946,,0.02455461025238037
,,,2947,,0.011833716183900833
,,,2948,,0.09872487932443619
,,,2949,,0.01985999569296837
,,,2950,,0.06299223005771637
,,,2951,,0.02857787534594536
,,,2952,,0.03732961043715477
,,,2953,,0.047915711998939514
,,,2954,,0.05665293708443642
,,,2955,,0.05256740748882294
,,,2956,,0.06885341554880142
,,,2957,,0.05325852334499359
,,,2958,,0.08326932787895203
,,,2959,,0.03871343284845352
,,,2960,,0.13503147661685944
,,,2961,,0.11464407294988632
,,,2962,,0.10368084162473679
,,,2963,,0.10405276715755463
,,,2964,,0.1423543244600296
,,,2965,,0.09334474802017212
,,,2966,,0.0952470600605011
,,,2967,,0.1309039145708084
,,,2968,,0.0994209498167038
,,,2969,,0.12255093455314636
,,,2970,,0.09992209076881409
,,,2971,,0.10568858683109283
,,,2972,,0.11545082926750183
,,,2973,,0.11339280754327774
,,,2974,,0.11447292566299438
,,,2975,,0.11158730089664459
,,,2976,,0.050338029861450195
12,,,1052,0.026640450581908226,
12,0.02669810689985752,,1052,,
13,,0.02059926651418209,1059,,
13,,0.024089882150292397,1069,,
13,,0.027577567845582962,1079,,
13,,0.014234068803489208,1089,,
13,,0.020488815382122993,1099,,
13,,0.01335175335407257,1109,,
13,,0.035199299454689026,1119,,
13,,0.021089481189846992,1129,,
,,,2977,,0.0010603334521874785
,,,2978,,0.0010501786600798368
,,,2979,,0.0016116250772029161
,,,2980,,0.000968537584412843
,,,2981,,0.0020122812129557133
,,,2982,,0.0009570017573423684
,,,2983,,0.001351929851807654
,,,2984,,0.0008788745035417378
,,,2985,,0.0014555735979229212
,,,2986,,0.0009535578428767622
,,,2987,,0.001564424717798829
,,,2988,,0.001820007455535233
,,,2989,,0.0010885469382628798
,,,2990,,0.0010949178831651807
,,,2991,,0.0014579466078430414
,,,2992,,0.000994388246908784
,,,2993,,0.001696438412182033
,,,2994,,0.0020229436922818422
,,,2995,,0.0015224483795464039
,,,2996,,0.00216198549605906
,,,2997,,0.0008822515374049544
,,,2998,,0.000949719047639519
,,,2999,,0.0008340521017089486
,,,3000,,0.0018293955363333225
,,,3001,,0.0016280903946608305
,,,3002,,0.0015519611770287156
,,,3003,,0.0014003500109538436
,,,3004,,0.010250704362988472
,,,3005,,0.024394791573286057
,,,3006,,0.02231365069746971
,,,3007,,0.020429670810699463
,,,3008,,0.022393353283405304
,,,3009,,0.02133221924304962
,,,3010,,0.09113514423370361
,,,3011,,0.03346400335431099
,,,3012,,0.019487742334604263
,,,3013,,0.0206760261207819
,,,3014,,0.01471018698066473
,,,3015,,0.010334178805351257
,,,3016,,0.01894131675362587
,,,3017,,0.012789014726877213
,,,3018,,0.012122264131903648
,,,3019,,0.02613864652812481
,,,3020,,0.02249957248568535
,,,3021,,0.011606425046920776
,,,3022,,0.031034577637910843
,,,3023,,0.016956746578216553
,,,3024,,0.007053141947835684
,,,3025,,0.02001183293759823
,,,3026,,0.009376909583806992
,,,3027,,0.010030070319771767
,,,3028,,0.01365017518401146
,,,3029,,0.005033569876104593
,,,3030,,0.012679338455200195
,,,3031,,0.019590239971876144
,,,3032,,0.03218246251344681
,,,3033,,0.031497109681367874
,,,3034,,0.019690915942192078
,,,3035,,0.02527519129216671
,,,3036,,0.018284553661942482
,,,3037,,0.02323087677359581
,,,3038,,0.019884426146745682
,,,3039,,0.017957262694835663
,,,3040,,0.022793885320425034
,,,3041,,0.021546054631471634
,,,3042,,0.012758452445268631
,,,3043,,0.016234753653407097
,,,3044,,0.03269815444946289
,,,3045,,0.020987143740057945
,,,3046,,0.014834459871053696
,,,3047,,0.015011532232165337
,,,3048,,0.001469369512051344
,,,3049,,0.0022821929305791855
,,,3050,,0.0011140004498884082
,,,3051,,0.0014315127627924085
,,,3052,,0.0014682949986308813
,,,3053,,0.0016233380883932114
,,,3054,,0.0010348191717639565
,,,3055,,0.0010245870798826218
,,,3056,,0.0011115281376987696
,,,3057,,0.0016497658798471093
,,,3058,,0.0012254348257556558
,,,3059,,0.0021133264526724815
,,,3060,,0.0016708634793758392
,,,3061,,0.02663317695260048
,,,3062,,0.032562658190727234
,,,3063,,0.032882969826459885
,,,3064,,0.09418299794197083
,,,3065,,0.07176525145769119
,,,3066,,0.05190226435661316
,,,3067,,0.08699668198823929
,,,3068,,0.07955483347177505
,,,3069,,0.030065055936574936
,,,3070,,0.031125787645578384
,,,3071,,0.03270848095417023
,,,3072,,0.02305189147591591
,,,3073,,0.027103133499622345
,,,3074,,0.03019968792796135
,,,3075,,0.02609284594655037
,,,3076,,0.025913551449775696
,,,3077,,0.029130082577466965
,,,3078,,0.026354752480983734
,,,3079,,0.026115834712982178
,,,3080,,0.021237816661596298
,,,3081,,0.03115832433104515
,,,3082,,0.02801801636815071
,,,3083,,0.031287774443626404
,,,3084,,0.028405960649251938
,,,3085,,0.025816787034273148
,,,3086,,0.0340924933552742
,,,3087,,0.0295405313372612
,,,3088,,0.02216774970293045
,,,3089,,0.03045147843658924
,,,3090,,0.029251962900161743
,,,3091,,0.026229586452245712
,,,3092,,0.026302538812160492
,,,3093,,0.020857952535152435
,,,3094,,0.023606158792972565
,,,3095,,0.021912941709160805
,,,3096,,0.024530308321118355
,,,3097,,0.019158020615577698
,,,3098,,0.022079741582274437
,,,3099,,0.02349001355469227
,,,3100,,0.022707466036081314
,,,3101,,0.021294254809617996
,,,3102,,0.02277900092303753
,,,3103,,0.01843821443617344
,,,3104,,0.019945833832025528
,,,3105,,0.019416961818933487
,,,3106,,0.02522614598274231
,,,3107,,0.02182512730360031
,,,3108,,0.025214454159140587
,,,3109,,0.02220127359032631
,,,3110,,0.026426460593938828
,,,3111,,0.024611134082078934
,,,3112,,0.022276699542999268
,,,3113,,0.02121201902627945
,,,3114,,0.02422942966222763
,,,3115,,0.017699627205729485
,,,3116,,0.019329335540533066
,,,3117,,0.01633792743086815
,,,3118,,0.015824705362319946
,,,3119,,0.0170605331659317
,,,3120,,0.01862594485282898
,,,3121,,0.01806757226586342
,,,3122,,0.01901070773601532
,,,3123,,0.01638225093483925
,,,3124,,0.017842043191194534
,,,3125,,0.016303686425089836
,,,3126,,0.01382630504667759
,,,3127,,0.016032876446843147
,,,3128,,0.016983309760689735
,,,3129,,0.01882210001349449
,,,3130,,0.01745603233575821
,,,3131,,0.01950022205710411
,,,3132,,0.018317092210054398
,,,3133,,0.01769706979393959
,,,3134,,0.015990281477570534
,,,3135,,0.016955677419900894
,,,3136,,0.018875088542699814
,,,3137,,0.015580100007355213
,,,3138,,0.017527511343359947
,,,3139,,0.019986286759376526
,,,3140,,0.017951594665646553
,,,3141,,0.017893057316541672
,,,3142,,0.01673867367208004
,,,3143,,0.014717324636876583
,,,3144,,0.01557417493313551
,,,3145,,0.021102601662278175
,,,3146,,0.017871053889393806
,,,3147,,0.015713118016719818
,,,3148,,0.02024458348751068
,,,3149,,0.01718844845890999
,,,3150,,0.02135077677667141
,,,3151,,0.017118386924266815
,,,3152,,0.01606742851436138
,,,3153,,0.018620388582348824
,,,3154,,0.018797872588038445
,,,3155,,0.01617889478802681
,,,3156,,0.02027568593621254
,,,3157,,0.017214205116033554
,,,3158,,0.017120851203799248
,,,3159,,0.007280288729816675
,,,3160,,0.005883326753973961
,,,3161,,0.004741269163787365
,,,3162,,0.00494429562240839
,,,3163,,0.0042451838962733746
,,,3164,,0.004317791201174259
,,,3165,,0.005417454056441784
,,,3166,,0.004746915306895971
,,,3167,,0.00625985162332654
,,,3168,,0.005317087285220623
,,,3169,,0.004919466562569141
,,,3170,,0.0050678495317697525
,,,3171,,0.004928465001285076
,,,3172,,0.02580418437719345
,,,3173,,0.0408119298517704
,,,3174,,0.02944270707666874
,,,3175,,0.024549365043640137
,,,3176,,0.01144320983439684
,,,3177,,0.09610871970653534
,,,3178,,0.0198468379676342
,,,3179,,0.06049834191799164
,,,3180,,0.02805497869849205
,,,3181,,0.03588379546999931
,,,3182,,0.046986207365989685
,,,3183,,0.05554734915494919
,,,3184,,0.05267763137817383
,,,3185,,0.06447548419237137
,,,3186,,0.050927020609378815
,,,3187,,0.0756787657737732
,,,3188,,0.03776109591126442
,,,3189,,0.13182753324508667
,,,3190,,0.11227407306432724
,,,3191,,0.10140882432460785
,,,3192,,0.10092239081859589
,,,3193,,0.13762059807777405
,,,3194,,0.0906815230846405
,,,3195,,0.09347162395715714
,,,3196,,0.12753841280937195
,,,3197,,0.09646594524383545
,,,3198,,0.11892931163311005
,,,3199,,0.09765171259641647
,,,3200,,0.10371367633342743
,,,3201,,0.11263494193553925
,,,3202,,0.11100643873214722
,,,3203,,0.11164475977420807
,,,3204,,0.10901190340518951
,,,3205,,0.05228351801633835
13,,,1133,0.026146817952394485,
13,0.02620364911854267,,1133,,
14,,0.016318276524543762,1139,,
14,,0.014443937689065933,1149,,
14,,0.03512411564588547,1159,,
14,,0.037178345024585724,1169,,
14,,0.018016662448644638,1179,,
14,,0.018426790833473206,1189,,
14,,0.020534876734018326,1199,,
14,,0.05066525563597679,1209,,
,,,3206,,0.001168979099020362
,,,3207,,0.001131364144384861
,,,3208,,0.0016607624711468816
,,,3209,,0.001202279468998313
,,,3210,,0.002414458431303501
,,,3211,,0.0011632820824161172
,,,3212,,0.0014883356634527445
,,,3213,,0.0009689538856036961
,,,3214,,0.0018380117835476995
,,,3215,,0.0010476413881406188
,,,3216,,0.0017395784379914403
,,,3217,,0.0018001748248934746
,,,3218,,0.001110223587602377
,,,3219,,0.0013082014629617333
,,,3220,,0.0016638289671391249
,,,3221,,0.0011429176665842533
,,,3222,,0.0018029417842626572
,,,3223,,0.002088977722451091
,,,3224,,0.0018967242212966084
,,,3225,,0.0022110571153461933
,,,3226,,0.0011185923358425498
,,,3227,,0.0010982162784785032
,,,3228,,0.001019543269649148
,,,3229,,0.0018725029658526182
,,,3230,,0.0016320875147357583
,,,3231,,0.001618221402168274
,,,3232,,0.0015343630220741034
,,,3233,,0.009678159840404987
,,,3234,,0.024046538397669792
,,,3235,,0.0218949094414711
,,,3236,,0.019911501556634903
,,,3237,,0.021802090108394623
,,,3238,,0.020859993994235992
,,,3239,,0.09058587998151779
,,,3240,,0.03300709277391434
,,,3241,,0.019048238173127174
,,,3242,,0.020178522914648056
,,,3243,,0.014263249933719635
,,,3244,,0.009797402657568455
,,,3245,,0.018462052568793297
,,,3246,,0.012279868125915527
,,,3247,,0.011729193851351738
,,,3248,,0.025711221620440483
,,,3249,,0.022106502205133438
,,,3250,,0.011488585732877254
,,,3251,,0.030464716255664825
,,,3252,,0.01666458509862423
,,,3253,,0.0066648684442043304
,,,3254,,0.019213566556572914
,,,3255,,0.009137195535004139
,,,3256,,0.00969134084880352
,,,3257,,0.013338222168385983
,,,3258,,0.004711334593594074
,,,3259,,0.012335975654423237
,,,3260,,0.01946798339486122
,,,3261,,0.03182026743888855
,,,3262,,0.031153425574302673
,,,3263,,0.01933431066572666
,,,3264,,0.02530895173549652
,,,3265,,0.018681969493627548
,,,3266,,0.022810310125350952
,,,3267,,0.02014872059226036
,,,3268,,0.01830631121993065
,,,3269,,0.022988535463809967
,,,3270,,0.021244551986455917
,,,3271,,0.012575581669807434
,,,3272,,0.016233019530773163
,,,3273,,0.032124102115631104
,,,3274,,0.021007679402828217
,,,3275,,0.0148492231965065
,,,3276,,0.015203334391117096
,,,3277,,0.001759680570103228
,,,3278,,0.0026096091605722904
,,,3279,,0.0011821782682090998
,,,3280,,0.0017183779273182154
,,,3281,,0.0016974767204374075
,,,3282,,0.0019836474675685167
,,,3283,,0.0013456589076668024
,,,3284,,0.0011089706094935536
,,,3285,,0.0013938224874436855
,,,3286,,0.0019105614628642797
,,,3287,,0.0014358756598085165
,,,3288,,0.002551920711994171
,,,3289,,0.0019294845405966043
,,,3290,,0.02544969879090786
,,,3291,,0.030535686761140823
,,,3292,,0.031612806022167206
,,,3293,,0.09188991039991379
,,,3294,,0.06959441304206848
,,,3295,,0.04955926537513733
,,,3296,,0.08184443414211273
,,,3297,,0.07599098980426788
,,,3298,,0.02821299061179161
,,,3299,,0.028622331097722054
,,,3300,,0.02971654012799263
,,,3301,,0.0209939107298851
,,,3302,,0.024710960686206818
,,,3303,,0.028281133621931076
,,,3304,,0.02369607612490654
,,,3305,,0.024305596947669983
,,,3306,,0.026259658858180046
,,,3307,,0.024576758965849876
,,,3308,,0.02277180179953575
,,,3309,,0.01966932602226734
,,,3310,,0.028383051976561546
,,,3311,,0.025638926774263382
,,,3312,,0.02880866825580597
,,,3313,,0.025633554905653
,,,3314,,0.024014055728912354
,,,3315,,0.031726256012916565
,,,3316,,0.02761448733508587
,,,3317,,0.020772334188222885
,,,3318,,0.028046555817127228
,,,3319,,0.0271492637693882
,,,3320,,0.023442542180418968
,,,3321,,0.024007122963666916
,,,3322,,0.018771076574921608
,,,3323,,0.022201091051101685
,,,3324,,0.020086854696273804
,,,3325,,0.02263963781297207
,,,3326,,0.017911799252033234
,,,3327,,0.02040761709213257
,,,3328,,0.02176668494939804
,,,3329,,0.021136607974767685
,,,3330,,0.01955539733171463
,,,3331,,0.020904403179883957
,,,3332,,0.01705237850546837
,,,3333,,0.018243666738271713
,,,3334,,0.01808527298271656
,,,3335,,0.0235263854265213
,,,3336,,0.020430559292435646
,,,3337,,0.023551881313323975
,,,3338,,0.02042829431593418
,,,3339,,0.024375665932893753
,,,3340,,0.022758886218070984
,,,3341,,0.020698944106698036
,,,3342,,0.0195784755051136
,,,3343,,0.022345341742038727
,,,3344,,0.016224758699536324
,,,3345,,0.0177747942507267
,,,3346,,0.015140069648623466
,,,3347,,0.014509080909192562
,,,3348,,0.015612814575433731
,,,3349,,0.01745462417602539
,,,3350,,0.016360566020011902
,,,3351,,0.017599251121282578
,,,3352,,0.014961643144488335
,,,3353,,0.016818715259432793
,,,3354,,0.015134904533624649
,,,3355,,0.012832842767238617
,,,3356,,0.014619016088545322
,,,3357,,0.015676014125347137
,,,3358,,0.01701088435947895
,,,3359,,0.016022540628910065
,,,3360,,0.01796751283109188
,,,3361,,0.016863178461790085
,,,3362,,0.016629569232463837
,,,3363,,0.015023911371827126
,,,3364,,0.015873104333877563
,,,3365,,0.017285656183958054
,,,3366,,0.014868561178445816
,,,3367,,0.016936572268605232
,,,3368,,0.019264720380306244
,,,3369,,0.017215419560670853
,,,3370,,0.01730259880423546
,,,3371,,0.01610914245247841
,,,3372,,0.01419377513229847
,,,3373,,0.014965164475142956
,,,3374,,0.020370202139019966
,,,3375,,0.017270833253860474
,,,3376,,0.015094596892595291
,,,3377,,0.019591927528381348
,,,3378,,0.016600511968135834
,,,3379,,0.02054121345281601
,,,3380,,0.016429822891950607
,,,3381,,0.015389205887913704
,,,3382,,0.017816489562392235
,,,3383,,0.018018409609794617
,,,3384,,0.015607519075274467
,,,3385,,0.019488118588924408
,,,3386,,0.01664174720644951
,,,3387,,0.016442488878965378
,,,3388,,0.007253593299537897
,,,3389,,0.005687568802386522
,,,3390,,0.004736355505883694
,,,3391,,0.0050446828827261925
,,,3392,,0.004339896142482758
,,,3393,,0.00432618148624897
,,,3394,,0.005433771293610334
,,,3395,,0.004779451061040163
,,,3396,,0.006311509758234024
,,,3397,,0.005286966450512409
,,,3398,,0.004921896383166313
,,,3399,,0.0050272648222744465
,,,3400,,0.0049907853826880455
,,,3401,,0.02475094422698021
,,,3402,,0.039300501346588135
,,,3403,,0.028083711862564087
,,,3404,,0.025754962116479874
,,,3405,,0.011461247690021992
,,,3406,,0.09092357754707336
,,,3407,,0.019515179097652435
,,,3408,,0.060039129108190536
,,,3409,,0.027732305228710175
,,,3410,,0.034470267593860626
,,,3411,,0.045416101813316345
,,,3412,,0.050227150321006775
,,,3413,,0.049303583800792694
,,,3414,,0.061042774468660355
,,,3415,,0.04937794804573059
,,,3416,,0.07407915592193604
,,,3417,,0.03746190667152405
,,,3418,,0.12932610511779785
,,,3419,,0.1082860454916954
,,,3420,,0.09836863726377487
,,,3421,,0.09896668046712875
,,,3422,,0.13552264869213104
,,,3423,,0.08866585791110992
,,,3424,,0.09140010178089142
,,,3425,,0.12346695363521576
,,,3426,,0.09464146196842194
,,,3427,,0.11631131917238235
,,,3428,,0.09652175009250641
,,,3429,,0.10095825791358948
,,,3430,,0.11058788001537323
,,,3431,,0.1085231602191925
,,,3432,,0.10877082496881485
,,,3433,,0.10578523576259613
,,,3434,,0.04861494526267052
14,,,1214,0.02513754367828369,
14,0.024955997243523598,,1214,,
15,,0.025128088891506195,1219,,
15,,0.024659186601638794,1229,,
15,,0.0213357862085104,1239,,
15,,0.034411896020174026,1249,,
15,,0.028116412460803986,1259,,
15,,0.03422556445002556,1269,,
15,,0.024200912564992905,1279,,
15,,0.02479495480656624,1289,,
,,,3435,,0.0007388962549157441
,,,3436,,0.0007163896225392818
,,,3437,,0.0014467299915850163
,,,3438,,0.0007147439755499363
,,,3439,,0.0016535440227016807
,,,3440,,0.0007129332516342402
,,,3441,,0.0012473146198317409
,,,3442,,0.0006153815193101764
,,,3443,,0.001182971172966063
,,,3444,,0.0006735741626471281
,,,3445,,0.0014129632618278265
,,,3446,,0.0016122336965054274
,,,3447,,0.000704003032296896
,,,3448,,0.0008313832804560661
,,,3449,,0.0011370307765901089
,,,3450,,0.0007008618558757007
,,,3451,,0.0013044197112321854
,,,3452,,0.0014876784989610314
,,,3453,,0.0012146999360993505
,,,3454,,0.0017786535900086164
,,,3455,,0.0006238012574613094
,,,3456,,0.0006144314538687468
,,,3457,,0.0005523876170627773
,,,3458,,0.0014671958051621914
,,,3459,,0.0012073544785380363
,,,3460,,0.0011318887118250132
,,,3461,,0.0010739851277321577
,,,3462,,0.009112829342484474
,,,3463,,0.023112807422876358
,,,3464,,0.020904434844851494
,,,3465,,0.019207842648029327
,,,3466,,0.020970173180103302
,,,3467,,0.019787706434726715
,,,3468,,0.08935805410146713
,,,3469,,0.0318496897816658
,,,3470,,0.018060818314552307
,,,3471,,0.019363021478056908
,,,3472,,0.013652716763317585
,,,3473,,0.009133495390415192
,,,3474,,0.017657365649938583
,,,3475,,0.011587230488657951
,,,3476,,0.010739351622760296
,,,3477,,0.024163343012332916
,,,3478,,0.020891407504677773
,,,3479,,0.010769687592983246
,,,3480,,0.028793442994356155
,,,3481,,0.015555879101157188
,,,3482,,0.006204309407621622
,,,3483,,0.017566917464137077
,,,3484,,0.008364588022232056
,,,3485,,0.009002516977488995
,,,3486,,0.012474854476749897
,,,3487,,0.004319843836128712
,,,3488,,0.011414565145969391
,,,3489,,0.01747792959213257
,,,3490,,0.029365962371230125
,,,3491,,0.028834844008088112
,,,3492,,0.01760287955403328
,,,3493,,0.02330438420176506
,,,3494,,0.01665356010198593
,,,3495,,0.021144205704331398
,,,3496,,0.01818167231976986
,,,3497,,0.01642395183444023
,,,3498,,0.02124926447868347
,,,3499,,0.01941530406475067
,,,3500,,0.011061768978834152
,,,3501,,0.01435575820505619
,,,3502,,0.029523538425564766
,,,3503,,0.018940173089504242
,,,3504,,0.012705465778708458
,,,3505,,0.013729128986597061
,,,3506,,0.0011601774021983147
,,,3507,,0.0019723086152225733
,,,3508,,0.0009291436290368438
,,,3509,,0.001150667667388916
,,,3510,,0.001090159872546792
,,,3511,,0.001314446097239852
,,,3512,,0.0007967466954141855
,,,3513,,0.000829591415822506
,,,3514,,0.0009005903266370296
,,,3515,,0.0014030768070369959
,,,3516,,0.0009444148745387793
,,,3517,,0.0016765246400609612
,,,3518,,0.0013684367295354605
,,,3519,,0.023894088342785835
,,,3520,,0.028904903680086136
,,,3521,,0.02906499058008194
,,,3522,,0.0836736261844635
,,,3523,,0.06268218159675598
,,,3524,,0.04617195576429367
,,,3525,,0.07819907367229462
,,,3526,,0.072568878531456
,,,3527,,0.02651025354862213
,,,3528,,0.026990849524736404
,,,3529,,0.027961760759353638
,,,3530,,0.019656885415315628
,,,3531,,0.023336926475167274
,,,3532,,0.026785124093294144
,,,3533,,0.022352667525410652
,,,3534,,0.02279948815703392
,,,3535,,0.02470318228006363
,,,3536,,0.023069515824317932
,,,3537,,0.021363213658332825
,,,3538,,0.018548324704170227
,,,3539,,0.026703007519245148
,,,3540,,0.02410459704697132
,,,3541,,0.02709788642823696
,,,3542,,0.024174228310585022
,,,3543,,0.022698963060975075
,,,3544,,0.029963428154587746
,,,3545,,0.026022784411907196
,,,3546,,0.01961495168507099
,,,3547,,0.02636858820915222
,,,3548,,0.025467535480856895
,,,3549,,0.022097913548350334
,,,3550,,0.022621087729930878
,,,3551,,0.01764877885580063
,,,3552,,0.021047260612249374
,,,3553,,0.019154444336891174
,,,3554,,0.021598882973194122
,,,3555,,0.016917303204536438
,,,3556,,0.01935821957886219
,,,3557,,0.020668791607022285
,,,3558,,0.02003330923616886
,,,3559,,0.01856563612818718
,,,3560,,0.019830454140901566
,,,3561,,0.01613706536591053
,,,3562,,0.01725393906235695
,,,3563,,0.017106246203184128
,,,3564,,0.02242196351289749
,,,3565,,0.019329529255628586
,,,3566,,0.022434046491980553
,,,3567,,0.01949189230799675
,,,3568,,0.02312403917312622
,,,3569,,0.021641001105308533
,,,3570,,0.01970311813056469
,,,3571,,0.018629927188158035
,,,3572,,0.021271556615829468
,,,3573,,0.01533688884228468
,,,3574,,0.016790123656392097
,,,3575,,0.014251139014959335
,,,3576,,0.013728344812989235
,,,3577,,0.014758497476577759
,,,3578,,0.01643221452832222
,,,3579,,0.015376095660030842
,,,3580,,0.016578910872340202
,,,3581,,0.014096574857831001
,,,3582,,0.015790250152349472
,,,3583,,0.01410512626171112
,,,3584,,0.012093585915863514
,,,3585,,0.013775368221104145
,,,3586,,0.014841102063655853
,,,3587,,0.01595805026590824
,,,3588,,0.015044360421597958
,,,3589,,0.016998404636979103
,,,3590,,0.01575472205877304
,,,3591,,0.01564278081059456
,,,3592,,0.014149961993098259
,,,3593,,0.01491704210639
,,,3594,,0.016356710344552994
,,,3595,,0.013985823839902878
,,,3596,,0.016074353829026222
,,,3597,,0.018228741362690926
,,,3598,,0.016292985528707504
,,,3599,,0.01635514758527279
,,,3600,,0.015217522159218788
,,,3601,,0.013325444422662258
,,,3602,,0.014124581590294838
,,,3603,,0.019303148612380028
,,,3604,,0.016275988891720772
,,,3605,,0.014330999925732613
,,,3606,,0.01853761449456215
,,,3607,,0.015685174614191055
,,,3608,,0.01956494338810444
,,,3609,,0.015500735491514206
,,,3610,,0.01451645977795124
,,,3611,,0.016815796494483948
,,,3612,,0.01708363927900791
,,,3613,,0.014733655378222466
,,,3614,,0.01844191737473011
,,,3615,,0.015789179131388664
,,,3616,,0.015529556199908257
,,,3617,,0.006363574415445328
,,,3618,,0.005010699853301048
,,,3619,,0.004044479224830866
,,,3620,,0.004332907032221556
,,,3621,,0.003633147571235895
,,,3622,,0.003609503386542201
,,,3623,,0.004689856432378292
,,,3624,,0.003975251689553261
,,,3625,,0.0054288823157548904
,,,3626,,0.004576473496854305
,,,3627,,0.0042811790481209755
,,,3628,,0.004232021979987621
,,,3629,,0.004285258706659079
,,,3630,,0.022652920335531235
,,,3631,,0.036248818039894104
,,,3632,,0.025340216234326363
,,,3633,,0.023252233862876892
,,,3634,,0.009963572025299072
,,,3635,,0.0867137461900711
,,,3636,,0.017766281962394714
,,,3637,,0.056092143058776855
,,,3638,,0.026687517762184143
,,,3639,,0.031721170991659164
,,,3640,,0.04230750724673271
,,,3641,,0.04767892509698868
,,,3642,,0.0491836741566658
,,,3643,,0.05617442727088928
,,,3644,,0.044727351516485214
,,,3645,,0.06688041985034943
,,,3646,,0.03535281494259834
,,,3647,,0.12645259499549866
,,,3648,,0.10496845841407776
,,,3649,,0.09566446393728256
,,,3650,,0.09569133818149567
,,,3651,,0.13281512260437012
,,,3652,,0.08651261031627655
,,,3653,,0.08902763575315475
,,,3654,,0.11937296390533447
,,,3655,,0.0918741226196289
,,,3656,,0.1126711294054985
,,,3657,,0.09469722211360931
,,,3658,,0.09739147871732712
,,,3659,,0.10730959475040436
,,,3660,,0.10504459589719772
,,,3661,,0.10625344514846802
,,,3662,,0.10283812135457993
,,,3663,,0.0475340336561203
15,,,1295,0.023749463260173798,
15,0.02346108667552471,,1295,,
16,,0.029674308374524117,1299,,
16,,0.012598925270140171,1309,,
16,,0.016400238499045372,1319,,
16,,0.032376088201999664,1329,,
16,,0.01997690461575985,1339,,
16,,0.02393995225429535,1349,,
16,,0.01894058659672737,1359,,
16,,0.031858183443546295,1369,,
,,,3664,,0.0009843489388003945
,,,3665,,0.0009540070896036923
,,,3666,,0.001660540234297514
,,,3667,,0.0008469154126942158
,,,3668,,0.0018314667977392673
,,,3669,,0.0008182782912626863
,,,3670,,0.0014872932806611061
,,,3671,,0.0007644378929398954
,,,3672,,0.0013230033218860626
,,,3673,,0.0008314205333590508
,,,3674,,0.0015576741425320506
,,,3675,,0.0018779856618493795
,,,3676,,0.0009032550733536482
,,,3677,,0.0009808937320485711
,,,3678,,0.0012921615270897746
,,,3679,,0.0008220312302000821
,,,3680,,0.0014946132432669401
,,,3681,,0.0016288261394947767
,,,3682,,0.0013646367006003857
,,,3683,,0.0018898122943937778
,,,3684,,0.0007634065113961697
,,,3685,,0.0007563047111034393
,,,3686,,0.0006764102727174759
,,,3687,,0.0016986413393169641
,,,3688,,0.0014159362763166428
,,,3689,,0.0012720548547804356
,,,3690,,0.0011879197554662824
,,,3691,,0.009513715282082558
,,,3692,,0.023214805871248245
,,,3693,,0.021100550889968872
,,,3694,,0.01944524422287941
,,,3695,,0.021230019629001617
,,,3696,,0.020033378154039383
,,,3697,,0.08915457874536514
,,,3698,,0.03175734728574753
,,,3699,,0.018239639699459076
,,,3700,,0.019483961164951324
,,,3701,,0.013984437100589275
,,,3702,,0.009576167911291122
,,,3703,,0.017971016466617584
,,,3704,,0.01211673952639103
,,,3705,,0.011314982548356056
,,,3706,,0.024176370352506638
,,,3707,,0.02098015695810318
,,,3708,,0.011209502816200256
,,,3709,,0.02861539088189602
,,,3710,,0.01574554853141308
,,,3711,,0.0065652308985590935
,,,3712,,0.01762472279369831
,,,3713,,0.008713213726878166
,,,3714,,0.009512455202639103
,,,3715,,0.013032035902142525
,,,3716,,0.004986392799764872
,,,3717,,0.01182989589869976
,,,3718,,0.01794196292757988
,,,3719,,0.029149552807211876
,,,3720,,0.02816603146493435
,,,3721,,0.01768675073981285
,,,3722,,0.02313779853284359
,,,3723,,0.016948901116847992
,,,3724,,0.02104838564991951
,,,3725,,0.01851191371679306
,,,3726,,0.01631452888250351
,,,3727,,0.021413445472717285
,,,3728,,0.019695404917001724
,,,3729,,0.011374629102647305
,,,3730,,0.014472363516688347
,,,3731,,0.028966013342142105
,,,3732,,0.018651647493243217
,,,3733,,0.012966867536306381
,,,3734,,0.013927808962762356
,,,3735,,0.0013708719052374363
,,,3736,,0.00210692104883492
,,,3737,,0.0009818184189498425
,,,3738,,0.001337891910225153
,,,3739,,0.0013183471746742725
,,,3740,,0.0014997920952737331
,,,3741,,0.0009801068808883429
,,,3742,,0.0010122633539140224
,,,3743,,0.0011257992591708899
,,,3744,,0.0016514227027073503
,,,3745,,0.0011266360525041819
,,,3746,,0.001967005431652069
,,,3747,,0.0015255296602845192
,,,3748,,0.023369092494249344
,,,3749,,0.028019871562719345
,,,3750,,0.02819124422967434
,,,3751,,0.08055808395147324
,,,3752,,0.059972621500492096
,,,3753,,0.044235192239284515
,,,3754,,0.07354962825775146
,,,3755,,0.06958019733428955
,,,3756,,0.025657128542661667
,,,3757,,0.026179250329732895
,,,3758,,0.027179859578609467
,,,3759,,0.019244123250246048
,,,3760,,0.022595643997192383
,,,3761,,0.02600976452231407
,,,3762,,0.021791715174913406
,,,3763,,0.022046823054552078
,,,3764,,0.02401598170399666
,,,3765,,0.022184748202562332
,,,3766,,0.020660869777202606
,,,3767,,0.018056567758321762
,,,3768,,0.025946397334337234
,,,3769,,0.023367632180452347
,,,3770,,0.026314493268728256
,,,3771,,0.0235434677451849
,,,3772,,0.02211696282029152
,,,3773,,0.029171092435717583
,,,3774,,0.025218531489372253
,,,3775,,0.019108248874545097
,,,3776,,0.025460876524448395
,,,3777,,0.024826008826494217
,,,3778,,0.022128120064735413
,,,3779,,0.02248675748705864
,,,3780,,0.017639856785535812
,,,3781,,0.020709328353405
,,,3782,,0.01883520558476448
,,,3783,,0.021234214305877686
,,,3784,,0.01664258912205696
,,,3785,,0.019035547971725464
,,,3786,,0.020128164440393448
,,,3787,,0.019667409360408783
,,,3788,,0.018256038427352905
,,,3789,,0.019449982792139053
,,,3790,,0.016015291213989258
,,,3791,,0.016990987583994865
,,,3792,,0.016641151160001755
,,,3793,,0.021992940455675125
,,,3794,,0.018959317356348038
,,,3795,,0.021970611065626144
,,,3796,,0.01897658035159111
,,,3797,,0.022600309923291206
,,,3798,,0.021279731765389442
,,,3799,,0.019357357174158096
,,,3800,,0.018286623060703278
,,,3801,,0.02087070420384407
,,,3802,,0.014910118654370308
,,,3803,,0.016328131780028343
,,,3804,,0.013828346505761147
,,,3805,,0.01338912546634674
,,,3806,,0.014521217904984951
,,,3807,,0.015722602605819702
,,,3808,,0.015091992914676666
,,,3809,,0.015822231769561768
,,,3810,,0.013569159433245659
,,,3811,,0.01553149800747633
,,,3812,,0.013901114463806152
,,,3813,,0.011600816622376442
,,,3814,,0.013544870540499687
,,,3815,,0.014302186667919159
,,,3816,,0.015503734350204468
,,,3817,,0.014599351212382317
,,,3818,,0.016578154638409615
,,,3819,,0.015462441369891167
,,,3820,,0.015125209465622902
,,,3821,,0.013872789219021797
,,,3822,,0.014256998896598816
,,,3823,,0.0159885473549366
,,,3824,,0.013927977532148361
,,,3825,,0.0158607829362154
,,,3826,,0.018043439835309982
,,,3827,,0.016161050647497177
,,,3828,,0.016191529110074043
,,,3829,,0.015127010643482208
,,,3830,,0.013283205218613148
,,,3831,,0.01409117691218853
,,,3832,,0.019066806882619858
,,,3833,,0.016141807660460472
,,,3834,,0.014187376946210861
,,,3835,,0.01841297745704651
,,,3836,,0.015554873272776604
,,,3837,,0.019339334219694138
,,,3838,,0.015361709520220757
,,,3839,,0.014463397674262524
,,,3840,,0.01668165624141693
,,,3841,,0.016952820122241974
,,,3842,,0.014639890752732754
,,,3843,,0.01829349994659424
,,,3844,,0.015658117830753326
,,,3845,,0.015361255034804344
,,,3846,,0.006701420992612839
,,,3847,,0.005237480625510216
,,,3848,,0.004282178357243538
,,,3849,,0.004639926832169294
,,,3850,,0.0039060614071786404
,,,3851,,0.003898411989212036
,,,3852,,0.004895364865660667
,,,3853,,0.004275862127542496
,,,3854,,0.0056673637591302395
,,,3855,,0.004848046228289604
,,,3856,,0.004472108092159033
,,,3857,,0.004492992535233498
,,,3858,,0.004487252794206142
,,,3859,,0.02231619879603386
,,,3860,,0.035798728466033936
,,,3861,,0.025613658130168915
,,,3862,,0.0225522443652153
,,,3863,,0.0099174277856946
,,,3864,,0.0844455361366272
,,,3865,,0.017145590856671333
,,,3866,,0.0573149174451828
,,,3867,,0.025072786957025528
,,,3868,,0.03051750361919403
,,,3869,,0.03985298052430153
,,,3870,,0.04457195848226547
,,,3871,,0.04678431898355484
,,,3872,,0.0556241050362587
,,,3873,,0.04265314340591431
,,,3874,,0.06980694085359573
,,,3875,,0.0344020277261734
,,,3876,,0.12428402900695801
,,,3877,,0.1033984050154686
,,,3878,,0.09330928325653076
,,,3879,,0.09388285130262375
,,,3880,,0.13061323761940002
,,,3881,,0.08440117537975311
,,,3882,,0.08719618618488312
,,,3883,,0.11666356027126312
,,,3884,,0.08960609883069992
,,,3885,,0.1099349856376648
,,,3886,,0.09244516491889954
,,,3887,,0.09487263858318329
,,,3888,,0.10515746474266052
,,,3889,,0.1035892516374588
,,,3890,,0.1034325510263443
,,,3891,,0.10036468505859375
,,,3892,,0.04670491814613342
16,,,1376,0.023374702781438828,
16,0.023673322051763535,,1376,,
17,,0.02212359383702278,1379,,
17,,0.033149875700473785,1389,,
17,,0.017908703535795212,1399,,
17,,0.03136880695819855,1409,,
17,,0.01275170873850584,1419,,
17,,0.031518854200839996,1429,,
17,,0.024823015555739403,1439,,
17,,0.04025882109999657,1449,,
,,,3893,,0.002940158825367689
,,,3894,,0.0028240708634257317
,,,3895,,0.003436329076066613
,,,3896,,0.002890553791075945
,,,3897,,0.0039023286662995815
,,,3898,,0.0028842901811003685
,,,3899,,0.003235268872231245
,,,3900,,0.0026815924793481827
,,,3901,,0.0034038121812045574
,,,3902,,0.002813048893585801
,,,3903,,0.0035013726446777582
,,,3904,,0.0035151366610080004
,,,3905,,0.0028605484403669834
,,,3906,,0.0029073755722492933
,,,3907,,0.0031216642819344997
,,,3908,,0.002621397841721773
,,,3909,,0.0034496772568672895
,,,3910,,0.0034454609267413616
,,,3911,,0.003278259886428714
,,,3912,,0.003629357786849141
,,,3913,,0.002611428964883089
,,,3914,,0.002615090925246477
,,,3915,,0.0024493630044162273
,,,3916,,0.0033907191827893257
,,,3917,,0.0033088941127061844
,,,3918,,0.0030394964851439
,,,3919,,0.0030444427393376827
,,,3920,,0.011133929714560509
,,,3921,,0.02488570287823677
,,,3922,,0.022649897262454033
,,,3923,,0.020973090082406998
,,,3924,,0.022814098745584488
,,,3925,,0.0218611229211092
,,,3926,,0.08988979458808899
,,,3927,,0.033257320523262024
,,,3928,,0.019841382279992104
,,,3929,,0.021117717027664185
,,,3930,,0.01554893795400858
,,,3931,,0.011439242400228977
,,,3932,,0.01954163797199726
,,,3933,,0.013879010453820229
,,,3934,,0.012875142507255077
,,,3935,,0.025598978623747826
,,,3936,,0.022507842630147934
,,,3937,,0.012774316594004631
,,,3938,,0.02980956621468067
,,,3939,,0.017240066081285477
,,,3940,,0.008111897855997086
,,,3941,,0.019278455525636673
,,,3942,,0.010480627417564392
,,,3943,,0.01132185198366642
,,,3944,,0.01467067189514637
,,,3945,,0.0067688883282244205
,,,3946,,0.01353546418249607
,,,3947,,0.01891704648733139
,,,3948,,0.02958407811820507
,,,3949,,0.029223142191767693
,,,3950,,0.018141519278287888
,,,3951,,0.023963995277881622
,,,3952,,0.018051771447062492
,,,3953,,0.021977324038743973
,,,3954,,0.018795080482959747
,,,3955,,0.01729574427008629
,,,3956,,0.021732831373810768
,,,3957,,0.020122788846492767
,,,3958,,0.012209196574985981
,,,3959,,0.016284408047795296
,,,3960,,0.029789449647068977
,,,3961,,0.019810190424323082
,,,3962,,0.014122703112661839
,,,3963,,0.014687322080135345
,,,3964,,0.0038338503800332546
,,,3965,,0.003989611752331257
,,,3966,,0.002270299941301346
,,,3967,,0.003814136143773794
,,,3968,,0.003932883031666279
,,,3969,,0.0038935155607759953
,,,3970,,0.0028914697468280792
,,,3971,,0.0024269879795610905
,,,3972,,0.0028471394907683134
,,,3973,,0.003468599868938327
,,,3974,,0.0034217096399515867
,,,3975,,0.0055375127121806145
,,,3976,,0.003604140132665634
,,,3977,,0.024917321279644966
,,,3978,,0.029325662180781364
,,,3979,,0.030119381844997406
,,,3980,,0.08137641847133636
,,,3981,,0.06306134164333344
,,,3982,,0.046181514859199524
,,,3983,,0.07294419407844543
,,,3984,,0.06799360364675522
,,,3985,,0.026023641228675842
,,,3986,,0.026604723185300827
,,,3987,,0.027639782056212425
,,,3988,,0.019923165440559387
,,,3989,,0.02335517294704914
,,,3990,,0.026545211672782898
,,,3991,,0.022431505843997
,,,3992,,0.022734729573130608
,,,3993,,0.024835042655467987
,,,3994,,0.02330644056200981
,,,3995,,0.021134477108716965
,,,3996,,0.018843725323677063
,,,3997,,0.026536790654063225
,,,3998,,0.024138152599334717
,,,3999,,0.026662539690732956
,,,4000,,0.024141376838088036
,,,4001,,0.022702548652887344
,,,4002,,0.02978292852640152
,,,4003,,0.025889914482831955
,,,4004,,0.01980784349143505
,,,4005,,0.02612118236720562
,,,4006,,0.025572113692760468
,,,4007,,0.023485131561756134
,,,4008,,0.02412058599293232
,,,4009,,0.019222315400838852
,,,4010,,0.021539049223065376
,,,4011,,0.019850585609674454
,,,4012,,0.02227594703435898
,,,4013,,0.017755940556526184
,,,4014,,0.019978050142526627
,,,4015,,0.021255169063806534
,,,4016,,0.020584728568792343
,,,4017,,0.019351664930582047
,,,4018,,0.020655494183301926
,,,4019,,0.016789941117167473
,,,4020,,0.018145347014069557
,,,4021,,0.01799052394926548
,,,4022,,0.022901423275470734
,,,4023,,0.02011932246387005
,,,4024,,0.022583503276109695
,,,4025,,0.020324893295764923
,,,4026,,0.0237562395632267
,,,4027,,0.022151298820972443
,,,4028,,0.02034233883023262
,,,4029,,0.01944163255393505
,,,4030,,0.02185862883925438
,,,4031,,0.016013987362384796
,,,4032,,0.01743600144982338
,,,4033,,0.015554288402199745
,,,4034,,0.014767618849873543
,,,4035,,0.01562455389648676
,,,4036,,0.017315436154603958
,,,4037,,0.015603362582623959
,,,4038,,0.017194094136357307
,,,4039,,0.014999385923147202
,,,4040,,0.016752248629927635
,,,4041,,0.014384431764483452
,,,4042,,0.013541032560169697
,,,4043,,0.014747219160199165
,,,4044,,0.015979932621121407
,,,4045,,0.016637098044157028
,,,4046,,0.015869494527578354
,,,4047,,0.017510760575532913
,,,4048,,0.016309145838022232
,,,4049,,0.016597021371126175
,,,4050,,0.014992954209446907
,,,4051,,0.015705130994319916
,,,4052,,0.016785819083452225
,,,4053,,0.015260186046361923
,,,4054,,0.017142094671726227
,,,4055,,0.01947234570980072
,,,4056,,0.01754961535334587
,,,4057,,0.017628459259867668
,,,4058,,0.01647268235683441
,,,4059,,0.014636863954365253
,,,4060,,0.015336541458964348
,,,4061,,0.020501863211393356
,,,4062,,0.017613960430026054
,,,4063,,0.015496712177991867
,,,4064,,0.019805749878287315
,,,4065,,0.016941769048571587
,,,4066,,0.020693473517894745
,,,4067,,0.016664985567331314
,,,4068,,0.01580629125237465
,,,4069,,0.017918609082698822
,,,4070,,0.018181173130869865
,,,4071,,0.015973351895809174
,,,4072,,0.01971452683210373
,,,4073,,0.01697733625769615
,,,4074,,0.016838908195495605
,,,4075,,0.009020812809467316
,,,4076,,0.007553968578577042
,,,4077,,0.006434896029531956
,,,4078,,0.006703508086502552
,,,4079,,0.006388925015926361
,,,4080,,0.006360593251883984
,,,4081,,0.00701505783945322
,,,4082,,0.006734548136591911
,,,4083,,0.008069407194852829
,,,4084,,0.007227596361190081
,,,4085,,0.006741340272128582
,,,4086,,0.007239431142807007
,,,4087,,0.0066260723397135735
,,,4088,,0.025524672120809555
,,,4089,,0.03509664162993431
,,,4090,,0.02768220752477646
,,,4091,,0.024159904569387436
,,,4092,,0.011179788038134575
,,,4093,,0.08770270645618439
,,,4094,,0.018686074763536453
,,,4095,,0.057206325232982635
,,,4096,,0.025794904679059982
,,,4097,,0.03198651224374771
,,,4098,,0.04214192181825638
,,,4099,,0.045564040541648865
,,,4100,,0.048766881227493286
,,,4101,,0.05313165485858917
,,,4102,,0.04332546144723892
,,,4103,,0.06641372293233871
,,,4104,,0.03543940186500549
,,,4105,,0.12522177398204803
,,,4106,,0.10491931438446045
,,,4107,,0.09527258574962616
,,,4108,,0.09610220789909363
,,,4109,,0.1313926875591278
,,,4110,,0.08627351373434067
,,,4111,,0.08869579434394836
,,,4112,,0.11819259822368622
,,,4113,,0.09101799130439758
,,,4114,,0.1110808402299881
,,,4115,,0.09396886825561523
,,,4116,,0.09706790745258331
,,,4117,,0.10781307518482208
,,,4118,,0.10496985912322998
,,,4119,,0.10475987941026688
,,,4120,,0.10208486020565033
,,,4121,,0.049145761877298355
17,,,1457,0.024746187031269073,
17,0.022967996075749397,,1457,,
18,,0.014659905806183815,1459,,
18,,0.020394129678606987,1469,,
18,,0.03528760373592377,1479,,
18,,0.027699725702404976,1489,,
18,,0.010326803661882877,1499,,
18,,0.023843279108405113,1509,,
18,,0.018966156989336014,1519,,
18,,0.008228993974626064,1529,,
,,,4122,,0.0007865446386858821
,,,4123,,0.0008086502784863114
,,,4124,,0.0013780378503724933
,,,4125,,0.0007057376205921173
,,,4126,,0.0014532031491398811
,,,4127,,0.0006483409088104963
,,,4128,,0.0011404207907617092
,,,4129,,0.0006522986805066466
,,,4130,,0.0010229498147964478
,,,4131,,0.0006892485544085503
,,,4132,,0.0012915553525090218
,,,4133,,0.001596876885741949
,,,4134,,0.0007743866881355643
,,,4135,,0.0008316162275150418
,,,4136,,0.0011280874023213983
,,,4137,,0.0007142768008634448
,,,4138,,0.001305886427871883
,,,4139,,0.0014489719178527594
,,,4140,,0.0010680316481739283
,,,4141,,0.001876341993920505
,,,4142,,0.0006725667044520378
,,,4143,,0.0006359642138704658
,,,4144,,0.0005536366952583194
,,,4145,,0.001537506701424718
,,,4146,,0.001251937705092132
,,,4147,,0.0011413516476750374
,,,4148,,0.0010036341845989227
,,,4149,,0.008530732244253159
,,,4150,,0.022116677835583687
,,,4151,,0.019966434687376022
,,,4152,,0.01839820295572281
,,,4153,,0.020133594051003456
,,,4154,,0.018981171771883965
,,,4155,,0.08743955194950104
,,,4156,,0.030406158417463303
,,,4157,,0.017066478729248047
,,,4158,,0.01848071813583374
,,,4159,,0.013007882982492447
,,,4160,,0.008691404014825821
,,,4161,,0.016835689544677734
,,,4162,,0.01102319173514843
,,,4163,,0.009804995730519295
,,,4164,,0.02234693057835102
,,,4165,,0.019318867474794388
,,,4166,,0.009834447875618935
,,,4167,,0.026512444019317627
,,,4168,,0.014217620715498924
,,,4169,,0.005604572594165802
,,,4170,,0.016034947708249092
,,,4171,,0.007801676169037819
,,,4172,,0.008517209440469742
,,,4173,,0.011925130151212215
,,,4174,,0.0041135032661259174
,,,4175,,0.010709277354180813
,,,4176,,0.015599802136421204
,,,4177,,0.026134299114346504
,,,4178,,0.02558206580579281
,,,4179,,0.01515635009855032
,,,4180,,0.020715435966849327
,,,4181,,0.01538810320198536
,,,4182,,0.018473133444786072
,,,4183,,0.01620721071958542
,,,4184,,0.014591350220143795
,,,4185,,0.01915064826607704
,,,4186,,0.017360636964440346
,,,4187,,0.009653959423303604
,,,4188,,0.01305016316473484
,,,4189,,0.025927264243364334
,,,4190,,0.016486074775457382
,,,4191,,0.010613607242703438
,,,4192,,0.012012491002678871
,,,4193,,0.0010314746759831905
,,,4194,,0.0017590102506801486
,,,4195,,0.0011948122410103679
,,,4196,,0.0011277939192950726
,,,4197,,0.0010062693618237972
,,,4198,,0.0011173294624313712
,,,4199,,0.0007201108383014798
,,,4200,,0.0010373727418482304
,,,4201,,0.0008200664888136089
,,,4202,,0.0012676960323005915
,,,4203,,0.0010359291918575764
,,,4204,,0.001217332319356501
,,,4205,,0.0012618122855201364
,,,4206,,0.021284813061356544
,,,4207,,0.025992561131715775
,,,4208,,0.025569722056388855
,,,4209,,0.07281377911567688
,,,4210,,0.054490286856889725
,,,4211,,0.04105473309755325
,,,4212,,0.06769376993179321
,,,4213,,0.06451726704835892
,,,4214,,0.023432210087776184
,,,4215,,0.024371404200792313
,,,4216,,0.025355201214551926
,,,4217,,0.017743663862347603
,,,4218,,0.021221527829766273
,,,4219,,0.024419251829385757
,,,4220,,0.020167764276266098
,,,4221,,0.02050071209669113
,,,4222,,0.02245042659342289
,,,4223,,0.020641112700104713
,,,4224,,0.01893613487482071
,,,4225,,0.016912834718823433
,,,4226,,0.02420366182923317
,,,4227,,0.02189215086400509
,,,4228,,0.024538880214095116
,,,4229,,0.021968556568026543
,,,4230,,0.020596882328391075
,,,4231,,0.027356982231140137
,,,4232,,0.023718051612377167
,,,4233,,0.01774873211979866
,,,4234,,0.023910127580165863
,,,4235,,0.02309023216366768
,,,4236,,0.02052600309252739
,,,4237,,0.02095106802880764
,,,4238,,0.01622335985302925
,,,4239,,0.019339047372341156
,,,4240,,0.01755792647600174
,,,4241,,0.01997322216629982
,,,4242,,0.015606142580509186
,,,4243,,0.017772696912288666
,,,4244,,0.018987882882356644
,,,4245,,0.018548503518104553
,,,4246,,0.017078444361686707
,,,4247,,0.018149331212043762
,,,4248,,0.014831557869911194
,,,4249,,0.015725944191217422
,,,4250,,0.015620296820998192
,,,4251,,0.020669128745794296
,,,4252,,0.017713656648993492
,,,4253,,0.020606447011232376
,,,4254,,0.017822042107582092
,,,4255,,0.021200958639383316
,,,4256,,0.01978967897593975
,,,4257,,0.018110113218426704
,,,4258,,0.017168734222650528
,,,4259,,0.019540591165423393
,,,4260,,0.013817052356898785
,,,4261,,0.015176208689808846
,,,4262,,0.013042423874139786
,,,4263,,0.01263090968132019
,,,4264,,0.01348568033427
,,,4265,,0.014811055734753609
,,,4266,,0.013748293742537498
,,,4267,,0.014799213968217373
,,,4268,,0.012671470642089844
,,,4269,,0.01446627825498581
,,,4270,,0.012760752812027931
,,,4271,,0.01095067523419857
,,,4272,,0.012616941705346107
,,,4273,,0.013495439663529396
,,,4274,,0.014383064582943916
,,,4275,,0.013608931563794613
,,,4276,,0.015219575725495815
,,,4277,,0.014448359608650208
,,,4278,,0.014284607023000717
,,,4279,,0.012940270826220512
,,,4280,,0.013296062126755714
,,,4281,,0.014898305758833885
,,,4282,,0.012811902910470963
,,,4283,,0.01462559774518013
,,,4284,,0.016746819019317627
,,,4285,,0.01497608795762062
,,,4286,,0.014998978935182095
,,,4287,,0.013944264501333237
,,,4288,,0.012227378785610199
,,,4289,,0.012894260697066784
,,,4290,,0.017635982483625412
,,,4291,,0.01483042910695076
,,,4292,,0.013100961223244667
,,,4293,,0.01715002954006195
,,,4294,,0.014391420409083366
,,,4295,,0.017986316233873367
,,,4296,,0.014163441956043243
,,,4297,,0.013315732590854168
,,,4298,,0.01543225347995758
,,,4299,,0.015607034787535667
,,,4300,,0.013435150496661663
,,,4301,,0.016833975911140442
,,,4302,,0.014517905190587044
,,,4303,,0.01418303046375513
,,,4304,,0.0060105472803115845
,,,4305,,0.004767967388033867
,,,4306,,0.0038078955840319395
,,,4307,,0.004053735174238682
,,,4308,,0.0033064382150769234
,,,4309,,0.0032823672518134117
,,,4310,,0.004225284792482853
,,,4311,,0.0037071476690471172
,,,4312,,0.005133957602083683
,,,4313,,0.004308746196329594
,,,4314,,0.0041133505292236805
,,,4315,,0.003942172043025494
,,,4316,,0.004016575403511524
,,,4317,,0.019339561462402344
,,,4318,,0.03456747531890869
,,,4319,,0.022537823766469955
,,,4320,,0.02075187861919403
,,,4321,,0.008813409134745598
,,,4322,,0.08055170625448227
,,,4323,,0.016869576647877693
,,,4324,,0.050945159047842026
,,,4325,,0.024706432595849037
,,,4326,,0.029911141842603683
,,,4327,,0.03913063555955887
,,,4328,,0.03990432620048523
,,,4329,,0.04197368398308754
,,,4330,,0.05116456001996994
,,,4331,,0.0408661812543869
,,,4332,,0.06028560549020767
,,,4333,,0.03258614242076874
,,,4334,,0.12040678411722183
,,,4335,,0.09900964051485062
,,,4336,,0.09076587855815887
,,,4337,,0.09046034514904022
,,,4338,,0.12569266557693481
,,,4339,,0.08130346238613129
,,,4340,,0.08454053103923798
,,,4341,,0.11106210201978683
,,,4342,,0.08651807904243469
,,,4343,,0.10504923015832901
,,,4344,,0.08904235810041428
,,,4345,,0.09233358502388
,,,4346,,0.10296044498682022
,,,4347,,0.10074160993099213
,,,4348,,0.09977671504020691
,,,4349,,0.09627550840377808
,,,4350,,0.04600515216588974
18,,,1538,0.021871233358979225,
18,0.021558547392487526,,1538,,
19,,0.015082518570125103,1539,,
19,,0.019593557342886925,1549,,
19,,0.010176777839660645,1559,,
19,,0.00785699300467968,1569,,
19,,0.014030077494680882,1579,,
19,,0.01768873818218708,1589,,
19,,0.02690964937210083,1599,,
19,,0.021931834518909454,1609,,
19,,0.046209461987018585,1619,,
,,,4351,,0.0008823167299851775
,,,4352,,0.0009066862985491753
,,,4353,,0.0013480568304657936
,,,4354,,0.0008790921419858932
,,,4355,,0.0019893059507012367
,,,4356,,0.0007484928355552256
,,,4357,,0.0011730019468814135
,,,4358,,0.0007411294500343502
,,,4359,,0.0013225176371634007
,,,4360,,0.0007639845134690404
,,,4361,,0.0013689984334632754
,,,4362,,0.0015035851392894983
,,,4363,,0.0007821196923032403
,,,4364,,0.000998606439679861
,,,4365,,0.0011919038370251656
,,,4366,,0.0008264375501312315
,,,4367,,0.001504239859059453
,,,4368,,0.0015527814393863082
,,,4369,,0.0016143914544954896
,,,4370,,0.0017806869000196457
,,,4371,,0.0007264033192768693
,,,4372,,0.0007541095837950706
,,,4373,,0.0006894395919516683
,,,4374,,0.0015826568705961108
,,,4375,,0.001320055453106761
,,,4376,,0.0012236448237672448
,,,4377,,0.0012481388403102756
,,,4378,,0.009192130528390408
,,,4379,,0.022206861525774002
,,,4380,,0.020159410312771797
,,,4381,,0.018797751516103745
,,,4382,,0.020576125010848045
,,,4383,,0.01923440583050251
,,,4384,,0.08714966475963593
,,,4385,,0.030412893742322922
,,,4386,,0.017344817519187927
,,,4387,,0.018716182559728622
,,,4388,,0.013481873087584972
,,,4389,,0.009300556033849716
,,,4390,,0.017279602587223053
,,,4391,,0.01168961264193058
,,,4392,,0.010626252740621567
,,,4393,,0.022447548806667328
,,,4394,,0.019651716575026512
,,,4395,,0.010369567200541496
,,,4396,,0.026351630687713623
,,,4397,,0.014611157588660717
,,,4398,,0.006118300370872021
,,,4399,,0.01645488664507866
,,,4400,,0.008418042212724686
,,,4401,,0.009212065488100052
,,,4402,,0.0125703951343894
,,,4403,,0.004843803122639656
,,,4404,,0.011328469030559063
,,,4405,,0.015227183699607849
,,,4406,,0.026554303243756294
,,,4407,,0.026119686663150787
,,,4408,,0.015356873162090778
,,,4409,,0.020951710641384125
,,,4410,,0.01528652012348175
,,,4411,,0.018699364736676216
,,,4412,,0.016635393723845482
,,,4413,,0.015084672719240189
,,,4414,,0.01916981115937233
,,,4415,,0.01729259453713894
,,,4416,,0.009998385794460773
,,,4417,,0.013116723857820034
,,,4418,,0.02623606100678444
,,,4419,,0.017057739198207855
,,,4420,,0.011265749111771584
,,,4421,,0.01238453108817339
,,,4422,,0.001394794206134975
,,,4423,,0.002251583384349942
,,,4424,,0.0009655684698373079
,,,4425,,0.0014220927841961384
,,,4426,,0.0012969127856194973
,,,4427,,0.0014276740839704871
,,,4428,,0.0011169386561959982
,,,4429,,0.0011086442973464727
,,,4430,,0.001203619409352541
,,,4431,,0.001628750003874302
,,,4432,,0.0012496677227318287
,,,4433,,0.0019615052733570337
,,,4434,,0.0015140182804316282
,,,4435,,0.02048165537416935
,,,4436,,0.024897150695323944
,,,4437,,0.024558965116739273
,,,4438,,0.06923734396696091
,,,4439,,0.05217473581433296
,,,4440,,0.04052228480577469
,,,4441,,0.06857362389564514
,,,4442,,0.06387804448604584
,,,4443,,0.023343374952673912
,,,4444,,0.023871269077062607
,,,4445,,0.02478499338030815
,,,4446,,0.0175318606197834
,,,4447,,0.020911842584609985
,,,4448,,0.023790109902620316
,,,4449,,0.01996183581650257
,,,4450,,0.020271234214305878
,,,4451,,0.022162817418575287
,,,4452,,0.020409807562828064
,,,4453,,0.018620364367961884
,,,4454,,0.01654953509569168
,,,4455,,0.023622067645192146
,,,4456,,0.021449236199259758
,,,4457,,0.02398385852575302
,,,4458,,0.02158200554549694
,,,4459,,0.020267514511942863
,,,4460,,0.026838896796107292
,,,4461,,0.023261886090040207
,,,4462,,0.01744031347334385
,,,4463,,0.023481935262680054
,,,4464,,0.022734809666872025
,,,4465,,0.01979784294962883
,,,4466,,0.020096801221370697
,,,4467,,0.01578441634774208
,,,4468,,0.019111935049295425
,,,4469,,0.01746382564306259
,,,4470,,0.01980588585138321
,,,4471,,0.015457524918019772
,,,4472,,0.017575852572917938
,,,4473,,0.018702343106269836
,,,4474,,0.01820549927651882
,,,4475,,0.01706196367740631
,,,4476,,0.018098942935466766
,,,4477,,0.014702578075230122
,,,4478,,0.015695152804255486
,,,4479,,0.01563659869134426
,,,4480,,0.02038741484284401
,,,4481,,0.017555303871631622
,,,4482,,0.020330263301730156
,,,4483,,0.017788074910640717
,,,4484,,0.02108278125524521
,,,4485,,0.01974172703921795
,,,4486,,0.018032219260931015
,,,4487,,0.017062434926629066
,,,4488,,0.019280361011624336
,,,4489,,0.014061500318348408
,,,4490,,0.015332040376961231
,,,4491,,0.013319790363311768
,,,4492,,0.012482190504670143
,,,4493,,0.013546437956392765
,,,4494,,0.01528217364102602
,,,4495,,0.013806499540805817
,,,4496,,0.015036383643746376
,,,4497,,0.013109968043863773
,,,4498,,0.014251677319407463
,,,4499,,0.012598327361047268
,,,4500,,0.011344283819198608
,,,4501,,0.012621331959962845
,,,4502,,0.013556904159486294
,,,4503,,0.014362355694174767
,,,4504,,0.01375594548881054
,,,4505,,0.015382060781121254
,,,4506,,0.01416127011179924
,,,4507,,0.014317878521978855
,,,4508,,0.012916164472699165
,,,4509,,0.013514621183276176
,,,4510,,0.014831900596618652
,,,4511,,0.01258285716176033
,,,4512,,0.014418373815715313
,,,4513,,0.01638646423816681
,,,4514,,0.014650493860244751
,,,4515,,0.01476195827126503
,,,4516,,0.013619726523756981
,,,4517,,0.01206748466938734
,,,4518,,0.012677877210080624
,,,4519,,0.017351819202303886
,,,4520,,0.01458811666816473
,,,4521,,0.012752805836498737
,,,4522,,0.01694801077246666
,,,4523,,0.014116723090410233
,,,4524,,0.017546534538269043
,,,4525,,0.013878386467695236
,,,4526,,0.01312122493982315
,,,4527,,0.015227166004478931
,,,4528,,0.015279792249202728
,,,4529,,0.013210615143179893
,,,4530,,0.0164700485765934
,,,4531,,0.014221219345927238
,,,4532,,0.013895237818360329
,,,4533,,0.006135166622698307
,,,4534,,0.004584695212543011
,,,4535,,0.0036430510226637125
,,,4536,,0.0041725002229213715
,,,4537,,0.003473781980574131
,,,4538,,0.0034483843483030796
,,,4539,,0.0041797044686973095
,,,4540,,0.003774672746658325
,,,4541,,0.005214570555835962
,,,4542,,0.004266141448169947
,,,4543,,0.0039261505007743835
,,,4544,,0.004140692297369242
,,,4545,,0.003917687572538853
,,,4546,,0.019829168915748596
,,,4547,,0.029784541577100754
,,,4548,,0.02072051167488098
,,,4549,,0.01908145844936371
,,,4550,,0.008573947474360466
,,,4551,,0.07468254864215851
,,,4552,,0.01563987322151661
,,,4553,,0.051289841532707214
,,,4554,,0.023036528378725052
,,,4555,,0.027899721637368202
,,,4556,,0.03710769861936569
,,,4557,,0.038104135543107986
,,,4558,,0.03824089467525482
,,,4559,,0.0482817143201828
,,,4560,,0.036004528403282166
,,,4561,,0.05586886405944824
,,,4562,,0.03209400922060013
,,,4563,,0.11818641424179077
,,,4564,,0.096565380692482
,,,4565,,0.08805623650550842
,,,4566,,0.08903585374355316
,,,4567,,0.1233409121632576
,,,4568,,0.07921960949897766
,,,4569,,0.08227075636386871
,,,4570,,0.10843993723392487
,,,4571,,0.08441027253866196
,,,4572,,0.10275539755821228
,,,4573,,0.08643167465925217
,,,4574,,0.08997246623039246
,,,4575,,0.09979453682899475
,,,4576,,0.09735248982906342
,,,4577,,0.09748946130275726
,,,4578,,0.09448224306106567
,,,4579,,0.04520797356963158
19,,,1619,0.02151687629520893,
19,0.02138526365160942,,1619,,
20,,0.01902191713452339,1629,,
20,,0.02086065337061882,1639,,
20,,0.015410610474646091,1649,,
20,,0.01527615450322628,1659,,
20,,0.02249297685921192,1669,,
20,,0.014568584971129894,1679,,
20,,0.011154296807944775,1689,,
20,,0.021920906379818916,1699,,
,,,4580,,0.0013656988739967346
,,,4581,,0.0012673677410930395
,,,4582,,0.0018429956398904324
,,,4583,,0.0012731092283502221
,,,4584,,0.00201044837012887
,,,4585,,0.0012814493384212255
,,,4586,,0.0016553219174966216
,,,4587,,0.0011993509251624346
,,,4588,,0.0016357381828129292
,,,4589,,0.0012503252364695072
,,,4590,,0.0018459229031577706
,,,4591,,0.0020069144666194916
,,,4592,,0.0013523534871637821
,,,4593,,0.0014637098647654057
,,,4594,,0.0017062858678400517
,,,4595,,0.0012884314637631178
,,,4596,,0.0018698584754019976
,,,4597,,0.0019508255645632744
,,,4598,,0.0016943546943366528
,,,4599,,0.0023387863766402006
,,,4600,,0.001265660161152482
,,,4601,,0.0011925268918275833
,,,4602,,0.001134128076955676
,,,4603,,0.0020194249227643013
,,,4604,,0.0018738661892712116
,,,4605,,0.0016202755505219102
,,,4606,,0.0015776620712131262
,,,4607,,0.008936958387494087
,,,4608,,0.022148262709379196
,,,4609,,0.019988644868135452
,,,4610,,0.01855827122926712
,,,4611,,0.02030906453728676
,,,4612,,0.019093694165349007
,,,4613,,0.0867030918598175
,,,4614,,0.0302551481872797
,,,4615,,0.017260374501347542
,,,4616,,0.01858268864452839
,,,4617,,0.013345642946660519
,,,4618,,0.008997887372970581
,,,4619,,0.01712091639637947
,,,4620,,0.01123109646141529
,,,4621,,0.0099235400557518
,,,4622,,0.022038761526346207
,,,4623,,0.018969889730215073
,,,4624,,0.00995628535747528
,,,4625,,0.02590557187795639
,,,4626,,0.014089252799749374
,,,4627,,0.005550002679228783
,,,4628,,0.015811674296855927
,,,4629,,0.0079722935333848
,,,4630,,0.008704913780093193
,,,4631,,0.011934998445212841
,,,4632,,0.004381130449473858
,,,4633,,0.010755624622106552
,,,4634,,0.015277452766895294
,,,4635,,0.025744842365384102
,,,4636,,0.02540341392159462
,,,4637,,0.014808503910899162
,,,4638,,0.02012832649052143
,,,4639,,0.014552807435393333
,,,4640,,0.017942136153578758
,,,4641,,0.015424802899360657
,,,4642,,0.013793397694826126
,,,4643,,0.018340835347771645
,,,4644,,0.016380250453948975
,,,4645,,0.00949113629758358
,,,4646,,0.012960273772478104
,,,4647,,0.025581330060958862
,,,4648,,0.015967264771461487
,,,4649,,0.010394483804702759
,,,4650,,0.011943291872739792
,,,4651,,0.0016684990841895342
,,,4652,,0.0023341600317507982
,,,4653,,0.0008768364787101746
,,,4654,,0.001558687654323876
,,,4655,,0.0015633709263056517
,,,4656,,0.0018222971120849252
,,,4657,,0.0013441629707813263
,,,4658,,0.0009219761122949421
,,,4659,,0.0013029944384470582
,,,4660,,0.0017200866714119911
,,,4661,,0.0012605718802660704
,,,4662,,0.003012188244611025
,,,4663,,0.0018284370889887214
,,,4664,,0.019615065306425095
,,,4665,,0.023733319714665413
,,,4666,,0.02341284602880478
,,,4667,,0.06629036366939545
,,,4668,,0.049488287419080734
,,,4669,,0.0377267450094223
,,,4670,,0.06273648142814636
,,,4671,,0.05975945293903351
,,,4672,,0.02201920747756958
,,,4673,,0.023059921339154243
,,,4674,,0.023741383105516434
,,,4675,,0.01683168113231659
,,,4676,,0.019897911697626114
,,,4677,,0.02305472269654274
,,,4678,,0.01903744786977768
,,,4679,,0.019482778385281563
,,,4680,,0.02122661843895912
,,,4681,,0.01939111016690731
,,,4682,,0.017840076237916946
,,,4683,,0.01590399444103241
,,,4684,,0.022723732516169548
,,,4685,,0.020565539598464966
,,,4686,,0.023222792893648148
,,,4687,,0.020738279446959496
,,,4688,,0.019548723474144936
,,,4689,,0.02583196386694908
,,,4690,,0.022401191294193268
,,,4691,,0.016728553920984268
,,,4692,,0.022570408880710602
,,,4693,,0.021794183179736137
,,,4694,,0.01866600289940834
,,,4695,,0.018997419625520706
,,,4696,,0.014815835282206535
,,,4697,,0.018338121473789215
,,,4698,,0.016728848218917847
,,,4699,,0.018975449725985527
,,,4700,,0.01481860876083374
,,,4701,,0.0168207585811615
,,,4702,,0.017895374447107315
,,,4703,,0.0175032801926136
,,,4704,,0.01620342954993248
,,,4705,,0.01708916202187538
,,,4706,,0.014016695320606232
,,,4707,,0.014875819906592369
,,,4708,,0.014799851924180984
,,,4709,,0.01961354911327362
,,,4710,,0.016788486391305923
,,,4711,,0.019616656005382538
,,,4712,,0.016939811408519745
,,,4713,,0.020034540444612503
,,,4714,,0.018759939819574356
,,,4715,,0.017214393243193626
,,,4716,,0.016248468309640884
,,,4717,,0.018446914851665497
,,,4718,,0.013248015195131302
,,,4719,,0.014504946768283844
,,,4720,,0.012275703251361847
,,,4721,,0.011869492009282112
,,,4722,,0.012905312702059746
,,,4723,,0.014202626422047615
,,,4724,,0.01321554183959961
,,,4725,,0.014190091751515865
,,,4726,,0.012128080241382122
,,,4727,,0.013716654852032661
,,,4728,,0.011895217001438141
,,,4729,,0.010415012016892433
,,,4730,,0.011932486668229103
,,,4731,,0.012790457345545292
,,,4732,,0.01382554229348898
,,,4733,,0.013014893978834152
,,,4734,,0.014855196699500084
,,,4735,,0.01365493144840002
,,,4736,,0.013559031300246716
,,,4737,,0.01232670247554779
,,,4738,,0.012752975337207317
,,,4739,,0.014202985912561417
,,,4740,,0.01211401168256998
,,,4741,,0.013838010840117931
,,,4742,,0.01580255664885044
,,,4743,,0.014181287959218025
,,,4744,,0.01418493315577507
,,,4745,,0.013165240176022053
,,,4746,,0.01154312677681446
,,,4747,,0.012158522382378578
,,,4748,,0.016660762950778008
,,,4749,,0.013970189727842808
,,,4750,,0.012269814498722553
,,,4751,,0.016253672540187836
,,,4752,,0.013479631394147873
,,,4753,,0.01701921410858631
,,,4754,,0.013340966776013374
,,,4755,,0.01257573626935482
,,,4756,,0.014563472010195255
,,,4757,,0.014728667214512825
,,,4758,,0.012650445103645325
,,,4759,,0.015835024416446686
,,,4760,,0.013694035820662975
,,,4761,,0.01343528926372528
,,,4762,,0.0066403234377503395
,,,4763,,0.0052697621285915375
,,,4764,,0.004137640818953514
,,,4765,,0.00447111064568162
,,,4766,,0.0039054653607308865
,,,4767,,0.003967213910073042
,,,4768,,0.00463082967326045
,,,4769,,0.004260626155883074
,,,4770,,0.005693602375686169
,,,4771,,0.004883931949734688
,,,4772,,0.004474041052162647
,,,4773,,0.004718718584626913
,,,4774,,0.004374080337584019
,,,4775,,0.02024228125810623
,,,4776,,0.02982805296778679
,,,4777,,0.022387104108929634
,,,4778,,0.018315652385354042
,,,4779,,0.009067279286682606
,,,4780,,0.0719805434346199
,,,4781,,0.015825960785150528
,,,4782,,0.049925148487091064
,,,4783,,0.022108830511569977
,,,4784,,0.027968809008598328
,,,4785,,0.03533558547496796
,,,4786,,0.03886434808373451
,,,4787,,0.03903127461671829
,,,4788,,0.047656744718551636
,,,4789,,0.0349624864757061
,,,4790,,0.05452634021639824
,,,4791,,0.03118160180747509
,,,4792,,0.11697982251644135
,,,4793,,0.09633411467075348
,,,4794,,0.08729620277881622
,,,4795,,0.08822822570800781
,,,4796,,0.12334741652011871
,,,4797,,0.07851502299308777
,,,4798,,0.08194512128829956
,,,4799,,0.1084689125418663
,,,4800,,0.0831846296787262
,,,4801,,0.1016436368227005
,,,4802,,0.08580616861581802
,,,4803,,0.08934634923934937
,,,4804,,0.09917958080768585
,,,4805,,0.0970824584364891
,,,4806,,0.09651372581720352
,,,4807,,0.09281596541404724
,,,4808,,0.04519331827759743
20,,,1700,0.021038278937339783,
20,0.020387936383485794,,1700,,
21,,0.025390638038516045,1709,,
21,,0.021477680653333664,1719,,
21,,0.01952606812119484,1729,,
21,,0.019887205213308334,1739,,
21,,0.011964111588895321,1749,,
21,,0.011853443458676338,1759,,
21,,0.020353183150291443,1769,,
21,,0.02179848775267601,1779,,
,,,4809,,0.0017924829153344035
,,,4810,,0.0017056453507393599
,,,4811,,0.002155155874788761
,,,4812,,0.0016630534082651138
,,,4813,,0.0026515957433730364
,,,4814,,0.0015763165429234505
,,,4815,,0.0019352592062205076
,,,4816,,0.0015435023233294487
,,,4817,,0.002086900407448411
,,,4818,,0.0015302614774554968
,,,4819,,0.0021676067262887955
,,,4820,,0.002266447991132736
,,,4821,,0.0016574955079704523
,,,4822,,0.001837126212194562
,,,4823,,0.002081365790218115
,,,4824,,0.0017609400674700737
,,,4825,,0.0023908205330371857
,,,4826,,0.002357309451326728
,,,4827,,0.0023423649836331606
,,,4828,,0.0026591909117996693
,,,4829,,0.0016021347837522626
,,,4830,,0.0017039430094882846
,,,4831,,0.0015466399490833282
,,,4832,,0.0024975985288619995
,,,4833,,0.0023004743270576
,,,4834,,0.002146232407540083
,,,4835,,0.0021075094118714333
,,,4836,,0.009619303047657013
,,,4837,,0.022795112803578377
,,,4838,,0.02062639407813549
,,,4839,,0.01930142752826214
,,,4840,,0.020985722541809082
,,,4841,,0.019817456603050232
,,,4842,,0.08682495355606079
,,,4843,,0.030775653198361397
,,,4844,,0.017948374152183533
,,,4845,,0.019109807908535004
,,,4846,,0.013961538672447205
,,,4847,,0.00984254665672779
,,,4848,,0.017796121537685394
,,,4849,,0.012161399237811565
,,,4850,,0.01084224134683609
,,,4851,,0.022494114935398102
,,,4852,,0.01943938061594963
,,,4853,,0.010836492292582989
,,,4854,,0.026191577315330505
,,,4855,,0.014637346379458904
,,,4856,,0.006200858391821384
,,,4857,,0.01628933846950531
,,,4858,,0.008683723397552967
,,,4859,,0.00947167444974184
,,,4860,,0.012731453403830528
,,,4861,,0.005162139423191547
,,,4862,,0.011477658525109291
,,,4863,,0.015803702175617218
,,,4864,,0.02627425268292427
,,,4865,,0.025948667898774147
,,,4866,,0.015291684307157993
,,,4867,,0.02082868665456772
,,,4868,,0.015384458005428314
,,,4869,,0.018609974533319473
,,,4870,,0.016286205500364304
,,,4871,,0.014863381162285805
,,,4872,,0.019098397344350815
,,,4873,,0.01700030267238617
,,,4874,,0.01061573252081871
,,,4875,,0.013637762516736984
,,,4876,,0.025730131193995476
,,,4877,,0.016839981079101562
,,,4878,,0.01106359250843525
,,,4879,,0.01261770911514759
,,,4880,,0.002415444701910019
,,,4881,,0.0032724812626838684
,,,4882,,0.0015345661668106914
,,,4883,,0.0023252947721630335
,,,4884,,0.002286003902554512
,,,4885,,0.0026208236813545227
,,,4886,,0.002148569095879793
,,,4887,,0.0016533653251826763
,,,4888,,0.0021445434540510178
,,,4889,,0.002589601092040539
,,,4890,,0.0019227269804105163
,,,4891,,0.0038843173533678055
,,,4892,,0.002686235588043928
,,,4893,,0.019765183329582214
,,,4894,,0.023447874933481216
,,,4895,,0.023176364600658417
,,,4896,,0.06352751702070236
,,,4897,,0.04738185927271843
,,,4898,,0.03641832619905472
,,,4899,,0.061349961906671524
,,,4900,,0.057305995374917984
,,,4901,,0.02174185961484909
,,,4902,,0.02264159545302391
,,,4903,,0.023526614531874657
,,,4904,,0.01681242510676384
,,,4905,,0.01979808695614338
,,,4906,,0.022483833134174347
,,,4907,,0.019017092883586884
,,,4908,,0.019100423902273178
,,,4909,,0.02110850252211094
,,,4910,,0.01931660622358322
,,,4911,,0.017567522823810577
,,,4912,,0.015665261074900627
,,,4913,,0.022385617718100548
,,,4914,,0.020217960700392723
,,,4915,,0.022654572501778603
,,,4916,,0.020505638793110847
,,,4917,,0.019195929169654846
,,,4918,,0.025456618517637253
,,,4919,,0.02186342515051365
,,,4920,,0.01666542887687683
,,,4921,,0.021969174966216087
,,,4922,,0.021638043224811554
,,,4923,,0.018605586141347885
,,,4924,,0.018911171704530716
,,,4925,,0.015001948922872543
,,,4926,,0.01847958192229271
,,,4927,,0.0170863326638937
,,,4928,,0.01930231973528862
,,,4929,,0.014993913471698761
,,,4930,,0.017156166955828667
,,,4931,,0.018056876957416534
,,,4932,,0.017653245478868484
,,,4933,,0.016503948718309402
,,,4934,,0.01757024973630905
,,,4935,,0.014334618113934994
,,,4936,,0.015322777442634106
,,,4937,,0.01504400372505188
,,,4938,,0.019722074270248413
,,,4939,,0.017063792794942856
,,,4940,,0.019603591412305832
,,,4941,,0.017305048182606697
,,,4942,,0.020436285063624382
,,,4943,,0.019211124628782272
,,,4944,,0.017604436725378036
,,,4945,,0.01651698723435402
,,,4946,,0.01877332106232643
,,,4947,,0.013477681204676628
,,,4948,,0.014441218227148056
,,,4949,,0.012538524344563484
,,,4950,,0.012146570719778538
,,,4951,,0.013109935447573662
,,,4952,,0.014122260734438896
,,,4953,,0.013260151259601116
,,,4954,,0.013911740854382515
,,,4955,,0.012100117281079292
,,,4956,,0.013881276361644268
,,,4957,,0.011977160349488258
,,,4958,,0.010577556677162647
,,,4959,,0.012141959741711617
,,,4960,,0.012770615518093109
,,,4961,,0.013728402554988861
,,,4962,,0.012993833050131798
,,,4963,,0.014647120609879494
,,,4964,,0.013620031997561455
,,,4965,,0.013537726365029812
,,,4966,,0.012375649064779282
,,,4967,,0.012443054467439651
,,,4968,,0.014216925948858261
,,,4969,,0.012168238870799541
,,,4970,,0.01380450464785099
,,,4971,,0.01578518934547901
,,,4972,,0.01418234407901764
,,,4973,,0.014188364148139954
,,,4974,,0.013115956448018551
,,,4975,,0.01159076951444149
,,,4976,,0.012180679477751255
,,,4977,,0.016698015853762627
,,,4978,,0.01410344522446394
,,,4979,,0.012129539623856544
,,,4980,,0.016328223049640656
,,,4981,,0.013607729226350784
,,,4982,,0.016896557062864304
,,,4983,,0.01329880952835083
,,,4984,,0.012639080174267292
,,,4985,,0.014612426050007343
,,,4986,,0.014600835740566254
,,,4987,,0.012689147144556046
,,,4988,,0.015937216579914093
,,,4989,,0.013661613687872887
,,,4990,,0.013504855334758759
,,,4991,,0.0076348488219082355
,,,4992,,0.0061148107051849365
,,,4993,,0.005012978333979845
,,,4994,,0.005380724556744099
,,,4995,,0.004771835170686245
,,,4996,,0.004911382216960192
,,,4997,,0.005582819227129221
,,,4998,,0.005193648859858513
,,,4999,,0.006654797121882439
,,,5000,,0.005852667614817619
,,,5001,,0.005383825860917568
,,,5002,,0.0057000089436769485
,,,5003,,0.00525421230122447
,,,5004,,0.021048694849014282
,,,5005,,0.03041389025747776
,,,5006,,0.023637469857931137
,,,5007,,0.022056791931390762
,,,5008,,0.009806773625314236
,,,5009,,0.0738687813282013
,,,5010,,0.017286736518144608
,,,5011,,0.04906774312257767
,,,5012,,0.023814789950847626
,,,5013,,0.027648042887449265
,,,5014,,0.04003484919667244
,,,5015,,0.039288803935050964
,,,5016,,0.0403953492641449
,,,5017,,0.048723410815000534
,,,5018,,0.03709134832024574
,,,5019,,0.055372454226017
,,,5020,,0.032831817865371704
,,,5021,,0.11558272689580917
,,,5022,,0.09618544578552246
,,,5023,,0.08700709044933319
,,,5024,,0.08704452216625214
,,,5025,,0.12142571061849594
,,,5026,,0.07829852402210236
,,,5027,,0.08137138932943344
,,,5028,,0.10739799588918686
,,,5029,,0.0826539546251297
,,,5030,,0.10112571716308594
,,,5031,,0.08509773761034012
,,,5032,,0.08797754347324371
,,,5033,,0.09866362810134888
,,,5034,,0.09627567231655121
,,,5035,,0.09569031745195389
,,,5036,,0.09179539978504181
,,,5037,,0.0443556047976017
21,,,1781,0.021313538774847984,
21,0.0203801728785038,,1781,,
22,,0.021046269685029984,1789,,
22,,0.035057876259088516,1799,,
22,,0.010125245898962021,1809,,
22,,0.027390113100409508,1819,,
22,,0.023312607780098915,1829,,
22,,0.02688051201403141,1839,,
22,,0.027571095153689384,1849,,
22,,0.010839362628757954,1859,,
,,,5038,,0.0008540867129340768
,,,5039,,0.0008520556148141623
,,,5040,,0.001367683056741953
,,,5041,,0.0009495883714407682
,,,5042,,0.001721272710710764
,,,5043,,0.0009121149778366089
,,,5044,,0.0012842557625845075
,,,5045,,0.000795014901086688
,,,5046,,0.0012392728822305799
,,,5047,,0.0008857921930029988
,,,5048,,0.0014762779464945197
,,,5049,,0.001514596282504499
,,,5050,,0.0008219144656322896
,,,5051,,0.001057451474480331
,,,5052,,0.001365749049000442
,,,5053,,0.0010348930954933167
,,,5054,,0.0014936123043298721
,,,5055,,0.0015796762891113758
,,,5056,,0.0014073478523641825
,,,5057,,0.0019433709094300866
,,,5058,,0.0009691090672276914
,,,5059,,0.0009228010894730687
,,,5060,,0.0009169512195512652
,,,5061,,0.001648932695388794
,,,5062,,0.001377541571855545
,,,5063,,0.001278764451853931
,,,5064,,0.0013345822226256132
,,,5065,,0.007907655090093613
,,,5066,,0.020956020802259445
,,,5067,,0.018777186051011086
,,,5068,,0.017388347536325455
,,,5069,,0.01898092031478882
,,,5070,,0.01784403994679451
,,,5071,,0.08522108942270279
,,,5072,,0.028816446661949158
,,,5073,,0.015925584360957146
,,,5074,,0.01748940721154213
,,,5075,,0.01216503418982029
,,,5076,,0.007965568453073502
,,,5077,,0.015819044783711433
,,,5078,,0.010316564701497555
,,,5079,,0.008996739983558655
,,,5080,,0.020556148141622543
,,,5081,,0.01780588924884796
,,,5082,,0.00915243849158287
,,,5083,,0.02431439980864525
,,,5084,,0.012972830794751644
,,,5085,,0.004923273343592882
,,,5086,,0.01424065325409174
,,,5087,,0.007143918424844742
,,,5088,,0.008002710528671741
,,,5089,,0.011110901832580566
,,,5090,,0.0037159621715545654
,,,5091,,0.009798843413591385
,,,5092,,0.013563869521021843
,,,5093,,0.02301008254289627
,,,5094,,0.022713275626301765
,,,5095,,0.013026322238147259
,,,5096,,0.017957404255867004
,,,5097,,0.01326923631131649
,,,5098,,0.015942677855491638
,,,5099,,0.01395883597433567
,,,5100,,0.012713203206658363
,,,5101,,0.0165773406624794
,,,5102,,0.014725739136338234
,,,5103,,0.008231363259255886
,,,5104,,0.011524902656674385
,,,5105,,0.02282387763261795
,,,5106,,0.01425471156835556
,,,5107,,0.00886288657784462
,,,5108,,0.010304794646799564
,,,5109,,0.0011298179160803556
,,,5110,,0.0017525143921375275
,,,5111,,0.0017482589464634657
,,,5112,,0.001492334296926856
,,,5113,,0.001189163769595325
,,,5114,,0.0012255546171218157
,,,5115,,0.0007219394319690764
,,,5116,,0.0013655354268848896
,,,5117,,0.0008710714755579829
,,,5118,,0.0013954371679574251
,,,5119,,0.0015413591172546148
,,,5120,,0.0007554562762379646
,,,5121,,0.0012231185100972652
,,,5122,,0.018208729103207588
,,,5123,,0.022236350923776627
,,,5124,,0.021460238844156265
,,,5125,,0.06066625565290451
,,,5126,,0.04454749822616577
,,,5127,,0.03445078060030937
,,,5128,,0.05814258009195328
,,,5129,,0.05526873469352722
,,,5130,,0.02074052020907402
,,,5131,,0.02196553163230419
,,,5132,,0.02270214445888996
,,,5133,,0.01609760709106922
,,,5134,,0.019092554226517677
,,,5135,,0.02192562445998192
,,,5136,,0.018408864736557007
,,,5137,,0.018557049334049225
,,,5138,,0.0202125646173954
,,,5139,,0.018437504768371582
,,,5140,,0.017133086919784546
,,,5141,,0.015322774648666382
,,,5142,,0.021447638049721718
,,,5143,,0.019577546045184135
,,,5144,,0.02215089648962021
,,,5145,,0.01995958760380745
,,,5146,,0.018761692568659782
,,,5147,,0.024592138826847076
,,,5148,,0.021335043013095856
,,,5149,,0.016225919127464294
,,,5150,,0.02148853987455368
,,,5151,,0.02074030227959156
,,,5152,,0.01772608608007431
,,,5153,,0.018009332939982414
,,,5154,,0.014018389396369457
,,,5155,,0.0175962932407856
,,,5156,,0.016159845516085625
,,,5157,,0.018436428159475327
,,,5158,,0.014310706406831741
,,,5159,,0.016147401183843613
,,,5160,,0.017139937728643417
,,,5161,,0.016856741160154343
,,,5162,,0.015714135020971298
,,,5163,,0.016416259109973907
,,,5164,,0.013770031742751598
,,,5165,,0.014303609728813171
,,,5166,,0.014377455227077007
,,,5167,,0.0189103651791811
,,,5168,,0.01607983373105526
,,,5169,,0.019005047157406807
,,,5170,,0.01633116416633129
,,,5171,,0.019245348870754242
,,,5172,,0.018118076026439667
,,,5173,,0.016624148935079575
,,,5174,,0.015717536211013794
,,,5175,,0.017737310379743576
,,,5176,,0.012793568894267082
,,,5177,,0.013879987411201
,,,5178,,0.01176546886563301
,,,5179,,0.01142445020377636
,,,5180,,0.01233675517141819
,,,5181,,0.013721372000873089
,,,5182,,0.01288902573287487
,,,5183,,0.013763563707470894
,,,5184,,0.01180034689605236
,,,5185,,0.01286071352660656
,,,5186,,0.01154297310858965
,,,5187,,0.010124173015356064
,,,5188,,0.01149553433060646
,,,5189,,0.012286812998354435
,,,5190,,0.013278407976031303
,,,5191,,0.012471890076994896
,,,5192,,0.01432955265045166
,,,5193,,0.01305118203163147
,,,5194,,0.0130023043602705
,,,5195,,0.011820044368505478
,,,5196,,0.012225608341395855
,,,5197,,0.013726834207773209
,,,5198,,0.011555706150829792
,,,5199,,0.013257451355457306
,,,5200,,0.01507778000086546
,,,5201,,0.013527052477002144
,,,5202,,0.013582899235188961
,,,5203,,0.012510630302131176
,,,5204,,0.011085964739322662
,,,5205,,0.011663340963423252
,,,5206,,0.01586536318063736
,,,5207,,0.013372570276260376
,,,5208,,0.011760466732084751
,,,5209,,0.015651047229766846
,,,5210,,0.012997959740459919
,,,5211,,0.016218123957514763
,,,5212,,0.012729987502098083
,,,5213,,0.012037667445838451
,,,5214,,0.013972185552120209
,,,5215,,0.014026865363121033
,,,5216,,0.012096279300749302
,,,5217,,0.01509455032646656
,,,5218,,0.01316140778362751
,,,5219,,0.012721359729766846
,,,5220,,0.005239441525191069
,,,5221,,0.004241603426635265
,,,5222,,0.0035360956098884344
,,,5223,,0.0036152852699160576
,,,5224,,0.0031222584657371044
,,,5225,,0.0029753209091722965
,,,5226,,0.00390059407800436
,,,5227,,0.0032996078953146935
,,,5228,,0.004477605223655701
,,,5229,,0.0037585967220366
,,,5230,,0.0037117782048881054
,,,5231,,0.003543168306350708
,,,5232,,0.0037437109276652336
,,,5233,,0.01718509942293167
,,,5234,,0.027923263609409332
,,,5235,,0.020388685166835785
,,,5236,,0.018003303557634354
,,,5237,,0.008361090905964375
,,,5238,,0.06645307689905167
,,,5239,,0.01456521824002266
,,,5240,,0.0478820875287056
,,,5241,,0.0216590017080307
,,,5242,,0.02581937238574028
,,,5243,,0.03265845403075218
,,,5244,,0.03474527969956398
,,,5245,,0.03664305806159973
,,,5246,,0.04245065897703171
,,,5247,,0.03247583284974098
,,,5248,,0.04964510351419449
,,,5249,,0.030037516728043556
,,,5250,,0.11380890011787415
,,,5251,,0.09329026937484741
,,,5252,,0.08369500935077667
,,,5253,,0.08426861464977264
,,,5254,,0.11817240715026855
,,,5255,,0.07562822103500366
,,,5256,,0.07876279950141907
,,,5257,,0.10375772416591644
,,,5258,,0.0794733390212059
,,,5259,,0.09711882472038269
,,,5260,,0.08233073353767395
,,,5261,,0.08529782295227051
,,,5262,,0.09538467973470688
,,,5263,,0.09243553876876831
,,,5264,,0.09251216799020767
,,,5265,,0.08905169367790222
,,,5266,,0.04359721392393112
22,,,1862,0.019808651879429817,
22,0.01960013620555401,,1862,,
23,,0.02274571731686592,1869,,
23,,0.026737315580248833,1879,,
23,,0.013063902035355568,1889,,
23,,0.02762199565768242,1899,,
23,,0.016762474551796913,1909,,
23,,0.024665839970111847,1919,,
23,,0.018221791833639145,1929,,
23,,0.015502970665693283,1939,,
,,,5267,,0.0008066531736403704
,,,5268,,0.0008217043941840529
,,,5269,,0.0012609206605702639
,,,5270,,0.0007982815150171518
,,,5271,,0.0014715476427227259
,,,5272,,0.000773157924413681
,,,5273,,0.0010866348166018724
,,,5274,,0.0007233438082039356
,,,5275,,0.0010372309479862452
,,,5276,,0.0007594139315187931
,,,5277,,0.00135908555239439
,,,5278,,0.001432059216313064
,,,5279,,0.0007712626829743385
,,,5280,,0.0009019632125273347
,,,5281,,0.0011279215104877949
,,,5282,,0.000829359283670783
,,,5283,,0.0013624661369249225
,,,5284,,0.0014061694964766502
,,,5285,,0.0012084037298336625
,,,5286,,0.0018345279386267066
,,,5287,,0.0007869466207921505
,,,5288,,0.0007706538308411837
,,,5289,,0.0006560445763170719
,,,5290,,0.0014613560633733869
,,,5291,,0.0012031842488795519
,,,5292,,0.001144076231867075
,,,5293,,0.0010724058374762535
,,,5294,,0.007753403857350349
,,,5295,,0.020836543291807175
,,,5296,,0.01861187070608139
,,,5297,,0.01723918318748474
,,,5298,,0.018873093649744987
,,,5299,,0.017771907150745392
,,,5300,,0.08488992601633072
,,,5301,,0.028581224381923676
,,,5302,,0.015773843973875046
,,,5303,,0.017311938107013702
,,,5304,,0.01208892185240984
,,,5305,,0.007894019596278667
,,,5306,,0.015760954469442368
,,,5307,,0.010227397084236145
,,,5308,,0.008967702277004719
,,,5309,,0.0204323697835207
,,,5310,,0.017625652253627777
,,,5311,,0.009176752530038357
,,,5312,,0.023967023938894272
,,,5313,,0.012879487127065659
,,,5314,,0.004987797234207392
,,,5315,,0.01414172351360321
,,,5316,,0.007164981681853533
,,,5317,,0.008042020723223686
,,,5318,,0.011087562888860703
,,,5319,,0.003681862261146307
,,,5320,,0.009816793724894524
,,,5321,,0.014332077465951443
,,,5322,,0.023275259882211685
,,,5323,,0.022682365030050278
,,,5324,,0.013819321990013123
,,,5325,,0.018071673810482025
,,,5326,,0.013805199414491653
,,,5327,,0.016368219628930092
,,,5328,,0.01468527503311634
,,,5329,,0.013487531803548336
,,,5330,,0.017087459564208984
,,,5331,,0.01590660773217678
,,,5332,,0.009319150820374489
,,,5333,,0.012646742165088654
,,,5334,,0.022600587457418442
,,,5335,,0.014362386427819729
,,,5336,,0.010471943765878677
,,,5337,,0.010686663910746574
,,,5338,,0.0010411798721179366
,,,5339,,0.0018124820198863745
,,,5340,,0.0015919094439595938
,,,5341,,0.0012545352801680565
,,,5342,,0.001048278994858265
,,,5343,,0.0011825357796624303
,,,5344,,0.0008080521365627646
,,,5345,,0.0012412752257660031
,,,5346,,0.0008776430622674525
,,,5347,,0.001372045837342739
,,,5348,,0.0011998469708487391
,,,5349,,0.0008578855195082724
,,,5350,,0.0013348710490390658
,,,5351,,0.017930030822753906
,,,5352,,0.021742133423686028
,,,5353,,0.021289773285388947
,,,5354,,0.060861725360155106
,,,5355,,0.04532893747091293
,,,5356,,0.034692078828811646
,,,5357,,0.058518193662166595
,,,5358,,0.055341169238090515
,,,5359,,0.020300187170505524
,,,5360,,0.02141309157013893
,,,5361,,0.021900901570916176
,,,5362,,0.015711799263954163
,,,5363,,0.018562793731689453
,,,5364,,0.021476654335856438
,,,5365,,0.01769372448325157
,,,5366,,0.01826949045062065
,,,5367,,0.01989983581006527
,,,5368,,0.018292628228664398
,,,5369,,0.016433771699666977
,,,5370,,0.014782147482037544
,,,5371,,0.021108051761984825
,,,5372,,0.01944039762020111
,,,5373,,0.021691039204597473
,,,5374,,0.019332783296704292
,,,5375,,0.01814308762550354
,,,5376,,0.02402617782354355
,,,5377,,0.020953940227627754
,,,5378,,0.015751861035823822
,,,5379,,0.020819930359721184
,,,5380,,0.020410072058439255
,,,5381,,0.016989659518003464
,,,5382,,0.01730145886540413
,,,5383,,0.013917043805122375
,,,5384,,0.01745004951953888
,,,5385,,0.0158592127263546
,,,5386,,0.018004518002271652
,,,5387,,0.014268052764236927
,,,5388,,0.01597411558032036
,,,5389,,0.01721060834825039
,,,5390,,0.016834493726491928
,,,5391,,0.015474975109100342
,,,5392,,0.0164117980748415
,,,5393,,0.013461017981171608
,,,5394,,0.014247430488467216
,,,5395,,0.014133771881461143
,,,5396,,0.018650777637958527
,,,5397,,0.01602373644709587
,,,5398,,0.01851167529821396
,,,5399,,0.016132909804582596
,,,5400,,0.019108891487121582
,,,5401,,0.017804380506277084
,,,5402,,0.016463549807667732
,,,5403,,0.015500579960644245
,,,5404,,0.017858413979411125
,,,5405,,0.012541493400931358
,,,5406,,0.01339048333466053
,,,5407,,0.011733535677194595
,,,5408,,0.011366115882992744
,,,5409,,0.012055293656885624
,,,5410,,0.01331785786896944
,,,5411,,0.012190775014460087
,,,5412,,0.012936890125274658
,,,5413,,0.011282119899988174
,,,5414,,0.01298111118376255
,,,5415,,0.011392074637115002
,,,5416,,0.00997914932668209
,,,5417,,0.011140188202261925
,,,5418,,0.011882537975907326
,,,5419,,0.012727662920951843
,,,5420,,0.012175886891782284
,,,5421,,0.013194913044571877
,,,5422,,0.012797500006854534
,,,5423,,0.012736497446894646
,,,5424,,0.011790823191404343
,,,5425,,0.011731688864529133
,,,5426,,0.013211469165980816
,,,5427,,0.011742519214749336
,,,5428,,0.013353567570447922
,,,5429,,0.0151743832975626
,,,5430,,0.013757556676864624
,,,5431,,0.013731153681874275
,,,5432,,0.012726066634058952
,,,5433,,0.011257512494921684
,,,5434,,0.011831898242235184
,,,5435,,0.01592312380671501
,,,5436,,0.013463320210576057
,,,5437,,0.011982360854744911
,,,5438,,0.015752121806144714
,,,5439,,0.013012764044106007
,,,5440,,0.016347307711839676
,,,5441,,0.012933950871229172
,,,5442,,0.012170924805104733
,,,5443,,0.01403772085905075
,,,5444,,0.0141508299857378
,,,5445,,0.01221911795437336
,,,5446,,0.015267889946699142
,,,5447,,0.013331707566976547
,,,5448,,0.012881286442279816
,,,5449,,0.0055487556383013725
,,,5450,,0.0043831560760736465
,,,5451,,0.003557750955224037
,,,5452,,0.003818151541054249
,,,5453,,0.0032579738181084394
,,,5454,,0.003178721759468317
,,,5455,,0.0038060336373746395
,,,5456,,0.0035525644198060036
,,,5457,,0.0048585012555122375
,,,5458,,0.003958918619900942
,,,5459,,0.0039001633413136005
,,,5460,,0.003977930173277855
,,,5461,,0.003773830831050873
,,,5462,,0.017936676740646362
,,,5463,,0.02447749488055706
,,,5464,,0.019019411876797676
,,,5465,,0.016788296401500702
,,,5466,,0.007726713549345732
,,,5467,,0.062423497438430786
,,,5468,,0.013923916034400463
,,,5469,,0.046115417033433914
,,,5470,,0.021295171231031418
,,,5471,,0.025449080392718315
,,,5472,,0.03304183483123779
,,,5473,,0.035501133650541306
,,,5474,,0.0359296053647995
,,,5475,,0.04318046569824219
,,,5476,,0.03260102868080139
,,,5477,,0.047933418303728104
,,,5478,,0.03001994825899601
,,,5479,,0.11109420657157898
,,,5480,,0.08980273455381393
,,,5481,,0.08181256055831909
,,,5482,,0.08256619423627853
,,,5483,,0.11640942841768265
,,,5484,,0.07338924705982208
,,,5485,,0.07711025327444077
,,,5486,,0.10084456205368042
,,,5487,,0.0773676261305809
,,,5488,,0.09562204778194427
,,,5489,,0.08031532168388367
,,,5490,,0.08263418078422546
,,,5491,,0.09334005415439606
,,,5492,,0.09077803790569305
,,,5493,,0.08991055190563202
,,,5494,,0.08685381710529327
,,,5495,,0.04172423481941223
23,,,1943,0.01952878013253212,
23,0.019447922706604004,,1943,,
24,,0.01181972585618496,1949,,
24,,0.018861470744013786,1959,,
24,,0.020137883722782135,1969,,
24,,0.014367625117301941,1979,,
24,,0.012664839625358582,1989,,
24,,0.011930223554372787,1999,,
24,,0.021950162947177887,2009,,
24,,0.009938815608620644,2019,,
,,,5496,,0.0007625726284459233
,,,5497,,0.0007834352436475456
,,,5498,,0.0012290619779378176
,,,5499,,0.0007234730292111635
,,,5500,,0.0014124891022220254
,,,5501,,0.0006578769534826279
,,,5502,,0.0010749008506536484
,,,5503,,0.0006404526066035032
,,,5504,,0.0009100324241444468
,,,5505,,0.0006790905026718974
,,,5506,,0.001267608255147934
,,,5507,,0.0013979708310216665
,,,5508,,0.0006794357905164361
,,,5509,,0.0008794402237981558
,,,5510,,0.0010794400004670024
,,,5511,,0.0007431401172652841
,,,5512,,0.0013445233926177025
,,,5513,,0.001340813236311078
,,,5514,,0.0011323842918500304
,,,5515,,0.0016942530637606978
,,,5516,,0.0006958274752832949
,,,5517,,0.0007113091996870935
,,,5518,,0.000607531052082777
,,,5519,,0.0014388225972652435
,,,5520,,0.0011707479134202003
,,,5521,,0.0010644713183864951
,,,5522,,0.0010627420851960778
,,,5523,,0.007698599249124527
,,,5524,,0.020461589097976685
,,,5525,,0.018255537375807762
,,,5526,,0.016995303332805634
,,,5527,,0.01862187683582306
,,,5528,,0.017379138618707657
,,,5529,,0.08427833765745163
,,,5530,,0.02811320498585701
,,,5531,,0.015409980900585651
,,,5532,,0.017008285969495773
,,,5533,,0.011885149404406548
,,,5534,,0.007752046454697847
,,,5535,,0.015498566441237926
,,,5536,,0.01004503108561039
,,,5537,,0.008684898726642132
,,,5538,,0.01980547606945038
,,,5539,,0.017158066853880882
,,,5540,,0.008829088881611824
,,,5541,,0.02341018244624138
,,,5542,,0.01244381070137024
,,,5543,,0.004657546989619732
,,,5544,,0.013643667101860046
,,,5545,,0.0069350264966487885
,,,5546,,0.007807405665516853
,,,5547,,0.010881636291742325
,,,5548,,0.003632159437984228
,,,5549,,0.00952107086777687
,,,5550,,0.012636695057153702
,,,5551,,0.02182793617248535
,,,5552,,0.02161766216158867
,,,5553,,0.012383976951241493
,,,5554,,0.017134156078100204
,,,5555,,0.012449383735656738
,,,5556,,0.014897467568516731
,,,5557,,0.013156325556337833
,,,5558,,0.011896645650267601
,,,5559,,0.015839021652936935
,,,5560,,0.014152130112051964
,,,5561,,0.007840821519494057
,,,5562,,0.010888509452342987
,,,5563,,0.021523259580135345
,,,5564,,0.013212935999035835
,,,5565,,0.008069140836596489
,,,5566,,0.009902697056531906
,,,5567,,0.0010382456239312887
,,,5568,,0.0016476984601467848
,,,5569,,0.0014255479909479618
,,,5570,,0.0012713028118014336
,,,5571,,0.0010411553084850311
,,,5572,,0.0011081253178417683
,,,5573,,0.0007361162570305169
,,,5574,,0.0012080695014446974
,,,5575,,0.0008251587860286236
,,,5576,,0.0013392820255830884
,,,5577,,0.0012564202770590782
,,,5578,,0.0009191958233714104
,,,5579,,0.0011908886954188347
,,,5580,,0.01728281006217003
,,,5581,,0.02115391194820404
,,,5582,,0.020355388522148132
,,,5583,,0.05844159051775932
,,,5584,,0.04338503256440163
,,,5585,,0.03321244567632675
,,,5586,,0.0561562180519104
,,,5587,,0.05271632969379425
,,,5588,,0.019244343042373657
,,,5589,,0.020174818113446236
,,,5590,,0.020818516612052917
,,,5591,,0.014724887907505035
,,,5592,,0.01750446856021881
,,,5593,,0.020157665014266968
,,,5594,,0.016809729859232903
,,,5595,,0.017065513879060745
,,,5596,,0.0187675803899765
,,,5597,,0.017033960670232773
,,,5598,,0.015422186814248562
,,,5599,,0.013884595595300198
,,,5600,,0.019867733120918274
,,,5601,,0.01820678450167179
,,,5602,,0.020381368696689606
,,,5603,,0.018324928358197212
,,,5604,,0.017101289704442024
,,,5605,,0.02274901047348976
,,,5606,,0.01971796154975891
,,,5607,,0.014695495367050171
,,,5608,,0.019646383821964264
,,,5609,,0.019307075068354607
,,,5610,,0.01668834686279297
,,,5611,,0.016896363347768784
,,,5612,,0.013189837336540222
,,,5613,,0.016433870419859886
,,,5614,,0.015058090910315514
,,,5615,,0.01723349653184414
,,,5616,,0.013274362310767174
,,,5617,,0.015092447400093079
,,,5618,,0.016202412545681
,,,5619,,0.015731297433376312
,,,5620,,0.01466619223356247
,,,5621,,0.015463159419596195
,,,5622,,0.012566398829221725
,,,5623,,0.013315090909600258
,,,5624,,0.01334814727306366
,,,5625,,0.017741013318300247
,,,5626,,0.015028184279799461
,,,5627,,0.017584554851055145
,,,5628,,0.015354743227362633
,,,5629,,0.01822531223297119
,,,5630,,0.016899416223168373
,,,5631,,0.015593020245432854
,,,5632,,0.014674104750156403
,,,5633,,0.016671884804964066
,,,5634,,0.011607540771365166
,,,5635,,0.012533999048173428
,,,5636,,0.010952357202768326
,,,5637,,0.010505707934498787
,,,5638,,0.011275639757514
,,,5639,,0.012383073568344116
,,,5640,,0.011194109916687012
,,,5641,,0.012110516428947449
,,,5642,,0.010450930334627628
,,,5643,,0.011881602928042412
,,,5644,,0.010218989104032516
,,,5645,,0.009183181449770927
,,,5646,,0.010430700145661831
,,,5647,,0.01122505497187376
,,,5648,,0.011970993131399155
,,,5649,,0.011341031640768051
,,,5650,,0.012471814639866352
,,,5651,,0.011777062900364399
,,,5652,,0.011935422196984291
,,,5653,,0.010761767625808716
,,,5654,,0.010889079421758652
,,,5655,,0.012350182048976421
,,,5656,,0.010843930765986443
,,,5657,,0.012416776269674301
,,,5658,,0.014231689274311066
,,,5659,,0.012756762094795704
,,,5660,,0.0128136295825243
,,,5661,,0.011812824755907059
,,,5662,,0.010422611609101295
,,,5663,,0.010905946604907513
,,,5664,,0.0150102898478508
,,,5665,,0.012597611173987389
,,,5666,,0.011017929762601852
,,,5667,,0.01485302485525608
,,,5668,,0.012177794240415096
,,,5669,,0.015273386612534523
,,,5670,,0.011965325102210045
,,,5671,,0.011268407106399536
,,,5672,,0.013197384774684906
,,,5673,,0.013146329671144485
,,,5674,,0.011382672935724258
,,,5675,,0.014208691194653511
,,,5676,,0.012458226643502712
,,,5677,,0.012024438008666039
,,,5678,,0.005327390041202307
,,,5679,,0.004215182736515999
,,,5680,,0.003308923216536641
,,,5681,,0.0035479157231748104
,,,5682,,0.002975868061184883
,,,5683,,0.002915064338594675
,,,5684,,0.0036030863411724567
,,,5685,,0.0032609812915325165
,,,5686,,0.004573393613100052
,,,5687,,0.0037192190065979958
,,,5688,,0.003628782695159316
,,,5689,,0.003609279403463006
,,,5690,,0.0035424698144197464
,,,5691,,0.017428524792194366
,,,5692,,0.02645731344819069
,,,5693,,0.019327517598867416
,,,5694,,0.01677446812391281
,,,5695,,0.007406735327094793
,,,5696,,0.061607521027326584
,,,5697,,0.01378817018121481
,,,5698,,0.04445045441389084
,,,5699,,0.020219527184963226
,,,5700,,0.024323154240846634
,,,5701,,0.030833348631858826
,,,5702,,0.03275159001350403
,,,5703,,0.035837940871715546
,,,5704,,0.04267202690243721
,,,5705,,0.03168663755059242
,,,5706,,0.04523075744509697
,,,5707,,0.0289401076734066
,,,5708,,0.11123475432395935
,,,5709,,0.08973924815654755
,,,5710,,0.08182522654533386
,,,5711,,0.08287228643894196
,,,5712,,0.1150941401720047
,,,5713,,0.07338835299015045
,,,5714,,0.07713183760643005
,,,5715,,0.10104319453239441
,,,5716,,0.07737740874290466
,,,5717,,0.09519016742706299
,,,5718,,0.07929550111293793
,,,5719,,0.08261215686798096
,,,5720,,0.092874675989151
,,,5721,,0.09068253636360168
,,,5722,,0.08897039294242859
,,,5723,,0.08689142018556595
,,,5724,,0.04226251319050789
24,,,2024,0.01885536126792431,
24,0.018423622474074364,,2024,,
25,,0.017533117905259132,2029,,
25,,0.02366831712424755,2039,,
25,,0.011223776265978813,2049,,
25,,0.007622840814292431,2059,,
25,,0.015448975376784801,2069,,
25,,0.02091449499130249,2079,,
25,,0.019251428544521332,2089,,
25,,0.016380371525883675,2099,,
,,,5725,,0.0006911635864526033
,,,5726,,0.000632214592769742
,,,5727,,0.0011784469243139029
,,,5728,,0.0006871433579362929
,,,5729,,0.0013694883091375232
,,,5730,,0.0006711522582918406
,,,5731,,0.0010375764686614275
,,,5732,,0.0006009198259562254
,,,5733,,0.0009302114485763013
,,,5734,,0.0006445529288612306
,,,5735,,0.0012325490824878216
,,,5736,,0.0013097072951495647
,,,5737,,0.0006824990268796682
,,,5738,,0.0008267874363809824
,,,5739,,0.0011198800057172775
,,,5740,,0.0007953259628266096
,,,5741,,0.0013244904112070799
,,,5742,,0.0013844332424923778
,,,5743,,0.0011181402951478958
,,,5744,,0.0017290149116888642
,,,5745,,0.0007390488171949983
,,,5746,,0.0007201549015007913
,,,5747,,0.0006327747832983732
,,,5748,,0.0014722391497343779
,,,5749,,0.0012678371276706457
,,,5750,,0.0010741257574409246
,,,5751,,0.0010806610807776451
,,,5752,,0.0075705694034695625
,,,5753,,0.02032328210771084
,,,5754,,0.018030822277069092
,,,5755,,0.016863949596881866
,,,5756,,0.01852196268737316
,,,5757,,0.01726710796356201
,,,5758,,0.08366714417934418
,,,5759,,0.027947820723056793
,,,5760,,0.015351174399256706
,,,5761,,0.01682438887655735
,,,5762,,0.011798534542322159
,,,5763,,0.007581958081573248
,,,5764,,0.015342689119279385
,,,5765,,0.009879937395453453
,,,5766,,0.008648192510008812
,,,5767,,0.019613873213529587
,,,5768,,0.01697787642478943
,,,5769,,0.008831409737467766
,,,5770,,0.023144595324993134
,,,5771,,0.012404628098011017
,,,5772,,0.004593858495354652
,,,5773,,0.013540856540203094
,,,5774,,0.006849553436040878
,,,5775,,0.0077377911657094955
,,,5776,,0.01077845599502325
,,,5777,,0.0035610501654446125
,,,5778,,0.009430395439267159
,,,5779,,0.012332957237958908
,,,5780,,0.02166961133480072
,,,5781,,0.021447665989398956
,,,5782,,0.012256045825779438
,,,5783,,0.01701480522751808
,,,5784,,0.01195338275283575
,,,5785,,0.014854718931019306
,,,5786,,0.012830428779125214
,,,5787,,0.012070843949913979
,,,5788,,0.015402298420667648
,,,5789,,0.013584019616246223
,,,5790,,0.00779339112341404
,,,5791,,0.010929732583463192
,,,5792,,0.02143392525613308
,,,5793,,0.013670041225850582
,,,5794,,0.008562954142689705
,,,5795,,0.009610570967197418
,,,5796,,0.0009417152032256126
,,,5797,,0.0015923134051263332
,,,5798,,0.0006219960050657392
,,,5799,,0.0009320822427980602
,,,5800,,0.000886805821210146
,,,5801,,0.0010741711594164371
,,,5802,,0.0006994329742155969
,,,5803,,0.0005668613594025373
,,,5804,,0.0006822648574598134
,,,5805,,0.0010795779526233673
,,,5806,,0.0007477657054550946
,,,5807,,0.001867732615210116
,,,5808,,0.0011535051744431257
,,,5809,,0.016799967736005783
,,,5810,,0.02039216458797455
,,,5811,,0.01975920796394348
,,,5812,,0.05672397091984749
,,,5813,,0.04146449640393257
,,,5814,,0.03182458132505417
,,,5815,,0.05414699390530586
,,,5816,,0.05117056891322136
,,,5817,,0.018702834844589233
,,,5818,,0.019713755697011948
,,,5819,,0.020442068576812744
,,,5820,,0.014437323436141014
,,,5821,,0.017106689512729645
,,,5822,,0.01977258175611496
,,,5823,,0.01647568866610527
,,,5824,,0.01660921610891819
,,,5825,,0.0183342806994915
,,,5826,,0.016637876629829407
,,,5827,,0.014980101026594639
,,,5828,,0.013659380376338959
,,,5829,,0.01941707357764244
,,,5830,,0.017695441842079163
,,,5831,,0.01985384337604046
,,,5832,,0.017895452678203583
,,,5833,,0.01680518314242363
,,,5834,,0.022339515388011932
,,,5835,,0.019253874197602272
,,,5836,,0.014419898390769958
,,,5837,,0.01926620490849018
,,,5838,,0.018865568563342094
,,,5839,,0.01622711308300495
,,,5840,,0.016435276716947556
,,,5841,,0.01316341757774353
,,,5842,,0.016475964337587357
,,,5843,,0.015067536383867264
,,,5844,,0.01716654747724533
,,,5845,,0.013367840088903904
,,,5846,,0.015148486942052841
,,,5847,,0.0162421353161335
,,,5848,,0.01589895971119404
,,,5849,,0.014736195094883442
,,,5850,,0.015567749738693237
,,,5851,,0.012744013220071793
,,,5852,,0.013463785871863365
,,,5853,,0.013342350721359253
,,,5854,,0.01767793670296669
,,,5855,,0.015114637091755867
,,,5856,,0.017505517229437828
,,,5857,,0.015253930352628231
,,,5858,,0.0182512030005455
,,,5859,,0.01697273552417755
,,,5860,,0.015693796798586845
,,,5861,,0.0146762914955616
,,,5862,,0.016808250918984413
,,,5863,,0.01153892744332552
,,,5864,,0.012476443313062191
,,,5865,,0.010966561734676361
,,,5866,,0.010487962514162064
,,,5867,,0.011239733546972275
,,,5868,,0.01229954231530428
,,,5869,,0.011124826036393642
,,,5870,,0.01195739395916462
,,,5871,,0.010371239855885506
,,,5872,,0.011842031963169575
,,,5873,,0.010080626234412193
,,,5874,,0.009147548116743565
,,,5875,,0.010349015705287457
,,,5876,,0.01111656054854393
,,,5877,,0.011757807806134224
,,,5878,,0.011197143234312534
,,,5879,,0.012340234592556953
,,,5880,,0.011670349165797234
,,,5881,,0.011874156072735786
,,,5882,,0.010650268755853176
,,,5883,,0.010731581598520279
,,,5884,,0.012252327054738998
,,,5885,,0.010587278753519058
,,,5886,,0.012133510783314705
,,,5887,,0.013840187340974808
,,,5888,,0.012453870847821236
,,,5889,,0.012572217732667923
,,,5890,,0.0114974994212389
,,,5891,,0.010172486305236816
,,,5892,,0.010684315115213394
,,,5893,,0.014647618867456913
,,,5894,,0.012343071401119232
,,,5895,,0.010718253441154957
,,,5896,,0.014568289741873741
,,,5897,,0.011891167610883713
,,,5898,,0.014893624931573868
,,,5899,,0.011699480935931206
,,,5900,,0.0110398568212986
,,,5901,,0.012801461853086948
,,,5902,,0.01277878973633051
,,,5903,,0.011092103086411953
,,,5904,,0.01387927308678627
,,,5905,,0.012113160453736782
,,,5906,,0.011645292863249779
,,,5907,,0.005104487761855125
,,,5908,,0.0038154274225234985
,,,5909,,0.003029664745554328
,,,5910,,0.0033167116343975067
,,,5911,,0.002804148942232132
,,,5912,,0.0027792607434093952
,,,5913,,0.003506368724629283
,,,5914,,0.0030757072381675243
,,,5915,,0.004311620257794857
,,,5916,,0.003511683316901326
,,,5917,,0.003286198480054736
,,,5918,,0.0034182316157966852
,,,5919,,0.0032775388099253178
,,,5920,,0.016342265531420708
,,,5921,,0.024320309981703758
,,,5922,,0.017975717782974243
,,,5923,,0.01523124985396862
,,,5924,,0.007041949778795242
,,,5925,,0.0568789541721344
,,,5926,,0.013175101950764656
,,,5927,,0.04305180162191391
,,,5928,,0.019418995827436447
,,,5929,,0.02202906832098961
,,,5930,,0.03003963828086853
,,,5931,,0.031959377229213715
,,,5932,,0.03301610052585602
,,,5933,,0.03792053461074829
,,,5934,,0.029073340818285942
,,,5935,,0.044727977365255356
,,,5936,,0.028139598667621613
,,,5937,,0.10802601277828217
,,,5938,,0.08725755661725998
,,,5939,,0.07861345261335373
,,,5940,,0.07961581647396088
,,,5941,,0.11248922348022461
,,,5942,,0.07048042118549347
,,,5943,,0.0745217502117157
,,,5944,,0.09767186641693115
,,,5945,,0.07439606636762619
,,,5946,,0.09126792848110199
,,,5947,,0.07685506343841553
,,,5948,,0.0800703763961792
,,,5949,,0.09031686186790466
,,,5950,,0.08863331377506256
,,,5951,,0.08633548021316528
,,,5952,,0.08323119580745697
,,,5953,,0.04176001995801926
25,,,2105,0.018351228907704353,
25,0.01811867766082287,,2105,,
26,,0.018586507067084312,2109,,
26,,0.03556887060403824,2119,,
26,,0.016868283972144127,2129,,
26,,0.018740925937891006,2139,,
26,,0.009311368688941002,2149,,
26,,0.013625916093587875,2159,,
26,,0.018831683322787285,2169,,
26,,0.03055095300078392,2179,,
,,,5954,,0.0006329567404463887
,,,5955,,0.0006231393199414015
,,,5956,,0.0010787341743707657
,,,5957,,0.000534426886588335
,,,5958,,0.0011195364641025662
,,,5959,,0.0005326768150553107
,,,5960,,0.0008529814658686519
,,,5961,,0.0004974424955435097
,,,5962,,0.0007356030400842428
,,,5963,,0.0005392547463998199
,,,5964,,0.0010790033265948296
,,,5965,,0.001224459265358746
,,,5966,,0.0006003986927680671
,,,5967,,0.0006704232073388994
,,,5968,,0.0008999458514153957
,,,5969,,0.0005977701512165368
,,,5970,,0.001131677650846541
,,,5971,,0.001183306216262281
,,,5972,,0.0009039095602929592
,,,5973,,0.001534092123620212
,,,5974,,0.0005532990326173604
,,,5975,,0.0005286788218654692
,,,5976,,0.0004649448674172163
,,,5977,,0.0012763780541718006
,,,5978,,0.0010378432925790548
,,,5979,,0.0009128967649303377
,,,5980,,0.0008784298552200198
,,,5981,,0.007654213346540928
,,,5982,,0.020193416625261307
,,,5983,,0.017882198095321655
,,,5984,,0.01694447547197342
,,,5985,,0.018534481525421143
,,,5986,,0.017118293792009354
,,,5987,,0.08343343436717987
,,,5988,,0.027710553258657455
,,,5989,,0.015198332257568836
,,,5990,,0.016955874860286713
,,,5991,,0.011825830675661564
,,,5992,,0.007715804968029261
,,,5993,,0.01524922251701355
,,,5994,,0.009995977394282818
,,,5995,,0.008589854463934898
,,,5996,,0.0192682147026062
,,,5997,,0.01695367507636547
,,,5998,,0.008943365886807442
,,,5999,,0.022725069895386696
,,,6000,,0.01224002055823803
,,,6001,,0.004966192878782749
,,,6002,,0.01322910189628601
,,,6003,,0.006813383661210537
,,,6004,,0.007965737022459507
,,,6005,,0.010907425545156002
,,,6006,,0.003772540483623743
,,,6007,,0.00932864099740982
,,,6008,,0.012127120047807693
,,,6009,,0.02049204334616661
,,,6010,,0.02035422995686531
,,,6011,,0.011225155554711819
,,,6012,,0.01606079190969467
,,,6013,,0.011395403183996677
,,,6014,,0.014007789082825184
,,,6015,,0.01194685511291027
,,,6016,,0.010887167416512966
,,,6017,,0.014677643775939941
,,,6018,,0.012975743971765041
,,,6019,,0.007163167465478182
,,,6020,,0.01035073958337307
,,,6021,,0.020223144441843033
,,,6022,,0.01237010583281517
,,,6023,,0.007667906582355499
,,,6024,,0.008994474075734615
,,,6025,,0.0008313007419928908
,,,6026,,0.0014326076488941908
,,,6027,,0.0008241718169301748
,,,6028,,0.0008564501767978072
,,,6029,,0.000813267775811255
,,,6030,,0.0009183225920423865
,,,6031,,0.0005901077529415488
,,,6032,,0.0007277554250322282
,,,6033,,0.0006427272455766797
,,,6034,,0.0010325880721211433
,,,6035,,0.000797284534201026
,,,6036,,0.0013961712829768658
,,,6037,,0.0010238003451377153
,,,6038,,0.01644870452582836
,,,6039,,0.019970471039414406
,,,6040,,0.019665326923131943
,,,6041,,0.05645480751991272
,,,6042,,0.04199798405170441
,,,6043,,0.03221602737903595
,,,6044,,0.05277518928050995
,,,6045,,0.05009366199374199
,,,6046,,0.01888231560587883
,,,6047,,0.019626591354608536
,,,6048,,0.020374339073896408
,,,6049,,0.014510036446154118
,,,6050,,0.017169944941997528
,,,6051,,0.019486654549837112
,,,6052,,0.016417618840932846
,,,6053,,0.01675121858716011
,,,6054,,0.018326058983802795
,,,6055,,0.016768310219049454
,,,6056,,0.015308845788240433
,,,6057,,0.013563809916377068
,,,6058,,0.019402574747800827
,,,6059,,0.017781289294362068
,,,6060,,0.01990446075797081
,,,6061,,0.01780639961361885
,,,6062,,0.01663932390511036
,,,6063,,0.02211197279393673
,,,6064,,0.01918034255504608
,,,6065,,0.014415854588150978
,,,6066,,0.019109418615698814
,,,6067,,0.018881438300013542
,,,6068,,0.016726937144994736
,,,6069,,0.01682903617620468
,,,6070,,0.013396792113780975
,,,6071,,0.01609713025391102
,,,6072,,0.014702808111906052
,,,6073,,0.016913224011659622
,,,6074,,0.013112451881170273
,,,6075,,0.014826133847236633
,,,6076,,0.0160149484872818
,,,6077,,0.015705715864896774
,,,6078,,0.014529520645737648
,,,6079,,0.015319793485105038
,,,6080,,0.012533263303339481
,,,6081,,0.013236930593848228
,,,6082,,0.013168810866773129
,,,6083,,0.01740165799856186
,,,6084,,0.014787040650844574
,,,6085,,0.017176568508148193
,,,6086,,0.01498367264866829
,,,6087,,0.0180341899394989
,,,6088,,0.016571111977100372
,,,6089,,0.015388911589980125
,,,6090,,0.014452816918492317
,,,6091,,0.0164949968457222
,,,6092,,0.011342838406562805
,,,6093,,0.012129910290241241
,,,6094,,0.010853929445147514
,,,6095,,0.010366672649979591
,,,6096,,0.010957986116409302
,,,6097,,0.01193886250257492
,,,6098,,0.010857319459319115
,,,6099,,0.011782136745750904
,,,6100,,0.010158220306038857
,,,6101,,0.011512956582009792
,,,6102,,0.010039743036031723
,,,6103,,0.009030401706695557
,,,6104,,0.010150846093893051
,,,6105,,0.010986712761223316
,,,6106,,0.011621419340372086
,,,6107,,0.011046544648706913
,,,6108,,0.011923483572900295
,,,6109,,0.011401321738958359
,,,6110,,0.011694210581481457
,,,6111,,0.010518916882574558
,,,6112,,0.010552093386650085
,,,6113,,0.011973269283771515
,,,6114,,0.010475123301148415
,,,6115,,0.012116813100874424
,,,6116,,0.013746369630098343
,,,6117,,0.012369048781692982
,,,6118,,0.012525398284196854
,,,6119,,0.01145413052290678
,,,6120,,0.010117660276591778
,,,6121,,0.010634341277182102
,,,6122,,0.014582287520170212
,,,6123,,0.012278085574507713
,,,6124,,0.01072005182504654
,,,6125,,0.014460671693086624
,,,6126,,0.011851737275719643
,,,6127,,0.014838017523288727
,,,6128,,0.01160865556448698
,,,6129,,0.010990648530423641
,,,6130,,0.012731056660413742
,,,6131,,0.012714042328298092
,,,6132,,0.011098863556981087
,,,6133,,0.013732943683862686
,,,6134,,0.012125696986913681
,,,6135,,0.011630794033408165
,,,6136,,0.004784609191119671
,,,6137,,0.0036676584277302027
,,,6138,,0.0029876490589231253
,,,6139,,0.003159611951559782
,,,6140,,0.0026720743626356125
,,,6141,,0.002587325172498822
,,,6142,,0.0033515524119138718
,,,6143,,0.002874538768082857
,,,6144,,0.004037012346088886
,,,6145,,0.0033108522184193134
,,,6146,,0.0032238864805549383
,,,6147,,0.0031819683499634266
,,,6148,,0.003125494346022606
,,,6149,,0.015328146517276764
,,,6150,,0.02504894509911537
,,,6151,,0.01691579259932041
,,,6152,,0.01501917652785778
,,,6153,,0.006704371888190508
,,,6154,,0.054052162915468216
,,,6155,,0.012704730033874512
,,,6156,,0.043436914682388306
,,,6157,,0.018794246017932892
,,,6158,,0.022030506283044815
,,,6159,,0.02997250109910965
,,,6160,,0.030466832220554352
,,,6161,,0.03065585345029831
,,,6162,,0.03434388339519501
,,,6163,,0.026681773364543915
,,,6164,,0.04406227916479111
,,,6165,,0.02733764983713627
,,,6166,,0.10772834718227386
,,,6167,,0.08697304129600525
,,,6168,,0.07878109812736511
,,,6169,,0.07985514402389526
,,,6170,,0.11118936538696289
,,,6171,,0.0704767256975174
,,,6172,,0.0749819278717041
,,,6173,,0.09648948907852173
,,,6174,,0.0748034417629242
,,,6175,,0.09147609025239944
,,,6176,,0.07587786018848419
,,,6177,,0.07933387905359268
,,,6178,,0.08937877416610718
,,,6179,,0.08757627010345459
,,,6180,,0.0862773209810257
,,,6181,,0.08339434117078781
,,,6182,,0.04067030921578407
26,,,2186,0.01809459738433361,
26,0.017319485545158386,,2186,,
27,,0.03212995082139969,2189,,
27,,0.012099184095859528,2199,,
27,,0.017587075009942055,2209,,
27,,0.016045235097408295,2219,,
27,,0.014792289584875107,2229,,
27,,0.011469735763967037,2239,,
27,,0.01370139978826046,2249,,
27,,0.01725357584655285,2259,,
,,,6183,,0.0006669103167951107
,,,6184,,0.0005868091247975826
,,,6185,,0.0010949763236567378
,,,6186,,0.0006534866988658905
,,,6187,,0.0013117588823661208
,,,6188,,0.0006192006403580308
,,,6189,,0.0009915850823745131
,,,6190,,0.0005443486734293401
,,,6191,,0.0008798099588602781
,,,6192,,0.0005722071509808302
,,,6193,,0.0011925657745450735
,,,6194,,0.0011956545058637857
,,,6195,,0.0005901010008528829
,,,6196,,0.0008037163643166423
,,,6197,,0.0010555707849562168
,,,6198,,0.0007184511050581932
,,,6199,,0.0012264489196240902
,,,6200,,0.0011848441790789366
,,,6201,,0.0011222644243389368
,,,6202,,0.0015509359072893858
,,,6203,,0.0006806425517424941
,,,6204,,0.0006400968413800001
,,,6205,,0.0006053539109416306
,,,6206,,0.001333352760411799
,,,6207,,0.0011339322663843632
,,,6208,,0.000943619292229414
,,,6209,,0.001056694076396525
,,,6210,,0.007289203815162182
,,,6211,,0.019792605191469193
,,,6212,,0.017545245587825775
,,,6213,,0.01643795520067215
,,,6214,,0.017977146431803703
,,,6215,,0.016752904281020164
,,,6216,,0.08280912786722183
,,,6217,,0.027226636186242104
,,,6218,,0.014779279939830303
,,,6219,,0.01637907885015011
,,,6220,,0.011362455785274506
,,,6221,,0.007266371510922909
,,,6222,,0.014867264777421951
,,,6223,,0.009569894522428513
,,,6224,,0.008235126733779907
,,,6225,,0.018820870667696
,,,6226,,0.016294438391923904
,,,6227,,0.008429226465523243
,,,6228,,0.022227149456739426
,,,6229,,0.01177511177957058
,,,6230,,0.00431204866617918
,,,6231,,0.012693624943494797
,,,6232,,0.006508416496217251
,,,6233,,0.007478482089936733
,,,6234,,0.010422779247164726
,,,6235,,0.0033918742556124926
,,,6236,,0.008975940756499767
,,,6237,,0.011415895074605942
,,,6238,,0.019913772121071815
,,,6239,,0.019790751859545708
,,,6240,,0.01069881021976471
,,,6241,,0.015291404910385609
,,,6242,,0.010828649625182152
,,,6243,,0.013303244486451149
,,,6244,,0.011358566582202911
,,,6245,,0.010345542803406715
,,,6246,,0.013951710425317287
,,,6247,,0.0122424541041255
,,,6248,,0.006770252250134945
,,,6249,,0.009867068380117416
,,,6250,,0.019635358825325966
,,,6251,,0.011820653453469276
,,,6252,,0.007136371918022633
,,,6253,,0.008616026490926743
,,,6254,,0.0008211851818487048
,,,6255,,0.0014153560623526573
,,,6256,,0.0006773537024855614
,,,6257,,0.0008919591782614589
,,,6258,,0.0007551992894150317
,,,6259,,0.0008986708708107471
,,,6260,,0.0006242870585992932
,,,6261,,0.0006207266123965383
,,,6262,,0.0006383330328390002
,,,6263,,0.001017032191157341
,,,6264,,0.0007775411941111088
,,,6265,,0.0015320146922022104
,,,6266,,0.0009857900440692902
,,,6267,,0.015844957903027534
,,,6268,,0.019320949912071228
,,,6269,,0.018496066331863403
,,,6270,,0.05327363312244415
,,,6271,,0.038883425295352936
,,,6272,,0.030477993190288544
,,,6273,,0.05157940834760666
,,,6274,,0.04849081486463547
,,,6275,,0.01781116984784603
,,,6276,,0.01911768689751625
,,,6277,,0.019909851253032684
,,,6278,,0.013952642679214478
,,,6279,,0.01669822633266449
,,,6280,,0.01927613839507103
,,,6281,,0.015863871201872826
,,,6282,,0.01601530611515045
,,,6283,,0.017872247844934464
,,,6284,,0.015983186662197113
,,,6285,,0.01445333193987608
,,,6286,,0.013353819027543068
,,,6287,,0.018752481788396835
,,,6288,,0.01720026135444641
,,,6289,,0.01930265873670578
,,,6290,,0.01744389533996582
,,,6291,,0.016389332711696625
,,,6292,,0.02176033891737461
,,,6293,,0.01866959035396576
,,,6294,,0.014066033996641636
,,,6295,,0.018724344670772552
,,,6296,,0.018278447911143303
,,,6297,,0.015407802537083626
,,,6298,,0.015582960098981857
,,,6299,,0.012238958850502968
,,,6300,,0.015606055036187172
,,,6301,,0.014472821727395058
,,,6302,,0.016490250825881958
,,,6303,,0.012741350568830967
,,,6304,,0.014452099800109863
,,,6305,,0.01532638631761074
,,,6306,,0.014972001314163208
,,,6307,,0.014110421761870384
,,,6308,,0.014726342633366585
,,,6309,,0.012034568935632706
,,,6310,,0.0126291923224926
,,,6311,,0.012869933620095253
,,,6312,,0.01697923056781292
,,,6313,,0.014368133619427681
,,,6314,,0.01681269332766533
,,,6315,,0.014768721535801888
,,,6316,,0.01713639870285988
,,,6317,,0.01614127866923809
,,,6318,,0.014878864400088787
,,,6319,,0.013979069888591766
,,,6320,,0.01583026349544525
,,,6321,,0.011062339879572392
,,,6322,,0.01200818456709385
,,,6323,,0.010317503474652767
,,,6324,,0.010110238566994667
,,,6325,,0.010715915821492672
,,,6326,,0.011750890873372555
,,,6327,,0.01075140293687582
,,,6328,,0.011344067752361298
,,,6329,,0.010012195445597172
,,,6330,,0.011217232793569565
,,,6331,,0.009543602354824543
,,,6332,,0.008738369680941105
,,,6333,,0.010054200887680054
,,,6334,,0.01058719027787447
,,,6335,,0.0112809669226408
,,,6336,,0.010669889859855175
,,,6337,,0.012033892795443535
,,,6338,,0.011334776878356934
,,,6339,,0.011353162117302418
,,,6340,,0.010162806138396263
,,,6341,,0.010280493646860123
,,,6342,,0.01179113145917654
,,,6343,,0.010370961390435696
,,,6344,,0.011763197369873524
,,,6345,,0.013506853953003883
,,,6346,,0.012148816138505936
,,,6347,,0.012210219167172909
,,,6348,,0.011211946606636047
,,,6349,,0.00995396263897419
,,,6350,,0.010449889115989208
,,,6351,,0.014166248962283134
,,,6352,,0.01193209458142519
,,,6353,,0.010545876808464527
,,,6354,,0.014185750856995583
,,,6355,,0.011550663970410824
,,,6356,,0.014514059759676456
,,,6357,,0.011382855474948883
,,,6358,,0.010637527331709862
,,,6359,,0.01256830245256424
,,,6360,,0.01243671216070652
,,,6361,,0.01070690993219614
,,,6362,,0.013478035107254982
,,,6363,,0.011859412305057049
,,,6364,,0.011335263028740883
,,,6365,,0.00465577095746994
,,,6366,,0.003616489004343748
,,,6367,,0.0029214974492788315
,,,6368,,0.003084239549934864
,,,6369,,0.0026283739134669304
,,,6370,,0.00250934436917305
,,,6371,,0.0032621417194604874
,,,6372,,0.0028017328586429358
,,,6373,,0.003973794169723988
,,,6374,,0.0031842116732150316
,,,6375,,0.003111779224127531
,,,6376,,0.0030975029803812504
,,,6377,,0.003135677892714739
,,,6378,,0.015223737806081772
,,,6379,,0.02295706979930401
,,,6380,,0.01717754825949669
,,,6381,,0.015952929854393005
,,,6382,,0.006877538748085499
,,,6383,,0.05370653048157692
,,,6384,,0.01214304193854332
,,,6385,,0.042726073414087296
,,,6386,,0.018707918003201485
,,,6387,,0.02093520015478134
,,,6388,,0.028582431375980377
,,,6389,,0.030140208080410957
,,,6390,,0.030897201970219612
,,,6391,,0.033600933849811554
,,,6392,,0.02798638865351677
,,,6393,,0.04161828011274338
,,,6394,,0.02707171067595482
,,,6395,,0.10658982396125793
,,,6396,,0.08482743799686432
,,,6397,,0.07654422521591187
,,,6398,,0.0777001827955246
,,,6399,,0.10913152992725372
,,,6400,,0.06885996460914612
,,,6401,,0.07252239435911179
,,,6402,,0.09463246911764145
,,,6403,,0.07249792665243149
,,,6404,,0.0891985297203064
,,,6405,,0.07459720969200134
,,,6406,,0.07717196643352509
,,,6407,,0.08773855865001678
,,,6408,,0.08525622636079788
,,,6409,,0.08368626981973648
,,,6410,,0.08164513111114502
,,,6411,,0.03905969485640526
27,,,2267,0.017608072608709335,
27,0.01689113676548004,,2267,,
28,,0.008846426382660866,2269,,
28,,0.012079579755663872,2279,,
28,,0.017570415511727333,2289,,
28,,0.0204802006483078,2299,,
28,,0.015185276046395302,2309,,
28,,0.021234747022390366,2319,,
28,,0.01484402921050787,2329,,
28,,0.019559696316719055,2339,,
,,,6412,,0.0006688922876492143
,,,6413,,0.0006868595373816788
,,,6414,,0.0009861300932243466
,,,6415,,0.0006777548114769161
,,,6416,,0.0015759941888973117
,,,6417,,0.0005469996249303222
,,,6418,,0.0008148874621838331
,,,6419,,0.00056291843065992
,,,6420,,0.0010209502652287483
,,,6421,,0.0005555106326937675
,,,6422,,0.0011294649448245764
,,,6423,,0.001083756797015667
,,,6424,,0.000562619767151773
,,,6425,,0.0008014175691641867
,,,6426,,0.0009591878624632955
,,,6427,,0.0006737150251865387
,,,6428,,0.0012396362144500017
,,,6429,,0.0011924513382837176
,,,6430,,0.001100153662264347
,,,6431,,0.0015354439383372664
,,,6432,,0.000570592237636447
,,,6433,,0.0005880953976884484
,,,6434,,0.000548492418602109
,,,6435,,0.0013030348345637321
,,,6436,,0.0010713055962696671
,,,6437,,0.0009640843491069973
,,,6438,,0.001003960962407291
,,,6439,,0.007073482498526573
,,,6440,,0.019581899046897888
,,,6441,,0.017312409356236458
,,,6442,,0.016300225630402565
,,,6443,,0.01791272684931755
,,,6444,,0.016577215865254402
,,,6445,,0.08228101581335068
,,,6446,,0.02697233110666275
,,,6447,,0.014568975195288658
,,,6448,,0.016173813492059708
,,,6449,,0.011205493472516537
,,,6450,,0.007192931137979031
,,,6451,,0.01468054298311472
,,,6452,,0.009463081136345863
,,,6453,,0.007996322587132454
,,,6454,,0.01845259964466095
,,,6455,,0.016078323125839233
,,,6456,,0.008191998116672039
,,,6457,,0.02180911973118782
,,,6458,,0.011541569605469704
,,,6459,,0.004217040725052357
,,,6460,,0.012577961198985577
,,,6461,,0.0063930694013834
,,,6462,,0.007329804357141256
,,,6463,,0.010238932445645332
,,,6464,,0.0032646299805492163
,,,6465,,0.008828860707581043
,,,6466,,0.011437107808887959
,,,6467,,0.019774693995714188
,,,6468,,0.01980733871459961
,,,6469,,0.010898230597376823
,,,6470,,0.015244679525494576
,,,6471,,0.010782317258417606
,,,6472,,0.013446076773107052
,,,6473,,0.011654717847704887
,,,6474,,0.010838797315955162
,,,6475,,0.013988715596497059
,,,6476,,0.012296196073293686
,,,6477,,0.006912704091519117
,,,6478,,0.01012116763740778
,,,6479,,0.01963125169277191
,,,6480,,0.012482148595154285
,,,6481,,0.007731255143880844
,,,6482,,0.008438317105174065
,,,6483,,0.0008533773943781853
,,,6484,,0.0014961888082325459
,,,6485,,0.0011196478735655546
,,,6486,,0.001096747349947691
,,,6487,,0.0008693973068147898
,,,6488,,0.0008606038754805923
,,,6489,,0.000515549152623862
,,,6490,,0.0009923942852765322
,,,6491,,0.0006004854803904891
,,,6492,,0.0011184897739440203
,,,6493,,0.0010897463653236628
,,,6494,,0.0008223113254643977
,,,6495,,0.0009406383614987135
,,,6496,,0.015301507897675037
,,,6497,,0.01863996870815754
,,,6498,,0.017919864505529404
,,,6499,,0.051886606961488724
,,,6500,,0.03789589926600456
,,,6501,,0.029796592891216278
,,,6502,,0.05136820673942566
,,,6503,,0.04803190380334854
,,,6504,,0.017538225278258324
,,,6505,,0.01831592619419098
,,,6506,,0.018772833049297333
,,,6507,,0.013367384672164917
,,,6508,,0.015835672616958618
,,,6509,,0.018372217193245888
,,,6510,,0.01524632889777422
,,,6511,,0.015563473105430603
,,,6512,,0.017176762223243713
,,,6513,,0.015481694601476192
,,,6514,,0.01391642913222313
,,,6515,,0.01260812021791935
,,,6516,,0.017982495948672295
,,,6517,,0.016580849885940552
,,,6518,,0.018585339188575745
,,,6519,,0.016633225604891777
,,,6520,,0.015535911545157433
,,,6521,,0.020860956981778145
,,,6522,,0.01797225885093212
,,,6523,,0.013386815786361694
,,,6524,,0.017790500074625015
,,,6525,,0.017807677388191223
,,,6526,,0.014909883961081505
,,,6527,,0.014996466226875782
,,,6528,,0.011864516884088516
,,,6529,,0.015235625207424164
,,,6530,,0.013986022211611271
,,,6531,,0.01603904366493225
,,,6532,,0.012413933873176575
,,,6533,,0.013963021337985992
,,,6534,,0.014956321567296982
,,,6535,,0.014562818221747875
,,,6536,,0.013572340831160545
,,,6537,,0.014375022612512112
,,,6538,,0.011714721098542213
,,,6539,,0.01230260357260704
,,,6540,,0.012361089698970318
,,,6541,,0.0164947547018528
,,,6542,,0.014001882635056973
,,,6543,,0.016348160803318024
,,,6544,,0.01428642775863409
,,,6545,,0.01696256920695305
,,,6546,,0.01564713567495346
,,,6547,,0.014495860785245895
,,,6548,,0.01355157420039177
,,,6549,,0.015542615205049515
,,,6550,,0.010773787274956703
,,,6551,,0.011684322729706764
,,,6552,,0.010301638394594193
,,,6553,,0.00983571819961071
,,,6554,,0.010472890920937061
,,,6555,,0.011533083394169807
,,,6556,,0.010227013379335403
,,,6557,,0.011235841549932957
,,,6558,,0.00969065260142088
,,,6559,,0.011117052286863327
,,,6560,,0.00932741817086935
,,,6561,,0.008569275960326195
,,,6562,,0.009608402848243713
,,,6563,,0.010478831827640533
,,,6564,,0.01107028592377901
,,,6565,,0.010521172545850277
,,,6566,,0.011545013636350632
,,,6567,,0.010878085158765316
,,,6568,,0.011147014796733856
,,,6569,,0.009984930045902729
,,,6570,,0.010090388357639313
,,,6571,,0.01136707328259945
,,,6572,,0.01006745733320713
,,,6573,,0.011320561170578003
,,,6574,,0.01312083937227726
,,,6575,,0.011737506836652756
,,,6576,,0.011857233941555023
,,,6577,,0.01088833250105381
,,,6578,,0.009571758098900318
,,,6579,,0.01005962211638689
,,,6580,,0.013760600239038467
,,,6581,,0.01160425879061222
,,,6582,,0.010069913230836391
,,,6583,,0.013698679395020008
,,,6584,,0.011093832552433014
,,,6585,,0.014082915149629116
,,,6586,,0.01098313182592392
,,,6587,,0.010353222489356995
,,,6588,,0.012040125206112862
,,,6589,,0.012039822526276112
,,,6590,,0.010400584898889065
,,,6591,,0.013051480054855347
,,,6592,,0.011379476636648178
,,,6593,,0.010951120406389236
,,,6594,,0.004578127525746822
,,,6595,,0.0034974138252437115
,,,6596,,0.0027758425567299128
,,,6597,,0.002929149428382516
,,,6598,,0.002514502964913845
,,,6599,,0.0024213658180087805
,,,6600,,0.0030798346269875765
,,,6601,,0.0027143359184265137
,,,6602,,0.003910139203071594
,,,6603,,0.0031005938071757555
,,,6604,,0.0030457479879260063
,,,6605,,0.003102615475654602
,,,6606,,0.003036780282855034
,,,6607,,0.014950238168239594
,,,6608,,0.02226363494992256
,,,6609,,0.016909625381231308
,,,6610,,0.014883756637573242
,,,6611,,0.006355423014611006
,,,6612,,0.05204909294843674
,,,6613,,0.011605806648731232
,,,6614,,0.04179036244750023
,,,6615,,0.017434606328606606
,,,6616,,0.020443283021450043
,,,6617,,0.028188131749629974
,,,6618,,0.029546141624450684
,,,6619,,0.029691796749830246
,,,6620,,0.03129786252975464
,,,6621,,0.025657083839178085
,,,6622,,0.04331352561712265
,,,6623,,0.0259384922683239
,,,6624,,0.10389365255832672
,,,6625,,0.08391767740249634
,,,6626,,0.07504960894584656
,,,6627,,0.07684326171875
,,,6628,,0.10760976374149323
,,,6629,,0.06693656742572784
,,,6630,,0.07163818180561066
,,,6631,,0.09346891194581985
,,,6632,,0.07134658843278885
,,,6633,,0.08643108606338501
,,,6634,,0.07287100702524185
,,,6635,,0.07660681754350662
,,,6636,,0.08689276874065399
,,,6637,,0.08424104005098343
,,,6638,,0.0827893391251564
,,,6639,,0.08059218525886536
,,,6640,,0.03970133140683174
28,,,2348,0.017236020416021347,
28,0.017062397673726082,,2348,,
29,,0.01608949340879917,2349,,
29,,0.016139084473252296,2359,,
29,,0.014800844714045525,2369,,
29,,0.018633831292390823,2379,,
29,,0.015657125040888786,2389,,
29,,0.011674546636641026,2399,,
29,,0.01635027676820755,2409,,
29,,0.018240217119455338,2419,,
29,,0.008261717855930328,2429,,
,,,6641,,0.0007290663197636604
,,,6642,,0.0007327546481974423
,,,6643,,0.0011113740038126707
,,,6644,,0.0007134478073567152
,,,6645,,0.0012542398180812597
,,,6646,,0.0006474921246990561
,,,6647,,0.0009219435742124915
,,,6648,,0.000620407285168767
,,,6649,,0.000899947714060545
,,,6650,,0.000642122351564467
,,,6651,,0.001170475734397769
,,,6652,,0.0012188076507300138
,,,6653,,0.0006548041710630059
,,,6654,,0.0007713019731454551
,,,6655,,0.0009478560532443225
,,,6656,,0.0006956687429919839
,,,6657,,0.0011679517338052392
,,,6658,,0.0011350347194820642
,,,6659,,0.0010116826742887497
,,,6660,,0.0014984598383307457
,,,6661,,0.0005871059256605804
,,,6662,,0.0005871184403076768
,,,6663,,0.000526892370544374
,,,6664,,0.0012590024853125215
,,,6665,,0.0010427110828459263
,,,6666,,0.000936678727157414
,,,6667,,0.0009169091936200857
,,,6668,,0.007412068545818329
,,,6669,,0.0197544414550066
,,,6670,,0.01744459941983223
,,,6671,,0.0164638664573431
,,,6672,,0.017984893172979355
,,,6673,,0.016720814630389214
,,,6674,,0.08233636617660522
,,,6675,,0.02708611637353897
,,,6676,,0.014733964577317238
,,,6677,,0.016459066420793533
,,,6678,,0.01143962237983942
,,,6679,,0.00735919363796711
,,,6680,,0.014932360500097275
,,,6681,,0.009741319343447685
,,,6682,,0.00846150889992714
,,,6683,,0.018750999122858047
,,,6684,,0.0164620503783226
,,,6685,,0.008739303797483444
,,,6686,,0.021986491978168488
,,,6687,,0.011947514489293098
,,,6688,,0.00480886735022068
,,,6689,,0.012749436311423779
,,,6690,,0.006832548417150974
,,,6691,,0.007944819517433643
,,,6692,,0.010707739740610123
,,,6693,,0.0037906025536358356
,,,6694,,0.00927793886512518
,,,6695,,0.011173334904015064
,,,6696,,0.019109409302473068
,,,6697,,0.019090712070465088
,,,6698,,0.010620668530464172
,,,6699,,0.014954665675759315
,,,6700,,0.010808758437633514
,,,6701,,0.013021932914853096
,,,6702,,0.011191511526703835
,,,6703,,0.010377291589975357
,,,6704,,0.013713210821151733
,,,6705,,0.012134037911891937
,,,6706,,0.006562989205121994
,,,6707,,0.009633420035243034
,,,6708,,0.018981359899044037
,,,6709,,0.011427478864789009
,,,6710,,0.0068977950140833855
,,,6711,,0.008367270231246948
,,,6712,,0.0009305108105763793
,,,6713,,0.0015763983828946948
,,,6714,,0.0013032981660217047
,,,6715,,0.0011612934758886695
,,,6716,,0.000944330939091742
,,,6717,,0.0009821534622460604
,,,6718,,0.0006624856032431126
,,,6719,,0.0011074331123381853
,,,6720,,0.0007550029549747705
,,,6721,,0.0011533561628311872
,,,6722,,0.0011605946347117424
,,,6723,,0.0009019290446303785
,,,6724,,0.0011014968622475863
,,,6725,,0.014900408685207367
,,,6726,,0.01814620941877365
,,,6727,,0.01733088679611683
,,,6728,,0.049482718110084534
,,,6729,,0.03608354553580284
,,,6730,,0.02892211638391018
,,,6731,,0.049208879470825195
,,,6732,,0.046487756073474884
,,,6733,,0.017020100727677345
,,,6734,,0.018349144607782364
,,,6735,,0.018912754952907562
,,,6736,,0.013396220281720161
,,,6737,,0.0158748347312212
,,,6738,,0.01844717562198639
,,,6739,,0.015242209658026695
,,,6740,,0.01547479722648859
,,,6741,,0.017010895535349846
,,,6742,,0.01512233167886734
,,,6743,,0.01380284782499075
,,,6744,,0.012757953256368637
,,,6745,,0.01784801483154297
,,,6746,,0.016400324180722237
,,,6747,,0.01855875924229622
,,,6748,,0.016665799543261528
,,,6749,,0.015730131417512894
,,,6750,,0.020859383046627045
,,,6751,,0.017949610948562622
,,,6752,,0.013477514497935772
,,,6753,,0.017927108332514763
,,,6754,,0.017579369246959686
,,,6755,,0.014456981793045998
,,,6756,,0.014620723202824593
,,,6757,,0.011481935158371925
,,,6758,,0.015002669766545296
,,,6759,,0.013670109212398529
,,,6760,,0.01562514528632164
,,,6761,,0.01211852952837944
,,,6762,,0.013648576103150845
,,,6763,,0.014394650235772133
,,,6764,,0.014198219403624535
,,,6765,,0.013229134492576122
,,,6766,,0.0137610649690032
,,,6767,,0.0115424869582057
,,,6768,,0.01185524184256792
,,,6769,,0.012036657892167568
,,,6770,,0.01609296351671219
,,,6771,,0.01364906132221222
,,,6772,,0.016039663925766945
,,,6773,,0.01381910964846611
,,,6774,,0.01624172180891037
,,,6775,,0.015302580781280994
,,,6776,,0.014048365876078606
,,,6777,,0.013193410821259022
,,,6778,,0.015007149428129196
,,,6779,,0.010620291344821453
,,,6780,,0.011641906574368477
,,,6781,,0.009784635156393051
,,,6782,,0.00955033116042614
,,,6783,,0.010307933203876019
,,,6784,,0.011292421258985996
,,,6785,,0.010574983432888985
,,,6786,,0.010860882699489594
,,,6787,,0.009627962484955788
,,,6788,,0.010893452912569046
,,,6789,,0.009285402484238148
,,,6790,,0.008184075355529785
,,,6791,,0.009618343785405159
,,,6792,,0.009992203675210476
,,,6793,,0.010882386937737465
,,,6794,,0.010314423590898514
,,,6795,,0.01173017080873251
,,,6796,,0.010962311178445816
,,,6797,,0.010866031982004642
,,,6798,,0.009771383367478848
,,,6799,,0.009799334220588207
,,,6800,,0.011433715932071209
,,,6801,,0.009894456714391708
,,,6802,,0.011145432479679585
,,,6803,,0.012833445332944393
,,,6804,,0.011512583121657372
,,,6805,,0.01168357115238905
,,,6806,,0.010680502280592918
,,,6807,,0.009395768865942955
,,,6808,,0.009894955903291702
,,,6809,,0.013494085520505905
,,,6810,,0.01137281209230423
,,,6811,,0.009938715025782585
,,,6812,,0.013490777462720871
,,,6813,,0.010882677510380745
,,,6814,,0.013790769502520561
,,,6815,,0.010814128443598747
,,,6816,,0.010171769186854362
,,,6817,,0.011848513036966324
,,,6818,,0.011768132448196411
,,,6819,,0.010221051052212715
,,,6820,,0.012798476032912731
,,,6821,,0.011274905875325203
,,,6822,,0.010820666328072548
,,,6823,,0.004888813942670822
,,,6824,,0.003910667262971401
,,,6825,,0.0032927519641816616
,,,6826,,0.003426221664994955
,,,6827,,0.003030851949006319
,,,6828,,0.002833473961800337
,,,6829,,0.0035427967086434364
,,,6830,,0.0031103091314435005
,,,6831,,0.0042677284218370914
,,,6832,,0.0034982911311089993
,,,6833,,0.00353018706664443
,,,6834,,0.003497826401144266
,,,6835,,0.0034309658221900463
,,,6836,,0.014244930818676949
,,,6837,,0.02213258296251297
,,,6838,,0.01595437526702881
,,,6839,,0.014431594870984554
,,,6840,,0.00619454775005579
,,,6841,,0.04867520183324814
,,,6842,,0.011109232902526855
,,,6843,,0.040107667446136475
,,,6844,,0.017623750492930412
,,,6845,,0.02067674696445465
,,,6846,,0.02683892473578453
,,,6847,,0.02742159366607666
,,,6848,,0.028588727116584778
,,,6849,,0.031035497784614563
,,,6850,,0.024816814810037613
,,,6851,,0.038494937121868134
,,,6852,,0.025472214445471764
,,,6853,,0.10333152860403061
,,,6854,,0.08228689432144165
,,,6855,,0.07387030124664307
,,,6856,,0.0764138251543045
,,,6857,,0.10547680407762527
,,,6858,,0.06653030216693878
,,,6859,,0.07074463367462158
,,,6860,,0.0908149853348732
,,,6861,,0.07006648927927017
,,,6862,,0.08543502539396286
,,,6863,,0.07101590931415558
,,,6864,,0.07591789960861206
,,,6865,,0.08602024614810944
,,,6866,,0.082978755235672
,,,6867,,0.08133329451084137
,,,6868,,0.07819029688835144
,,,6869,,0.039202068001031876
29,,,2429,0.016971714794635773,
29,0.016750242561101913,,2429,,
30,,0.008499051444232464,2439,,
30,,0.01565195806324482,2449,,
30,,0.020166942849755287,2459,,
30,,0.02816789783537388,2469,,
30,,0.011607919819653034,2479,,
30,,0.018127232789993286,2489,,
30,,0.017187386751174927,2499,,
30,,0.011553792282938957,2509,,
,,,6870,,0.0006327486480586231
,,,6871,,0.000550414901226759
,,,6872,,0.0010729592759162188
,,,6873,,0.0005928073660470545
,,,6874,,0.0011354282032698393
,,,6875,,0.0005795539473183453
,,,6876,,0.0009035636903718114
,,,6877,,0.0005108300829306245
,,,6878,,0.0007658062968403101
,,,6879,,0.0005394868785515428
,,,6880,,0.0011169725330546498
,,,6881,,0.0011842260137200356
,,,6882,,0.000559123931452632
,,,6883,,0.000707847997546196
,,,6884,,0.0009383780416101217
,,,6885,,0.0006210625870153308
,,,6886,,0.0011216849088668823
,,,6887,,0.0010773163521662354
,,,6888,,0.0008840728551149368
,,,6889,,0.0015441272407770157
,,,6890,,0.0005707183154299855
,,,6891,,0.000547558069229126
,,,6892,,0.00046144748921506107
,,,6893,,0.001290242187678814
,,,6894,,0.0010557378409430385
,,,6895,,0.0008744886144995689
,,,6896,,0.000902643776498735
,,,6897,,0.007001279853284359
,,,6898,,0.01934720203280449
,,,6899,,0.017030470073223114
,,,6900,,0.01603032276034355
,,,6901,,0.017640594393014908
,,,6902,,0.016343804076313972
,,,6903,,0.08148455619812012
,,,6904,,0.02660001441836357
,,,6905,,0.014342979528009892
,,,6906,,0.015931569039821625
,,,6907,,0.011085771955549717
,,,6908,,0.007068119011819363
,,,6909,,0.014505269005894661
,,,6910,,0.00927065871655941
,,,6911,,0.007875092327594757
,,,6912,,0.018054887652397156
,,,6913,,0.015750465914607048
,,,6914,,0.008177122101187706
,,,6915,,0.02126423642039299
,,,6916,,0.011300845071673393
,,,6917,,0.004158737603574991
,,,6918,,0.012280776165425777
,,,6919,,0.006416216026991606
,,,6920,,0.007302804850041866
,,,6921,,0.010131602175533772
,,,6922,,0.0033138487488031387
,,,6923,,0.008737115189433098
,,,6924,,0.010774996131658554
,,,6925,,0.01873215101659298
,,,6926,,0.018807146698236465
,,,6927,,0.010307962074875832
,,,6928,,0.014428285881876945
,,,6929,,0.010348048061132431
,,,6930,,0.012694094330072403
,,,6931,,0.010754073038697243
,,,6932,,0.009930016472935677
,,,6933,,0.01305870246142149
,,,6934,,0.011432399041950703
,,,6935,,0.006834459491074085
,,,6936,,0.009711637161672115
,,,6937,,0.018711451441049576
,,,6938,,0.011499862186610699
,,,6939,,0.007246760651469231
,,,6940,,0.007964549586176872
,,,6941,,0.0007442167261615396
,,,6942,,0.0013904129154980183
,,,6943,,0.0006632711738348007
,,,6944,,0.0007857816526666284
,,,6945,,0.0007080904906615615
,,,6946,,0.0008457121439278126
,,,6947,,0.0005753918085247278
,,,6948,,0.0005946327582933009
,,,6949,,0.0006071679526939988
,,,6950,,0.0009683463722467422
,,,6951,,0.0006883634487167001
,,,6952,,0.0014748669927939773
,,,6953,,0.0009592844289727509
,,,6954,,0.014313267543911934
,,,6955,,0.017403867095708847
,,,6956,,0.01712365448474884
,,,6957,,0.04997100681066513
,,,6958,,0.03694703429937363
,,,6959,,0.029396023601293564
,,,6960,,0.04792376980185509
,,,6961,,0.04496043920516968
,,,6962,,0.01706548035144806
,,,6963,,0.017912741750478745
,,,6964,,0.018500398844480515
,,,6965,,0.013191550970077515
,,,6966,,0.01558353565633297
,,,6967,,0.01788424327969551
,,,6968,,0.015029792673885822
,,,6969,,0.015254207886755466
,,,6970,,0.016828151419758797
,,,6971,,0.015123117715120316
,,,6972,,0.013745119795203209
,,,6973,,0.012374063953757286
,,,6974,,0.01770128682255745
,,,6975,,0.016207776963710785
,,,6976,,0.018122224137187004
,,,6977,,0.01620478928089142
,,,6978,,0.015248633921146393
,,,6979,,0.020235665142536163
,,,6980,,0.017529219388961792
,,,6981,,0.013156963512301445
,,,6982,,0.017412232235074043
,,,6983,,0.017226938158273697
,,,6984,,0.014057114720344543
,,,6985,,0.014196840114891529
,,,6986,,0.011439287103712559
,,,6987,,0.014954905956983566
,,,6988,,0.01364442054182291
,,,6989,,0.015703855082392693
,,,6990,,0.012172853574156761
,,,6991,,0.013723298907279968
,,,6992,,0.014712505973875523
,,,6993,,0.014316878281533718
,,,6994,,0.013418596237897873
,,,6995,,0.014100441709160805
,,,6996,,0.011543048545718193
,,,6997,,0.012094546109437943
,,,6998,,0.012129662558436394
,,,6999,,0.01612713374197483
,,,7000,,0.013701355084776878
,,,7001,,0.01594935730099678
,,,7002,,0.01395003404468298
,,,7003,,0.016703225672245026
,,,7004,,0.015315698459744453
,,,7005,,0.014258867129683495
,,,7006,,0.013336723670363426
,,,7007,,0.015259183943271637
,,,7008,,0.010511547327041626
,,,7009,,0.011233779601752758
,,,7010,,0.010023829527199268
,,,7011,,0.009517365135252476
,,,7012,,0.01016367319971323
,,,7013,,0.011127391830086708
,,,7014,,0.009939047507941723
,,,7015,,0.010758288204669952
,,,7016,,0.009322145953774452
,,,7017,,0.010607518255710602
,,,7018,,0.009137198328971863
,,,7019,,0.008273603394627571
,,,7020,,0.00933930091559887
,,,7021,,0.01001620665192604
,,,7022,,0.010623825713992119
,,,7023,,0.010184084996581078
,,,7024,,0.010890647768974304
,,,7025,,0.010475707240402699
,,,7026,,0.010787267237901688
,,,7027,,0.009597362019121647
,,,7028,,0.009632766246795654
,,,7029,,0.011086289770901203
,,,7030,,0.009760232642292976
,,,7031,,0.011018829420208931
,,,7032,,0.012581149116158485
,,,7033,,0.011362286284565926
,,,7034,,0.01156598050147295
,,,7035,,0.010545868426561356
,,,7036,,0.00936056673526764
,,,7037,,0.009779758751392365
,,,7038,,0.013287453912198544
,,,7039,,0.011283863335847855
,,,7040,,0.009824089705944061
,,,7041,,0.013309378176927567
,,,7042,,0.010770667344331741
,,,7043,,0.013554470613598824
,,,7044,,0.010613687336444855
,,,7045,,0.01004055980592966
,,,7046,,0.011651242151856422
,,,7047,,0.011586945503950119
,,,7048,,0.010073123499751091
,,,7049,,0.01255546510219574
,,,7050,,0.011109774932265282
,,,7051,,0.010579884052276611
,,,7052,,0.004674166440963745
,,,7053,,0.003501401748508215
,,,7054,,0.002659338526427746
,,,7055,,0.0029256539419293404
,,,7056,,0.0024769005831331015
,,,7057,,0.0024689489509910345
,,,7058,,0.002993874717503786
,,,7059,,0.0027255285531282425
,,,7060,,0.003868349827826023
,,,7061,,0.0032072297763079405
,,,7062,,0.00303506082855165
,,,7063,,0.003255813615396619
,,,7064,,0.0028642253018915653
,,,7065,,0.014905566349625587
,,,7066,,0.021791953593492508
,,,7067,,0.015796218067407608
,,,7068,,0.013634098693728447
,,,7069,,0.006387047935277224
,,,7070,,0.04897201061248779
,,,7071,,0.01136092096567154
,,,7072,,0.03881188482046127
,,,7073,,0.017704036086797714
,,,7074,,0.019251354038715363
,,,7075,,0.027147557586431503
,,,7076,,0.030686505138874054
,,,7077,,0.030673127621412277
,,,7078,,0.032683707773685455
,,,7079,,0.024619027972221375
,,,7080,,0.03913990408182144
,,,7081,,0.025738179683685303
,,,7082,,0.10189564526081085
,,,7083,,0.08150544762611389
,,,7084,,0.07353049516677856
,,,7085,,0.07473637163639069
,,,7086,,0.10478977859020233
,,,7087,,0.06522341072559357
,,,7088,,0.06973882764577866
,,,7089,,0.09054940938949585
,,,7090,,0.06892109662294388
,,,7091,,0.08467407524585724
,,,7092,,0.07106291502714157
,,,7093,,0.07416591048240662
,,,7094,,0.08482357114553452
,,,7095,,0.08231388032436371
,,,7096,,0.07982948422431946
,,,7097,,0.07760201394557953
,,,7098,,0.03733888640999794
30,,,2510,0.016733236610889435,
30,0.016277646645903587,,2510,,
31,,0.015630900859832764,2519,,
31,,0.01570119895040989,2529,,
31,,0.008817078545689583,2539,,
31,,0.014151403680443764,2549,,
31,,0.007957212626934052,2559,,
31,,0.013351543806493282,2569,,
31,,0.0243142731487751,2579,,
31,,0.012093497440218925,2589,,
,,,7099,,0.0006467141211032867
,,,7100,,0.0006743266712874174
,,,7101,,0.0009684370015747845
,,,7102,,0.0006538634188473225
,,,7103,,0.0013857403537258506
,,,7104,,0.0005457174847833812
,,,7105,,0.0007844761712476611
,,,7106,,0.0005503261927515268
,,,7107,,0.0009237185586243868
,,,7108,,0.0005350548890419304
,,,7109,,0.0010947355767711997
,,,7110,,0.0011111218482255936
,,,7111,,0.000539009808562696
,,,7112,,0.0007838341407477856
,,,7113,,0.0009598775068297982
,,,7114,,0.0006835726671852171
,,,7115,,0.0012300561647862196
,,,7116,,0.001114219892770052
,,,7117,,0.0010765858460217714
,,,7118,,0.0015364495338872075
,,,7119,,0.0006105589563958347
,,,7120,,0.0006213103188201785
,,,7121,,0.0005472101038321853
,,,7122,,0.0012758133234456182
,,,7123,,0.0010461045894771814
,,,7124,,0.0009662479860708117
,,,7125,,0.0009613023139536381
,,,7126,,0.006881006993353367
,,,7127,,0.01911637745797634
,,,7128,,0.016855459660291672
,,,7129,,0.015865445137023926
,,,7130,,0.017395876348018646
,,,7131,,0.016107752919197083
,,,7132,,0.0811598151922226
,,,7133,,0.026280533522367477
,,,7134,,0.014080545864999294
,,,7135,,0.01575143076479435
,,,7136,,0.010845154523849487
,,,7137,,0.006934046745300293
,,,7138,,0.014281472191214561
,,,7139,,0.009189581498503685
,,,7140,,0.007637763861566782
,,,7141,,0.017613261938095093
,,,7142,,0.015313806012272835
,,,7143,,0.007921839132905006
,,,7144,,0.020729713141918182
,,,7145,,0.01094100996851921
,,,7146,,0.00397257786244154
,,,7147,,0.011750005185604095
,,,7148,,0.006110434420406818
,,,7149,,0.007104527670890093
,,,7150,,0.00983569584786892
,,,7151,,0.00308037968352437
,,,7152,,0.008429955691099167
,,,7153,,0.011228207498788834
,,,7154,,0.018618334084749222
,,,7155,,0.018558263778686523
,,,7156,,0.010515274479985237
,,,7157,,0.014550881460309029
,,,7158,,0.010944398120045662
,,,7159,,0.012751825153827667
,,,7160,,0.011144300922751427
,,,7161,,0.010232214815914631
,,,7162,,0.013472318649291992
,,,7163,,0.012279752641916275
,,,7164,,0.006879893597215414
,,,7165,,0.010100566782057285
,,,7166,,0.018426770344376564
,,,7167,,0.01114621665328741
,,,7168,,0.0071075595915317535
,,,7169,,0.00837023090571165
,,,7170,,0.0007874965667724609
,,,7171,,0.001439115614630282
,,,7172,,0.0010857621673494577
,,,7173,,0.001078383531421423
,,,7174,,0.0008460474782623351
,,,7175,,0.0008413019240833819
,,,7176,,0.0005058703827671707
,,,7177,,0.0009398958063684404
,,,7178,,0.0006220780778676271
,,,7179,,0.00104884197935462
,,,7180,,0.0010801695752888918
,,,7181,,0.0007654745131731033
,,,7182,,0.0009043794125318527
,,,7183,,0.014263346791267395
,,,7184,,0.017385534942150116
,,,7185,,0.016465090215206146
,,,7186,,0.0470256581902504
,,,7187,,0.03432246297597885
,,,7188,,0.03022841177880764
,,,7189,,0.051380008459091187
,,,7190,,0.04914851114153862
,,,7191,,0.017291359603405
,,,7192,,0.017481952905654907
,,,7193,,0.018062710762023926
,,,7194,,0.01272125169634819
,,,7195,,0.015120483003556728
,,,7196,,0.017517177388072014
,,,7197,,0.014540271833539009
,,,7198,,0.01469267439097166
,,,7199,,0.016289355233311653
,,,7200,,0.014512261375784874
,,,7201,,0.013181222602725029
,,,7202,,0.012138217687606812
,,,7203,,0.017001941800117493
,,,7204,,0.015657130628824234
,,,7205,,0.017586566507816315
,,,7206,,0.015835322439670563
,,,7207,,0.014978593215346336
,,,7208,,0.019873052835464478
,,,7209,,0.016997676342725754
,,,7210,,0.0128696383908391
,,,7211,,0.016967330127954483
,,,7212,,0.01681097224354744
,,,7213,,0.014288356527686119
,,,7214,,0.014416154474020004
,,,7215,,0.011297485791146755
,,,7216,,0.014623796567320824
,,,7217,,0.013425900600850582
,,,7218,,0.015422082506120205
,,,7219,,0.012016478925943375
,,,7220,,0.013449247926473618
,,,7221,,0.01412513479590416
,,,7222,,0.013930666260421276
,,,7223,,0.013064924627542496
,,,7224,,0.013561785221099854
,,,7225,,0.011495760641992092
,,,7226,,0.011750140227377415
,,,7227,,0.01191200315952301
,,,7228,,0.01587076671421528
,,,7229,,0.013389306142926216
,,,7230,,0.015699297189712524
,,,7231,,0.01361415721476078
,,,7232,,0.01605350151658058
,,,7233,,0.01511111855506897
,,,7234,,0.013874218799173832
,,,7235,,0.013059278950095177
,,,7236,,0.01478820201009512
,,,7237,,0.010409016162157059
,,,7238,,0.011505357921123505
,,,7239,,0.009582854807376862
,,,7240,,0.009372913278639317
,,,7241,,0.010180311277508736
,,,7242,,0.011138416826725006
,,,7243,,0.010411277413368225
,,,7244,,0.01074434258043766
,,,7245,,0.009572231210768223
,,,7246,,0.010637820698320866
,,,7247,,0.009000500664114952
,,,7248,,0.008112242445349693
,,,7249,,0.009566625580191612
,,,7250,,0.009904169477522373
,,,7251,,0.010751983150839806
,,,7252,,0.01020999625325203
,,,7253,,0.01175600104033947
,,,7254,,0.010717544704675674
,,,7255,,0.010659315623342991
,,,7256,,0.009517420083284378
,,,7257,,0.009755338542163372
,,,7258,,0.01131344586610794
,,,7259,,0.009632342495024204
,,,7260,,0.01084569375962019
,,,7261,,0.012477361597120762
,,,7262,,0.011162891052663326
,,,7263,,0.011374618858098984
,,,7264,,0.010404419153928757
,,,7265,,0.009143047034740448
,,,7266,,0.009613939560949802
,,,7267,,0.013180055655539036
,,,7268,,0.011005813255906105
,,,7269,,0.00964418426156044
,,,7270,,0.013138068839907646
,,,7271,,0.010569693520665169
,,,7272,,0.013473017141222954
,,,7273,,0.010506860911846161
,,,7274,,0.00987937394529581
,,,7275,,0.011581279337406158
,,,7276,,0.011455604806542397
,,,7277,,0.0099165765568614
,,,7278,,0.012426646426320076
,,,7279,,0.010929908603429794
,,,7280,,0.01047515869140625
,,,7281,,0.004790010862052441
,,,7282,,0.003518928773701191
,,,7283,,0.0026274933479726315
,,,7284,,0.0029588586185127497
,,,7285,,0.002402165438979864
,,,7286,,0.002417637500911951
,,,7287,,0.003003164194524288
,,,7288,,0.00274493545293808
,,,7289,,0.0039798179641366005
,,,7290,,0.0032068106811493635
,,,7291,,0.0030566263012588024
,,,7292,,0.0031636334024369717
,,,7293,,0.0029258658178150654
,,,7294,,0.013201596215367317
,,,7295,,0.02143201418220997
,,,7296,,0.01492079347372055
,,,7297,,0.013553042896091938
,,,7298,,0.005526941269636154
,,,7299,,0.04905489459633827
,,,7300,,0.010747291147708893
,,,7301,,0.03717970848083496
,,,7302,,0.017072362825274467
,,,7303,,0.01903633028268814
,,,7304,,0.027439137920737267
,,,7305,,0.02724461816251278
,,,7306,,0.027701042592525482
,,,7307,,0.030366281047463417
,,,7308,,0.025242658331990242
,,,7309,,0.0389968603849411
,,,7310,,0.02451787330210209
,,,7311,,0.10137664526700974
,,,7312,,0.08037297427654266
,,,7313,,0.07173606008291245
,,,7314,,0.07364388555288315
,,,7315,,0.10278315842151642
,,,7316,,0.06482239812612534
,,,7317,,0.06916876882314682
,,,7318,,0.08958429843187332
,,,7319,,0.06755886226892471
,,,7320,,0.08390338718891144
,,,7321,,0.06992407143115997
,,,7322,,0.07312675565481186
,,,7323,,0.08399537205696106
,,,7324,,0.0809263214468956
,,,7325,,0.07900436222553253
,,,7326,,0.07580786198377609
,,,7327,,0.0372234582901001
31,,,2591,0.01650824584066868,
31,0.015764087438583374,,2591,,
32,,0.018601497635245323,2599,,
32,,0.01412665843963623,2609,,
32,,0.00909268856048584,2619,,
32,,0.013341731391847134,2629,,
32,,0.013148168101906776,2639,,
32,,0.012469944544136524,2649,,
32,,0.017445260658860207,2659,,
32,,0.010876808315515518,2669,,
,,,7328,,0.0006279174704104662
,,,7329,,0.0005528404144570231
,,,7330,,0.0009381230338476598
,,,7331,,0.0006162765785120428
,,,7332,,0.0012900227447971702
,,,7333,,0.0005362132797017694
,,,7334,,0.0007974656764417887
,,,7335,,0.0005273436545394361
,,,7336,,0.0008568719495087862
,,,7337,,0.0005131970974616706
,,,7338,,0.0010628537274897099
,,,7339,,0.001045962329953909
,,,7340,,0.0005403898539952934
,,,7341,,0.0007337753195315599
,,,7342,,0.0009109334787353873
,,,7343,,0.0006149911787360907
,,,7344,,0.0011081189149990678
,,,7345,,0.0010494559537619352
,,,7346,,0.0009862793376669288
,,,7347,,0.0014262147014960647
,,,7348,,0.0005361678777262568
,,,7349,,0.000512331782374531
,,,7350,,0.0004540656809695065
,,,7351,,0.0012204910162836313
,,,7352,,0.0010220212861895561
,,,7353,,0.0008732924470677972
,,,7354,,0.0008722490747459233
,,,7355,,0.006957166828215122
,,,7356,,0.019166646525263786
,,,7357,,0.01682967133820057
,,,7358,,0.015858257189393044
,,,7359,,0.017478957772254944
,,,7360,,0.0161454938352108
,,,7361,,0.08107629418373108
,,,7362,,0.026294052600860596
,,,7363,,0.0141200702637434
,,,7364,,0.01579977013170719
,,,7365,,0.011007431894540787
,,,7366,,0.0069602783769369125
,,,7367,,0.014388209208846092
,,,7368,,0.009173238649964333
,,,7369,,0.007551917806267738
,,,7370,,0.017482127994298935
,,,7371,,0.015281369909644127
,,,7372,,0.007909703999757767
,,,7373,,0.02057233825325966
,,,7374,,0.01085265725851059
,,,7375,,0.003986041527241468
,,,7376,,0.011708823963999748
,,,7377,,0.006138687953352928
,,,7378,,0.007143201306462288
,,,7379,,0.009803976863622665
,,,7380,,0.0031928643584251404
,,,7381,,0.008434068411588669
,,,7382,,0.010318506509065628
,,,7383,,0.017645832151174545
,,,7384,,0.017707012593746185
,,,7385,,0.009560337290167809
,,,7386,,0.01351219043135643
,,,7387,,0.009736395440995693
,,,7388,,0.011878829449415207
,,,7389,,0.010027137584984303
,,,7390,,0.009262803941965103
,,,7391,,0.012543683871626854
,,,7392,,0.010948392562568188
,,,7393,,0.006157279945909977
,,,7394,,0.009346399456262589
,,,7395,,0.017592232674360275
,,,7396,,0.01070405449718237
,,,7397,,0.006392855197191238
,,,7398,,0.007615343667566776
,,,7399,,0.000811485224403441
,,,7400,,0.0014346111565828323
,,,7401,,0.0005908014718443155
,,,7402,,0.0008228718070313334
,,,7403,,0.0007717196713201702
,,,7404,,0.0009133793646469712
,,,7405,,0.0006600142805837095
,,,7406,,0.0005430497694760561
,,,7407,,0.0006668007699772716
,,,7408,,0.000990861444734037
,,,7409,,0.0006880873115733266
,,,7410,,0.001735484809614718
,,,7411,,0.001046207849867642
,,,7412,,0.01395697146654129
,,,7413,,0.0168779194355011
,,,7414,,0.016563810408115387
,,,7415,,0.04763900116086006
,,,7416,,0.03518019989132881
,,,7417,,0.028054427355527878
,,,7418,,0.046236470341682434
,,,7419,,0.04382576048374176
,,,7420,,0.016013529151678085
,,,7421,,0.01695106364786625
,,,7422,,0.017447732388973236
,,,7423,,0.012373778969049454
,,,7424,,0.014740156009793282
,,,7425,,0.01696738973259926
,,,7426,,0.014094062149524689
,,,7427,,0.014396071434020996
,,,7428,,0.01589995250105858
,,,7429,,0.01431954838335514
,,,7430,,0.012758983299136162
,,,7431,,0.011741197668015957
,,,7432,,0.016612710431218147
,,,7433,,0.015383969992399216
,,,7434,,0.017189839854836464
,,,7435,,0.015411034226417542
,,,7436,,0.014464503154158592
,,,7437,,0.019318222999572754
,,,7438,,0.0166108887642622
,,,7439,,0.012480217963457108
,,,7440,,0.016544584184885025
,,,7441,,0.0164993517100811
,,,7442,,0.013915039598941803
,,,7443,,0.014103710651397705
,,,7444,,0.011065005324780941
,,,7445,,0.014128467068076134
,,,7446,,0.012913046404719353
,,,7447,,0.014920974150300026
,,,7448,,0.011561654508113861
,,,7449,,0.012962155044078827
,,,7450,,0.013840003870427608
,,,7451,,0.013446234166622162
,,,7452,,0.012701584957540035
,,,7453,,0.013306764885783195
,,,7454,,0.010889025405049324
,,,7455,,0.011317020282149315
,,,7456,,0.011496376246213913
,,,7457,,0.0153465885668993
,,,7458,,0.013054180890321732
,,,7459,,0.015184316784143448
,,,7460,,0.01321770902723074
,,,7461,,0.015647772699594498
,,,7462,,0.014499502256512642
,,,7463,,0.013470873236656189
,,,7464,,0.012573977001011372
,,,7465,,0.014385376125574112
,,,7466,,0.009891320019960403
,,,7467,,0.010615134611725807
,,,7468,,0.009261468425393105
,,,7469,,0.00887344405055046
,,,7470,,0.009461196139454842
,,,7471,,0.010533404536545277
,,,7472,,0.009387350641191006
,,,7473,,0.0101814279332757
,,,7474,,0.008846317417919636
,,,7475,,0.009870938956737518
,,,7476,,0.008389221504330635
,,,7477,,0.007787988521158695
,,,7478,,0.008794141933321953
,,,7479,,0.009513001888990402
,,,7480,,0.010058700107038021
,,,7481,,0.00951298512518406
,,,7482,,0.01052316464483738
,,,7483,,0.009950014762580395
,,,7484,,0.01016296911984682
,,,7485,,0.009034175425767899
,,,7486,,0.009149082005023956
,,,7487,,0.01040801964700222
,,,7488,,0.009393598884344101
,,,7489,,0.01064059603959322
,,,7490,,0.012223826721310616
,,,7491,,0.010991494171321392
,,,7492,,0.011213741265237331
,,,7493,,0.010229595005512238
,,,7494,,0.009016497991979122
,,,7495,,0.009457439184188843
,,,7496,,0.012914447113871574
,,,7497,,0.010915670543909073
,,,7498,,0.009465405717492104
,,,7499,,0.013001411221921444
,,,7500,,0.010465294122695923
,,,7501,,0.013093329966068268
,,,7502,,0.010333950631320477
,,,7503,,0.009736442938446999
,,,7504,,0.011333916336297989
,,,7505,,0.011217281222343445
,,,7506,,0.009734641760587692
,,,7507,,0.012227213941514492
,,,7508,,0.010745848529040813
,,,7509,,0.010216981172561646
,,,7510,,0.004332808777689934
,,,7511,,0.0032796375453472137
,,,7512,,0.0025303803849965334
,,,7513,,0.002713778056204319
,,,7514,,0.00239830045029521
,,,7515,,0.002310703741386533
,,,7516,,0.002861171029508114
,,,7517,,0.002565154805779457
,,,7518,,0.0036544466856867075
,,,7519,,0.002920769853517413
,,,7520,,0.0028410740196704865
,,,7521,,0.0031236964277923107
,,,7522,,0.002740217372775078
,,,7523,,0.013491760939359665
,,,7524,,0.020109284669160843
,,,7525,,0.014986573718488216
,,,7526,,0.013190582394599915
,,,7527,,0.0056955767795443535
,,,7528,,0.04729696363210678
,,,7529,,0.010411172173917294
,,,7530,,0.03719685226678848
,,,7531,,0.016606848686933517
,,,7532,,0.018522119149565697
,,,7533,,0.024016350507736206
,,,7534,,0.02684194967150688
,,,7535,,0.02896098792552948
,,,7536,,0.029408084228634834
,,,7537,,0.022966677322983742
,,,7538,,0.037781938910484314
,,,7539,,0.024969132617115974
,,,7540,,0.09923158586025238
,,,7541,,0.08008645474910736
,,,7542,,0.07042095065116882
,,,7543,,0.07234233617782593
,,,7544,,0.1020592749118805
,,,7545,,0.0636739432811737
,,,7546,,0.06757968664169312
,,,7547,,0.08756592869758606
,,,7548,,0.06644517183303833
,,,7549,,0.08186983317136765
,,,7550,,0.06890657544136047
,,,7551,,0.0722745954990387
,,,7552,,0.08285004645586014
,,,7553,,0.08000704646110535
,,,7554,,0.07840541005134583
,,,7555,,0.07560082525014877
,,,7556,,0.036253951489925385
32,,,2672,0.016070201992988586,
32,0.015671197324991226,,2672,,
33,,0.009556828066706657,2679,,
33,,0.01685965247452259,2689,,
33,,0.016546813771128654,2699,,
33,,0.00854257307946682,2709,,
33,,0.00833139568567276,2719,,
33,,0.014322713017463684,2729,,
33,,0.018111715093255043,2739,,
33,,0.01732027903199196,2749,,
,,,7557,,0.00063939462415874
,,,7558,,0.0005771813448518515
,,,7559,,0.0009891930967569351
,,,7560,,0.0006417389959096909
,,,7561,,0.001313429675064981
,,,7562,,0.0005906112492084503
,,,7563,,0.0008788067498244345
,,,7564,,0.0005461589898914099
,,,7565,,0.0008852685568854213
,,,7566,,0.0005490222247317433
,,,7567,,0.0011370201827958226
,,,7568,,0.0011258202139288187
,,,7569,,0.0005609793588519096
,,,7570,,0.0007174888160079718
,,,7571,,0.0009139154572039843
,,,7572,,0.0006325544090941548
,,,7573,,0.0011422601528465748
,,,7574,,0.001054407563060522
,,,7575,,0.0010514433961361647
,,,7576,,0.0014280960895121098
,,,7577,,0.0005352192674763501
,,,7578,,0.0005285203224048018
,,,7579,,0.0004821050097234547
,,,7580,,0.0012141958577558398
,,,7581,,0.0010109595023095608
,,,7582,,0.0008563259616494179
,,,7583,,0.0009054692927747965
,,,7584,,0.006710145156830549
,,,7585,,0.01888655312359333
,,,7586,,0.016524741426110268
,,,7587,,0.015618250705301762
,,,7588,,0.017192386090755463
,,,7589,,0.015909165143966675
,,,7590,,0.08045990765094757
,,,7591,,0.02598237618803978
,,,7592,,0.013847678899765015
,,,7593,,0.015523534268140793
,,,7594,,0.010705034248530865
,,,7595,,0.0068032159470021725
,,,7596,,0.014047089032828808
,,,7597,,0.009003402665257454
,,,7598,,0.007482909131795168
,,,7599,,0.017291706055402756
,,,7600,,0.01504470594227314
,,,7601,,0.00790480338037014
,,,7602,,0.020303234457969666
,,,7603,,0.010744566097855568
,,,7604,,0.0039061615243554115
,,,7605,,0.011478831991553307
,,,7606,,0.006034715101122856
,,,7607,,0.007045092061161995
,,,7608,,0.009709997102618217
,,,7609,,0.003094905987381935
,,,7610,,0.008279038593173027
,,,7611,,0.009876560419797897
,,,7612,,0.01773485727608204
,,,7613,,0.01754928007721901
,,,7614,,0.009396894834935665
,,,7615,,0.013463089242577553
,,,7616,,0.009519717656075954
,,,7617,,0.011664660647511482
,,,7618,,0.009918369352817535
,,,7619,,0.009085724130272865
,,,7620,,0.012155134230852127
,,,7621,,0.010546935722231865
,,,7622,,0.006086786277592182
,,,7623,,0.008758348412811756
,,,7624,,0.017451107501983643
,,,7625,,0.010639162734150887
,,,7626,,0.006409871391952038
,,,7627,,0.007571275345981121
,,,7628,,0.0008519615512341261
,,,7629,,0.0015185177326202393
,,,7630,,0.0007941736257635057
,,,7631,,0.0009862168226391077
,,,7632,,0.0008627207716926932
,,,7633,,0.0009711786988191307
,,,7634,,0.0006790667539462447
,,,7635,,0.0007235485245473683
,,,7636,,0.0007428301032632589
,,,7637,,0.001069041434675455
,,,7638,,0.0008710541296750307
,,,7639,,0.0014829551801085472
,,,7640,,0.001071177888661623
,,,7641,,0.013555683195590973
,,,7642,,0.01637367159128189
,,,7643,,0.01558250468224287
,,,7644,,0.044263169169425964
,,,7645,,0.03180267661809921
,,,7646,,0.02647479623556137
,,,7647,,0.04680154472589493
,,,7648,,0.04336598888039589
,,,7649,,0.01575472019612789
,,,7650,,0.016549518331885338
,,,7651,,0.017056521028280258
,,,7652,,0.012144988402724266
,,,7653,,0.014424139633774757
,,,7654,,0.016660280525684357
,,,7655,,0.01381438598036766
,,,7656,,0.014037467539310455
,,,7657,,0.015512731857597828
,,,7658,,0.01390133984386921
,,,7659,,0.012461257167160511
,,,7660,,0.011477390304207802
,,,7661,,0.01621905341744423
,,,7662,,0.014874720945954323
,,,7663,,0.016785480082035065
,,,7664,,0.015022533014416695
,,,7665,,0.014181108213961124
,,,7666,,0.01890593394637108
,,,7667,,0.016202609986066818
,,,7668,,0.012176422402262688
,,,7669,,0.016100458800792694
,,,7670,,0.01617543213069439
,,,7671,,0.013485485687851906
,,,7672,,0.013634317554533482
,,,7673,,0.01078022364526987
,,,7674,,0.013896534219384193
,,,7675,,0.012785525992512703
,,,7676,,0.0146489841863513
,,,7677,,0.011437241919338703
,,,7678,,0.012819420546293259
,,,7679,,0.013497311621904373
,,,7680,,0.01324040349572897
,,,7681,,0.012430038303136826
,,,7682,,0.013024630025029182
,,,7683,,0.010879609733819962
,,,7684,,0.011151524260640144
,,,7685,,0.011298242956399918
,,,7686,,0.015093180350959301
,,,7687,,0.012777216732501984
,,,7688,,0.015003994107246399
,,,7689,,0.013059236109256744
,,,7690,,0.015339449979364872
,,,7691,,0.014321447350084782
,,,7692,,0.013271292671561241
,,,7693,,0.012398065999150276
,,,7694,,0.014147733338177204
,,,7695,,0.009807709604501724
,,,7696,,0.01059814728796482
,,,7697,,0.009018803015351295
,,,7698,,0.008711276575922966
,,,7699,,0.009384095668792725
,,,7700,,0.010394494980573654
,,,7701,,0.00944818090647459
,,,7702,,0.010076776146888733
,,,7703,,0.008806945756077766
,,,7704,,0.009844405576586723
,,,7705,,0.008334461599588394
,,,7706,,0.007572702132165432
,,,7707,,0.008705624379217625
,,,7708,,0.009256028570234776
,,,7709,,0.009992830455303192
,,,7710,,0.009435995481908321
,,,7711,,0.010669564828276634
,,,7712,,0.009867072105407715
,,,7713,,0.009942164644598961
,,,7714,,0.008860637433826923
,,,7715,,0.00906107947230339
,,,7716,,0.010379595682024956
,,,7717,,0.009239371865987778
,,,7718,,0.010363027453422546
,,,7719,,0.011876494623720646
,,,7720,,0.010700307786464691
,,,7721,,0.010943498462438583
,,,7722,,0.009978532791137695
,,,7723,,0.008762362413108349
,,,7724,,0.009214406833052635
,,,7725,,0.012561642564833164
,,,7726,,0.010600775480270386
,,,7727,,0.00922514870762825
,,,7728,,0.012625716626644135
,,,7729,,0.010115321725606918
,,,7730,,0.012812082655727863
,,,7731,,0.010021933354437351
,,,7732,,0.009451182559132576
,,,7733,,0.011069290339946747
,,,7734,,0.010948285460472107
,,,7735,,0.00946718268096447
,,,7736,,0.011920006014406681
,,,7737,,0.010468125343322754
,,,7738,,0.009961597621440887
,,,7739,,0.004240198060870171
,,,7740,,0.0032530988100916147
,,,7741,,0.0026302810292690992
,,,7742,,0.0027516833506524563
,,,7743,,0.0025298860855400562
,,,7744,,0.0024201793130487204
,,,7745,,0.003001942066475749
,,,7746,,0.0026328940875828266
,,,7747,,0.003629750804975629
,,,7748,,0.0029205975588411093
,,,7749,,0.0029082305263727903
,,,7750,,0.0032045291736721992
,,,7751,,0.002879475709050894
,,,7752,,0.012477370910346508
,,,7753,,0.01906171441078186
,,,7754,,0.013982637785375118
,,,7755,,0.012958377599716187
,,,7756,,0.005402842536568642
,,,7757,,0.046870991587638855
,,,7758,,0.010153274051845074
,,,7759,,0.034033965319395065
,,,7760,,0.01624191552400589
,,,7761,,0.0176081620156765
,,,7762,,0.024919815361499786
,,,7763,,0.025787342339754105
,,,7764,,0.027607571333646774
,,,7765,,0.02817806787788868
,,,7766,,0.022474154829978943
,,,7767,,0.03586782515048981
,,,7768,,0.024041615426540375
,,,7769,,0.0987740233540535
,,,7770,,0.07897864282131195
,,,7771,,0.06889291852712631
,,,7772,,0.07141896337270737
,,,7773,,0.10064529627561569
,,,7774,,0.0627206414937973
,,,7775,,0.06807516515254974
,,,7776,,0.08567513525485992
,,,7777,,0.06548890471458435
,,,7778,,0.0805739238858223
,,,7779,,0.06807523965835571
,,,7780,,0.07160967588424683
,,,7781,,0.08083176612854004
,,,7782,,0.07864537090063095
,,,7783,,0.076604925096035
,,,7784,,0.07361593842506409
,,,7785,,0.03687089681625366
33,,,2753,0.015756163746118546,
33,0.015421603806316853,,2753,,
34,,0.021132398396730423,2759,,
34,,0.018904894590377808,2769,,
34,,0.010494492948055267,2779,,
34,,0.01781349629163742,2789,,
34,,0.016386771574616432,2799,,
34,,0.013719841837882996,2809,,
34,,0.007668415084481239,2819,,
34,,0.01705428957939148,2829,,
,,,7786,,0.0004532492603175342
,,,7787,,0.0003929187369067222
,,,7788,,0.0008127306355163455
,,,7789,,0.00039260071935132146
,,,7790,,0.0009846268221735954
,,,7791,,0.0003735770005732775
,,,7792,,0.0006216567126102746
,,,7793,,0.0003412351943552494
,,,7794,,0.000589097267948091
,,,7795,,0.0003704161790665239
,,,7796,,0.0008634530240669847
,,,7797,,0.0009338174713775516
,,,7798,,0.0003705935669131577
,,,7799,,0.0005329010309651494
,,,7800,,0.0007714089006185532
,,,7801,,0.00044626861927099526
,,,7802,,0.0009490686934441328
,,,7803,,0.000901143706869334
,,,7804,,0.0007296590483747423
,,,7805,,0.0013743002200499177
,,,7806,,0.0004074170719832182
,,,7807,,0.00037019437877461314
,,,7808,,0.00030103849712759256
,,,7809,,0.001102944603189826
,,,7810,,0.0008823240641504526
,,,7811,,0.0006958761950954795
,,,7812,,0.0007143054390326142
,,,7813,,0.006553893908858299
,,,7814,,0.018649829551577568
,,,7815,,0.016287848353385925
,,,7816,,0.015391044318675995
,,,7817,,0.016977936029434204
,,,7818,,0.015620877966284752
,,,7819,,0.08032602816820145
,,,7820,,0.02568160742521286
,,,7821,,0.013591817580163479
,,,7822,,0.015318441204726696
,,,7823,,0.010555894114077091
,,,7824,,0.006581798195838928
,,,7825,,0.013877907767891884
,,,7826,,0.008821729570627213
,,,7827,,0.007281663827598095
,,,7828,,0.017054077237844467
,,,7829,,0.014929046854376793
,,,7830,,0.007662687450647354
,,,7831,,0.020060516893863678
,,,7832,,0.010481908917427063
,,,7833,,0.00375756504945457
,,,7834,,0.011303523555397987
,,,7835,,0.005819626152515411
,,,7836,,0.006899981759488583
,,,7837,,0.009535903111100197
,,,7838,,0.0029948707669973373
,,,7839,,0.008111979812383652
,,,7840,,0.010190929286181927
,,,7841,,0.017106998711824417
,,,7842,,0.01717236638069153
,,,7843,,0.008968179114162922
,,,7844,,0.012889217585325241
,,,7845,,0.0089394710958004
,,,7846,,0.011198615655303001
,,,7847,,0.00920913927257061
,,,7848,,0.008437254466116428
,,,7849,,0.011618945747613907
,,,7850,,0.010050920769572258
,,,7851,,0.005538842175155878
,,,7852,,0.008795656263828278
,,,7853,,0.016985520720481873
,,,7854,,0.009877069853246212
,,,7855,,0.005853140261024237
,,,7856,,0.007170444820076227
,,,7857,,0.0006261563394218683
,,,7858,,0.0012146804947406054
,,,7859,,0.0005362106021493673
,,,7860,,0.0006814897060394287
,,,7861,,0.0006009340286254883
,,,7862,,0.000724531477317214
,,,7863,,0.0004929748247377574
,,,7864,,0.0005136008257977664
,,,7865,,0.0005298266187310219
,,,7866,,0.0008583076414652169
,,,7867,,0.0006123480852693319
,,,7868,,0.0013393359258770943
,,,7869,,0.00082760164514184
,,,7870,,0.013206924311816692
,,,7871,,0.016119826585054398
,,,7872,,0.015148659236729145
,,,7873,,0.044001780450344086
,,,7874,,0.03157719224691391
,,,7875,,0.026519309729337692
,,,7876,,0.045311205089092255
,,,7877,,0.042701564729213715
,,,7878,,0.015362109988927841
,,,7879,,0.01627231016755104
,,,7880,,0.016801675781607628
,,,7881,,0.011841956526041031
,,,7882,,0.01411069743335247
,,,7883,,0.016349881887435913
,,,7884,,0.013533646240830421
,,,7885,,0.013698892667889595
,,,7886,,0.01520284079015255
,,,7887,,0.013486448675394058
,,,7888,,0.012168962508440018
,,,7889,,0.011247080750763416
,,,7890,,0.015755748376250267
,,,7891,,0.014578026719391346
,,,7892,,0.01637033000588417
,,,7893,,0.014768162742257118
,,,7894,,0.013872409239411354
,,,7895,,0.018605679273605347
,,,7896,,0.015840431675314903
,,,7897,,0.011913113296031952
,,,7898,,0.01582581177353859
,,,7899,,0.01578155718743801
,,,7900,,0.013548891991376877
,,,7901,,0.01360023207962513
,,,7902,,0.010610237717628479
,,,7903,,0.013441890478134155
,,,7904,,0.01240217499434948
,,,7905,,0.014273067936301231
,,,7906,,0.011060379445552826
,,,7907,,0.012441757135093212
,,,7908,,0.01308022253215313
,,,7909,,0.012927884235978127
,,,7910,,0.012100007385015488
,,,7911,,0.012529637664556503
,,,7912,,0.010512394830584526
,,,7913,,0.010779794305562973
,,,7914,,0.010940926149487495
,,,7915,,0.014681501314043999
,,,7916,,0.012377115897834301
,,,7917,,0.014574969187378883
,,,7918,,0.0126156872138381
,,,7919,,0.014922872185707092
,,,7920,,0.013922296464443207
,,,7921,,0.012875404208898544
,,,7922,,0.0120173878967762
,,,7923,,0.013668986037373543
,,,7924,,0.009439894929528236
,,,7925,,0.010316181927919388
,,,7926,,0.008759966120123863
,,,7927,,0.008554333820939064
,,,7928,,0.00911802239716053
,,,7929,,0.010151469148695469
,,,7930,,0.009152512066066265
,,,7931,,0.009563763625919819
,,,7932,,0.008595544844865799
,,,7933,,0.009619878605008125
,,,7934,,0.008036745712161064
,,,7935,,0.007365427911281586
,,,7936,,0.008503502234816551
,,,7937,,0.008969460614025593
,,,7938,,0.009568549692630768
,,,7939,,0.009158050641417503
,,,7940,,0.010297020897269249
,,,7941,,0.009645506739616394
,,,7942,,0.009733900427818298
,,,7943,,0.008543888106942177
,,,7944,,0.008679238148033619
,,,7945,,0.010127879679203033
,,,7946,,0.009155511856079102
,,,7947,,0.010232565924525261
,,,7948,,0.011780019849538803
,,,7949,,0.010557496920228004
,,,7950,,0.010809637606143951
,,,7951,,0.00986423995345831
,,,7952,,0.00861374195665121
,,,7953,,0.009122032672166824
,,,7954,,0.01236072089523077
,,,7955,,0.010447638109326363
,,,7956,,0.009128824807703495
,,,7957,,0.012469111010432243
,,,7958,,0.009920097887516022
,,,7959,,0.012780139222741127
,,,7960,,0.009931202977895737
,,,7961,,0.009382416494190693
,,,7962,,0.0108872689306736
,,,7963,,0.01081966981291771
,,,7964,,0.009383536875247955
,,,7965,,0.011789029464125633
,,,7966,,0.010349315591156483
,,,7967,,0.009811527095735073
,,,7968,,0.004467243328690529
,,,7969,,0.00333441817201674
,,,7970,,0.0023858167696744204
,,,7971,,0.0026793337892740965
,,,7972,,0.0021931338123977184
,,,7973,,0.002208980731666088
,,,7974,,0.002750988584011793
,,,7975,,0.0024488745257258415
,,,7976,,0.003646320663392544
,,,7977,,0.0029710428789258003
,,,7978,,0.0028321919962763786
,,,7979,,0.0029284062329679728
,,,7980,,0.002644358202815056
,,,7981,,0.01288418099284172
,,,7982,,0.01868835650384426
,,,7983,,0.013378486968576908
,,,7984,,0.01226087287068367
,,,7985,,0.005261285696178675
,,,7986,,0.043887071311473846
,,,7987,,0.009877625852823257
,,,7988,,0.035265255719423294
,,,7989,,0.015088890679180622
,,,7990,,0.017293857410550117
,,,7991,,0.023513393476605415
,,,7992,,0.024693649262189865
,,,7993,,0.02587488479912281
,,,7994,,0.02749936655163765
,,,7995,,0.02278238534927368
,,,7996,,0.035735197365283966
,,,7997,,0.023649893701076508
,,,7998,,0.0981764942407608
,,,7999,,0.0792347714304924
,,,8000,,0.06967514008283615
,,,8001,,0.07177214324474335
,,,8002,,0.10028354078531265
,,,8003,,0.062432967126369476
,,,8004,,0.06637722253799438
,,,8005,,0.08589619398117065
,,,8006,,0.06601646542549133
,,,8007,,0.08028051257133484
,,,8008,,0.06747182458639145
,,,8009,,0.07066445797681808
,,,8010,,0.08052729815244675
,,,8011,,0.07876080274581909
,,,8012,,0.07745161652565002
,,,8013,,0.07424242794513702
,,,8014,,0.03704315423965454
34,,,2834,0.015481716953217983,
34,0.015039827674627304,,2834,,
35,,0.013357973657548428,2839,,
35,,0.023275868967175484,2849,,
35,,0.030201509594917297,2859,,
35,,0.016969356685876846,2869,,
35,,0.02064153552055359,2879,,
35,,0.029102876782417297,2889,,
35,,0.012741757556796074,2899,,
35,,0.01116176787763834,2909,,
,,,8015,,0.00045518172555603087
,,,8016,,0.00039949611527845263
,,,8017,,0.0008118352852761745
,,,8018,,0.00042556243715807796
,,,8019,,0.000985927414149046
,,,8020,,0.0004063920641783625
,,,8021,,0.000671838060952723
,,,8022,,0.0003618145128712058
,,,8023,,0.0006050019292160869
,,,8024,,0.00038705416955053806
,,,8025,,0.0009233971359208226
,,,8026,,0.0009174766018986702
,,,8027,,0.0003925201890524477
,,,8028,,0.0005769840208813548
,,,8029,,0.0008120412239804864
,,,8030,,0.00046426811604760587
,,,8031,,0.000970897322986275
,,,8032,,0.000895768404006958
,,,8033,,0.0007488160626962781
,,,8034,,0.00133153994102031
,,,8035,,0.00045909371692687273
,,,8036,,0.00041196844540536404
,,,8037,,0.0003414647653698921
,,,8038,,0.0010742838494479656
,,,8039,,0.0008784080855548382
,,,8040,,0.0006920469459146261
,,,8041,,0.0007295148679986596
,,,8042,,0.006526850163936615
,,,8043,,0.018596164882183075
,,,8044,,0.016226876527071
,,,8045,,0.015370214357972145
,,,8046,,0.016887586563825607
,,,8047,,0.01558239758014679
,,,8048,,0.0800376608967781
,,,8049,,0.025600498542189598
,,,8050,,0.013575670309364796
,,,8051,,0.015322587452828884
,,,8052,,0.010515470057725906
,,,8053,,0.0065170940943062305
,,,8054,,0.013797379098832607
,,,8055,,0.008748344145715237
,,,8056,,0.007179161533713341
,,,8057,,0.016843777149915695
,,,8058,,0.014681259170174599
,,,8059,,0.007577484007924795
,,,8060,,0.019805768504738808
,,,8061,,0.010420180857181549
,,,8062,,0.0037029674276709557
,,,8063,,0.011111896485090256
,,,8064,,0.005791141651570797
,,,8065,,0.006806164979934692
,,,8066,,0.009447169490158558
,,,8067,,0.0028768950141966343
,,,8068,,0.008026771247386932
,,,8069,,0.00976124033331871
,,,8070,,0.016845455393195152
,,,8071,,0.01671149581670761
,,,8072,,0.008849565871059895
,,,8073,,0.0129852294921875
,,,8074,,0.00901214499026537
,,,8075,,0.011137391440570354
,,,8076,,0.00938677228987217
,,,8077,,0.008562834933400154
,,,8078,,0.01177261769771576
,,,8079,,0.010288504883646965
,,,8080,,0.005570054519921541
,,,8081,,0.008399219252169132
,,,8082,,0.016778478398919106
,,,8083,,0.009912947192788124
,,,8084,,0.005643012933433056
,,,8085,,0.007162546738982201
,,,8086,,0.0005934882210567594
,,,8087,,0.0011767161777243018
,,,8088,,0.000549359421711415
,,,8089,,0.0006956498837098479
,,,8090,,0.0006043817847967148
,,,8091,,0.0006890827789902687
,,,8092,,0.00045014452189207077
,,,8093,,0.0005237031728029251
,,,8094,,0.0004969579167664051
,,,8095,,0.0008191418601199985
,,,8096,,0.0006322282133623958
,,,8097,,0.0012356662191450596
,,,8098,,0.0007812458206899464
,,,8099,,0.012932653538882732
,,,8100,,0.015746427699923515
,,,8101,,0.015180236659944057
,,,8102,,0.04457797855138779
,,,8103,,0.03233388438820839
,,,8104,,0.026700494810938835
,,,8105,,0.04458365589380264
,,,8106,,0.04220486059784889
,,,8107,,0.015077592805027962
,,,8108,,0.01599283143877983
,,,8109,,0.01659243553876877
,,,8110,,0.0116210225969553
,,,8111,,0.01389400940388441
,,,8112,,0.01615970954298973
,,,8113,,0.013274957425892353
,,,8114,,0.01355912908911705
,,,8115,,0.014943121001124382
,,,8116,,0.013291934505105019
,,,8117,,0.011994916014373302
,,,8118,,0.011110443621873856
,,,8119,,0.015531517565250397
,,,8120,,0.014400207437574863
,,,8121,,0.016222523525357246
,,,8122,,0.014571203850209713
,,,8123,,0.013660963624715805
,,,8124,,0.01829853095114231
,,,8125,,0.015654301270842552
,,,8126,,0.011790212243795395
,,,8127,,0.0155892763286829
,,,8128,,0.015460841357707977
,,,8129,,0.012985391542315483
,,,8130,,0.013009360060095787
,,,8131,,0.010230477899312973
,,,8132,,0.013362443074584007
,,,8133,,0.012200763449072838
,,,8134,,0.014041303656995296
,,,8135,,0.010931989178061485
,,,8136,,0.012260999530553818
,,,8137,,0.012838856317102909
,,,8138,,0.012599295005202293
,,,8139,,0.011892598122358322
,,,8140,,0.012361683882772923
,,,8141,,0.010389558970928192
,,,8142,,0.01062743179500103
,,,8143,,0.010812288150191307
,,,8144,,0.014473156072199345
,,,8145,,0.012257295660674572
,,,8146,,0.014393538236618042
,,,8147,,0.012418854050338268
,,,8148,,0.014584498479962349
,,,8149,,0.013728132471442223
,,,8150,,0.012669247575104237
,,,8151,,0.011870822869241238
,,,8152,,0.013502730056643486
,,,8153,,0.00970955565571785
,,,8154,,0.010315731167793274
,,,8155,,0.008856259286403656
,,,8156,,0.008636405691504478
,,,8157,,0.009211016818881035
,,,8158,,0.010090283118188381
,,,8159,,0.009334340691566467
,,,8160,,0.009647686034440994
,,,8161,,0.0085198525339365
,,,8162,,0.00983789935708046
,,,8163,,0.008392907679080963
,,,8164,,0.007397796027362347
,,,8165,,0.008554732427001
,,,8166,,0.00901617482304573
,,,8167,,0.009542122483253479
,,,8168,,0.009144343435764313
,,,8169,,0.010224765166640282
,,,8170,,0.009719024412333965
,,,8171,,0.009696144610643387
,,,8172,,0.008864914067089558
,,,8173,,0.008745398372411728
,,,8174,,0.010163063183426857
,,,8175,,0.008792035281658173
,,,8176,,0.009813617914915085
,,,8177,,0.011468913406133652
,,,8178,,0.010200954042375088
,,,8179,,0.010499470867216587
,,,8180,,0.009567663073539734
,,,8181,,0.008332706987857819
,,,8182,,0.008814834989607334
,,,8183,,0.012069109827280045
,,,8184,,0.010149920359253883
,,,8185,,0.008833445608615875
,,,8186,,0.012149546295404434
,,,8187,,0.009659874252974987
,,,8188,,0.012290136888623238
,,,8189,,0.009601055644452572
,,,8190,,0.009039422497153282
,,,8191,,0.010556419380009174
,,,8192,,0.010453220456838608
,,,8193,,0.009019583463668823
,,,8194,,0.011407535523176193
,,,8195,,0.010028665885329247
,,,8196,,0.00955499242991209
,,,8197,,0.004076155833899975
,,,8198,,0.0031775804236531258
,,,8199,,0.002580423839390278
,,,8200,,0.002649640431627631
,,,8201,,0.0024147299118340015
,,,8202,,0.002306239679455757
,,,8203,,0.0029670572839677334
,,,8204,,0.002513835672289133
,,,8205,,0.0035070343874394894
,,,8206,,0.002809991128742695
,,,8207,,0.002783162984997034
,,,8208,,0.0029258085414767265
,,,8209,,0.00285106198862195
,,,8210,,0.012560371309518814
,,,8211,,0.018468935042619705
,,,8212,,0.014065288938581944
,,,8213,,0.01172414980828762
,,,8214,,0.005304931662976742
,,,8215,,0.04547060281038284
,,,8216,,0.00938875786960125
,,,8217,,0.0344797819852829
,,,8218,,0.016352098435163498
,,,8219,,0.016862131655216217
,,,8220,,0.023878522217273712
,,,8221,,0.02585747092962265
,,,8222,,0.026178356260061264
,,,8223,,0.028151527047157288
,,,8224,,0.022091932594776154
,,,8225,,0.03517378866672516
,,,8226,,0.023508422076702118
,,,8227,,0.09681952744722366
,,,8228,,0.07740774005651474
,,,8229,,0.06818783283233643
,,,8230,,0.0696810856461525
,,,8231,,0.09792235493659973
,,,8232,,0.06027911975979805
,,,8233,,0.0663396418094635
,,,8234,,0.08492374420166016
,,,8235,,0.0637790858745575
,,,8236,,0.07919032871723175
,,,8237,,0.06603588908910751
,,,8238,,0.06952299922704697
,,,8239,,0.07987072318792343
,,,8240,,0.07715971022844315
,,,8241,,0.07668507844209671
,,,8242,,0.07234881818294525
,,,8243,,0.03527049347758293
35,,,2915,0.015301672741770744,
35,0.014646071009337902,,2915,,
36,,0.020090505480766296,2919,,
36,,0.017368990927934647,2929,,
36,,0.015340153127908707,2939,,
36,,0.01249634101986885,2949,,
36,,0.01688939332962036,2959,,
36,,0.01779450848698616,2969,,
36,,0.016597606241703033,2979,,
36,,0.016289854422211647,2989,,
,,,8244,,0.0009437239496037364
,,,8245,,0.0009325856808573008
,,,8246,,0.0012812484055757523
,,,8247,,0.0009063038742169738
,,,8248,,0.0014205604093149304
,,,8249,,0.0008744086953811347
,,,8250,,0.001081929076462984
,,,8251,,0.0008493827190250158
,,,8252,,0.0010874660219997168
,,,8253,,0.0008632871904410422
,,,8254,,0.0014281673356890678
,,,8255,,0.0014421058585867286
,,,8256,,0.0008223185432143509
,,,8257,,0.0010194790083914995
,,,8258,,0.0012209010310471058
,,,8259,,0.0009264256805181503
,,,8260,,0.0014625818002969027
,,,8261,,0.0013120013754814863
,,,8262,,0.0011717076413333416
,,,8263,,0.001800705213099718
,,,8264,,0.0008576908730901778
,,,8265,,0.0008764813537709415
,,,8266,,0.0007848301902413368
,,,8267,,0.0014933928614482284
,,,8268,,0.0012965461937710643
,,,8269,,0.0011725754011422396
,,,8270,,0.001175410347059369
,,,8271,,0.006904627196490765
,,,8272,,0.018903402611613274
,,,8273,,0.01657569408416748
,,,8274,,0.015648189932107925
,,,8275,,0.017151860520243645
,,,8276,,0.015900524333119392
,,,8277,,0.08027583360671997
,,,8278,,0.025757014751434326
,,,8279,,0.013806430622935295
,,,8280,,0.01560421846807003
,,,8281,,0.010825103148818016
,,,8282,,0.00691740307956934
,,,8283,,0.014133000746369362
,,,8284,,0.009216684848070145
,,,8285,,0.0076345400884747505
,,,8286,,0.017133638262748718
,,,8287,,0.014962936751544476
,,,8288,,0.008141890168190002
,,,8289,,0.019949380308389664
,,,8290,,0.010770361870527267
,,,8291,,0.004298598971217871
,,,8292,,0.011217551305890083
,,,8293,,0.006318494211882353
,,,8294,,0.007387279532849789
,,,8295,,0.009943368844687939
,,,8296,,0.0035019596107304096
,,,8297,,0.00844445638358593
,,,8298,,0.009313051588833332
,,,8299,,0.016292639076709747
,,,8300,,0.016184557229280472
,,,8301,,0.008602511137723923
,,,8302,,0.012224974110722542
,,,8303,,0.009020236320793629
,,,8304,,0.010662313550710678
,,,8305,,0.008748638443648815
,,,8306,,0.008234329521656036
,,,8307,,0.011058616451919079
,,,8308,,0.009799499064683914
,,,8309,,0.005452183540910482
,,,8310,,0.008259795606136322
,,,8311,,0.01630178838968277
,,,8312,,0.0093528488650918
,,,8313,,0.005728470161557198
,,,8314,,0.006749506574124098
,,,8315,,0.001078455476090312
,,,8316,,0.001679162960499525
,,,8317,,0.0017530415207147598
,,,8318,,0.0013594586635008454
,,,8319,,0.0011903010308742523
,,,8320,,0.001152679556980729
,,,8321,,0.0007933637825772166
,,,8322,,0.0013958269264549017
,,,8323,,0.000943986524362117
,,,8324,,0.0013354085385799408
,,,8325,,0.0014348251279443502
,,,8326,,0.0007198696257546544
,,,8327,,0.0012251032749190927
,,,8328,,0.013249105773866177
,,,8329,,0.016085628420114517
,,,8330,,0.01576049253344536
,,,8331,,0.04618263617157936
,,,8332,,0.034098245203495026
,,,8333,,0.027220625430345535
,,,8334,,0.04400511831045151
,,,8335,,0.04120466113090515
,,,8336,,0.016095656901597977
,,,8337,,0.018075458705425262
,,,8338,,0.01873636618256569
,,,8339,,0.013441077433526516
,,,8340,,0.01583545282483101
,,,8341,,0.018152939155697823
,,,8342,,0.014952264726161957
,,,8343,,0.01523242611438036
,,,8344,,0.017049739137291908
,,,8345,,0.015188246965408325
,,,8346,,0.013535761274397373
,,,8347,,0.012978116050362587
,,,8348,,0.017638757824897766
,,,8349,,0.016676275059580803
,,,8350,,0.01842351257801056
,,,8351,,0.016779638826847076
,,,8352,,0.015772446990013123
,,,8353,,0.020648401230573654
,,,8354,,0.017797501757740974
,,,8355,,0.01354451384395361
,,,8356,,0.01770384982228279
,,,8357,,0.01744028925895691
,,,8358,,0.0141547080129385
,,,8359,,0.014031024649739265
,,,8360,,0.011323368176817894
,,,8361,,0.014636782929301262
,,,8362,,0.013759642839431763
,,,8363,,0.01546297688037157
,,,8364,,0.01221089530736208
,,,8365,,0.013595652766525745
,,,8366,,0.014302629977464676
,,,8367,,0.01407487690448761
,,,8368,,0.013411648571491241
,,,8369,,0.013713996857404709
,,,8370,,0.011578643694519997
,,,8371,,0.011899968609213829
,,,8372,,0.01234936062246561
,,,8373,,0.016038071364164352
,,,8374,,0.013652859255671501
,,,8375,,0.015819184482097626
,,,8376,,0.01407625712454319
,,,8377,,0.015838025137782097
,,,8378,,0.015144014731049538
,,,8379,,0.014015641994774342
,,,8380,,0.013250788673758507
,,,8381,,0.01480652391910553
,,,8382,,0.010448096320033073
,,,8383,,0.011407600715756416
,,,8384,,0.009547045454382896
,,,8385,,0.009459308348596096
,,,8386,,0.009889821521937847
,,,8387,,0.011144459247589111
,,,8388,,0.0101389791816473
,,,8389,,0.010510219261050224
,,,8390,,0.009592030197381973
,,,8391,,0.010723304003477097
,,,8392,,0.008776498027145863
,,,8393,,0.008278848603367805
,,,8394,,0.009595365263521671
,,,8395,,0.009978665970265865
,,,8396,,0.01063112448900938
,,,8397,,0.010029271245002747
,,,8398,,0.011598949320614338
,,,8399,,0.010808510705828667
,,,8400,,0.010793056339025497
,,,8401,,0.009613368660211563
,,,8402,,0.009837836027145386
,,,8403,,0.01113491877913475
,,,8404,,0.009923435747623444
,,,8405,,0.011170117184519768
,,,8406,,0.012686620466411114
,,,8407,,0.011415273882448673
,,,8408,,0.01178077980875969
,,,8409,,0.010743176564574242
,,,8410,,0.009457699954509735
,,,8411,,0.009901423007249832
,,,8412,,0.013410997577011585
,,,8413,,0.01138235442340374
,,,8414,,0.01007557287812233
,,,8415,,0.013411563821136951
,,,8416,,0.010930202901363373
,,,8417,,0.013621222227811813
,,,8418,,0.01082734763622284
,,,8419,,0.010113176889717579
,,,8420,,0.011908131651580334
,,,8421,,0.011606307700276375
,,,8422,,0.010250173509120941
,,,8423,,0.012616600841283798
,,,8424,,0.011398250237107277
,,,8425,,0.010799175128340721
,,,8426,,0.0043340688571333885
,,,8427,,0.0033387811854481697
,,,8428,,0.002670413814485073
,,,8429,,0.002854729536920786
,,,8430,,0.0024256366305053234
,,,8431,,0.0023499145172536373
,,,8432,,0.002899633487686515
,,,8433,,0.002612076234072447
,,,8434,,0.003665803000330925
,,,8435,,0.0029742801561951637
,,,8436,,0.003001974895596504
,,,8437,,0.002985092345625162
,,,8438,,0.00284199183806777
,,,8439,,0.012200492434203625
,,,8440,,0.01632261835038662
,,,8441,,0.012977954931557178
,,,8442,,0.012180615216493607
,,,8443,,0.004920861683785915
,,,8444,,0.04295271262526512
,,,8445,,0.009241831488907337
,,,8446,,0.03187096491456032
,,,8447,,0.015349872410297394
,,,8448,,0.01621880754828453
,,,8449,,0.023084290325641632
,,,8450,,0.02445739135146141
,,,8451,,0.025720207020640373
,,,8452,,0.02610599249601364
,,,8453,,0.021306179463863373
,,,8454,,0.030647695064544678
,,,8455,,0.024007413536310196
,,,8456,,0.0955960750579834
,,,8457,,0.07751672714948654
,,,8458,,0.06722430139780045
,,,8459,,0.06927479058504105
,,,8460,,0.09743298590183258
,,,8461,,0.05956175550818443
,,,8462,,0.06461752951145172
,,,8463,,0.08269628882408142
,,,8464,,0.06319203227758408
,,,8465,,0.07833322882652283
,,,8466,,0.06513932347297668
,,,8467,,0.06902216374874115
,,,8468,,0.07860647141933441
,,,8469,,0.07653552293777466
,,,8470,,0.07507006824016571
,,,8471,,0.07053132355213165
,,,8472,,0.03572656959295273
36,,,2996,0.015803759917616844,
36,0.014625207521021366,,2996,,
37,,0.016411038115620613,2999,,
37,,0.014169183559715748,3009,,
37,,0.009211717173457146,3019,,
37,,0.023962561041116714,3029,,
37,,0.014003971591591835,3039,,
37,,0.006126252934336662,3049,,
37,,0.015543257817626,3059,,
37,,0.015796571969985962,3069,,
,,,8473,,0.0010150286834686995
,,,8474,,0.0009876290569081903
,,,8475,,0.0013900925405323505
,,,8476,,0.0009692166349850595
,,,8477,,0.0014514848589897156
,,,8478,,0.0009852665243670344
,,,8479,,0.0011974533554166555
,,,8480,,0.0008942836429923773
,,,8481,,0.0010921163484454155
,,,8482,,0.0009586900123395026
,,,8483,,0.0014926707372069359
,,,8484,,0.0015359465032815933
,,,8485,,0.0009071117965504527
,,,8486,,0.0011121719144284725
,,,8487,,0.00136326695792377
,,,8488,,0.0010000021429732442
,,,8489,,0.001478331396356225
,,,8490,,0.0014164677122607827
,,,8491,,0.0012049895012751222
,,,8492,,0.0019456095760688186
,,,8493,,0.0010184624698013067
,,,8494,,0.00097230589017272
,,,8495,,0.000899822567589581
,,,8496,,0.001593146938830614
,,,8497,,0.0014234663685783744
,,,8498,,0.0012116971192881465
,,,8499,,0.0013003118801862001
,,,8500,,0.006557593587785959
,,,8501,,0.018405303359031677
,,,8502,,0.016052355989813805
,,,8503,,0.015278433449566364
,,,8504,,0.016815632581710815
,,,8505,,0.01541589293628931
,,,8506,,0.0794450044631958
,,,8507,,0.025316603481769562
,,,8508,,0.013370417058467865
,,,8509,,0.015177305787801743
,,,8510,,0.01043647713959217
,,,8511,,0.0065251560881733894
,,,8512,,0.013745678588747978
,,,8513,,0.008663056418299675
,,,8514,,0.007023632526397705
,,,8515,,0.01642746478319168
,,,8516,,0.014363277703523636
,,,8517,,0.007506977301090956
,,,8518,,0.019289227202534676
,,,8519,,0.010161589831113815
,,,8520,,0.003719714703038335
,,,8521,,0.010719405487179756
,,,8522,,0.005753560923039913
,,,8523,,0.0067955004051327705
,,,8524,,0.009372417815029621
,,,8525,,0.0029456191696226597
,,,8526,,0.00785650685429573
,,,8527,,0.01000922080129385
,,,8528,,0.016646701842546463
,,,8529,,0.016412394121289253
,,,8530,,0.009305939078330994
,,,8531,,0.012868483550846577
,,,8532,,0.009904943406581879
,,,8533,,0.011348831467330456
,,,8534,,0.009736951440572739
,,,8535,,0.009157665073871613
,,,8536,,0.011948000639677048
,,,8537,,0.01081740390509367
,,,8538,,0.006359864957630634
,,,8539,,0.008964113891124725
,,,8540,,0.01662571355700493
,,,8541,,0.009995711036026478
,,,8542,,0.006526709999889135
,,,8543,,0.007230705581605434
,,,8544,,0.0008645156631246209
,,,8545,,0.001465230598114431
,,,8546,,0.0015240692300722003
,,,8547,,0.0011156389955431223
,,,8548,,0.0009455067338421941
,,,8549,,0.0009911519009619951
,,,8550,,0.0006756393704563379
,,,8551,,0.0011717557208612561
,,,8552,,0.0008108115871436894
,,,8553,,0.0012044565519317985
,,,8554,,0.0011702438350766897
,,,8555,,0.0006587628740817308
,,,8556,,0.0010661199921742082
,,,8557,,0.012675777077674866
,,,8558,,0.015480768866837025
,,,8559,,0.014570248313248158
,,,8560,,0.04245787858963013
,,,8561,,0.030907170847058296
,,,8562,,0.0260411836206913
,,,8563,,0.04305467754602432
,,,8564,,0.04044361412525177
,,,8565,,0.01470646820962429
,,,8566,,0.015749987214803696
,,,8567,,0.01622096821665764
,,,8568,,0.011452192440629005
,,,8569,,0.013670429587364197
,,,8570,,0.015856966376304626
,,,8571,,0.012933284975588322
,,,8572,,0.013236218132078648
,,,8573,,0.01475791446864605
,,,8574,,0.01308237761259079
,,,8575,,0.011627040803432465
,,,8576,,0.010995865799486637
,,,8577,,0.01529750693589449
,,,8578,,0.014322124421596527
,,,8579,,0.01596250757575035
,,,8580,,0.014364991337060928
,,,8581,,0.013515586964786053
,,,8582,,0.017951034009456635
,,,8583,,0.015425339341163635
,,,8584,,0.011649243533611298
,,,8585,,0.015272596850991249
,,,8586,,0.015187479555606842
,,,8587,,0.01281684823334217
,,,8588,,0.012868921272456646
,,,8589,,0.010082287713885307
,,,8590,,0.013131745159626007
,,,8591,,0.012075751088559628
,,,8592,,0.013792368583381176
,,,8593,,0.010796338319778442
,,,8594,,0.012016380205750465
,,,8595,,0.012705780565738678
,,,8596,,0.012455437332391739
,,,8597,,0.011747736483812332
,,,8598,,0.012159023433923721
,,,8599,,0.010171294212341309
,,,8600,,0.01042794156819582
,,,8601,,0.01071405503898859
,,,8602,,0.014222458004951477
,,,8603,,0.012091152369976044
,,,8604,,0.01409019622951746
,,,8605,,0.012305796146392822
,,,8606,,0.01415887288749218
,,,8607,,0.013398648239672184
,,,8608,,0.01244925707578659
,,,8609,,0.011650717817246914
,,,8610,,0.013226192444562912
,,,8611,,0.009294889867305756
,,,8612,,0.010046068578958511
,,,8613,,0.008472159504890442
,,,8614,,0.008355430327355862
,,,8615,,0.008840328082442284
,,,8616,,0.009881727397441864
,,,8617,,0.009032825008034706
,,,8618,,0.009310204535722733
,,,8619,,0.008399451151490211
,,,8620,,0.009386326186358929
,,,8621,,0.007877285592257977
,,,8622,,0.007219960913062096
,,,8623,,0.008348805829882622
,,,8624,,0.008753287605941296
,,,8625,,0.009324740618467331
,,,8626,,0.008909475989639759
,,,8627,,0.010079663246870041
,,,8628,,0.009517379105091095
,,,8629,,0.009508831426501274
,,,8630,,0.008467109873890877
,,,8631,,0.008521562442183495
,,,8632,,0.009899063967168331
,,,8633,,0.008918153122067451
,,,8634,,0.00997227057814598
,,,8635,,0.011466553434729576
,,,8636,,0.010293269529938698
,,,8637,,0.010561501607298851
,,,8638,,0.009652509354054928
,,,8639,,0.00841960683465004
,,,8640,,0.00887460820376873
,,,8641,,0.012070681899785995
,,,8642,,0.01016349345445633
,,,8643,,0.008985047228634357
,,,8644,,0.01219766866415739
,,,8645,,0.009754251688718796
,,,8646,,0.012332374230027199
,,,8647,,0.009699770249426365
,,,8648,,0.00906397681683302
,,,8649,,0.010698160156607628
,,,8650,,0.010508166626095772
,,,8651,,0.009084326215088367
,,,8652,,0.011402706615626812
,,,8653,,0.010198297910392284
,,,8654,,0.009698579087853432
,,,8655,,0.004308728035539389
,,,8656,,0.0032444773241877556
,,,8657,,0.0024769222363829613
,,,8658,,0.002697018440812826
,,,8659,,0.0021400442346930504
,,,8660,,0.002164609031751752
,,,8661,,0.002728148363530636
,,,8662,,0.002472872845828533
,,,8663,,0.003515760414302349
,,,8664,,0.0028954511508345604
,,,8665,,0.0028394521214067936
,,,8666,,0.0027455890085548162
,,,8667,,0.0026644975878298283
,,,8668,,0.012272205203771591
,,,8669,,0.01682908460497856
,,,8670,,0.014006413519382477
,,,8671,,0.01257670484483242
,,,8672,,0.0059995162300765514
,,,8673,,0.0438012033700943
,,,8674,,0.01010160893201828
,,,8675,,0.03184063732624054
,,,8676,,0.015533920377492905
,,,8677,,0.017388390377163887
,,,8678,,0.024802211672067642
,,,8679,,0.026366930454969406
,,,8680,,0.02560427226126194
,,,8681,,0.026689063757658005
,,,8682,,0.021030083298683167
,,,8683,,0.032065823674201965
,,,8684,,0.023713368922472
,,,8685,,0.09639856964349747
,,,8686,,0.07727232575416565
,,,8687,,0.06746730208396912
,,,8688,,0.06943163275718689
,,,8689,,0.09747526049613953
,,,8690,,0.060755036771297455
,,,8691,,0.06593592464923859
,,,8692,,0.08301357924938202
,,,8693,,0.06348983943462372
,,,8694,,0.07789211720228195
,,,8695,,0.06522992253303528
,,,8696,,0.06963932514190674
,,,8697,,0.0788094699382782
,,,8698,,0.07649309933185577
,,,8699,,0.07523759454488754
,,,8700,,0.07153956592082977
,,,8701,,0.0368603952229023
37,,,3077,0.01520030852407217,
37,0.014035668224096298,,3077,,
38,,0.008485082536935806,3079,,
38,,0.011882620863616467,3089,,
38,,0.010730134323239326,3099,,
38,,0.010314105078577995,3109,,
38,,0.0046811350621283054,3119,,
38,,0.024412300437688828,3129,,
38,,0.014040780253708363,3139,,
38,,0.012577265501022339,3149,,
,,,8702,,0.000599915161728859
,,,8703,,0.0005483226850628853
,,,8704,,0.0009749963646754622
,,,8705,,0.0005796634359285235
,,,8706,,0.0009916173294186592
,,,8707,,0.000561434484552592
,,,8708,,0.0008264387724921107
,,,8709,,0.0005142877344042063
,,,8710,,0.0007041945355013013
,,,8711,,0.0005507334135472775
,,,8712,,0.0010826380457729101
,,,8713,,0.0011378638446331024
,,,8714,,0.0005153282545506954
,,,8715,,0.0006826607277616858
,,,8716,,0.0009340093238279223
,,,8717,,0.0006585814990103245
,,,8718,,0.001072655781172216
,,,8719,,0.0009925828780978918
,,,8720,,0.0008844122057780623
,,,8721,,0.0014900953974574804
,,,8722,,0.0005841919337399304
,,,8723,,0.0005678272573277354
,,,8724,,0.0005181209999136627
,,,8725,,0.0011957598617300391
,,,8726,,0.0010233628563582897
,,,8727,,0.0008516833186149597
,,,8728,,0.000876130536198616
,,,8729,,0.006398576311767101
,,,8730,,0.018193259835243225
,,,8731,,0.015808556228876114
,,,8732,,0.015077240765094757
,,,8733,,0.016675395891070366
,,,8734,,0.01524282619357109
,,,8735,,0.07903270423412323
,,,8736,,0.02507488988339901
,,,8737,,0.013154137879610062
,,,8738,,0.015006368979811668
,,,8739,,0.01027178019285202
,,,8740,,0.0063876560889184475
,,,8741,,0.01356898620724678
,,,8742,,0.008623175323009491
,,,8743,,0.007243930362164974
,,,8744,,0.01648271642625332
,,,8745,,0.014432567171752453
,,,8746,,0.00773739954456687
,,,8747,,0.019240669906139374
,,,8748,,0.01030516903847456
,,,8749,,0.0038753319531679153
,,,8750,,0.010713359341025352
,,,8751,,0.005939673166722059
,,,8752,,0.006960203405469656
,,,8753,,0.009563908912241459
,,,8754,,0.0030910465866327286
,,,8755,,0.008038753643631935
,,,8756,,0.008752432651817799
,,,8757,,0.015378834679722786
,,,8758,,0.015423852950334549
,,,8759,,0.007959699258208275
,,,8760,,0.011441947892308235
,,,8761,,0.00798255205154419
,,,8762,,0.00996515154838562
,,,8763,,0.008202088996767998
,,,8764,,0.007702793926000595
,,,8765,,0.010323508642613888
,,,8766,,0.00904733594506979
,,,8767,,0.004970004316419363
,,,8768,,0.007734604645520449
,,,8769,,0.015415044501423836
,,,8770,,0.00896157044917345
,,,8771,,0.005331427790224552
,,,8772,,0.006231849547475576
,,,8773,,0.0007259694393724203
,,,8774,,0.0013266806490719318
,,,8775,,0.0013085543178021908
,,,8776,,0.000909211637917906
,,,8777,,0.0008331055287271738
,,,8778,,0.000848484574817121
,,,8779,,0.0005494814249686897
,,,8780,,0.0010033955331891775
,,,8781,,0.000697416951879859
,,,8782,,0.0010385768255218863
,,,8783,,0.0009725989657454193
,,,8784,,0.0006489764200523496
,,,8785,,0.0009341466357000172
,,,8786,,0.012355083599686623
,,,8787,,0.01506099384278059
,,,8788,,0.014108408242464066
,,,8789,,0.03988160192966461
,,,8790,,0.028539786115288734
,,,8791,,0.02409985661506653
,,,8792,,0.040963318198919296
,,,8793,,0.039192624390125275
,,,8794,,0.01394045539200306
,,,8795,,0.015000146813690662
,,,8796,,0.01553454902023077
,,,8797,,0.010879124514758587
,,,8798,,0.013070909306406975
,,,8799,,0.014993508346378803
,,,8800,,0.012430484406650066
,,,8801,,0.012600591406226158
,,,8802,,0.014063118025660515
,,,8803,,0.012515241280198097
,,,8804,,0.01101880893111229
,,,8805,,0.010398395359516144
,,,8806,,0.014599889516830444
,,,8807,,0.013608843088150024
,,,8808,,0.015037363395094872
,,,8809,,0.013585422188043594
,,,8810,,0.012841762974858284
,,,8811,,0.01709822192788124
,,,8812,,0.014576559886336327
,,,8813,,0.011068817228078842
,,,8814,,0.014552759006619453
,,,8815,,0.014525641687214375
,,,8816,,0.012196202762424946
,,,8817,,0.012265479192137718
,,,8818,,0.009665939956903458
,,,8819,,0.01256447471678257
,,,8820,,0.011611406691372395
,,,8821,,0.013356659561395645
,,,8822,,0.0103385541588068
,,,8823,,0.011625364422798157
,,,8824,,0.012294699437916279
,,,8825,,0.011946146376430988
,,,8826,,0.011412923224270344
,,,8827,,0.01177283190190792
,,,8828,,0.009708560071885586
,,,8829,,0.01004172395914793
,,,8830,,0.010288645513355732
,,,8831,,0.013697540387511253
,,,8832,,0.0115616824477911
,,,8833,,0.013562913984060287
,,,8834,,0.011884731240570545
,,,8835,,0.013901136815547943
,,,8836,,0.012983571738004684
,,,8837,,0.012097508646547794
,,,8838,,0.011218656785786152
,,,8839,,0.012766562402248383
,,,8840,,0.008777518756687641
,,,8841,,0.009262898936867714
,,,8842,,0.008106053806841373
,,,8843,,0.007884765975177288
,,,8844,,0.008295362815260887
,,,8845,,0.009226396679878235
,,,8846,,0.00831274688243866
,,,8847,,0.008668851107358932
,,,8848,,0.007777041289955378
,,,8849,,0.008639723993837833
,,,8850,,0.007355108857154846
,,,8851,,0.00678594782948494
,,,8852,,0.007775025442242622
,,,8853,,0.008273789659142494
,,,8854,,0.008668242022395134
,,,8855,,0.008279077708721161
,,,8856,,0.009180613793432713
,,,8857,,0.008770582266151905
,,,8858,,0.008950231596827507
,,,8859,,0.007894611917436123
,,,8860,,0.007930120453238487
,,,8861,,0.009205403737723827
,,,8862,,0.008382110856473446
,,,8863,,0.009412059560418129
,,,8864,,0.010915691033005714
,,,8865,,0.009684337303042412
,,,8866,,0.010066589340567589
,,,8867,,0.0091021116822958
,,,8868,,0.007910463958978653
,,,8869,,0.008386734873056412
,,,8870,,0.01154256984591484
,,,8871,,0.009718121029436588
,,,8872,,0.008427580818533897
,,,8873,,0.011573711410164833
,,,8874,,0.009176153689622879
,,,8875,,0.011727510020136833
,,,8876,,0.009125491604208946
,,,8877,,0.00860279705375433
,,,8878,,0.01005777157843113
,,,8879,,0.009903830476105213
,,,8880,,0.008642269298434258
,,,8881,,0.01085392851382494
,,,8882,,0.009594547562301159
,,,8883,,0.00915562454611063
,,,8884,,0.004238865338265896
,,,8885,,0.00349254347383976
,,,8886,,0.0030414336360991
,,,8887,,0.0030300160869956017
,,,8888,,0.002638513222336769
,,,8889,,0.0024870848283171654
,,,8890,,0.0033824944403022528
,,,8891,,0.0027333186008036137
,,,8892,,0.003719653934240341
,,,8893,,0.0030885066371411085
,,,8894,,0.003153667552396655
,,,8895,,0.002889829920604825
,,,8896,,0.0031116940081119537
,,,8897,,0.01172579824924469
,,,8898,,0.015535049140453339
,,,8899,,0.013223646208643913
,,,8900,,0.011278975754976273
,,,8901,,0.005263368599116802
,,,8902,,0.04032308608293533
,,,8903,,0.00904921256005764
,,,8904,,0.03290858119726181
,,,8905,,0.015112051740288734
,,,8906,,0.015607871115207672
,,,8907,,0.022489190101623535
,,,8908,,0.024048510938882828
,,,8909,,0.024313269183039665
,,,8910,,0.02541239745914936
,,,8911,,0.020196402445435524
,,,8912,,0.03300117701292038
,,,8913,,0.0233471617102623
,,,8914,,0.09398908913135529
,,,8915,,0.07553204894065857
,,,8916,,0.0652759000658989
,,,8917,,0.06742782145738602
,,,8918,,0.09491628408432007
,,,8919,,0.05824205279350281
,,,8920,,0.06312424689531326
,,,8921,,0.08192120492458344
,,,8922,,0.06159866973757744
,,,8923,,0.07624222338199615
,,,8924,,0.06394031643867493
,,,8925,,0.06668949127197266
,,,8926,,0.07670439779758453
,,,8927,,0.07356753945350647
,,,8928,,0.07306384295225143
,,,8929,,0.06971772015094757
,,,8930,,0.03464202582836151
38,,,3158,0.014552092179656029,
38,0.01355881430208683,,3158,,
39,,0.011655384674668312,3159,,
39,,0.01605411432683468,3169,,
39,,0.008169556967914104,3179,,
39,,0.029039742425084114,3189,,
39,,0.015956416726112366,3199,,
39,,0.015168029814958572,3209,,
39,,0.018591606989502907,3219,,
39,,0.01754724606871605,3229,,
39,,0.009923561476171017,3239,,
,,,8931,,0.0009883858729153872
,,,8932,,0.0009810611372813582
,,,8933,,0.0013255402445793152
,,,8934,,0.0008701225742697716
,,,8935,,0.0012056432897225022
,,,8936,,0.0008338872576132417
,,,8937,,0.0010928255505859852
,,,8938,,0.0008494651410728693
,,,8939,,0.0009772081393748522
,,,8940,,0.0008381949737668037
,,,8941,,0.001388685079291463
,,,8942,,0.00151907280087471
,,,8943,,0.0008786810794845223
,,,8944,,0.0009988077217712998
,,,8945,,0.0011798199266195297
,,,8946,,0.0009276471100747585
,,,8947,,0.0013956637121737003
,,,8948,,0.0012752164620906115
,,,8949,,0.0011190695222467184
,,,8950,,0.00178324687294662
,,,8951,,0.0008530933409929276
,,,8952,,0.0008854204206727445
,,,8953,,0.0007742783636786044
,,,8954,,0.0014990144409239292
,,,8955,,0.0013001849874854088
,,,8956,,0.001181372907012701
,,,8957,,0.0011524648871272802
,,,8958,,0.007111360318958759
,,,8959,,0.01874520815908909
,,,8960,,0.016436245292425156
,,,8961,,0.01576262339949608
,,,8962,,0.017330914735794067
,,,8963,,0.01585336960852146
,,,8964,,0.07936710864305496
,,,8965,,0.025649402290582657
,,,8966,,0.013793205842375755
,,,8967,,0.015627820044755936
,,,8968,,0.010903925634920597
,,,8969,,0.007075661793351173
,,,8970,,0.014160409569740295
,,,8971,,0.009250674396753311
,,,8972,,0.007655083667486906
,,,8973,,0.016765976324677467
,,,8974,,0.014839734882116318
,,,8975,,0.008189038373529911
,,,8976,,0.019534919410943985
,,,8977,,0.010695947334170341
,,,8978,,0.004446391016244888
,,,8979,,0.011180032044649124
,,,8980,,0.006444413214921951
,,,8981,,0.0074406214989721775
,,,8982,,0.010027939453721046
,,,8983,,0.0036228992976248264
,,,8984,,0.008520446717739105
,,,8985,,0.009523768909275532
,,,8986,,0.01558774709701538
,,,8987,,0.015553410165011883
,,,8988,,0.00847047008574009
,,,8989,,0.011715514585375786
,,,8990,,0.008814871311187744
,,,8991,,0.010331213474273682
,,,8992,,0.008545558899641037
,,,8993,,0.008229333907365799
,,,8994,,0.010574456304311752
,,,8995,,0.009579277597367764
,,,8996,,0.005841830745339394
,,,8997,,0.008201517164707184
,,,8998,,0.01567802205681801
,,,8999,,0.009378055110573769
,,,9000,,0.005918558686971664
,,,9001,,0.006662463769316673
,,,9002,,0.0010819415329024196
,,,9003,,0.0017884632106870413
,,,9004,,0.0018439664272591472
,,,9005,,0.0012489079963415861
,,,9006,,0.0011732401326298714
,,,9007,,0.0011871741153299809
,,,9008,,0.0009583065984770656
,,,9009,,0.0015270501608029008
,,,9010,,0.001120198518037796
,,,9011,,0.0014494259376078844
,,,9012,,0.0013192386832088232
,,,9013,,0.0007576539646834135
,,,9014,,0.0013434523716568947
,,,9015,,0.012150729075074196
,,,9016,,0.01467013917863369
,,,9017,,0.013724029064178467
,,,9018,,0.038490619510412216
,,,9019,,0.027560677379369736
,,,9020,,0.023311899974942207
,,,9021,,0.040747806429862976
,,,9022,,0.03814356029033661
,,,9023,,0.01372046209871769
,,,9024,,0.014852484688162804
,,,9025,,0.0153695959597826
,,,9026,,0.010798724368214607
,,,9027,,0.013033882714807987
,,,9028,,0.014939213171601295
,,,9029,,0.012258270755410194
,,,9030,,0.012467540800571442
,,,9031,,0.0139398705214262
,,,9032,,0.012455450370907784
,,,9033,,0.010997358709573746
,,,9034,,0.010403357446193695
,,,9035,,0.014419497922062874
,,,9036,,0.013554940931499004
,,,9037,,0.015024488791823387
,,,9038,,0.013554947450757027
,,,9039,,0.012772762216627598
,,,9040,,0.017008041962981224
,,,9041,,0.01451578177511692
,,,9042,,0.01099300291389227
,,,9043,,0.014468461275100708
,,,9044,,0.014390615746378899
,,,9045,,0.012181507423520088
,,,9046,,0.012193805538117886
,,,9047,,0.009567193686962128
,,,9048,,0.012571127153933048
,,,9049,,0.011611881665885448
,,,9050,,0.013310563750565052
,,,9051,,0.010432697832584381
,,,9052,,0.011571829207241535
,,,9053,,0.01222709659487009
,,,9054,,0.011995219625532627
,,,9055,,0.011387376114726067
,,,9056,,0.011677832342684269
,,,9057,,0.009783348068594933
,,,9058,,0.010023494251072407
,,,9059,,0.010299311950802803
,,,9060,,0.013753572478890419
,,,9061,,0.011611079797148705
,,,9062,,0.01360609382390976
,,,9063,,0.011915079317986965
,,,9064,,0.013711711391806602
,,,9065,,0.012885603122413158
,,,9066,,0.01207176223397255
,,,9067,,0.011269625276327133
,,,9068,,0.012766724452376366
,,,9069,,0.009008013643324375
,,,9070,,0.009680808521807194
,,,9071,,0.008212557062506676
,,,9072,,0.007962435483932495
,,,9073,,0.00845858734101057
,,,9074,,0.009672819636762142
,,,9075,,0.008616065606474876
,,,9076,,0.009145762771368027
,,,9077,,0.008201420307159424
,,,9078,,0.008869465440511703
,,,9079,,0.007502568420022726
,,,9080,,0.007059996481984854
,,,9081,,0.007951254025101662
,,,9082,,0.00849246233701706
,,,9083,,0.009036576375365257
,,,9084,,0.008526782505214214
,,,9085,,0.009697068482637405
,,,9086,,0.009033110924065113
,,,9087,,0.00910042691975832
,,,9088,,0.00808686576783657
,,,9089,,0.008349682204425335
,,,9090,,0.009494047611951828
,,,9091,,0.00866289809346199
,,,9092,,0.009669412858784199
,,,9093,,0.01113426499068737
,,,9094,,0.009970265440642834
,,,9095,,0.010290396399796009
,,,9096,,0.00934959203004837
,,,9097,,0.008277500979602337
,,,9098,,0.00869370624423027
,,,9099,,0.01164865680038929
,,,9100,,0.009860601276159286
,,,9101,,0.008791428059339523
,,,9102,,0.011842280626296997
,,,9103,,0.009465396404266357
,,,9104,,0.011933721601963043
,,,9105,,0.009425884112715721
,,,9106,,0.008803633973002434
,,,9107,,0.010388370603322983
,,,9108,,0.010134815238416195
,,,9109,,0.008886804804205894
,,,9110,,0.01104421354830265
,,,9111,,0.009918797761201859
,,,9112,,0.009352839551866055
,,,9113,,0.0042323460802435875
,,,9114,,0.0035139170940965414
,,,9115,,0.003028632141649723
,,,9116,,0.0030544318724423647
,,,9117,,0.002691175788640976
,,,9118,,0.002556358929723501
,,,9119,,0.0034780772402882576
,,,9120,,0.0027831546030938625
,,,9121,,0.003683629911392927
,,,9122,,0.0030584316700696945
,,,9123,,0.0031346059404313564
,,,9124,,0.002883822889998555
,,,9125,,0.0031632077880203724
,,,9126,,0.011832430958747864
,,,9127,,0.016489192843437195
,,,9128,,0.012701853178441525
,,,9129,,0.011309608817100525
,,,9130,,0.005154277663677931
,,,9131,,0.04122745245695114
,,,9132,,0.009135602973401546
,,,9133,,0.028928158804774284
,,,9134,,0.014439087361097336
,,,9135,,0.015012180432677269
,,,9136,,0.025075042620301247
,,,9137,,0.02599214017391205
,,,9138,,0.025482483208179474
,,,9139,,0.025711599737405777
,,,9140,,0.020363643765449524
,,,9141,,0.03169020637869835
,,,9142,,0.023338558152318
,,,9143,,0.0938350185751915
,,,9144,,0.07572063058614731
,,,9145,,0.06487615406513214
,,,9146,,0.06745228171348572
,,,9147,,0.09412813931703568
,,,9148,,0.057991910725831985
,,,9149,,0.06287887692451477
,,,9150,,0.08075191080570221
,,,9151,,0.06065288186073303
,,,9152,,0.0754062682390213
,,,9153,,0.0630195215344429
,,,9154,,0.0664001926779747
,,,9155,,0.07662460952997208
,,,9156,,0.07410946488380432
,,,9157,,0.0718182846903801
,,,9158,,0.06846478581428528
,,,9159,,0.034667834639549255
39,,,3239,0.014695399440824986,
39,0.013613006100058556,,3239,,
40,,0.00952939037233591,3249,,
40,,0.010808184742927551,3259,,
40,,0.014746058732271194,3269,,
40,,0.008570626378059387,3279,,
40,,0.024947311729192734,3289,,
40,,0.007681922055780888,3299,,
40,,0.007487524766474962,3309,,
40,,0.012016582302749157,3319,,
,,,9160,,0.0005130360368639231
,,,9161,,0.0004476626927498728
,,,9162,,0.0008012130274437368
,,,9163,,0.0004904358647763729
,,,9164,,0.0009573912248015404
,,,9165,,0.000405504455557093
,,,9166,,0.0006860113353468478
,,,9167,,0.00038761243922635913
,,,9168,,0.0006383573636412621
,,,9169,,0.00040448695654049516
,,,9170,,0.0009545579086989164
,,,9171,,0.0009676734916865826
,,,9172,,0.00040639075450599194
,,,9173,,0.0005438065272755921
,,,9174,,0.0007690353086218238
,,,9175,,0.0005126624600961804
,,,9176,,0.0009968089871108532
,,,9177,,0.0008742819190956652
,,,9178,,0.0008085260051302612
,,,9179,,0.0013175917556509376
,,,9180,,0.00042101519647985697
,,,9181,,0.000424103403929621
,,,9182,,0.0003615885798353702
,,,9183,,0.0010635085636749864
,,,9184,,0.0008846456767059863
,,,9185,,0.0007319480064325035
,,,9186,,0.0007652424974367023
,,,9187,,0.0063094510696828365
,,,9188,,0.01804949715733528
,,,9189,,0.01562955603003502
,,,9190,,0.0149517972022295
,,,9191,,0.016508206725120544
,,,9192,,0.01510851364582777
,,,9193,,0.07839392125606537
,,,9194,,0.024836506694555283
,,,9195,,0.013017944991588593
,,,9196,,0.014803639613091946
,,,9197,,0.01020563580095768
,,,9198,,0.006375061348080635
,,,9199,,0.013379383832216263
,,,9200,,0.008520983159542084
,,,9201,,0.006822374649345875
,,,9202,,0.015922680497169495
,,,9203,,0.01398295909166336
,,,9204,,0.007318304385989904
,,,9205,,0.01867128536105156
,,,9206,,0.00981009192764759
,,,9207,,0.003576477989554405
,,,9208,,0.010377074591815472
,,,9209,,0.005548641551285982
,,,9210,,0.0066550252959132195
,,,9211,,0.009073608554899693
,,,9212,,0.0028564915992319584
,,,9213,,0.007642172742635012
,,,9214,,0.00872900988906622
,,,9215,,0.015092723071575165
,,,9216,,0.014965599402785301
,,,9217,,0.007748385891318321
,,,9218,,0.011166173033416271
,,,9219,,0.007856655865907669
,,,9220,,0.009663962759077549
,,,9221,,0.007825704291462898
,,,9222,,0.007269616704434156
,,,9223,,0.009935597889125347
,,,9224,,0.00868415180593729
,,,9225,,0.004773270804435015
,,,9226,,0.007878611795604229
,,,9227,,0.015045699663460255
,,,9228,,0.008456528186798096
,,,9229,,0.005137384403496981
,,,9230,,0.006226413883268833
,,,9231,,0.0006069462397135794
,,,9232,,0.001163504901342094
,,,9233,,0.0006952590774744749
,,,9234,,0.0007280572317540646
,,,9235,,0.0006443236488848925
,,,9236,,0.0007130989106371999
,,,9237,,0.0004323175526224077
,,,9238,,0.0005771230207756162
,,,9239,,0.00048816960770636797
,,,9240,,0.0008647295762784779
,,,9241,,0.0006817607791163027
,,,9242,,0.0010889905970543623
,,,9243,,0.000815671170130372
,,,9244,,0.01156154740601778
,,,9245,,0.01404670812189579
,,,9246,,0.0131597351282835
,,,9247,,0.03851935639977455
,,,9248,,0.027593713253736496
,,,9249,,0.023070689290761948
,,,9250,,0.039809249341487885
,,,9251,,0.037671394646167755
,,,9252,,0.013566035777330399
,,,9253,,0.014661463908851147
,,,9254,,0.015060080215334892
,,,9255,,0.010587485507130623
,,,9256,,0.012643184512853622
,,,9257,,0.014637915417551994
,,,9258,,0.012060323730111122
,,,9259,,0.012273506261408329
,,,9260,,0.013720720075070858
,,,9261,,0.012202263809740543
,,,9262,,0.010813357308506966
,,,9263,,0.01013532280921936
,,,9264,,0.014220528304576874
,,,9265,,0.013262446969747543
,,,9266,,0.014722849242389202
,,,9267,,0.013287285342812538
,,,9268,,0.012507353909313679
,,,9269,,0.01668660342693329
,,,9270,,0.014235996641218662
,,,9271,,0.010729875415563583
,,,9272,,0.014274166896939278
,,,9273,,0.01413121446967125
,,,9274,,0.011484391987323761
,,,9275,,0.011552001349627972
,,,9276,,0.009174000471830368
,,,9277,,0.012252403423190117
,,,9278,,0.01129362266510725
,,,9279,,0.012988528236746788
,,,9280,,0.010155821219086647
,,,9281,,0.0113058565184474
,,,9282,,0.011902868747711182
,,,9283,,0.011614389717578888
,,,9284,,0.01106547936797142
,,,9285,,0.011464214883744717
,,,9286,,0.009514326229691505
,,,9287,,0.009801611304283142
,,,9288,,0.010037614032626152
,,,9289,,0.013381753116846085
,,,9290,,0.01131150871515274
,,,9291,,0.01321854256093502
,,,9292,,0.01154620572924614
,,,9293,,0.013500780798494816
,,,9294,,0.012603875249624252
,,,9295,,0.011724736541509628
,,,9296,,0.010965665802359581
,,,9297,,0.012452936731278896
,,,9298,,0.008605513721704483
,,,9299,,0.009162742644548416
,,,9300,,0.007940503768622875
,,,9301,,0.007757735438644886
,,,9302,,0.008106116205453873
,,,9303,,0.009058315306901932
,,,9304,,0.008112874813377857
,,,9305,,0.008508425205945969
,,,9306,,0.007664802484214306
,,,9307,,0.008533184416592121
,,,9308,,0.007116204127669334
,,,9309,,0.006659368053078651
,,,9310,,0.0076431771740317345
,,,9311,,0.008128388784825802
,,,9312,,0.00850228127092123
,,,9313,,0.008168652653694153
,,,9314,,0.009083308279514313
,,,9315,,0.008592059835791588
,,,9316,,0.008823007345199585
,,,9317,,0.007713998667895794
,,,9318,,0.00781052652746439
,,,9319,,0.009011398069560528
,,,9320,,0.008104984648525715
,,,9321,,0.009093079715967178
,,,9322,,0.010551449842751026
,,,9323,,0.00935399904847145
,,,9324,,0.009746618568897247
,,,9325,,0.008819036185741425
,,,9326,,0.007696159183979034
,,,9327,,0.008132568560540676
,,,9328,,0.01110546663403511
,,,9329,,0.009388918988406658
,,,9330,,0.0081400815397501
,,,9331,,0.011317484080791473
,,,9332,,0.008937004022300243
,,,9333,,0.01132819801568985
,,,9334,,0.008840380236506462
,,,9335,,0.008304932154715061
,,,9336,,0.009767323732376099
,,,9337,,0.009569278918206692
,,,9338,,0.00833122804760933
,,,9339,,0.010445356369018555
,,,9340,,0.009281404316425323
,,,9341,,0.008789008483290672
,,,9342,,0.003975308034569025
,,,9343,,0.0030062561854720116
,,,9344,,0.002221499104052782
,,,9345,,0.0023875278420746326
,,,9346,,0.0020939866080880165
,,,9347,,0.002068290486931801
,,,9348,,0.0025150724686682224
,,,9349,,0.002288979012519121
,,,9350,,0.0032854413148015738
,,,9351,,0.002616638783365488
,,,9352,,0.002547499258071184
,,,9353,,0.002705155871808529
,,,9354,,0.0024704597890377045
,,,9355,,0.01117384247481823
,,,9356,,0.014372061006724834
,,,9357,,0.012334959581494331
,,,9358,,0.011218915693461895
,,,9359,,0.004492270294576883
,,,9360,,0.039722904562950134
,,,9361,,0.008410768583416939
,,,9362,,0.0280807726085186
,,,9363,,0.013686769641935825
,,,9364,,0.014613360166549683
,,,9365,,0.021659746766090393
,,,9366,,0.02409149333834648
,,,9367,,0.02541031874716282
,,,9368,,0.0242244191467762
,,,9369,,0.019276980310678482
,,,9370,,0.030694929882884026
,,,9371,,0.022278884425759315
,,,9372,,0.0914761945605278
,,,9373,,0.07421311736106873
,,,9374,,0.06407241523265839
,,,9375,,0.06583108007907867
,,,9376,,0.09308819472789764
,,,9377,,0.056720487773418427
,,,9378,,0.06157447397708893
,,,9379,,0.07931055128574371
,,,9380,,0.05911817401647568
,,,9381,,0.07455898076295853
,,,9382,,0.06178896501660347
,,,9383,,0.06534356623888016
,,,9384,,0.075625479221344
,,,9385,,0.07298149913549423
,,,9386,,0.0712549239397049
,,,9387,,0.06757645308971405
,,,9388,,0.035222891718149185
40,,,3320,0.014095837250351906,
40,0.013797570951282978,,3320,,
41,,0.011222808621823788,3329,,
41,,0.0031641055829823017,3339,,
41,,0.020645344629883766,3349,,
41,,0.015304561704397202,3359,,
41,,0.007815282791852951,3369,,
41,,0.017215076833963394,3379,,
41,,0.008496662601828575,3389,,
41,,0.010592307895421982,3399,,
,,,9389,,0.0011478778906166553
,,,9390,,0.0011080215917900205
,,,9391,,0.0014310854021459818
,,,9392,,0.0011642803438007832
,,,9393,,0.001581540796905756
,,,9394,,0.0010994903277605772
,,,9395,,0.0013394127599895
,,,9396,,0.0010888546239584684
,,,9397,,0.001361411064863205
,,,9398,,0.0010911463759839535
,,,9399,,0.0016527669504284859
,,,9400,,0.0015665193786844611
,,,9401,,0.001077316701412201
,,,9402,,0.0012734432239085436
,,,9403,,0.0015092174289748073
,,,9404,,0.001293407054618001
,,,9405,,0.0017192151863127947
,,,9406,,0.001599625451490283
,,,9407,,0.0016994306351989508
,,,9408,,0.002033612225204706
,,,9409,,0.001171721494756639
,,,9410,,0.0011356574250385165
,,,9411,,0.0011389990104362369
,,,9412,,0.001713124685920775
,,,9413,,0.0015824732836335897
,,,9414,,0.0014365266542881727
,,,9415,,0.0014728066744282842
,,,9416,,0.006392711773514748
,,,9417,,0.017993252724409103
,,,9418,,0.015628205612301826
,,,9419,,0.014895092695951462
,,,9420,,0.01644531637430191
,,,9421,,0.015072684735059738
,,,9422,,0.07822269201278687
,,,9423,,0.024746399372816086
,,,9424,,0.012977713719010353
,,,9425,,0.014794250950217247
,,,9426,,0.010166257619857788
,,,9427,,0.006327325478196144
,,,9428,,0.013443464413285255
,,,9429,,0.008531427010893822
,,,9430,,0.00684827845543623
,,,9431,,0.01591719314455986
,,,9432,,0.013941096141934395
,,,9433,,0.007321294862776995
,,,9434,,0.01863071322441101
,,,9435,,0.009880146011710167
,,,9436,,0.0036500832065939903
,,,9437,,0.010356596671044827
,,,9438,,0.005765474401414394
,,,9439,,0.006745153106749058
,,,9440,,0.009164848364889622
,,,9441,,0.0029814885929226875
,,,9442,,0.007775007281452417
,,,9443,,0.009382075630128384
,,,9444,,0.01581999845802784
,,,9445,,0.015491973608732224
,,,9446,,0.00851448718458414
,,,9447,,0.011668656952679157
,,,9448,,0.008742935955524445
,,,9449,,0.010488424450159073
,,,9450,,0.008866870775818825
,,,9451,,0.008233128115534782
,,,9452,,0.010692091658711433
,,,9453,,0.0096774622797966
,,,9454,,0.0058003757148981094
,,,9455,,0.008558562025427818
,,,9456,,0.01543158758431673
,,,9457,,0.009377101436257362
,,,9458,,0.006164755672216415
,,,9459,,0.006891421042382717
,,,9460,,0.001224392093718052
,,,9461,,0.0018523080507293344
,,,9462,,0.0014587686164304614
,,,9463,,0.0014223488979041576
,,,9464,,0.0012228306150063872
,,,9465,,0.0013271186035126448
,,,9466,,0.0010680784471333027
,,,9467,,0.001225283951498568
,,,9468,,0.0011003229301422834
,,,9469,,0.0014127728063613176
,,,9470,,0.0013897742610424757
,,,9471,,0.0015455489046871662
,,,9472,,0.0014180324506014585
,,,9473,,0.012563037686049938
,,,9474,,0.015155676752328873
,,,9475,,0.014206094667315483
,,,9476,,0.0402604341506958
,,,9477,,0.02935197576880455
,,,9478,,0.025617845356464386
,,,9479,,0.042014166712760925
,,,9480,,0.039607468992471695
,,,9481,,0.014287853613495827
,,,9482,,0.014859925955533981
,,,9483,,0.015183922834694386
,,,9484,,0.01091612409800291
,,,9485,,0.012885681353509426
,,,9486,,0.014904423616826534
,,,9487,,0.012276546098291874
,,,9488,,0.012546981684863567
,,,9489,,0.013835909776389599
,,,9490,,0.012339984998106956
,,,9491,,0.0110006183385849
,,,9492,,0.010501397773623466
,,,9493,,0.014337047003209591
,,,9494,,0.013406858779489994
,,,9495,,0.014881201088428497
,,,9496,,0.013515714555978775
,,,9497,,0.012814383022487164
,,,9498,,0.016842171549797058
,,,9499,,0.014427753165364265
,,,9500,,0.011116893962025642
,,,9501,,0.014384431764483452
,,,9502,,0.014377566054463387
,,,9503,,0.012171225622296333
,,,9504,,0.012203248217701912
,,,9505,,0.009652169421315193
,,,9506,,0.012588238343596458
,,,9507,,0.0115702198818326
,,,9508,,0.013152822852134705
,,,9509,,0.010388785973191261
,,,9510,,0.011555951088666916
,,,9511,,0.012062318623065948
,,,9512,,0.011929544620215893
,,,9513,,0.011293895542621613
,,,9514,,0.011570485308766365
,,,9515,,0.009889346547424793
,,,9516,,0.009964307770133018
,,,9517,,0.010200196877121925
,,,9518,,0.013621296733617783
,,,9519,,0.011592220515012741
,,,9520,,0.01350394170731306
,,,9521,,0.011691994965076447
,,,9522,,0.013553602620959282
,,,9523,,0.012866185046732426
,,,9524,,0.011919675394892693
,,,9525,,0.011135340668261051
,,,9526,,0.012619627639651299
,,,9527,,0.008953224867582321
,,,9528,,0.009633957408368587
,,,9529,,0.008134769275784492
,,,9530,,0.007961566559970379
,,,9531,,0.008509189821779728
,,,9532,,0.00946812890470028
,,,9533,,0.008728223852813244
,,,9534,,0.008868476375937462
,,,9535,,0.008101580664515495
,,,9536,,0.008968803100287914
,,,9537,,0.007639234885573387
,,,9538,,0.006912123411893845
,,,9539,,0.008016874082386494
,,,9540,,0.008352302014827728
,,,9541,,0.0089000528678298
,,,9542,,0.008552413433790207
,,,9543,,0.009619730524718761
,,,9544,,0.009068692103028297
,,,9545,,0.009028864093124866
,,,9546,,0.008147643879055977
,,,9547,,0.008166871033608913
,,,9548,,0.009527342393994331
,,,9549,,0.008666422218084335
,,,9550,,0.00961273442953825
,,,9551,,0.010984733700752258
,,,9552,,0.009891245514154434
,,,9553,,0.01025337353348732
,,,9554,,0.009354420006275177
,,,9555,,0.008235192857682705
,,,9556,,0.008724760264158249
,,,9557,,0.011581135913729668
,,,9558,,0.009855443611741066
,,,9559,,0.008789273910224438
,,,9560,,0.011701672337949276
,,,9561,,0.00939973909407854
,,,9562,,0.01181548647582531
,,,9563,,0.00936530064791441
,,,9564,,0.00881904549896717
,,,9565,,0.0103209363296628
,,,9566,,0.010094745084643364
,,,9567,,0.008840314112603664
,,,9568,,0.010893327184021473
,,,9569,,0.009836249053478241
,,,9570,,0.009326394647359848
,,,9571,,0.0041625783778727055
,,,9572,,0.0031169834546744823
,,,9573,,0.002377517055720091
,,,9574,,0.002694383729249239
,,,9575,,0.0023046049755066633
,,,9576,,0.0022271268535405397
,,,9577,,0.0026401011273264885
,,,9578,,0.0025130014400929213
,,,9579,,0.0035759650636464357
,,,9580,,0.00281929736956954
,,,9581,,0.002791964914649725
,,,9582,,0.0030028645414859056
,,,9583,,0.0026453204918652773
,,,9584,,0.011759776622056961
,,,9585,,0.014385850168764591
,,,9586,,0.012439473532140255
,,,9587,,0.011453581973910332
,,,9588,,0.00525679113343358
,,,9589,,0.04030095785856247
,,,9590,,0.009294392541050911
,,,9591,,0.028624944388866425
,,,9592,,0.01421311218291521
,,,9593,,0.015521378256380558
,,,9594,,0.02279007062315941
,,,9595,,0.026103012263774872
,,,9596,,0.02547561563551426
,,,9597,,0.025587473064661026
,,,9598,,0.01870587095618248
,,,9599,,0.030096452683210373
,,,9600,,0.023082716390490532
,,,9601,,0.09192350506782532
,,,9602,,0.07400209456682205
,,,9603,,0.06398694217205048
,,,9604,,0.06606607139110565
,,,9605,,0.0923880934715271
,,,9606,,0.057194262742996216
,,,9607,,0.06189650297164917
,,,9608,,0.080021932721138
,,,9609,,0.059549205005168915
,,,9610,,0.07384364306926727
,,,9611,,0.061619434505701065
,,,9612,,0.06521040201187134
,,,9613,,0.07542307674884796
,,,9614,,0.07274167984724045
,,,9615,,0.07088463753461838
,,,9616,,0.0678795725107193
,,,9617,,0.03446672111749649
41,,,3401,0.01452367939054966,
41,0.013298208825290203,,3401,,
42,,0.016193512827157974,3409,,
42,,0.01898142695426941,3419,,
42,,0.010489546693861485,3429,,
42,,0.014313927851617336,3439,,
42,,0.01615152880549431,3449,,
42,,0.013143161311745644,3459,,
42,,0.00916304811835289,3469,,
42,,0.016070522367954254,3479,,
,,,9618,,0.00042205091449432075
,,,9619,,0.0003627740079537034
,,,9620,,0.0007642615237273276
,,,9621,,0.00040699090459384024
,,,9622,,0.0008656206191517413
,,,9623,,0.00037815578980371356
,,,9624,,0.0006398012046702206
,,,9625,,0.0003118016757071018
,,,9626,,0.000602273503318429
,,,9627,,0.0003549225511960685
,,,9628,,0.000901956984307617
,,,9629,,0.0009196966420859098
,,,9630,,0.00034028387744911015
,,,9631,,0.0005232435651123524
,,,9632,,0.0007581754471175373
,,,9633,,0.0004463627701625228
,,,9634,,0.000928578432649374
,,,9635,,0.0008082055719569325
,,,9636,,0.0007226803572848439
,,,9637,,0.001285323640331626
,,,9638,,0.00044169576722197235
,,,9639,,0.0004040406201966107
,,,9640,,0.00033953686943277717
,,,9641,,0.0009871996007859707
,,,9642,,0.0008038928499445319
,,,9643,,0.0006455176626332104
,,,9644,,0.0006971847615204751
,,,9645,,0.006289714016020298
,,,9646,,0.0178687646985054
,,,9647,,0.015466807410120964
,,,9648,,0.014814930967986584
,,,9649,,0.016385406255722046
,,,9650,,0.014910738915205002
,,,9651,,0.07792878895998001
,,,9652,,0.02458067238330841
,,,9653,,0.012902693822979927
,,,9654,,0.014669735915958881
,,,9655,,0.010134207084774971
,,,9656,,0.006280018016695976
,,,9657,,0.013303924351930618
,,,9658,,0.008436671458184719
,,,9659,,0.006621601525694132
,,,9660,,0.015563730150461197
,,,9661,,0.01374493446201086
,,,9662,,0.007199560292065144
,,,9663,,0.01835344359278679
,,,9664,,0.00961749441921711
,,,9665,,0.003504327964037657
,,,9666,,0.010092966258525848
,,,9667,,0.0054239146411418915
,,,9668,,0.006569075398147106
,,,9669,,0.008940118364989758
,,,9670,,0.0028576278127729893
,,,9671,,0.007494820281863213
,,,9672,,0.008054058998823166
,,,9673,,0.014610819518566132
,,,9674,,0.014505086466670036
,,,9675,,0.007262432482093573
,,,9676,,0.01069808378815651
,,,9677,,0.007644917815923691
,,,9678,,0.00923294946551323
,,,9679,,0.007358352653682232
,,,9680,,0.006872854195535183
,,,9681,,0.009554794058203697
,,,9682,,0.008255722932517529
,,,9683,,0.0046261269599199295
,,,9684,,0.006983496714383364
,,,9685,,0.014516867697238922
,,,9686,,0.008243403397500515
,,,9687,,0.004689602181315422
,,,9688,,0.005875580944120884
,,,9689,,0.0005239858292043209
,,,9690,,0.00106235989369452
,,,9691,,0.0006279731169342995
,,,9692,,0.0006107664667069912
,,,9693,,0.00054440728854388
,,,9694,,0.000625667511485517
,,,9695,,0.0003510373644530773
,,,9696,,0.0004671351925935596
,,,9697,,0.0003918998409062624
,,,9698,,0.0007676559034734964
,,,9699,,0.0005704236100427806
,,,9700,,0.001002084114588797
,,,9701,,0.0007530777947977185
,,,9702,,0.01178694050759077
,,,9703,,0.014429556205868721
,,,9704,,0.013399088755249977
,,,9705,,0.037917956709861755
,,,9706,,0.027186062186956406
,,,9707,,0.02319849655032158
,,,9708,,0.03946664184331894
,,,9709,,0.037123315036296844
,,,9710,,0.013367637991905212
,,,9711,,0.014101581647992134
,,,9712,,0.014570736326277256
,,,9713,,0.010247190482914448
,,,9714,,0.012347672134637833
,,,9715,,0.014096672646701336
,,,9716,,0.01174250990152359
,,,9717,,0.011896369978785515
,,,9718,,0.013238999992609024
,,,9719,,0.011790741235017776
,,,9720,,0.01043318584561348
,,,9721,,0.009731711819767952
,,,9722,,0.013678383082151413
,,,9723,,0.012767881155014038
,,,9724,,0.014144093729555607
,,,9725,,0.012751209549605846
,,,9726,,0.012031806632876396
,,,9727,,0.01611233502626419
,,,9728,,0.013730346225202084
,,,9729,,0.010375743731856346
,,,9730,,0.013681912794709206
,,,9731,,0.01368532981723547
,,,9732,,0.011223489418625832
,,,9733,,0.01125782635062933
,,,9734,,0.008966216817498207
,,,9735,,0.01197492703795433
,,,9736,,0.011128591373562813
,,,9737,,0.012792812660336494
,,,9738,,0.009985479526221752
,,,9739,,0.011121178977191448
,,,9740,,0.011630380526185036
,,,9741,,0.011376732960343361
,,,9742,,0.010852877050638199
,,,9743,,0.011210659518837929
,,,9744,,0.00937107764184475
,,,9745,,0.009600799530744553
,,,9746,,0.009839078411459923
,,,9747,,0.013155465945601463
,,,9748,,0.011135628446936607
,,,9749,,0.012983541935682297
,,,9750,,0.011294633150100708
,,,9751,,0.013306309469044209
,,,9752,,0.012375487014651299
,,,9753,,0.011526482179760933
,,,9754,,0.010692032054066658
,,,9755,,0.012164857238531113
,,,9756,,0.008405311033129692
,,,9757,,0.008885998278856277
,,,9758,,0.007676318287849426
,,,9759,,0.00741404015570879
,,,9760,,0.00787888839840889
,,,9761,,0.008785773068666458
,,,9762,,0.007936673238873482
,,,9763,,0.008340994827449322
,,,9764,,0.0074468753300607204
,,,9765,,0.008197909221053123
,,,9766,,0.006965138018131256
,,,9767,,0.00638838205486536
,,,9768,,0.007381143979728222
,,,9769,,0.007787425071001053
,,,9770,,0.008327042683959007
,,,9771,,0.007932206615805626
,,,9772,,0.008860446512699127
,,,9773,,0.008332976140081882
,,,9774,,0.008449258282780647
,,,9775,,0.007473320700228214
,,,9776,,0.007589902728796005
,,,9777,,0.008829609490931034
,,,9778,,0.007901540026068687
,,,9779,,0.008964607492089272
,,,9780,,0.0103526059538126
,,,9781,,0.009157747030258179
,,,9782,,0.009523630142211914
,,,9783,,0.008592020720243454
,,,9784,,0.0074924747459590435
,,,9785,,0.007971810176968575
,,,9786,,0.010917652398347855
,,,9787,,0.009174378588795662
,,,9788,,0.007968837395310402
,,,9789,,0.011066115461289883
,,,9790,,0.008746895007789135
,,,9791,,0.011059626936912537
,,,9792,,0.008637340739369392
,,,9793,,0.008148949593305588
,,,9794,,0.009592952206730843
,,,9795,,0.00933847762644291
,,,9796,,0.00817475188523531
,,,9797,,0.010322729125618935
,,,9798,,0.009114323183894157
,,,9799,,0.008669611066579819
,,,9800,,0.004224784672260284
,,,9801,,0.0031684492714703083
,,,9802,,0.0023398068733513355
,,,9803,,0.0026045055128633976
,,,9804,,0.002194149885326624
,,,9805,,0.0022655739448964596
,,,9806,,0.0026709241792559624
,,,9807,,0.002456448972225189
,,,9808,,0.003457315731793642
,,,9809,,0.0029335240833461285
,,,9810,,0.002755389316007495
,,,9811,,0.0029962086118757725
,,,9812,,0.0025538955815136433
,,,9813,,0.011573681607842445
,,,9814,,0.0138632170855999
,,,9815,,0.012693488970398903
,,,9816,,0.011564364656805992
,,,9817,,0.004412370268255472
,,,9818,,0.03912124037742615
,,,9819,,0.008809596300125122
,,,9820,,0.026552144438028336
,,,9821,,0.013918641023337841
,,,9822,,0.015380380675196648
,,,9823,,0.02251492068171501
,,,9824,,0.02419869601726532
,,,9825,,0.02599463425576687
,,,9826,,0.025507237762212753
,,,9827,,0.017888285219669342
,,,9828,,0.028018448501825333
,,,9829,,0.021754110231995583
,,,9830,,0.09111151099205017
,,,9831,,0.07357398420572281
,,,9832,,0.06192538142204285
,,,9833,,0.06414730846881866
,,,9834,,0.09127861261367798
,,,9835,,0.05636340379714966
,,,9836,,0.06098390370607376
,,,9837,,0.07784798741340637
,,,9838,,0.05813600867986679
,,,9839,,0.07225966453552246
,,,9840,,0.06036271154880524
,,,9841,,0.06464052200317383
,,,9842,,0.07435555756092072
,,,9843,,0.07156790792942047
,,,9844,,0.06971859186887741
,,,9845,,0.06636790931224823
,,,9846,,0.03492855653166771
42,,,3482,0.013833949342370033,
42,0.013211860321462154,,3482,,
43,,0.007052264176309109,3489,,
43,,0.014397729188203812,3499,,
43,,0.012947890907526016,3509,,
43,,0.015435907989740372,3519,,
43,,0.016847198829054832,3529,,
43,,0.009542927145957947,3539,,
43,,0.006859247572720051,3549,,
43,,0.01226547546684742,3559,,
,,,9847,,0.0010770779335871339
,,,9848,,0.0010738468263298273
,,,9849,,0.0012034622486680746
,,,9850,,0.0010651163756847382
,,,9851,,0.0020156437531113625
,,,9852,,0.0008337583858519793
,,,9853,,0.001122879795730114
,,,9854,,0.0009703313116915524
,,,9855,,0.001498574041761458
,,,9856,,0.0008591412915848196
,,,9857,,0.0014072281774133444
,,,9858,,0.0013272380456328392
,,,9859,,0.0009643472149036825
,,,9860,,0.0011935073416680098
,,,9861,,0.0012561783660203218
,,,9862,,0.001106136478483677
,,,9863,,0.0017148393671959639
,,,9864,,0.0014970796182751656
,,,9865,,0.0017910442547872663
,,,9866,,0.0017522088019177318
,,,9867,,0.0009615247836336493
,,,9868,,0.0009898554999381304
,,,9869,,0.0009738859953358769
,,,9870,,0.0015734663465991616
,,,9871,,0.0013741068542003632
,,,9872,,0.001412529731169343
,,,9873,,0.0014161148574203253
,,,9874,,0.006523371674120426
,,,9875,,0.01786133274435997
,,,9876,,0.015484527684748173
,,,9877,,0.01490326039493084
,,,9878,,0.016411736607551575
,,,9879,,0.014923197217285633
,,,9880,,0.07790006697177887
,,,9881,,0.024436749517917633
,,,9882,,0.012801331467926502
,,,9883,,0.014770621433854103
,,,9884,,0.010174177587032318
,,,9885,,0.006395014002919197
,,,9886,,0.013338729739189148
,,,9887,,0.008639534935355186
,,,9888,,0.006943195592612028
,,,9889,,0.015599403530359268
,,,9890,,0.01383217703551054
,,,9891,,0.007474944926798344
,,,9892,,0.018407195806503296
,,,9893,,0.009871379472315311
,,,9894,,0.0038475303445011377
,,,9895,,0.010087070055305958
,,,9896,,0.005762222222983837
,,,9897,,0.006921295542269945
,,,9898,,0.00928107276558876
,,,9899,,0.003219424281269312
,,,9900,,0.007816161960363388
,,,9901,,0.009102359414100647
,,,9902,,0.015469665639102459
,,,9903,,0.015269159339368343
,,,9904,,0.008866140618920326
,,,9905,,0.011128460988402367
,,,9906,,0.008621597662568092
,,,9907,,0.010676381178200245
,,,9908,,0.008601030334830284
,,,9909,,0.008291790261864662
,,,9910,,0.009882105514407158
,,,9911,,0.00932694599032402
,,,9912,,0.006419803481549025
,,,9913,,0.0085793137550354
,,,9914,,0.015447578392922878
,,,9915,,0.009896321222186089
,,,9916,,0.007550870068371296
,,,9917,,0.00661272369325161
,,,9918,,0.0010414791759103537
,,,9919,,0.0016491904389113188
,,,9920,,0.0007079875795170665
,,,9921,,0.0010728177148848772
,,,9922,,0.0009814654476940632
,,,9923,,0.0010782396420836449
,,,9924,,0.0010379836894571781
,,,9925,,0.0009277621866203845
,,,9926,,0.0010644104331731796
,,,9927,,0.0013706287136301398
,,,9928,,0.0009834240190684795
,,,9929,,0.001961934845894575
,,,9930,,0.0012461465084925294
,,,9931,,0.011887110769748688
,,,9932,,0.01426544226706028
,,,9933,,0.014249807223677635
,,,9934,,0.0423722043633461
,,,9935,,0.03178880363702774
,,,9936,,0.025619277730584145
,,,9937,,0.03893488645553589
,,,9938,,0.03668555989861488
,,,9939,,0.01353304460644722
,,,9940,,0.014406727626919746
,,,9941,,0.014718666672706604
,,,9942,,0.01060920488089323
,,,9943,,0.012619410641491413
,,,9944,,0.014496870338916779
,,,9945,,0.012047643773257732
,,,9946,,0.01239568367600441
,,,9947,,0.013539277948439121
,,,9948,,0.012119146063923836
,,,9949,,0.0107440035790205
,,,9950,,0.010106202214956284
,,,9951,,0.013963773846626282
,,,9952,,0.013089848682284355
,,,9953,,0.01457554567605257
,,,9954,,0.01299344189465046
,,,9955,,0.012414371594786644
,,,9956,,0.01635708659887314
,,,9957,,0.01407715305685997
,,,9958,,0.010726818814873695
,,,9959,,0.014075210317969322
,,,9960,,0.014090050011873245
,,,9961,,0.0113012520596385
,,,9962,,0.011390529572963715
,,,9963,,0.009251081384718418
,,,9964,,0.01243479736149311
,,,9965,,0.011364330537617207
,,,9966,,0.013099870644509792
,,,9967,,0.010307845659554005
,,,9968,,0.011446516960859299
,,,9969,,0.012061094865202904
,,,9970,,0.011807342991232872
,,,9971,,0.011226333677768707
,,,9972,,0.011589113622903824
,,,9973,,0.009749887511134148
,,,9974,,0.00988541916012764
,,,9975,,0.010076106525957584
,,,9976,,0.01339747104793787
,,,9977,,0.011457054875791073
,,,9978,,0.01332077756524086
,,,9979,,0.011575911194086075
,,,9980,,0.013647543266415596
,,,9981,,0.012674243189394474
,,,9982,,0.01188644953072071
,,,9983,,0.011045040562748909
,,,9984,,0.012583132833242416
,,,9985,,0.008903520181775093
,,,9986,,0.009298741817474365
,,,9987,,0.00830239336937666
,,,9988,,0.00801705289632082
,,,9989,,0.008422563783824444
,,,9990,,0.009302434511482716
,,,9991,,0.00833138171583414
,,,9992,,0.00883261114358902
,,,9993,,0.007876831106841564
,,,9994,,0.008631891570985317
,,,9995,,0.007668944541364908
,,,9996,,0.006928741931915283
,,,9997,,0.007814320735633373
,,,9998,,0.008401665836572647
,,,9999,,0.00873908493667841
,,,10000,,0.008481187745928764
,,,10001,,0.008976798504590988
,,,10002,,0.00883108377456665
,,,10003,,0.009054668247699738
,,,10004,,0.008013585582375526
,,,10005,,0.008050035685300827
,,,10006,,0.009296893142163754
,,,10007,,0.008405960164964199
,,,10008,,0.009388185106217861
,,,10009,,0.010804707184433937
,,,10010,,0.009667710401117802
,,,10011,,0.010085885412991047
,,,10012,,0.009157642722129822
,,,10013,,0.008045836351811886
,,,10014,,0.008521893993020058
,,,10015,,0.01145661436021328
,,,10016,,0.009682866744697094
,,,10017,,0.008518156595528126
,,,10018,,0.011533517390489578
,,,10019,,0.009212675504386425
,,,10020,,0.01157077495008707
,,,10021,,0.009171763435006142
,,,10022,,0.008645383641123772
,,,10023,,0.010142659768462181
,,,10024,,0.009908759966492653
,,,10025,,0.00869632139801979
,,,10026,,0.0107651948928833
,,,10027,,0.009665146470069885
,,,10028,,0.009091399610042572
,,,10029,,0.0038318606093525887
,,,10030,,0.0030232155695557594
,,,10031,,0.0023884207475930452
,,,10032,,0.0025412002578377724
,,,10033,,0.0022851412650197744
,,,10034,,0.0021035464014858007
,,,10035,,0.002719651209190488
,,,10036,,0.002298085018992424
,,,10037,,0.0033231345005333424
,,,10038,,0.002631372306495905
,,,10039,,0.0026252262759953737
,,,10040,,0.002712237648665905
,,,10041,,0.0026375779416412115
,,,10042,,0.010666660964488983
,,,10043,,0.015732411295175552
,,,10044,,0.013135372661054134
,,,10045,,0.012045744806528091
,,,10046,,0.0049082208424806595
,,,10047,,0.03979489579796791
,,,10048,,0.009775237180292606
,,,10049,,0.027807872742414474
,,,10050,,0.01482041273266077
,,,10051,,0.015307290479540825
,,,10052,,0.02120295539498329
,,,10053,,0.025058530271053314
,,,10054,,0.02585783042013645
,,,10055,,0.02658608928322792
,,,10056,,0.01767798513174057
,,,10057,,0.029326677322387695
,,,10058,,0.022300049662590027
,,,10059,,0.09060259908437729
,,,10060,,0.07324351370334625
,,,10061,,0.06213810667395592
,,,10062,,0.06468144059181213
,,,10063,,0.09127329289913177
,,,10064,,0.05553223192691803
,,,10065,,0.061082880944013596
,,,10066,,0.07816869020462036
,,,10067,,0.05812576785683632
,,,10068,,0.0720711275935173
,,,10069,,0.060000330209732056
,,,10070,,0.0643339604139328
,,,10071,,0.07497929781675339
,,,10072,,0.07150974869728088
,,,10073,,0.06951568275690079
,,,10074,,0.06624075770378113
,,,10075,,0.03414527326822281
43,,,3563,0.01428257767111063,
43,0.01267112884670496,,3563,,
44,,0.012062329798936844,3569,,
44,,0.008963566273450851,3579,,
44,,0.01269049383699894,3589,,
44,,0.02351059578359127,3599,,
44,,0.015981797128915787,3609,,
44,,0.021765317767858505,3619,,
44,,0.005043043754994869,3629,,
44,,0.01005912572145462,3639,,
,,,10076,,0.00043788726907223463
,,,10077,,0.00040029699448496103
,,,10078,,0.0007339392323046923
,,,10079,,0.00035454396856948733
,,,10080,,0.0008615036495029926
,,,10081,,0.0003214804455637932
,,,10082,,0.0005620239535346627
,,,10083,,0.00032578635727986693
,,,10084,,0.0005283188656903803
,,,10085,,0.0003446746850386262
,,,10086,,0.0008344881352968514
,,,10087,,0.0008748366963118315
,,,10088,,0.00038068011053837836
,,,10089,,0.00048553658416494727
,,,10090,,0.0007438895991072059
,,,10091,,0.0004548619326669723
,,,10092,,0.0010234426008537412
,,,10093,,0.0008668092777952552
,,,10094,,0.0006704137194901705
,,,10095,,0.0013737293193116784
,,,10096,,0.0004135703784413636
,,,10097,,0.0004029389820061624
,,,10098,,0.0003140383050777018
,,,10099,,0.0011011500610038638
,,,10100,,0.0008543131989426911
,,,10101,,0.0006633370066992939
,,,10102,,0.0006410228088498116
,,,10103,,0.006162542849779129
,,,10104,,0.017722710967063904
,,,10105,,0.015291828662157059
,,,10106,,0.01469334028661251
,,,10107,,0.01617412455379963
,,,10108,,0.014855909161269665
,,,10109,,0.07748663425445557
,,,10110,,0.024358898401260376
,,,10111,,0.012722037732601166
,,,10112,,0.014578299596905708
,,,10113,,0.009925147518515587
,,,10114,,0.006145246792584658
,,,10115,,0.013160938397049904
,,,10116,,0.008328918367624283
,,,10117,,0.006580274552106857
,,,10118,,0.015294798649847507
,,,10119,,0.013501117937266827
,,,10120,,0.007097459863871336
,,,10121,,0.017952989786863327
,,,10122,,0.009513823315501213
,,,10123,,0.003470756346359849
,,,10124,,0.009882793761789799
,,,10125,,0.005498816724866629
,,,10126,,0.0065481411293148994
,,,10127,,0.008870945312082767
,,,10128,,0.0028109545819461346
,,,10129,,0.007518769707530737
,,,10130,,0.007954981178045273
,,,10131,,0.014292054809629917
,,,10132,,0.014129819348454475
,,,10133,,0.007209517993032932
,,,10134,,0.010513663291931152
,,,10135,,0.007301625795662403
,,,10136,,0.009140715934336185
,,,10137,,0.007421886548399925
,,,10138,,0.006980637088418007
,,,10139,,0.009356265887618065
,,,10140,,0.008086338639259338
,,,10141,,0.0043412549421191216
,,,10142,,0.006609673146158457
,,,10143,,0.014335825107991695
,,,10144,,0.008289028890430927
,,,10145,,0.004989772103726864
,,,10146,,0.005659910850226879
,,,10147,,0.000489179277792573
,,,10148,,0.0010673901997506618
,,,10149,,0.0007187704322859645
,,,10150,,0.0005887423176318407
,,,10151,,0.0005160215077921748
,,,10152,,0.0005652480758726597
,,,10153,,0.00033721854561008513
,,,10154,,0.0005525576416403055
,,,10155,,0.00041516299825161695
,,,10156,,0.0007161536486819386
,,,10157,,0.0005971255013719201
,,,10158,,0.0008008767617866397
,,,10159,,0.000668366439640522
,,,10160,,0.01163572259247303
,,,10161,,0.01419505849480629
,,,10162,,0.0132518969476223
,,,10163,,0.03669970482587814
,,,10164,,0.02643500454723835
,,,10165,,0.021779965609312057
,,,10166,,0.037119291722774506
,,,10167,,0.035011835396289825
,,,10168,,0.012726856395602226
,,,10169,,0.013910802081227303
,,,10170,,0.01432248204946518
,,,10171,,0.01009064819663763
,,,10172,,0.012216180562973022
,,,10173,,0.014000225812196732
,,,10174,,0.01146500650793314
,,,10175,,0.011763427406549454
,,,10176,,0.013131724670529366
,,,10177,,0.011730290949344635
,,,10178,,0.010211693122982979
,,,10179,,0.009664222598075867
,,,10180,,0.013484735041856766
,,,10181,,0.012799432501196861
,,,10182,,0.014071614481508732
,,,10183,,0.012718300335109234
,,,10184,,0.01196778379380703
,,,10185,,0.015972673892974854
,,,10186,,0.013589753769338131
,,,10187,,0.010318508371710777
,,,10188,,0.013543495908379555
,,,10189,,0.013525780290365219
,,,10190,,0.011142346076667309
,,,10191,,0.011152267456054688
,,,10192,,0.008833055384457111
,,,10193,,0.011695493012666702
,,,10194,,0.010802347213029861
,,,10195,,0.012404790148139
,,,10196,,0.009713237173855305
,,,10197,,0.010815425775945187
,,,10198,,0.011413155123591423
,,,10199,,0.01110430434346199
,,,10200,,0.010648299008607864
,,,10201,,0.01091676764190197
,,,10202,,0.00902167335152626
,,,10203,,0.009207963943481445
,,,10204,,0.009565630927681923
,,,10205,,0.012806457467377186
,,,10206,,0.010825024917721748
,,,10207,,0.012625845149159431
,,,10208,,0.011069240979850292
,,,10209,,0.01282164454460144
,,,10210,,0.012029490433633327
,,,10211,,0.01126838754862547
,,,10212,,0.010386025533080101
,,,10213,,0.01185262855142355
,,,10214,,0.008246809244155884
,,,10215,,0.008739421144127846
,,,10216,,0.007541359402239323
,,,10217,,0.007230063900351524
,,,10218,,0.00764426589012146
,,,10219,,0.00881691463291645
,,,10220,,0.0077605522237718105
,,,10221,,0.008254708722233772
,,,10222,,0.007391654420644045
,,,10223,,0.007939263246953487
,,,10224,,0.006885982118546963
,,,10225,,0.006328030489385128
,,,10226,,0.007141640409827232
,,,10227,,0.007701386231929064
,,,10228,,0.008148028515279293
,,,10229,,0.00777607224881649
,,,10230,,0.008555304259061813
,,,10231,,0.008213963359594345
,,,10232,,0.008349933661520481
,,,10233,,0.007238524034619331
,,,10234,,0.007514903787523508
,,,10235,,0.008610902354121208
,,,10236,,0.0079445019364357
,,,10237,,0.00898160133510828
,,,10238,,0.010415093973279
,,,10239,,0.009232615120708942
,,,10240,,0.009570678696036339
,,,10241,,0.008723651990294456
,,,10242,,0.007625896483659744
,,,10243,,0.008077594451606274
,,,10244,,0.010898062027990818
,,,10245,,0.009167449548840523
,,,10246,,0.008119393140077591
,,,10247,,0.011099440976977348
,,,10248,,0.008738217875361443
,,,10249,,0.01111646369099617
,,,10250,,0.008764215745031834
,,,10251,,0.008222397416830063
,,,10252,,0.00969439372420311
,,,10253,,0.009429937228560448
,,,10254,,0.00821688026189804
,,,10255,,0.010260569863021374
,,,10256,,0.009235214442014694
,,,10257,,0.008840586058795452
,,,10258,,0.00393105112016201
,,,10259,,0.003343032207340002
,,,10260,,0.0027484335005283356
,,,10261,,0.0027690078131854534
,,,10262,,0.002682014834135771
,,,10263,,0.0023762970231473446
,,,10264,,0.002903369255363941
,,,10265,,0.002597052836790681
,,,10266,,0.0036834166385233402
,,,10267,,0.002831611782312393
,,,10268,,0.0029795069713145494
,,,10269,,0.0030715344473719597
,,,10270,,0.003074308857321739
,,,10271,,0.010888773947954178
,,,10272,,0.013346252962946892
,,,10273,,0.012301888316869736
,,,10274,,0.011484658345580101
,,,10275,,0.005568249616771936
,,,10276,,0.0399511344730854
,,,10277,,0.008615619502961636
,,,10278,,0.027683325111865997
,,,10279,,0.014464699663221836
,,,10280,,0.014183901250362396
,,,10281,,0.023065943270921707
,,,10282,,0.026274610310792923
,,,10283,,0.025733990594744682
,,,10284,,0.024900173768401146
,,,10285,,0.019463349133729935
,,,10286,,0.029354482889175415
,,,10287,,0.02240297943353653
,,,10288,,0.08927096426486969
,,,10289,,0.0722636729478836
,,,10290,,0.06186513230204582
,,,10291,,0.06353668868541718
,,,10292,,0.09055310487747192
,,,10293,,0.05496242642402649
,,,10294,,0.05955352634191513
,,,10295,,0.07776173949241638
,,,10296,,0.057430364191532135
,,,10297,,0.07154577970504761
,,,10298,,0.05929393321275711
,,,10299,,0.06386396288871765
,,,10300,,0.07290253043174744
,,,10301,,0.07043193280696869
,,,10302,,0.06924524903297424
,,,10303,,0.06529150903224945
,,,10304,,0.03309335559606552
44,,,3644,0.013686476275324821,
44,0.012751308269798756,,3644,,
45,,0.014551111496984959,3649,,
45,,0.012273503467440605,3659,,
45,,0.02418741211295128,3669,,
45,,0.012196902185678482,3679,,
45,,0.008364219218492508,3689,,
45,,0.01563148945569992,3699,,
45,,0.006167011335492134,3709,,
45,,0.009539159946143627,3719,,
,,,10305,,0.000452893553301692
,,,10306,,0.00038891666918061674
,,,10307,,0.0007356222486123443
,,,10308,,0.0003962359041906893
,,,10309,,0.0008135493844747543
,,,10310,,0.00035018063499592245
,,,10311,,0.0005981074064038694
,,,10312,,0.0003310834872536361
,,,10313,,0.0005817341152578592
,,,10314,,0.00033753784373402596
,,,10315,,0.0008780665812082589
,,,10316,,0.000874029123224318
,,,10317,,0.0003500579041428864
,,,10318,,0.0004905690439045429
,,,10319,,0.000697258859872818
,,,10320,,0.000432296161307022
,,,10321,,0.0009305678540840745
,,,10322,,0.0007847636006772518
,,,10323,,0.0006849948549643159
,,,10324,,0.0012862450676038861
,,,10325,,0.00038524283445440233
,,,10326,,0.00037404749309644103
,,,10327,,0.00030353839974850416
,,,10328,,0.000999791780486703
,,,10329,,0.0008459211094304919
,,,10330,,0.0006657269550487399
,,,10331,,0.000694186077453196
,,,10332,,0.00601333798840642
,,,10333,,0.017420951277017593
,,,10334,,0.015008166432380676
,,,10335,,0.014506958425045013
,,,10336,,0.01597582921385765
,,,10337,,0.014558118768036366
,,,10338,,0.07707971334457397
,,,10339,,0.024045512080192566
,,,10340,,0.012443820014595985
,,,10341,,0.014284846372902393
,,,10342,,0.009702689945697784
,,,10343,,0.005974557250738144
,,,10344,,0.012864035554230213
,,,10345,,0.008230634033679962
,,,10346,,0.006638051941990852
,,,10347,,0.015224654227495193
,,,10348,,0.013387558981776237
,,,10349,,0.007168380077928305
,,,10350,,0.01779971830546856
,,,10351,,0.009418750181794167
,,,10352,,0.003507197368890047
,,,10353,,0.009768864139914513
,,,10354,,0.005374460015445948
,,,10355,,0.006560370791703463
,,,10356,,0.008924453519284725
,,,10357,,0.002909257309511304
,,,10358,,0.007372469641268253
,,,10359,,0.008060257881879807
,,,10360,,0.014363192021846771
,,,10361,,0.01460428535938263
,,,10362,,0.007241595070809126
,,,10363,,0.010905668139457703
,,,10364,,0.007752709556370974
,,,10365,,0.009044092148542404
,,,10366,,0.00757207628339529
,,,10367,,0.006782421376556158
,,,10368,,0.009743114933371544
,,,10369,,0.008011714555323124
,,,10370,,0.004519646055996418
,,,10371,,0.006794166751205921
,,,10372,,0.014435013756155968
,,,10373,,0.008224627934396267
,,,10374,,0.00449620233848691
,,,10375,,0.005862277001142502
,,,10376,,0.0005833970499224961
,,,10377,,0.0011407304555177689
,,,10378,,0.0007964510004967451
,,,10379,,0.0006480910233221948
,,,10380,,0.0006223663222044706
,,,10381,,0.0006812099600210786
,,,10382,,0.0004558388900477439
,,,10383,,0.0006745812715962529
,,,10384,,0.0005418712389655411
,,,10385,,0.0008522982243448496
,,,10386,,0.0006455456605181098
,,,10387,,0.0009699437068775296
,,,10388,,0.0007922766963019967
,,,10389,,0.010802432894706726
,,,10390,,0.013201804831624031
,,,10391,,0.012133833020925522
,,,10392,,0.03441488742828369
,,,10393,,0.024448523297905922
,,,10394,,0.021908290684223175
,,,10395,,0.0379469208419323
,,,10396,,0.03530166670680046
,,,10397,,0.01263684593141079
,,,10398,,0.01345624029636383
,,,10399,,0.013805137015879154
,,,10400,,0.009753039106726646
,,,10401,,0.011722516268491745
,,,10402,,0.01353304274380207
,,,10403,,0.010959535837173462
,,,10404,,0.011272655799984932
,,,10405,,0.012701570987701416
,,,10406,,0.011228762567043304
,,,10407,,0.009812254458665848
,,,10408,,0.0093714389950037
,,,10409,,0.013008788228034973
,,,10410,,0.012349091470241547
,,,10411,,0.01361452229321003
,,,10412,,0.012264198623597622
,,,10413,,0.01159554161131382
,,,10414,,0.015434952452778816
,,,10415,,0.0131690613925457
,,,10416,,0.00991833209991455
,,,10417,,0.013119297102093697
,,,10418,,0.013126356527209282
,,,10419,,0.011049341410398483
,,,10420,,0.011088346131145954
,,,10421,,0.008697235956788063
,,,10422,,0.011407425627112389
,,,10423,,0.010490617714822292
,,,10424,,0.012123731896281242
,,,10425,,0.009480389766395092
,,,10426,,0.010452130809426308
,,,10427,,0.011145477183163166
,,,10428,,0.010791249573230743
,,,10429,,0.010408254340291023
,,,10430,,0.010581741109490395
,,,10431,,0.008846773765981197
,,,10432,,0.0090012326836586
,,,10433,,0.009353237226605415
,,,10434,,0.012522234581410885
,,,10435,,0.010550359264016151
,,,10436,,0.012348296120762825
,,,10437,,0.010774033144116402
,,,10438,,0.012511582113802433
,,,10439,,0.011748065240681171
,,,10440,,0.010972242802381516
,,,10441,,0.010197790339589119
,,,10442,,0.011609629727900028
,,,10443,,0.00800037570297718
,,,10444,,0.008350523188710213
,,,10445,,0.007254512049257755
,,,10446,,0.007128996308892965
,,,10447,,0.007459564134478569
,,,10448,,0.008474146015942097
,,,10449,,0.007458611391484737
,,,10450,,0.0078117623925209045
,,,10451,,0.007097537163645029
,,,10452,,0.007757432758808136
,,,10453,,0.006489796098321676
,,,10454,,0.006120431702584028
,,,10455,,0.006993260700255632
,,,10456,,0.0075440192595124245
,,,10457,,0.007787324953824282
,,,10458,,0.007525907829403877
,,,10459,,0.008326524868607521
,,,10460,,0.007953498512506485
,,,10461,,0.008153675124049187
,,,10462,,0.007095722481608391
,,,10463,,0.007232997100800276
,,,10464,,0.008369021117687225
,,,10465,,0.007518835365772247
,,,10466,,0.008426493965089321
,,,10467,,0.009778304025530815
,,,10468,,0.008667169138789177
,,,10469,,0.009155607782304287
,,,10470,,0.008212546817958355
,,,10471,,0.0071512674912810326
,,,10472,,0.007601029239594936
,,,10473,,0.010388283059000969
,,,10474,,0.008747313171625137
,,,10475,,0.007621142081916332
,,,10476,,0.010590321384370327
,,,10477,,0.008241323754191399
,,,10478,,0.010523384436964989
,,,10479,,0.008187739178538322
,,,10480,,0.007811309769749641
,,,10481,,0.009164241142570972
,,,10482,,0.008891351521015167
,,,10483,,0.007752846926450729
,,,10484,,0.009747235104441643
,,,10485,,0.008651869371533394
,,,10486,,0.008238576352596283
,,,10487,,0.003647664561867714
,,,10488,,0.0029921659734100103
,,,10489,,0.0025345575995743275
,,,10490,,0.002507265657186508
,,,10491,,0.0023354184813797474
,,,10492,,0.0021708908025175333
,,,10493,,0.0029001343064010143
,,,10494,,0.002305201720446348
,,,10495,,0.0031526365783065557
,,,10496,,0.0026633823290467262
,,,10497,,0.0026652198284864426
,,,10498,,0.0026397155597805977
,,,10499,,0.002659950405359268
,,,10500,,0.010417155921459198
,,,10501,,0.01279362477362156
,,,10502,,0.011298197321593761
,,,10503,,0.0098102493211627
,,,10504,,0.004035466350615025
,,,10505,,0.03546624630689621
,,,10506,,0.007629441563040018
,,,10507,,0.025900784879922867
,,,10508,,0.012731659226119518
,,,10509,,0.012912322767078876
,,,10510,,0.01997889205813408
,,,10511,,0.022244028747081757
,,,10512,,0.023577842861413956
,,,10513,,0.021478133276104927
,,,10514,,0.016034390777349472
,,,10515,,0.02638004906475544
,,,10516,,0.02043667808175087
,,,10517,,0.08849737793207169
,,,10518,,0.07053383439779282
,,,10519,,0.06019346043467522
,,,10520,,0.06331878155469894
,,,10521,,0.08862552046775818
,,,10522,,0.05440903455018997
,,,10523,,0.05952243506908417
,,,10524,,0.07559989392757416
,,,10525,,0.0564105287194252
,,,10526,,0.07009241729974747
,,,10527,,0.05784867703914642
,,,10528,,0.06222638115286827
,,,10529,,0.0723494365811348
,,,10530,,0.06863091886043549
,,,10531,,0.06757311522960663
,,,10532,,0.06460994482040405
,,,10533,,0.0329592302441597
45,,,3725,0.013252041302621365,
45,0.012213177978992462,,3725,,
46,,0.01816665753722191,3729,,
46,,0.009180120192468166,3739,,
46,,0.006782113574445248,3749,,
46,,0.010951729491353035,3759,,
46,,0.01121436432003975,3769,,
46,,0.02740413509309292,3779,,
46,,0.0076537178829312325,3789,,
46,,0.006088733673095703,3799,,
,,,10534,,0.00038043659878894687
,,,10535,,0.0003194755990989506
,,,10536,,0.0006476261769421399
,,,10537,,0.0003404847520869225
,,,10538,,0.0007484459783881903
,,,10539,,0.00029592326609417796
,,,10540,,0.0005524999578483403
,,,10541,,0.0002733822038862854
,,,10542,,0.0005128101911395788
,,,10543,,0.00028620040393434465
,,,10544,,0.0008188055944629014
,,,10545,,0.0008085252484306693
,,,10546,,0.0002882203843910247
,,,10547,,0.0004291726218070835
,,,10548,,0.0006269946461543441
,,,10549,,0.0003753767814487219
,,,10550,,0.0008398705394938588
,,,10551,,0.0007007734384387732
,,,10552,,0.0006485717021860182
,,,10553,,0.001174974488094449
,,,10554,,0.0003178603947162628
,,,10555,,0.00030167109798640013
,,,10556,,0.00024239781487267464
,,,10557,,0.0009199900669045746
,,,10558,,0.0007308773929253221
,,,10559,,0.0005708672688342631
,,,10560,,0.0005965767777524889
,,,10561,,0.005905645899474621
,,,10562,,0.01725691556930542
,,,10563,,0.014859051443636417
,,,10564,,0.0143617894500494
,,,10565,,0.015811022371053696
,,,10566,,0.014434625394642353
,,,10567,,0.07681490480899811
,,,10568,,0.023894676938652992
,,,10569,,0.012318313121795654
,,,10570,,0.014146627858281136
,,,10571,,0.009594669565558434
,,,10572,,0.005873749032616615
,,,10573,,0.01275206170976162
,,,10574,,0.008042819797992706
,,,10575,,0.00627858703956008
,,,10576,,0.014869261533021927
,,,10577,,0.01314168144017458
,,,10578,,0.006874184124171734
,,,10579,,0.017549745738506317
,,,10580,,0.009144740179181099
,,,10581,,0.0032903968822211027
,,,10582,,0.009483549743890762
,,,10583,,0.005169573239982128
,,,10584,,0.006286764517426491
,,,10585,,0.00860666111111641
,,,10586,,0.0026988862082362175
,,,10587,,0.007164967246353626
,,,10588,,0.007704143412411213
,,,10589,,0.013547718524932861
,,,10590,,0.013540169224143028
,,,10591,,0.006916862912476063
,,,10592,,0.010038982145488262
,,,10593,,0.007411313243210316
,,,10594,,0.008589288219809532
,,,10595,,0.007024562917649746
,,,10596,,0.006535249296575785
,,,10597,,0.009009907953441143
,,,10598,,0.0078931525349617
,,,10599,,0.004404360894113779
,,,10600,,0.0065267737954854965
,,,10601,,0.013479920104146004
,,,10602,,0.007537643425166607
,,,10603,,0.004622857552021742
,,,10604,,0.005616210401058197
,,,10605,,0.0004994958871975541
,,,10606,,0.001010858453810215
,,,10607,,0.00047856842866167426
,,,10608,,0.0005486473091877997
,,,10609,,0.0005119337001815438
,,,10610,,0.0005958686815574765
,,,10611,,0.0003759058890864253
,,,10612,,0.0004303604946471751
,,,10613,,0.00041864701779559255
,,,10614,,0.0007351774256676435
,,,10615,,0.0005141450092196465
,,,10616,,0.0011514000361785293
,,,10617,,0.0006933348486199975
,,,10618,,0.010442471131682396
,,,10619,,0.012758493423461914
,,,10620,,0.01205093041062355
,,,10621,,0.035850122570991516
,,,10622,,0.02599959261715412
,,,10623,,0.022013545036315918
,,,10624,,0.03735823929309845
,,,10625,,0.0352938249707222
,,,10626,,0.012377102859318256
,,,10627,,0.013374782167375088
,,,10628,,0.013704049400985241
,,,10629,,0.009639598429203033
,,,10630,,0.011567596346139908
,,,10631,,0.01347054447978735
,,,10632,,0.010912898927927017
,,,10633,,0.011298168450593948
,,,10634,,0.012560775503516197
,,,10635,,0.011108379811048508
,,,10636,,0.009691774845123291
,,,10637,,0.009239720180630684
,,,10638,,0.0129126887768507
,,,10639,,0.012229405343532562
,,,10640,,0.01347898505628109
,,,10641,,0.012105079367756844
,,,10642,,0.011486504226922989
,,,10643,,0.01535188127309084
,,,10644,,0.013047189451754093
,,,10645,,0.009840144775807858
,,,10646,,0.012967979535460472
,,,10647,,0.012968823313713074
,,,10648,,0.010335708037018776
,,,10649,,0.010373301804065704
,,,10650,,0.008283289149403572
,,,10651,,0.011336293071508408
,,,10652,,0.010357661172747612
,,,10653,,0.011928638443350792
,,,10654,,0.009343603625893593
,,,10655,,0.010345326736569405
,,,10656,,0.010937418788671494
,,,10657,,0.010737519711256027
,,,10658,,0.010194679722189903
,,,10659,,0.01046808622777462
,,,10660,,0.008710086345672607
,,,10661,,0.008906458504498005
,,,10662,,0.009191990830004215
,,,10663,,0.012334872037172318
,,,10664,,0.010467380285263062
,,,10665,,0.01220984198153019
,,,10666,,0.010608815588057041
,,,10667,,0.012366417795419693
,,,10668,,0.011582150124013424
,,,10669,,0.010772518813610077
,,,10670,,0.010035349987447262
,,,10671,,0.011457755230367184
,,,10672,,0.007865583524107933
,,,10673,,0.00831903051584959
,,,10674,,0.007192310877144337
,,,10675,,0.0069888741709291935
,,,10676,,0.007308127358555794
,,,10677,,0.008330022916197777
,,,10678,,0.007345941849052906
,,,10679,,0.007736431434750557
,,,10680,,0.006966956425458193
,,,10681,,0.007710666861385107
,,,10682,,0.006450179032981396
,,,10683,,0.0060145240277051926
,,,10684,,0.006869882345199585
,,,10685,,0.007375616580247879
,,,10686,,0.007693846710026264
,,,10687,,0.0074285948649048805
,,,10688,,0.008204296231269836
,,,10689,,0.007846848107874393
,,,10690,,0.008043507114052773
,,,10691,,0.0069767022505402565
,,,10692,,0.007106870412826538
,,,10693,,0.008250357583165169
,,,10694,,0.0075690168887376785
,,,10695,,0.008448371663689613
,,,10696,,0.009791549295186996
,,,10697,,0.008711340837180614
,,,10698,,0.00907924585044384
,,,10699,,0.008231714367866516
,,,10700,,0.007149276323616505
,,,10701,,0.007552849128842354
,,,10702,,0.010344905778765678
,,,10703,,0.008656922727823257
,,,10704,,0.007620800286531448
,,,10705,,0.010545091703534126
,,,10706,,0.00823386013507843
,,,10707,,0.010500045493245125
,,,10708,,0.008235541172325611
,,,10709,,0.007741806097328663
,,,10710,,0.009173228405416012
,,,10711,,0.008886473253369331
,,,10712,,0.007731925696134567
,,,10713,,0.009668254293501377
,,,10714,,0.008708786219358444
,,,10715,,0.008191397413611412
,,,10716,,0.0034310079645365477
,,,10717,,0.0025661825202405453
,,,10718,,0.0019049744587391615
,,,10719,,0.002043683547526598
,,,10720,,0.0018011644715443254
,,,10721,,0.0017468798905611038
,,,10722,,0.002201372990384698
,,,10723,,0.0019196824869140983
,,,10724,,0.0028356488328427076
,,,10725,,0.0022617517970502377
,,,10726,,0.0021957734134048223
,,,10727,,0.0023863431997597218
,,,10728,,0.0021126125939190388
,,,10729,,0.009426017291843891
,,,10730,,0.012570199556648731
,,,10731,,0.011111844331026077
,,,10732,,0.009464438073337078
,,,10733,,0.003979998640716076
,,,10734,,0.03503308445215225
,,,10735,,0.007421629037708044
,,,10736,,0.025165658444166183
,,,10737,,0.013015804812312126
,,,10738,,0.013079967349767685
,,,10739,,0.019638532772660255
,,,10740,,0.02308572083711624
,,,10741,,0.02326902374625206
,,,10742,,0.021260321140289307
,,,10743,,0.015845421701669693
,,,10744,,0.02588190697133541
,,,10745,,0.020617611706256866
,,,10746,,0.08741194009780884
,,,10747,,0.06979501992464066
,,,10748,,0.059180013835430145
,,,10749,,0.06225740164518356
,,,10750,,0.08784440904855728
,,,10751,,0.05298828333616257
,,,10752,,0.0580156110227108
,,,10753,,0.07507109642028809
,,,10754,,0.055294815450906754
,,,10755,,0.06922557950019836
,,,10756,,0.05765406787395477
,,,10757,,0.06074071675539017
,,,10758,,0.07192841917276382
,,,10759,,0.06815625727176666
,,,10760,,0.06609524041414261
,,,10761,,0.06338976323604584
,,,10762,,0.032056912779808044
46,,,3806,0.013033432886004448,
46,0.012266855686903,,3806,,
47,,0.017601078376173973,3809,,
47,,0.013923749327659607,3819,,
47,,0.010655177757143974,3829,,
47,,0.008933328092098236,3839,,
47,,0.008289415389299393,3849,,
47,,0.011568699032068253,3859,,
47,,0.015413567423820496,3869,,
47,,0.00939929112792015,3879,,
,,,10763,,0.000488878577016294
,,,10764,,0.0004701598081737757
,,,10765,,0.0007559054065495729
,,,10766,,0.0004082941450178623
,,,10767,,0.0007826583459973335
,,,10768,,0.0003676661290228367
,,,10769,,0.000571543350815773
,,,10770,,0.0003709623124450445
,,,10771,,0.0005405033007264137
,,,10772,,0.00038294022670015693
,,,10773,,0.0008822723757475615
,,,10774,,0.0009113128180615604
,,,10775,,0.00040970841655507684
,,,10776,,0.0004914572346024215
,,,10777,,0.0007400463800877333
,,,10778,,0.0004471347201615572
,,,10779,,0.000946680607739836
,,,10780,,0.0008233047556132078
,,,10781,,0.0007823307532817125
,,,10782,,0.0012532718246802688
,,,10783,,0.0004056752077303827
,,,10784,,0.00037462677573785186
,,,10785,,0.000323001790093258
,,,10786,,0.0009802530985325575
,,,10787,,0.0007897628238424659
,,,10788,,0.0006245117401704192
,,,10789,,0.0006326093571260571
,,,10790,,0.005923492833971977
,,,10791,,0.0172483678907156
,,,10792,,0.014839701354503632
,,,10793,,0.014314360916614532
,,,10794,,0.015852175652980804
,,,10795,,0.014392029494047165
,,,10796,,0.07671099901199341
,,,10797,,0.023846153169870377
,,,10798,,0.012271975167095661
,,,10799,,0.014154430478811264
,,,10800,,0.00964629277586937
,,,10801,,0.005879274569451809
,,,10802,,0.012749215587973595
,,,10803,,0.008063271641731262
,,,10804,,0.006282180547714233
,,,10805,,0.014765363186597824
,,,10806,,0.013154124841094017
,,,10807,,0.006850333884358406
,,,10808,,0.017354421317577362
,,,10809,,0.009100000374019146
,,,10810,,0.0032863346859812737
,,,10811,,0.009477565065026283
,,,10812,,0.005271448288112879
,,,10813,,0.006335563957691193
,,,10814,,0.008684100583195686
,,,10815,,0.0027320035733282566
,,,10816,,0.007217545062303543
,,,10817,,0.007803223095834255
,,,10818,,0.01374030951410532
,,,10819,,0.013465344905853271
,,,10820,,0.007078632712364197
,,,10821,,0.010045872069895267
,,,10822,,0.006841569673269987
,,,10823,,0.008819731883704662
,,,10824,,0.0071738953702151775
,,,10825,,0.00677188066765666
,,,10826,,0.009041786193847656
,,,10827,,0.007850578986108303
,,,10828,,0.0044670565985143185
,,,10829,,0.0069265724159777164
,,,10830,,0.013624710962176323
,,,10831,,0.008034078404307365
,,,10832,,0.004961078986525536
,,,10833,,0.005547367036342621
,,,10834,,0.0005402921233326197
,,,10835,,0.0010972128948196769
,,,10836,,0.0006589271943084896
,,,10837,,0.0006916759302839637
,,,10838,,0.0005630666273646057
,,,10839,,0.0006174498703330755
,,,10840,,0.0003774159122258425
,,,10841,,0.000497790053486824
,,,10842,,0.00041380285983905196
,,,10843,,0.0007093792664818466
,,,10844,,0.0006244742544367909
,,,10845,,0.0009651228319853544
,,,10846,,0.0007743549649603665
,,,10847,,0.010130023583769798
,,,10848,,0.012369636446237564
,,,10849,,0.01152875553816557
,,,10850,,0.03409154713153839
,,,10851,,0.024330370128154755
,,,10852,,0.02068224921822548
,,,10853,,0.03574828803539276
,,,10854,,0.03409819304943085
,,,10855,,0.012012449093163013
,,,10856,,0.0131650660187006
,,,10857,,0.013485507108271122
,,,10858,,0.0094077717512846
,,,10859,,0.011323491111397743
,,,10860,,0.013127855025231838
,,,10861,,0.010766200721263885
,,,10862,,0.010972147807478905
,,,10863,,0.012319223955273628
,,,10864,,0.010812420397996902
,,,10865,,0.009540699422359467
,,,10866,,0.009091071784496307
,,,10867,,0.012688935734331608
,,,10868,,0.011930923908948898
,,,10869,,0.013090156950056553
,,,10870,,0.011866118758916855
,,,10871,,0.011240790598094463
,,,10872,,0.015005439519882202
,,,10873,,0.012658946216106415
,,,10874,,0.00970655120909214
,,,10875,,0.012719240970909595
,,,10876,,0.012714140117168427
,,,10877,,0.010263293981552124
,,,10878,,0.01030319556593895
,,,10879,,0.008211309090256691
,,,10880,,0.011077703908085823
,,,10881,,0.010288579389452934
,,,10882,,0.011859307065606117
,,,10883,,0.009192313998937607
,,,10884,,0.010290652513504028
,,,10885,,0.010781219229102135
,,,10886,,0.010406420566141605
,,,10887,,0.010107001289725304
,,,10888,,0.01033960934728384
,,,10889,,0.008598361164331436
,,,10890,,0.00874781422317028
,,,10891,,0.009118634276092052
,,,10892,,0.012142867781221867
,,,10893,,0.010269107297062874
,,,10894,,0.011965060606598854
,,,10895,,0.010507235303521156
,,,10896,,0.012198375537991524
,,,10897,,0.011462334543466568
,,,10898,,0.010681191459298134
,,,10899,,0.009859098121523857
,,,10900,,0.01112598367035389
,,,10901,,0.007750587072223425
,,,10902,,0.008108962327241898
,,,10903,,0.0070678978227078915
,,,10904,,0.006917583756148815
,,,10905,,0.007233933545649052
,,,10906,,0.008091481402516365
,,,10907,,0.0072631374932825565
,,,10908,,0.007531028240919113
,,,10909,,0.006876860745251179
,,,10910,,0.007444753777235746
,,,10911,,0.006308076437562704
,,,10912,,0.005919119343161583
,,,10913,,0.006857809145003557
,,,10914,,0.007270153611898422
,,,10915,,0.007523220498114824
,,,10916,,0.0072538526728749275
,,,10917,,0.00802660547196865
,,,10918,,0.007746333722025156
,,,10919,,0.007921741344034672
,,,10920,,0.006831848993897438
,,,10921,,0.006934275850653648
,,,10922,,0.008171269670128822
,,,10923,,0.007315453141927719
,,,10924,,0.008202668279409409
,,,10925,,0.009518109261989594
,,,10926,,0.008434533141553402
,,,10927,,0.008862725459039211
,,,10928,,0.007979839108884335
,,,10929,,0.006975136697292328
,,,10930,,0.007339272182434797
,,,10931,,0.010103297419846058
,,,10932,,0.00852022785693407
,,,10933,,0.007382154930382967
,,,10934,,0.010338006541132927
,,,10935,,0.008144610561430454
,,,10936,,0.010243515484035015
,,,10937,,0.007993976585566998
,,,10938,,0.0075700064189732075
,,,10939,,0.00894786138087511
,,,10940,,0.008642730303108692
,,,10941,,0.007554174866527319
,,,10942,,0.009418937377631664
,,,10943,,0.0084507055580616
,,,10944,,0.008000634610652924
,,,10945,,0.00335208373144269
,,,10946,,0.0026460308581590652
,,,10947,,0.002101073507219553
,,,10948,,0.002145065227523446
,,,10949,,0.001967380056157708
,,,10950,,0.0018397303065285087
,,,10951,,0.0024247472174465656
,,,10952,,0.0019824400078505278
,,,10953,,0.0028828477952629328
,,,10954,,0.0022491896525025368
,,,10955,,0.002309899777173996
,,,10956,,0.0024267607368528843
,,,10957,,0.0022591911256313324
,,,10958,,0.01102102268487215
,,,10959,,0.013062980026006699
,,,10960,,0.011485953815281391
,,,10961,,0.010137094184756279
,,,10962,,0.004592481069266796
,,,10963,,0.036517027765512466
,,,10964,,0.007848434150218964
,,,10965,,0.024437086656689644
,,,10966,,0.01269117183983326
,,,10967,,0.013184085488319397
,,,10968,,0.021521177142858505
,,,10969,,0.022722797468304634
,,,10970,,0.022898485884070396
,,,10971,,0.022488847374916077
,,,10972,,0.019233614206314087
,,,10973,,0.028218483552336693
,,,10974,,0.0211787112057209
,,,10975,,0.08670022338628769
,,,10976,,0.06917458772659302
,,,10977,,0.058230139315128326
,,,10978,,0.06119257211685181
,,,10979,,0.08715376257896423
,,,10980,,0.05256582796573639
,,,10981,,0.057178910821676254
,,,10982,,0.07386195659637451
,,,10983,,0.05535014346241951
,,,10984,,0.06834688782691956
,,,10985,,0.05664243549108505
,,,10986,,0.06083996593952179
,,,10987,,0.07064518332481384
,,,10988,,0.06710472702980042
,,,10989,,0.06535974144935608
,,,10990,,0.0625227615237236
,,,10991,,0.031332969665527344
47,,,3887,0.012949511408805847,
47,0.012280750088393688,,3887,,
48,,0.009530160576105118,3889,,
48,,0.012263612821698189,3899,,
48,,0.0038447657134383917,3909,,
48,,0.012490401044487953,3919,,
48,,0.014469247311353683,3929,,
48,,0.007061382289975882,3939,,
48,,0.0076677496545016766,3949,,
48,,0.011471088975667953,3959,,
,,,10992,,0.00044943642569705844
,,,10993,,0.0003965548821724951
,,,10994,,0.000763626943808049
,,,10995,,0.0003608138649724424
,,,10996,,0.0007035194430500269
,,,10997,,0.00032957858638837934
,,,10998,,0.0006394300144165754
,,,10999,,0.0003280950477346778
,,,11000,,0.0004908114206045866
,,,11001,,0.00035788805689662695
,,,11002,,0.0008585897739976645
,,,11003,,0.000961198122240603
,,,11004,,0.0003754850768018514
,,,11005,,0.0004534813924692571
,,,11006,,0.0006755198119208217
,,,11007,,0.0004122350364923477
,,,11008,,0.0008957718964666128
,,,11009,,0.0007363955955952406
,,,11010,,0.0006394829833880067
,,,11011,,0.0012516755377873778
,,,11012,,0.00037364274612627923
,,,11013,,0.0003448145871516317
,,,11014,,0.00027659290935844183
,,,11015,,0.001002445467747748
,,,11016,,0.0007880006451159716
,,,11017,,0.0006143958307802677
,,,11018,,0.0006307306466624141
,,,11019,,0.005671229213476181
,,,11020,,0.016971733421087265
,,,11021,,0.014553386718034744
,,,11022,,0.014011135324835777
,,,11023,,0.015523555688560009
,,,11024,,0.014113678596913815
,,,11025,,0.0761241540312767
,,,11026,,0.02351769432425499
,,,11027,,0.012002181261777878
,,,11028,,0.013877660036087036
,,,11029,,0.009375824593007565
,,,11030,,0.005600397475063801
,,,11031,,0.01250064093619585
,,,11032,,0.007782431319355965
,,,11033,,0.006034893915057182
,,,11034,,0.014468918554484844
,,,11035,,0.012831228785216808
,,,11036,,0.006750545464456081
,,,11037,,0.01707797311246395
,,,11038,,0.008878219872713089
,,,11039,,0.0031616773921996355
,,,11040,,0.009123014286160469
,,,11041,,0.005049740429967642
,,,11042,,0.006189471110701561
,,,11043,,0.008434025570750237
,,,11044,,0.002572864992544055
,,,11045,,0.006925486959517002
,,,11046,,0.007315590977668762
,,,11047,,0.01301553100347519
,,,11048,,0.012859771028161049
,,,11049,,0.006327628158032894
,,,11050,,0.009522815234959126
,,,11051,,0.006825326941907406
,,,11052,,0.00815514288842678
,,,11053,,0.006579983048141003
,,,11054,,0.006074072327464819
,,,11055,,0.008459866978228092
,,,11056,,0.007357938215136528
,,,11057,,0.0040039620362222195
,,,11058,,0.00640884879976511
,,,11059,,0.01300458237528801
,,,11060,,0.0072478330694139
,,,11061,,0.004338862374424934
,,,11062,,0.005383155308663845
,,,11063,,0.0005782473017461598
,,,11064,,0.0009489714284427464
,,,11065,,0.0003668416175059974
,,,11066,,0.0005675334832631052
,,,11067,,0.0005777328042313457
,,,11068,,0.0006466689519584179
,,,11069,,0.0004474031738936901
,,,11070,,0.00036333431489765644
,,,11071,,0.0004406762891449034
,,,11072,,0.0007244608132168651
,,,11073,,0.0005169211653992534
,,,11074,,0.00148463761433959
,,,11075,,0.0007427301025018096
,,,11076,,0.009914997965097427
,,,11077,,0.01208556443452835
,,,11078,,0.011356044560670853
,,,11079,,0.03360294550657272
,,,11080,,0.024186134338378906
,,,11081,,0.0205745417624712
,,,11082,,0.03534620255231857
,,,11083,,0.03334783762693405
,,,11084,,0.011815113946795464
,,,11085,,0.012787039391696453
,,,11086,,0.013107736594974995
,,,11087,,0.009212561883032322
,,,11088,,0.011041564866900444
,,,11089,,0.01277782954275608
,,,11090,,0.01050611026585102
,,,11091,,0.010681814514100552
,,,11092,,0.01201137900352478
,,,11093,,0.010598642751574516
,,,11094,,0.009269531816244125
,,,11095,,0.008808497339487076
,,,11096,,0.012355528771877289
,,,11097,,0.01168832741677761
,,,11098,,0.012750403955578804
,,,11099,,0.011547881178557873
,,,11100,,0.010918909683823586
,,,11101,,0.0146032078191638
,,,11102,,0.012345854192972183
,,,11103,,0.009351614862680435
,,,11104,,0.012394040822982788
,,,11105,,0.012464061379432678
,,,11106,,0.009967169724404812
,,,11107,,0.010051021352410316
,,,11108,,0.00802997313439846
,,,11109,,0.010838543996214867
,,,11110,,0.010016126558184624
,,,11111,,0.01153586059808731
,,,11112,,0.009046005085110664
,,,11113,,0.009974556975066662
,,,11114,,0.010584133677184582
,,,11115,,0.01023393590003252
,,,11116,,0.009846038185060024
,,,11117,,0.010128632187843323
,,,11118,,0.008398383855819702
,,,11119,,0.008592627942562103
,,,11120,,0.00887173693627119
,,,11121,,0.01186300814151764
,,,11122,,0.01003445964306593
,,,11123,,0.011664390563964844
,,,11124,,0.010235518217086792
,,,11125,,0.011911407113075256
,,,11126,,0.011146819218993187
,,,11127,,0.010440848767757416
,,,11128,,0.009618078358471394
,,,11129,,0.010995058342814445
,,,11130,,0.007592116016894579
,,,11131,,0.008109206333756447
,,,11132,,0.006940214894711971
,,,11133,,0.006754797883331776
,,,11134,,0.00706916768103838
,,,11135,,0.008005049079656601
,,,11136,,0.007087026722729206
,,,11137,,0.00736810639500618
,,,11138,,0.006727912463247776
,,,11139,,0.00750376470386982
,,,11140,,0.006161791738122702
,,,11141,,0.005799327045679092
,,,11142,,0.006676137913018465
,,,11143,,0.007123930379748344
,,,11144,,0.007378153502941132
,,,11145,,0.0071638645604252815
,,,11146,,0.007941428571939468
,,,11147,,0.007575203664600849
,,,11148,,0.007763534784317017
,,,11149,,0.006757528055459261
,,,11150,,0.006840227637439966
,,,11151,,0.007968670688569546
,,,11152,,0.007246021181344986
,,,11153,,0.008105519227683544
,,,11154,,0.009341336786746979
,,,11155,,0.008310036733746529
,,,11156,,0.008770342916250229
,,,11157,,0.00789708737283945
,,,11158,,0.006846628617495298
,,,11159,,0.0072714537382125854
,,,11160,,0.009925751015543938
,,,11161,,0.00841153971850872
,,,11162,,0.007311646826565266
,,,11163,,0.010142790153622627
,,,11164,,0.0079360231757164
,,,11165,,0.01010417565703392
,,,11166,,0.007846135646104813
,,,11167,,0.007472150959074497
,,,11168,,0.008733760565519333
,,,11169,,0.008516955189406872
,,,11170,,0.007437879219651222
,,,11171,,0.009265927597880363
,,,11172,,0.008333083242177963
,,,11173,,0.007884880527853966
,,,11174,,0.003307188395410776
,,,11175,,0.002539303619414568
,,,11176,,0.0019066306995227933
,,,11177,,0.0020103221759200096
,,,11178,,0.0017957822419703007
,,,11179,,0.001721588778309524
,,,11180,,0.002192738465964794
,,,11181,,0.0018646977841854095
,,,11182,,0.002702006371691823
,,,11183,,0.0022495966404676437
,,,11184,,0.0021600748877972364
,,,11185,,0.0023020135704427958
,,,11186,,0.0020667235367000103
,,,11187,,0.008922050707042217
,,,11188,,0.011953730136156082
,,,11189,,0.010996418073773384
,,,11190,,0.00966041162610054
,,,11191,,0.003995771519839764
,,,11192,,0.03429620712995529
,,,11193,,0.00706325750797987
,,,11194,,0.02463609166443348
,,,11195,,0.012230487540364265
,,,11196,,0.01244070939719677
,,,11197,,0.01979692466557026
,,,11198,,0.021294333040714264
,,,11199,,0.023927101865410805
,,,11200,,0.02187267504632473
,,,11201,,0.016058094799518585
,,,11202,,0.02679578959941864
,,,11203,,0.020037733018398285
,,,11204,,0.08631039410829544
,,,11205,,0.068402960896492
,,,11206,,0.0584750771522522
,,,11207,,0.06137887388467789
,,,11208,,0.08607667684555054
,,,11209,,0.05287795513868332
,,,11210,,0.057660363614559174
,,,11211,,0.07392323017120361
,,,11212,,0.054881930351257324
,,,11213,,0.0681547075510025
,,,11214,,0.056681789457798004
,,,11215,,0.06080484390258789
,,,11216,,0.07073825597763062
,,,11217,,0.0664873719215393
,,,11218,,0.06555259227752686
,,,11219,,0.06249970942735672
,,,11220,,0.031468361616134644
48,,,3968,0.012690640985965729,
48,0.011908466927707195,,3968,,
49,,0.015934668481349945,3969,,
49,,0.00598763395100832,3979,,
49,,0.006356101017445326,3989,,
49,,0.013069286942481995,3999,,
49,,0.011893109418451786,4009,,
49,,0.013996472582221031,4019,,
49,,0.010667996481060982,4029,,
49,,0.015740541741251945,4039,,
49,,0.005981624126434326,4049,,
,,,11221,,0.0006302907131612301
,,,11222,,0.0005564762395806611
,,,11223,,0.0008864904521033168
,,,11224,,0.0005556338001042604
,,,11225,,0.0009421688155271113
,,,11226,,0.00053244992159307
,,,11227,,0.0007650572806596756
,,,11228,,0.0005093761719763279
,,,11229,,0.0007271991344168782
,,,11230,,0.0005191288073547184
,,,11231,,0.001039257855154574
,,,11232,,0.0010617072694003582
,,,11233,,0.0005361621151678264
,,,11234,,0.0006321819964796305
,,,11235,,0.0008645985508337617
,,,11236,,0.0005886341677978635
,,,11237,,0.0010673142969608307
,,,11238,,0.0009107287623919547
,,,11239,,0.0008212121902033687
,,,11240,,0.0014694913988932967
,,,11241,,0.0005437517538666725
,,,11242,,0.0005064130527898669
,,,11243,,0.0004607766168192029
,,,11244,,0.0011564206797629595
,,,11245,,0.0009641913929954171
,,,11246,,0.0008066321606747806
,,,11247,,0.0008142901933752
,,,11248,,0.006213289685547352
,,,11249,,0.017505904659628868
,,,11250,,0.015056867152452469
,,,11251,,0.014604178257286549
,,,11252,,0.016021892428398132
,,,11253,,0.014626404270529747
,,,11254,,0.07627569139003754
,,,11255,,0.024014189839363098
,,,11256,,0.012521699070930481
,,,11257,,0.014376550912857056
,,,11258,,0.009952185675501823
,,,11259,,0.0062535107135772705
,,,11260,,0.012952958233654499
,,,11261,,0.008356534875929356
,,,11262,,0.006516793742775917
,,,11263,,0.01488878671079874
,,,11264,,0.013283535838127136
,,,11265,,0.007253671996295452
,,,11266,,0.01746531017124653
,,,11267,,0.009338154457509518
,,,11268,,0.0037352724466472864
,,,11269,,0.009714921936392784
,,,11270,,0.005618499591946602
,,,11271,,0.00673521775752306
,,,11272,,0.008919842541217804
,,,11273,,0.0031267234589904547
,,,11274,,0.0074621448293328285
,,,11275,,0.007569454610347748
,,,11276,,0.013122985139489174
,,,11277,,0.013172290287911892
,,,11278,,0.006461118347942829
,,,11279,,0.009683338925242424
,,,11280,,0.0066701918840408325
,,,11281,,0.008229401893913746
,,,11282,,0.006789230275899172
,,,11283,,0.006150511559098959
,,,11284,,0.008592390455305576
,,,11285,,0.00733146071434021
,,,11286,,0.004086219239979982
,,,11287,,0.006594798993319273
,,,11288,,0.013052117079496384
,,,11289,,0.007379820570349693
,,,11290,,0.004199080169200897
,,,11291,,0.005448983050882816
,,,11292,,0.0007767724455334246
,,,11293,,0.0012442494044080377
,,,11294,,0.0006662699161097407
,,,11295,,0.0008240370661951602
,,,11296,,0.0007951968582347035
,,,11297,,0.0008609946817159653
,,,11298,,0.0006480465526692569
,,,11299,,0.0006742001860402524
,,,11300,,0.0006888284115120769
,,,11301,,0.0009877259144559503
,,,11302,,0.0007852913113310933
,,,11303,,0.0015217129839584231
,,,11304,,0.0009374850778840482
,,,11305,,0.01034105196595192
,,,11306,,0.012561993673443794
,,,11307,,0.011554653756320477
,,,11308,,0.03204311802983284
,,,11309,,0.02273065596818924
,,,11310,,0.02020544745028019
,,,11311,,0.03566233441233635
,,,11312,,0.033802203834056854
,,,11313,,0.012208828702569008
,,,11314,,0.01293422281742096
,,,11315,,0.01335985492914915
,,,11316,,0.009495578706264496
,,,11317,,0.011269677430391312
,,,11318,,0.01299647893756628
,,,11319,,0.010812532156705856
,,,11320,,0.011022599413990974
,,,11321,,0.012301215901970863
,,,11322,,0.010887553915381432
,,,11323,,0.009564329870045185
,,,11324,,0.009053215384483337
,,,11325,,0.0126779954880476
,,,11326,,0.01188712939620018
,,,11327,,0.012997211888432503
,,,11328,,0.011731723323464394
,,,11329,,0.011177962645888329
,,,11330,,0.014753454364836216
,,,11331,,0.01258210837841034
,,,11332,,0.009635127149522305
,,,11333,,0.012606394477188587
,,,11334,,0.01289183646440506
,,,11335,,0.011171367019414902
,,,11336,,0.011305664665997028
,,,11337,,0.009034175425767899
,,,11338,,0.01120688859373331
,,,11339,,0.010373555123806
,,,11340,,0.011970480903983116
,,,11341,,0.009369870647788048
,,,11342,,0.01032034121453762
,,,11343,,0.011009294539690018
,,,11344,,0.010587377473711967
,,,11345,,0.010308800265192986
,,,11346,,0.010616682469844818
,,,11347,,0.008808450773358345
,,,11348,,0.009024808183312416
,,,11349,,0.009268304333090782
,,,11350,,0.012303870171308517
,,,11351,,0.010508319362998009
,,,11352,,0.012053297832608223
,,,11353,,0.010607120580971241
,,,11354,,0.012447118759155273
,,,11355,,0.011576693505048752
,,,11356,,0.010879305191338062
,,,11357,,0.010034842416644096
,,,11358,,0.011464118026196957
,,,11359,,0.007910643704235554
,,,11360,,0.008234628476202488
,,,11361,,0.007253656163811684
,,,11362,,0.007071184925734997
,,,11363,,0.007333399262279272
,,,11364,,0.008209781721234322
,,,11365,,0.007267744746059179
,,,11366,,0.007602693513035774
,,,11367,,0.00698368763551116
,,,11368,,0.007582493592053652
,,,11369,,0.006455368362367153
,,,11370,,0.006092938594520092
,,,11371,,0.006897055543959141
,,,11372,,0.007420022506266832
,,,11373,,0.007585469633340836
,,,11374,,0.007376567460596561
,,,11375,,0.008047228679060936
,,,11376,,0.0077625904232263565
,,,11377,,0.008024835959076881
,,,11378,,0.006920882035046816
,,,11379,,0.007095741108059883
,,,11380,,0.008199501782655716
,,,11381,,0.007658772170543671
,,,11382,,0.008557450026273727
,,,11383,,0.009829447604715824
,,,11384,,0.008770307525992393
,,,11385,,0.009286953136324883
,,,11386,,0.008363058790564537
,,,11387,,0.007327190600335598
,,,11388,,0.007759164087474346
,,,11389,,0.010465284809470177
,,,11390,,0.008964408189058304
,,,11391,,0.007744543254375458
,,,11392,,0.010700693354010582
,,,11393,,0.00846838392317295
,,,11394,,0.010586438700556755
,,,11395,,0.00831531547009945
,,,11396,,0.008003845810890198
,,,11397,,0.009264606982469559
,,,11398,,0.008992355316877365
,,,11399,,0.007924334146082401
,,,11400,,0.00980447418987751
,,,11401,,0.008753341622650623
,,,11402,,0.008358195424079895
,,,11403,,0.003629919607192278
,,,11404,,0.002780898939818144
,,,11405,,0.00215329322963953
,,,11406,,0.0022913478314876556
,,,11407,,0.002132184337824583
,,,11408,,0.0020554650109261274
,,,11409,,0.0024547954089939594
,,,11410,,0.002216505352407694
,,,11411,,0.003007664578035474
,,,11412,,0.00254594418220222
,,,11413,,0.0024614499416202307
,,,11414,,0.0027251169085502625
,,,11415,,0.00233083451166749
,,,11416,,0.009571478702127934
,,,11417,,0.011443592607975006
,,,11418,,0.010662402026355267
,,,11419,,0.00872775912284851
,,,11420,,0.004058546386659145
,,,11421,,0.03356415033340454
,,,11422,,0.0070315939374268055
,,,11423,,0.023734670132398605
,,,11424,,0.012379835359752178
,,,11425,,0.012702934443950653
,,,11426,,0.01890251226723194
,,,11427,,0.02142738550901413
,,,11428,,0.02215259149670601
,,,11429,,0.021473221480846405
,,,11430,,0.015732675790786743
,,,11431,,0.025295449420809746
,,,11432,,0.02010197751224041
,,,11433,,0.08554589748382568
,,,11434,,0.06837199628353119
,,,11435,,0.05750834196805954
,,,11436,,0.06055598706007004
,,,11437,,0.08544553816318512
,,,11438,,0.051334917545318604
,,,11439,,0.05667532980442047
,,,11440,,0.07340095937252045
,,,11441,,0.05386997014284134
,,,11442,,0.06706671416759491
,,,11443,,0.05551140755414963
,,,11444,,0.05982973426580429
,,,11445,,0.07025521248579025
,,,11446,,0.06657059490680695
,,,11447,,0.06437854468822479
,,,11448,,0.06129708141088486
,,,11449,,0.03279244154691696
49,,,4049,0.012862659990787506,
49,0.011878203600645065,,4049,,
50,,0.01089197676628828,4059,,
50,,0.013391614891588688,4069,,
50,,0.01474866271018982,4079,,
50,,0.008350887335836887,4089,,
50,,0.011961100623011589,4099,,
50,,0.013411428779363632,4109,,
50,,0.011525619775056839,4119,,
50,,0.013036257587373257,4129,,
,,,11450,,0.0003686739946715534
,,,11451,,0.00030236257589422166
,,,11452,,0.0006657884805463254
,,,11453,,0.0003160078194923699
,,,11454,,0.0007332204259000719
,,,11455,,0.000269148062216118
,,,11456,,0.0005418218788690865
,,,11457,,0.0002472656196914613
,,,11458,,0.0005031039472669363
,,,11459,,0.0002776013279799372
,,,11460,,0.0007993935141712427
,,,11461,,0.0008567881304770708
,,,11462,,0.0002730875858105719
,,,11463,,0.0003889789222739637
,,,11464,,0.0006366682937368751
,,,11465,,0.0003594428999349475
,,,11466,,0.0008201873279176652
,,,11467,,0.0006719661178067327
,,,11468,,0.0006340282270684838
,,,11469,,0.0011921654222533107
,,,11470,,0.000312765478156507
,,,11471,,0.0002861618995666504
,,,11472,,0.000222844973905012
,,,11473,,0.0009118056623265147
,,,11474,,0.0007119403453543782
,,,11475,,0.0005638747243210673
,,,11476,,0.0005766485701315105
,,,11477,,0.005749044008553028
,,,11478,,0.016931043937802315
,,,11479,,0.014542514458298683
,,,11480,,0.014078369364142418
,,,11481,,0.015582732856273651
,,,11482,,0.014083835296332836
,,,11483,,0.0758056789636612
,,,11484,,0.023438088595867157
,,,11485,,0.011960558593273163
,,,11486,,0.013881180435419083
,,,11487,,0.00948411412537098
,,,11488,,0.005761018488556147
,,,11489,,0.012532391585409641
,,,11490,,0.007860789075493813
,,,11491,,0.006045748479664326
,,,11492,,0.0143441092222929
,,,11493,,0.01277951616793871
,,,11494,,0.006785674951970577
,,,11495,,0.016909431666135788
,,,11496,,0.008924652822315693
,,,11497,,0.0033459297847002745
,,,11498,,0.009164138697087765
,,,11499,,0.005188300274312496
,,,11500,,0.006279193330556154
,,,11501,,0.008551626466214657
,,,11502,,0.002934687305241823
,,,11503,,0.007050342857837677
,,,11504,,0.007107647135853767
,,,11505,,0.0127556212246418
,,,11506,,0.012768578715622425
,,,11507,,0.006353901699185371
,,,11508,,0.009293107315897942
,,,11509,,0.0065312618389725685
,,,11510,,0.007979355752468109
,,,11511,,0.00652366504073143
,,,11512,,0.0059942398220300674
,,,11513,,0.008307207375764847
,,,11514,,0.00724748894572258
,,,11515,,0.003954095300287008
,,,11516,,0.006106609478592873
,,,11517,,0.01273367926478386
,,,11518,,0.0071836537681519985
,,,11519,,0.004266661591827869
,,,11520,,0.005139916203916073
,,,11521,,0.00043998571345582604
,,,11522,,0.0009059078292921185
,,,11523,,0.0004854518920183182
,,,11524,,0.0004995571216568351
,,,11525,,0.00045155949192121625
,,,11526,,0.0005170385120436549
,,,11527,,0.00032012222800403833
,,,11528,,0.00043728743912652135
,,,11529,,0.00036719642230309546
,,,11530,,0.0007087917765602469
,,,11531,,0.0004885169328190386
,,,11532,,0.0009911197703331709
,,,11533,,0.0006019929423928261
,,,11534,,0.0101040443405509
,,,11535,,0.0121653713285923
,,,11536,,0.011699935421347618
,,,11537,,0.035105541348457336
,,,11538,,0.02538951486349106
,,,11539,,0.020598070695996284
,,,11540,,0.035422347486019135
,,,11541,,0.03376058489084244
,,,11542,,0.01156487688422203
,,,11543,,0.01261202059686184
,,,11544,,0.012940838932991028
,,,11545,,0.00901577714830637
,,,11546,,0.010884038172662258
,,,11547,,0.012596243061125278
,,,11548,,0.010328824631869793
,,,11549,,0.010483086109161377
,,,11550,,0.011850124225020409
,,,11551,,0.010373586788773537
,,,11552,,0.00917012244462967
,,,11553,,0.0087639931589365
,,,11554,,0.012136892415583134
,,,11555,,0.011508460156619549
,,,11556,,0.012556461617350578
,,,11557,,0.011362407356500626
,,,11558,,0.01081608422100544
,,,11559,,0.01435106247663498
,,,11560,,0.012161185964941978
,,,11561,,0.009256795048713684
,,,11562,,0.01229817420244217
,,,11563,,0.012264614924788475
,,,11564,,0.009859785437583923
,,,11565,,0.009898945689201355
,,,11566,,0.007876424118876457
,,,11567,,0.010622283443808556
,,,11568,,0.009841524064540863
,,,11569,,0.011383866891264915
,,,11570,,0.008870978839695454
,,,11571,,0.009825306944549084
,,,11572,,0.010328404605388641
,,,11573,,0.010011425241827965
,,,11574,,0.009696394205093384
,,,11575,,0.009858631528913975
,,,11576,,0.0083093186840415
,,,11577,,0.00842394307255745
,,,11578,,0.008730622008442879
,,,11579,,0.011714372783899307
,,,11580,,0.009842565283179283
,,,11581,,0.011502761393785477
,,,11582,,0.010041037574410439
,,,11583,,0.011709073558449745
,,,11584,,0.010958898812532425
,,,11585,,0.01021529920399189
,,,11586,,0.00947815552353859
,,,11587,,0.010750805959105492
,,,11588,,0.00748024694621563
,,,11589,,0.007883458398282528
,,,11590,,0.006779910996556282
,,,11591,,0.006675587967038155
,,,11592,,0.007008193992078304
,,,11593,,0.007730982266366482
,,,11594,,0.007031564135104418
,,,11595,,0.007201850414276123
,,,11596,,0.006634419783949852
,,,11597,,0.007263259030878544
,,,11598,,0.00609839940443635
,,,11599,,0.005697587504982948
,,,11600,,0.0066696759313344955
,,,11601,,0.006998640019446611
,,,11602,,0.007222375366836786
,,,11603,,0.007044550497084856
,,,11604,,0.007812028285115957
,,,11605,,0.00743836909532547
,,,11606,,0.0075998008251190186
,,,11607,,0.00662477919831872
,,,11608,,0.006630761083215475
,,,11609,,0.007860960438847542
,,,11610,,0.0071712033823132515
,,,11611,,0.007972120307385921
,,,11612,,0.009201125241816044
,,,11613,,0.008199313655495644
,,,11614,,0.008611708879470825
,,,11615,,0.007790696807205677
,,,11616,,0.006761729717254639
,,,11617,,0.007196843158453703
,,,11618,,0.009762465953826904
,,,11619,,0.008263841271400452
,,,11620,,0.007229745853692293
,,,11621,,0.009979450143873692
,,,11622,,0.007821857929229736
,,,11623,,0.009899839758872986
,,,11624,,0.00773566123098135
,,,11625,,0.0073065138421952724
,,,11626,,0.008647298440337181
,,,11627,,0.008368395268917084
,,,11628,,0.007278298027813435
,,,11629,,0.00912809930741787
,,,11630,,0.008245767094194889
,,,11631,,0.0077650523744523525
,,,11632,,0.0034218868240714073
,,,11633,,0.002631888259202242
,,,11634,,0.0018708930583670735
,,,11635,,0.00197978806681931
,,,11636,,0.001730187563225627
,,,11637,,0.0016749410424381495
,,,11638,,0.0021448747720569372
,,,11639,,0.001858927309513092
,,,11640,,0.002810318488627672
,,,11641,,0.0022031571716070175
,,,11642,,0.002143732737749815
,,,11643,,0.002282612957060337
,,,11644,,0.0020815948955714703
,,,11645,,0.010228509083390236
,,,11646,,0.012142673134803772
,,,11647,,0.011341005563735962
,,,11648,,0.011824334040284157
,,,11649,,0.004185663070529699
,,,11650,,0.03477701544761658
,,,11651,,0.007334311027079821
,,,11652,,0.026311857625842094
,,,11653,,0.01238689012825489
,,,11654,,0.012997849844396114
,,,11655,,0.020322095602750778
,,,11656,,0.022254936397075653
,,,11657,,0.024027734994888306
,,,11658,,0.021775634959340096
,,,11659,,0.017513828352093697
,,,11660,,0.02717769518494606
,,,11661,,0.020243749022483826
,,,11662,,0.08534844219684601
,,,11663,,0.06785233318805695
,,,11664,,0.05802100896835327
,,,11665,,0.061073608696460724
,,,11666,,0.08591794967651367
,,,11667,,0.05228189378976822
,,,11668,,0.056959278881549835
,,,11669,,0.0736919492483139
,,,11670,,0.05439460650086403
,,,11671,,0.06734013557434082
,,,11672,,0.056245505809783936
,,,11673,,0.05991922691464424
,,,11674,,0.06965430080890656
,,,11675,,0.06648114323616028
,,,11676,,0.0650387555360794
,,,11677,,0.06246902048587799
,,,11678,,0.03146561607718468
50,,,4130,0.01263876911252737,
50,0.012356240302324295,,4130,,
51,,0.008140809834003448,4139,,
51,,0.009046697989106178,4149,,
51,,0.010071657598018646,4159,,
51,,0.009953990578651428,4169,,
51,,0.008895112201571465,4179,,
51,,0.01227168645709753,4189,,
51,,0.011112681590020657,4199,,
51,,0.009654682129621506,4209,,
,,,11679,,0.0003713448531925678
,,,11680,,0.00032894089235924184
,,,11681,,0.0006127717206254601
,,,11682,,0.0003545756917446852
,,,11683,,0.0007823515916243196
,,,11684,,0.0002841489913407713
,,,11685,,0.0005400328664109111
,,,11686,,0.0002798229397740215
,,,11687,,0.0005515281809493899
,,,11688,,0.00029731012182310224
,,,11689,,0.0008247375953942537
,,,11690,,0.0007823627674952149
,,,11691,,0.0002842120884452015
,,,11692,,0.000415775110013783
,,,11693,,0.0006264395778998733
,,,11694,,0.0004077883786521852
,,,11695,,0.000863933761138469
,,,11696,,0.0006737633375450969
,,,11697,,0.0007784900953993201
,,,11698,,0.0011292810086160898
,,,11699,,0.0003084308991674334
,,,11700,,0.00029217987321317196
,,,11701,,0.00028543389635160565
,,,11702,,0.0008910371107049286
,,,11703,,0.0007224223227240145
,,,11704,,0.0005909290048293769
,,,11705,,0.0006033469690009952
,,,11706,,0.005558050237596035
,,,11707,,0.016708936542272568
,,,11708,,0.014302216470241547
,,,11709,,0.013830813579261303
,,,11710,,0.015305476263165474
,,,11711,,0.013876485638320446
,,,11712,,0.07521378993988037
,,,11713,,0.02315453067421913
,,,11714,,0.011754631996154785
,,,11715,,0.013657351955771446
,,,11716,,0.009186942130327225
,,,11717,,0.0055009969510138035
,,,11718,,0.012261544354259968
,,,11719,,0.007651991210877895
,,,11720,,0.005859964527189732
,,,11721,,0.013974957168102264
,,,11722,,0.012383634224534035
,,,11723,,0.006556185893714428
,,,11724,,0.016457892954349518
,,,11725,,0.008582440204918385
,,,11726,,0.003078035544604063
,,,11727,,0.008753927424550056
,,,11728,,0.004956486634910107
,,,11729,,0.006055280566215515
,,,11730,,0.008231663145124912
,,,11731,,0.002520892769098282
,,,11732,,0.00679110549390316
,,,11733,,0.006915832869708538
,,,11734,,0.012472132220864296
,,,11735,,0.01241232454776764
,,,11736,,0.006100976839661598
,,,11737,,0.009017415344715118
,,,11738,,0.006057631224393845
,,,11739,,0.007780809421092272
,,,11740,,0.006398760247975588
,,,11741,,0.005816949065774679
,,,11742,,0.007971535436809063
,,,11743,,0.006902394816279411
,,,11744,,0.003849032800644636
,,,11745,,0.005628692917525768
,,,11746,,0.012420319952070713
,,,11747,,0.006999155506491661
,,,11748,,0.004135987721383572
,,,11749,,0.004985957406461239
,,,11750,,0.00047524977708235383
,,,11751,,0.0009953759144991636
,,,11752,,0.0005519711412489414
,,,11753,,0.000607471214607358
,,,11754,,0.0005014967755414546
,,,11755,,0.00055971514666453
,,,11756,,0.0003529694222379476
,,,11757,,0.0004853252903558314
,,,11758,,0.0004085296532139182
,,,11759,,0.0007043657242320478
,,,11760,,0.000603608728852123
,,,11761,,0.0009328654268756509
,,,11762,,0.0006316539947874844
,,,11763,,0.009516160935163498
,,,11764,,0.011673172935843468
,,,11765,,0.01082620583474636
,,,11766,,0.03173476457595825
,,,11767,,0.02264915034174919
,,,11768,,0.01959807239472866
,,,11769,,0.03369459882378578
,,,11770,,0.032469458878040314
,,,11771,,0.011325634084641933
,,,11772,,0.012386832386255264
,,,11773,,0.012701926752924919
,,,11774,,0.00895259901881218
,,,11775,,0.010691779665648937
,,,11776,,0.012458124198019505
,,,11777,,0.010133467614650726
,,,11778,,0.010427353903651237
,,,11779,,0.01170243602246046
,,,11780,,0.010299552232027054
,,,11781,,0.008999550715088844
,,,11782,,0.008556049317121506
,,,11783,,0.011961880140006542
,,,11784,,0.011310381814837456
,,,11785,,0.012495623901486397
,,,11786,,0.01120713446289301
,,,11787,,0.010637611150741577
,,,11788,,0.014145176857709885
,,,11789,,0.011987457983195782
,,,11790,,0.009178247302770615
,,,11791,,0.012051459401845932
,,,11792,,0.012090664356946945
,,,11793,,0.009488553740084171
,,,11794,,0.009560976177453995
,,,11795,,0.007644500117748976
,,,11796,,0.01057652197778225
,,,11797,,0.009792516008019447
,,,11798,,0.011280074715614319
,,,11799,,0.008797459304332733
,,,11800,,0.009696138091385365
,,,11801,,0.010260036215186119
,,,11802,,0.009890207089483738
,,,11803,,0.00956348329782486
,,,11804,,0.009874239563941956
,,,11805,,0.00815531611442566
,,,11806,,0.008343487977981567
,,,11807,,0.00862675067037344
,,,11808,,0.011580326594412327
,,,11809,,0.009797286242246628
,,,11810,,0.011345305480062962
,,,11811,,0.010024188086390495
,,,11812,,0.011562058702111244
,,,11813,,0.010831770487129688
,,,11814,,0.01019848883152008
,,,11815,,0.009385302662849426
,,,11816,,0.010706287808716297
,,,11817,,0.007400468457490206
,,,11818,,0.007822873070836067
,,,11819,,0.006624136120080948
,,,11820,,0.006522662006318569
,,,11821,,0.006834220141172409
,,,11822,,0.007829410955309868
,,,11823,,0.006913664750754833
,,,11824,,0.007205928675830364
,,,11825,,0.006570595316588879
,,,11826,,0.007142850663512945
,,,11827,,0.005914333276450634
,,,11828,,0.005606640130281448
,,,11829,,0.006440591998398304
,,,11830,,0.0068784612230956554
,,,11831,,0.007161935791373253
,,,11832,,0.0068940045312047005
,,,11833,,0.007777150720357895
,,,11834,,0.007368587888777256
,,,11835,,0.007472263649106026
,,,11836,,0.006490057334303856
,,,11837,,0.006631499622017145
,,,11838,,0.007735179737210274
,,,11839,,0.006969999987632036
,,,11840,,0.007755032740533352
,,,11841,,0.009047094732522964
,,,11842,,0.007999178022146225
,,,11843,,0.008424118161201477
,,,11844,,0.007583038881421089
,,,11845,,0.0065885125659406185
,,,11846,,0.007049362175166607
,,,11847,,0.009592551738023758
,,,11848,,0.008057658560574055
,,,11849,,0.0070471144281327724
,,,11850,,0.009864868596196175
,,,11851,,0.0076568592339754105
,,,11852,,0.009736819192767143
,,,11853,,0.007586263120174408
,,,11854,,0.007184745278209448
,,,11855,,0.008488290011882782
,,,11856,,0.008189880289137363
,,,11857,,0.007124798372387886
,,,11858,,0.008952474221587181
,,,11859,,0.008049536496400833
,,,11860,,0.007666081190109253
,,,11861,,0.0031984555535018444
,,,11862,,0.0024331912863999605
,,,11863,,0.0017834254540503025
,,,11864,,0.0020239329896867275
,,,11865,,0.001793357776477933
,,,11866,,0.0017073978669941425
,,,11867,,0.0021302844397723675
,,,11868,,0.001890657003968954
,,,11869,,0.002653796225786209
,,,11870,,0.002170130144804716
,,,11871,,0.0020940187387168407
,,,11872,,0.0023315686266869307
,,,11873,,0.0020075016655027866
,,,11874,,0.009794486686587334
,,,11875,,0.011036910116672516
,,,11876,,0.010573206469416618
,,,11877,,0.008863800205290318
,,,11878,,0.003703037742525339
,,,11879,,0.03505105525255203
,,,11880,,0.00697631761431694
,,,11881,,0.021922675892710686
,,,11882,,0.012049885466694832
,,,11883,,0.012414926663041115
,,,11884,,0.01872812956571579
,,,11885,,0.0232846662402153
,,,11886,,0.02173037827014923
,,,11887,,0.023079900071024895
,,,11888,,0.014662478119134903
,,,11889,,0.024969182908535004
,,,11890,,0.01975659653544426
,,,11891,,0.08403153717517853
,,,11892,,0.06673606485128403
,,,11893,,0.05603371560573578
,,,11894,,0.05981753021478653
,,,11895,,0.08440423756837845
,,,11896,,0.05025750398635864
,,,11897,,0.0562211349606514
,,,11898,,0.07178784906864166
,,,11899,,0.052440345287323
,,,11900,,0.06532396376132965
,,,11901,,0.054452329874038696
,,,11902,,0.05900077149271965
,,,11903,,0.06929294019937515
,,,11904,,0.06522763520479202
,,,11905,,0.06293762475252151
,,,11906,,0.060254715383052826
,,,11907,,0.030689731240272522
51,,,4211,0.012292792089283466,
51,0.011451403610408306,,4211,,
52,,0.006523405201733112,4219,,
52,,0.007890453562140465,4229,,
52,,0.01369120366871357,4239,,
52,,0.012542324140667915,4249,,
52,,0.007701435592025518,4259,,
52,,0.00851368810981512,4269,,
52,,0.0077699897810816765,4279,,
52,,0.009057467803359032,4289,,
,,,11908,,0.0008788159466348588
,,,11909,,0.0007985765114426613
,,,11910,,0.0011485903523862362
,,,11911,,0.0008238739101216197
,,,11912,,0.001114478800445795
,,,11913,,0.0007816508878022432
,,,11914,,0.0010678169783204794
,,,11915,,0.0007962543168105185
,,,11916,,0.0009330579196102917
,,,11917,,0.0007997386856004596
,,,11918,,0.0012619290500879288
,,,11919,,0.0013506778050214052
,,,11920,,0.0008127843029797077
,,,11921,,0.0008838839130476117
,,,11922,,0.0010592384496703744
,,,11923,,0.000828362419269979
,,,11924,,0.001262111822143197
,,,11925,,0.0011165246833115816
,,,11926,,0.0010984890395775437
,,,11927,,0.001595077570527792
,,,11928,,0.0008044480346143246
,,,11929,,0.0007339451694861054
,,,11930,,0.0006885954644531012
,,,11931,,0.0014024407137185335
,,,11932,,0.0011528277536854148
,,,11933,,0.0010508476989343762
,,,11934,,0.0010172829497605562
,,,11935,,0.006205709185451269
,,,11936,,0.017244284972548485
,,,11937,,0.014842117205262184
,,,11938,,0.014340410009026527
,,,11939,,0.01583261601626873
,,,11940,,0.014454166404902935
,,,11941,,0.0755486711859703
,,,11942,,0.023711886256933212
,,,11943,,0.01232088916003704
,,,11944,,0.014276031404733658
,,,11945,,0.009808631613850594
,,,11946,,0.00609847716987133
,,,11947,,0.012814252637326717
,,,11948,,0.008342277258634567
,,,11949,,0.006528116762638092
,,,11950,,0.01459505781531334
,,,11951,,0.013163464143872261
,,,11952,,0.007297200616449118
,,,11953,,0.017088575288653374
,,,11954,,0.00918624922633171
,,,11955,,0.0038802551571279764
,,,11956,,0.009410417638719082
,,,11957,,0.005578400567173958
,,,11958,,0.006832014303654432
,,,11959,,0.009024889208376408
,,,11960,,0.0035384364891797304
,,,11961,,0.0074745360761880875
,,,11962,,0.007444737944751978
,,,11963,,0.013004162348806858
,,,11964,,0.01310480572283268
,,,11965,,0.0066338637843728065
,,,11966,,0.009828226640820503
,,,11967,,0.0067159319296479225
,,,11968,,0.008472027257084846
,,,11969,,0.006760059855878353
,,,11970,,0.00620708242058754
,,,11971,,0.008706716820597649
,,,11972,,0.007470490410923958
,,,11973,,0.004366162233054638
,,,11974,,0.006454844027757645
,,,11975,,0.013062426820397377
,,,11976,,0.007534818723797798
,,,11977,,0.004529248457401991
,,,11978,,0.0057579586282372475
,,,11979,,0.0011184409959241748
,,,11980,,0.001392298610880971
,,,11981,,0.0005410321755334735
,,,11982,,0.0010427219094708562
,,,11983,,0.0011246782960370183
,,,11984,,0.0011572743533179164
,,,11985,,0.0009629872511141002
,,,11986,,0.0006962629850022495
,,,11987,,0.0008998727425932884
,,,11988,,0.0011986648896709085
,,,11989,,0.000969563378021121
,,,11990,,0.002400004770606756
,,,11991,,0.0012463092571124434
,,,11992,,0.009565353393554688
,,,11993,,0.01157849095761776
,,,11994,,0.011028911918401718
,,,11995,,0.032503530383110046
,,,11996,,0.02334306761622429
,,,11997,,0.020129507407546043
,,,11998,,0.03367029130458832
,,,11999,,0.032220788300037384
,,,12000,,0.011519074440002441
,,,12001,,0.012459378689527512
,,,12002,,0.012924231588840485
,,,12003,,0.008998783305287361
,,,12004,,0.010803135111927986
,,,12005,,0.012437491677701473
,,,12006,,0.010266102850437164
,,,12007,,0.010475562885403633
,,,12008,,0.011805725283920765
,,,12009,,0.01040302962064743
,,,12010,,0.00912878941744566
,,,12011,,0.008690793998539448
,,,12012,,0.012086418457329273
,,,12013,,0.011365806683897972
,,,12014,,0.012493021786212921
,,,12015,,0.011204634793102741
,,,12016,,0.01068190112709999
,,,12017,,0.014229385182261467
,,,12018,,0.011986124329268932
,,,12019,,0.009154030121862888
,,,12020,,0.012157425284385681
,,,12021,,0.012193955481052399
,,,12022,,0.00957498513162136
,,,12023,,0.00966857559978962
,,,12024,,0.007791811600327492
,,,12025,,0.010600665584206581
,,,12026,,0.009818440303206444
,,,12027,,0.01135488785803318
,,,12028,,0.008862881921231747
,,,12029,,0.009770476259291172
,,,12030,,0.010380704887211323
,,,12031,,0.01001678965985775
,,,12032,,0.009738903492689133
,,,12033,,0.009972245432436466
,,,12034,,0.008263854309916496
,,,12035,,0.008510777726769447
,,,12036,,0.008793598040938377
,,,12037,,0.011635317467153072
,,,12038,,0.009856563061475754
,,,12039,,0.011415604501962662
,,,12040,,0.010063908994197845
,,,12041,,0.011752414517104626
,,,12042,,0.010960595682263374
,,,12043,,0.010296512395143509
,,,12044,,0.009483748115599155
,,,12045,,0.0107885068282485
,,,12046,,0.0074079809710383415
,,,12047,,0.007689197082072496
,,,12048,,0.006741554941982031
,,,12049,,0.006643393076956272
,,,12050,,0.006873676553368568
,,,12051,,0.007717029191553593
,,,12052,,0.0068183098919689655
,,,12053,,0.007086249068379402
,,,12054,,0.006531233433634043
,,,12055,,0.007128523197025061
,,,12056,,0.0059457868337631226
,,,12057,,0.005675198044627905
,,,12058,,0.006453563924878836
,,,12059,,0.006970255635678768
,,,12060,,0.007101901341229677
,,,12061,,0.006876734551042318
,,,12062,,0.0076021840795874596
,,,12063,,0.007318662479519844
,,,12064,,0.007542591542005539
,,,12065,,0.006483718752861023
,,,12066,,0.006617797538638115
,,,12067,,0.007706422358751297
,,,12068,,0.007156798616051674
,,,12069,,0.008019658736884594
,,,12070,,0.009182646870613098
,,,12071,,0.008231515064835548
,,,12072,,0.008604096248745918
,,,12073,,0.00777862686663866
,,,12074,,0.0068039670586586
,,,12075,,0.007231077179312706
,,,12076,,0.009687207639217377
,,,12077,,0.008235642686486244
,,,12078,,0.0072123585268855095
,,,12079,,0.010039114393293858
,,,12080,,0.007896959781646729
,,,12081,,0.00992896594107151
,,,12082,,0.007751773111522198
,,,12083,,0.007336797192692757
,,,12084,,0.008676641620695591
,,,12085,,0.00842744205147028
,,,12086,,0.007256798446178436
,,,12087,,0.009106536395847797
,,,12088,,0.008192249573767185
,,,12089,,0.007828090339899063
,,,12090,,0.0038876321632415056
,,,12091,,0.0031469864770770073
,,,12092,,0.0026593906804919243
,,,12093,,0.0026524635031819344
,,,12094,,0.002638934412971139
,,,12095,,0.0025283517315983772
,,,12096,,0.0029517943039536476
,,,12097,,0.0026132925413548946
,,,12098,,0.0033195647411048412
,,,12099,,0.0029685096815228462
,,,12100,,0.0029326528310775757
,,,12101,,0.003236335702240467
,,,12102,,0.0027213110588490963
,,,12103,,0.010952392593026161
,,,12104,,0.012823795899748802
,,,12105,,0.011706825345754623
,,,12106,,0.00990096665918827
,,,12107,,0.004650397226214409
,,,12108,,0.0328872874379158
,,,12109,,0.007178803905844688
,,,12110,,0.023047730326652527
,,,12111,,0.011738840490579605
,,,12112,,0.012793663889169693
,,,12113,,0.019092535600066185
,,,12114,,0.023255178704857826
,,,12115,,0.02223460003733635
,,,12116,,0.022088956087827682
,,,12117,,0.016121448948979378
,,,12118,,0.025489477440714836
,,,12119,,0.019892815500497818
,,,12120,,0.08449724316596985
,,,12121,,0.06594271212816238
,,,12122,,0.05637798085808754
,,,12123,,0.059739235788583755
,,,12124,,0.08437967300415039
,,,12125,,0.05053924396634102
,,,12126,,0.05600033700466156
,,,12127,,0.07094961404800415
,,,12128,,0.05278889089822769
,,,12129,,0.06526480615139008
,,,12130,,0.054166529327631
,,,12131,,0.058499645441770554
,,,12132,,0.06833008676767349
,,,12133,,0.06461311876773834
,,,12134,,0.06326480209827423
,,,12135,,0.05999969691038132
,,,12136,,0.0324132964015007
52,,,4292,0.012604566290974617,
52,0.01137512642890215,,4292,,
53,,0.01794176921248436,4299,,
53,,0.013937531970441341,4309,,
53,,0.010718327015638351,4319,,
53,,0.010749520733952522,4329,,
53,,0.007606801111251116,4339,,
53,,0.016977161169052124,4349,,
53,,0.01079506054520607,4359,,
53,,0.01389123685657978,4369,,
,,,12137,,0.000982432160526514
,,,12138,,0.0009440414141863585
,,,12139,,0.0012876756954938173
,,,12140,,0.00101282459218055
,,,12141,,0.001399942091666162
,,,12142,,0.0010059131309390068
,,,12143,,0.0012018004199489951
,,,12144,,0.0009079269948415458
,,,12145,,0.0011630370281636715
,,,12146,,0.0009597672615200281
,,,12147,,0.001554909162223339
,,,12148,,0.001370475860312581
,,,12149,,0.0009095468558371067
,,,12150,,0.0010755655821412802
,,,12151,,0.001257251831702888
,,,12152,,0.0010157804936170578
,,,12153,,0.0014201439917087555
,,,12154,,0.0012540265452116728
,,,12155,,0.0013711340725421906
,,,12156,,0.0016990299336612225
,,,12157,,0.0009718663641251624
,,,12158,,0.0009391733910888433
,,,12159,,0.0009529087692499161
,,,12160,,0.001404240494593978
,,,12161,,0.0012964174384251237
,,,12162,,0.0011556321987882257
,,,12163,,0.0012188847176730633
,,,12164,,0.006416044197976589
,,,12165,,0.017430905252695084
,,,12166,,0.015101240947842598
,,,12167,,0.014594747684895992
,,,12168,,0.016087595373392105
,,,12169,,0.01458121556788683
,,,12170,,0.07559497654438019
,,,12171,,0.023801740258932114
,,,12172,,0.012518901377916336
,,,12173,,0.014512327499687672
,,,12174,,0.010086456313729286
,,,12175,,0.006331123411655426
,,,12176,,0.01310435589402914
,,,12177,,0.008552312850952148
,,,12178,,0.006765252910554409
,,,12179,,0.014743147417902946
,,,12180,,0.013203443959355354
,,,12181,,0.0075100138783454895
,,,12182,,0.017148802056908607
,,,12183,,0.00950343906879425
,,,12184,,0.004206132143735886
,,,12185,,0.009625609032809734
,,,12186,,0.006093154661357403
,,,12187,,0.007117703091353178
,,,12188,,0.009328585118055344
,,,12189,,0.003762695472687483
,,,12190,,0.007855724543333054
,,,12191,,0.007404804229736328
,,,12192,,0.012549909763038158
,,,12193,,0.012465367093682289
,,,12194,,0.006647190079092979
,,,12195,,0.009286563843488693
,,,12196,,0.00672913109883666
,,,12197,,0.008171084336936474
,,,12198,,0.006794482469558716
,,,12199,,0.00645791320130229
,,,12200,,0.008473101072013378
,,,12201,,0.0074827345088124275
,,,12202,,0.00454411655664444
,,,12203,,0.006456717848777771
,,,12204,,0.0124638881534338
,,,12205,,0.0075482153333723545
,,,12206,,0.004588954150676727
,,,12207,,0.005167788825929165
,,,12208,,0.0011193885002285242
,,,12209,,0.0016165116103366017
,,,12210,,0.0017766794189810753
,,,12211,,0.0014073904603719711
,,,12212,,0.0011959474068135023
,,,12213,,0.001206698827445507
,,,12214,,0.0008423284743912518
,,,12215,,0.001370156416669488
,,,12216,,0.0009537276928313076
,,,12217,,0.0013235009973868728
,,,12218,,0.001491811592131853
,,,12219,,0.000847121118567884
,,,12220,,0.0012280612718313932
,,,12221,,0.009176928550004959
,,,12222,,0.011157924309372902
,,,12223,,0.010698487050831318
,,,12224,,0.032484401017427444
,,,12225,,0.02332979068160057
,,,12226,,0.020483897998929024
,,,12227,,0.03410670906305313
,,,12228,,0.032403312623500824
,,,12229,,0.011796399019658566
,,,12230,,0.01296173594892025
,,,12231,,0.013216640800237656
,,,12232,,0.009453784674406052
,,,12233,,0.011265517212450504
,,,12234,,0.012881133705377579
,,,12235,,0.010639653541147709
,,,12236,,0.010843639262020588
,,,12237,,0.012213094159960747
,,,12238,,0.010820640251040459
,,,12239,,0.009462443180382252
,,,12240,,0.009206552058458328
,,,12241,,0.012412918731570244
,,,12242,,0.012009875848889351
,,,12243,,0.01302819512784481
,,,12244,,0.011862138286232948
,,,12245,,0.011202540248632431
,,,12246,,0.014803738333284855
,,,12247,,0.012565669603645802
,,,12248,,0.009629976004362106
,,,12249,,0.012618628330528736
,,,12250,,0.012523580342531204
,,,12251,,0.009878229349851608
,,,12252,,0.00982590951025486
,,,12253,,0.007929043844342232
,,,12254,,0.010816588997840881
,,,12255,,0.010198093950748444
,,,12256,,0.011651724576950073
,,,12257,,0.009140226989984512
,,,12258,,0.010048087686300278
,,,12259,,0.010625890456140041
,,,12260,,0.01034708321094513
,,,12261,,0.01003270037472248
,,,12262,,0.010089868679642677
,,,12263,,0.008489774540066719
,,,12264,,0.008659105747938156
,,,12265,,0.009071696549654007
,,,12266,,0.011983608826994896
,,,12267,,0.010128816589713097
,,,12268,,0.011789340525865555
,,,12269,,0.01047269906848669
,,,12270,,0.011812579818069935
,,,12271,,0.011218374595046043
,,,12272,,0.010543948039412498
,,,12273,,0.009818706661462784
,,,12274,,0.01099594309926033
,,,12275,,0.007819585502147675
,,,12276,,0.008269701153039932
,,,12277,,0.007192348130047321
,,,12278,,0.007094484753906727
,,,12279,,0.007327196188271046
,,,12280,,0.008275847882032394
,,,12281,,0.007392049767076969
,,,12282,,0.00766797224059701
,,,12283,,0.007192027755081654
,,,12284,,0.007645898964256048
,,,12285,,0.0063022137619555
,,,12286,,0.006231253035366535
,,,12287,,0.007087816018611193
,,,12288,,0.007519787643104792
,,,12289,,0.007723395247012377
,,,12290,,0.007410135120153427
,,,12291,,0.00833575613796711
,,,12292,,0.008007616735994816
,,,12293,,0.008073342964053154
,,,12294,,0.007057164795696735
,,,12295,,0.0071890573017299175
,,,12296,,0.008295176550745964
,,,12297,,0.0070265308022499084
,,,12298,,0.007784833200275898
,,,12299,,0.008926482871174812
,,,12300,,0.007972599938511848
,,,12301,,0.008377275429666042
,,,12302,,0.007537174969911575
,,,12303,,0.0065285395830869675
,,,12304,,0.006958031095564365
,,,12305,,0.009512228891253471
,,,12306,,0.008002863265573978
,,,12307,,0.0070281680673360825
,,,12308,,0.009699948132038116
,,,12309,,0.007591065019369125
,,,12310,,0.009677501395344734
,,,12311,,0.007537240162491798
,,,12312,,0.0071249534375965595
,,,12313,,0.008360120467841625
,,,12314,,0.008166758343577385
,,,12315,,0.007081182673573494
,,,12316,,0.008803339675068855
,,,12317,,0.007975881919264793
,,,12318,,0.007665604818612337
,,,12319,,0.004058443941175938
,,,12320,,0.0033462250139564276
,,,12321,,0.002632620045915246
,,,12322,,0.0027930415235459805
,,,12323,,0.00246859947219491
,,,12324,,0.002412397414445877
,,,12325,,0.0028071291744709015
,,,12326,,0.0026397625915706158
,,,12327,,0.0035691820085048676
,,,12328,,0.002873008605092764
,,,12329,,0.00294881546869874
,,,12330,,0.0029470897279679775
,,,12331,,0.002866641618311405
,,,12332,,0.009182769805192947
,,,12333,,0.010590801015496254
,,,12334,,0.010581020265817642
,,,12335,,0.009169178083539009
,,,12336,,0.004351284820586443
,,,12337,,0.03167423605918884
,,,12338,,0.006999507546424866
,,,12339,,0.02224784344434738
,,,12340,,0.011732407845556736
,,,12341,,0.011719033122062683
,,,12342,,0.01783779263496399
,,,12343,,0.021533148363232613
,,,12344,,0.022033654153347015
,,,12345,,0.02244468592107296
,,,12346,,0.015236657112836838
,,,12347,,0.02451261505484581
,,,12348,,0.01957032084465027
,,,12349,,0.08406715095043182
,,,12350,,0.06598734855651855
,,,12351,,0.05575062334537506
,,,12352,,0.059197381138801575
,,,12353,,0.08418242633342743
,,,12354,,0.05022433027625084
,,,12355,,0.05539332330226898
,,,12356,,0.07113201916217804
,,,12357,,0.052460022270679474
,,,12358,,0.06593963503837585
,,,12359,,0.05398841202259064
,,,12360,,0.058845631778240204
,,,12361,,0.06825412809848785
,,,12362,,0.06505614519119263
,,,12363,,0.06283560395240784
,,,12364,,0.05960796773433685
,,,12365,,0.03137512877583504
53,,,4373,0.012672091834247112,
53,0.011064241640269756,,4373,,
54,,0.008273450657725334,4379,,
54,,0.009320920333266258,4389,,
54,,0.011372729204595089,4399,,
54,,0.009849823080003262,4409,,
54,,0.010456940159201622,4419,,
54,,0.008048683404922485,4429,,
54,,0.00936665665358305,4439,,
54,,0.01275856513530016,4449,,
,,,12366,,0.00040891021490097046
,,,12367,,0.0003749437746591866
,,,12368,,0.0007163399131968617
,,,12369,,0.00035333860432729125
,,,12370,,0.000652313232421875
,,,12371,,0.00032901897793635726
,,,12372,,0.0005710003315471113
,,,12373,,0.0003107341763097793
,,,12374,,0.00047205472947098315
,,,12375,,0.000326765701174736
,,,12376,,0.0008665930363349617
,,,12377,,0.0008794707246124744
,,,12378,,0.00032059854129329324
,,,12379,,0.00043240730883553624
,,,12380,,0.0006193029694259167
,,,12381,,0.000393262947909534
,,,12382,,0.0007956334738992155
,,,12383,,0.0006435521063394845
,,,12384,,0.0006389440386556089
,,,12385,,0.0011545727029442787
,,,12386,,0.00032801541965454817
,,,12387,,0.000294061959721148
,,,12388,,0.0002610216033644974
,,,12389,,0.0008797615300863981
,,,12390,,0.0007161526009440422
,,,12391,,0.000566809787414968
,,,12392,,0.0005702030612155795
,,,12393,,0.005423261784017086
,,,12394,,0.01639917865395546
,,,12395,,0.013984515331685543
,,,12396,,0.013653429225087166
,,,12397,,0.015139135532081127
,,,12398,,0.013650445267558098
,,,12399,,0.07408197969198227
,,,12400,,0.022827956825494766
,,,12401,,0.011516270227730274
,,,12402,,0.01344953291118145
,,,12403,,0.009028581902384758
,,,12404,,0.005386857315897942
,,,12405,,0.012045193463563919
,,,12406,,0.00749682541936636
,,,12407,,0.005650957114994526
,,,12408,,0.013587080873548985
,,,12409,,0.012053358368575573
,,,12410,,0.006406480446457863
,,,12411,,0.0159764364361763
,,,12412,,0.008271433413028717
,,,12413,,0.0029210676439106464
,,,12414,,0.00837341882288456
,,,12415,,0.004732723813503981
,,,12416,,0.005933014675974846
,,,12417,,0.008099721744656563
,,,12418,,0.002439505886286497
,,,12419,,0.006497821770608425
,,,12420,,0.006913955323398113
,,,12421,,0.011964408680796623
,,,12422,,0.01191478781402111
,,,12423,,0.005865759216248989
,,,12424,,0.00869826041162014
,,,12425,,0.006037633866071701
,,,12426,,0.007503543980419636
,,,12427,,0.006093858275562525
,,,12428,,0.005659555085003376
,,,12429,,0.007800552062690258
,,,12430,,0.0067680468782782555
,,,12431,,0.003808245761319995
,,,12432,,0.006075151264667511
,,,12433,,0.011816893704235554
,,,12434,,0.006535631604492664
,,,12435,,0.0038981325924396515
,,,12436,,0.004759753122925758
,,,12437,,0.00046570898848585784
,,,12438,,0.0009773296769708395
,,,12439,,0.0008238829323090613
,,,12440,,0.0005644360790029168
,,,12441,,0.0005208963411860168
,,,12442,,0.0005620312294922769
,,,12443,,0.000359108584234491
,,,12444,,0.0006284474511630833
,,,12445,,0.00044787916704081
,,,12446,,0.0007514224853366613
,,,12447,,0.0006044388865120709
,,,12448,,0.0006425073370337486
,,,12449,,0.0007005812367424369
,,,12450,,0.009253631345927715
,,,12451,,0.011324282735586166
,,,12452,,0.010477895848453045
,,,12453,,0.030425136908888817
,,,12454,,0.021549835801124573
,,,12455,,0.019010260701179504
,,,12456,,0.0329430028796196
,,,12457,,0.030943704769015312
,,,12458,,0.010950470343232155
,,,12459,,0.012046143412590027
,,,12460,,0.012344107031822205
,,,12461,,0.00864055659621954
,,,12462,,0.010420462116599083
,,,12463,,0.012069329619407654
,,,12464,,0.009875129908323288
,,,12465,,0.010063538327813148
,,,12466,,0.011296489275991917
,,,12467,,0.009941332042217255
,,,12468,,0.008737757802009583
,,,12469,,0.00838116742670536
,,,12470,,0.01150982454419136
,,,12471,,0.010962095111608505
,,,12472,,0.012030992656946182
,,,12473,,0.01090711448341608
,,,12474,,0.010377826169133186
,,,12475,,0.013769339770078659
,,,12476,,0.011623733676970005
,,,12477,,0.008894485421478748
,,,12478,,0.01168348640203476
,,,12479,,0.011682042852044106
,,,12480,,0.009832896292209625
,,,12481,,0.009850990027189255
,,,12482,,0.007853586226701736
,,,12483,,0.010255632922053337
,,,12484,,0.009588941000401974
,,,12485,,0.011038187891244888
,,,12486,,0.008641120046377182
,,,12487,,0.009563643485307693
,,,12488,,0.010005958378314972
,,,12489,,0.009735796600580215
,,,12490,,0.009373196400702
,,,12491,,0.009595522657036781
,,,12492,,0.0080793472006917
,,,12493,,0.008161209523677826
,,,12494,,0.008488203398883343
,,,12495,,0.011346282437443733
,,,12496,,0.00956097710877657
,,,12497,,0.011196201667189598
,,,12498,,0.009801351465284824
,,,12499,,0.011288253590464592
,,,12500,,0.010618548840284348
,,,12501,,0.009950295090675354
,,,12502,,0.00919403601437807
,,,12503,,0.010415871627628803
,,,12504,,0.007236584089696407
,,,12505,,0.007660608272999525
,,,12506,,0.006580086424946785
,,,12507,,0.006408928893506527
,,,12508,,0.006740382872521877
,,,12509,,0.007574082352221012
,,,12510,,0.006781227421015501
,,,12511,,0.007130397483706474
,,,12512,,0.00639327522367239
,,,12513,,0.007009450346231461
,,,12514,,0.005849513690918684
,,,12515,,0.005507594905793667
,,,12516,,0.006311314646154642
,,,12517,,0.0067544979974627495
,,,12518,,0.007046806160360575
,,,12519,,0.006753592751920223
,,,12520,,0.00763980858027935
,,,12521,,0.0072515844367444515
,,,12522,,0.007281706668436527
,,,12523,,0.006453034467995167
,,,12524,,0.006548302713781595
,,,12525,,0.007638563401997089
,,,12526,,0.006787086371332407
,,,12527,,0.007618737407028675
,,,12528,,0.008777239359915257
,,,12529,,0.007761196233332157
,,,12530,,0.008171385154128075
,,,12531,,0.0074140578508377075
,,,12532,,0.00645642401650548
,,,12533,,0.0068628257140517235
,,,12534,,0.00928072351962328
,,,12535,,0.007806451991200447
,,,12536,,0.006886541377753019
,,,12537,,0.009582980535924435
,,,12538,,0.007467641029506922
,,,12539,,0.009405945427715778
,,,12540,,0.007322458550333977
,,,12541,,0.006973735988140106
,,,12542,,0.00828455202281475
,,,12543,,0.007975751534104347
,,,12544,,0.006899059750139713
,,,12545,,0.00865302886813879
,,,12546,,0.007809515111148357
,,,12547,,0.00735465670004487
,,,12548,,0.003047357313334942
,,,12549,,0.0024071724619716406
,,,12550,,0.001804151339456439
,,,12551,,0.001837372314184904
,,,12552,,0.0016252968925982714
,,,12553,,0.0015446016332134604
,,,12554,,0.0020752442069351673
,,,12555,,0.0017061270773410797
,,,12556,,0.002556048333644867
,,,12557,,0.0019793719984591007
,,,12558,,0.0020439596846699715
,,,12559,,0.002086424268782139
,,,12560,,0.0019491171697154641
,,,12561,,0.008695941418409348
,,,12562,,0.010020988062024117
,,,12563,,0.009886715561151505
,,,12564,,0.0082090487703681
,,,12565,,0.0036119769793003798
,,,12566,,0.031610921025276184
,,,12567,,0.006464254576712847
,,,12568,,0.021540652960538864
,,,12569,,0.011205233633518219
,,,12570,,0.0109325610101223
,,,12571,,0.017878634855151176
,,,12572,,0.020495250821113586
,,,12573,,0.021401580423116684
,,,12574,,0.020551569759845734
,,,12575,,0.013988496735692024
,,,12576,,0.023586953058838844
,,,12577,,0.018780946731567383
,,,12578,,0.08166541904211044
,,,12579,,0.06392249464988708
,,,12580,,0.05408449098467827
,,,12581,,0.057900771498680115
,,,12582,,0.0817059576511383
,,,12583,,0.048904113471508026
,,,12584,,0.053979355841875076
,,,12585,,0.06990450620651245
,,,12586,,0.050986602902412415
,,,12587,,0.06415243446826935
,,,12588,,0.0524233803153038
,,,12589,,0.057068973779678345
,,,12590,,0.06686877459287643
,,,12591,,0.06324077397584915
,,,12592,,0.06106017902493477
,,,12593,,0.05847206711769104
,,,12594,,0.03009086847305298
54,,,4454,0.011902967467904091,
54,0.01099580992013216,,4454,,
55,,0.009456843137741089,4459,,
55,,0.008388957940042019,4469,,
55,,0.005363778211176395,4479,,
55,,0.008993072435259819,4489,,
55,,0.006478298921138048,4499,,
55,,0.011475060135126114,4509,,
55,,0.012532025575637817,4519,,
55,,0.010049744509160519,4529,,
,,,12595,,0.00040292023913934827
,,,12596,,0.0003588827094063163
,,,12597,,0.0006848912453278899
,,,12598,,0.00035190413473173976
,,,12599,,0.0007253602962009609
,,,12600,,0.00030125112971290946
,,,12601,,0.0005885179270990193
,,,12602,,0.0002867882722057402
,,,12603,,0.0004921536892652512
,,,12604,,0.00029367065872065723
,,,12605,,0.0008686232031323016
,,,12606,,0.0008603443275205791
,,,12607,,0.0003236561897210777
,,,12608,,0.00044597621308639646
,,,12609,,0.0006478324066847563
,,,12610,,0.0004318468854762614
,,,12611,,0.0009000155259855092
,,,12612,,0.0007949245627969503
,,,12613,,0.00064484728500247
,,,12614,,0.0012287850258871913
,,,12615,,0.00038567837327718735
,,,12616,,0.0003836983232758939
,,,12617,,0.0002959668345283717
,,,12618,,0.0009472644305787981
,,,12619,,0.0007327689090743661
,,,12620,,0.0006506015779450536
,,,12621,,0.0006097435252740979
,,,12622,,0.0057816458866000175
,,,12623,,0.016799721866846085
,,,12624,,0.01433345302939415
,,,12625,,0.013958491384983063
,,,12626,,0.015426430851221085
,,,12627,,0.013883793726563454
,,,12628,,0.07489944994449615
,,,12629,,0.023189231753349304
,,,12630,,0.011822731234133244
,,,12631,,0.01379251480102539
,,,12632,,0.009510032832622528
,,,12633,,0.005690095946192741
,,,12634,,0.012377949431538582
,,,12635,,0.007832054048776627
,,,12636,,0.00595714058727026
,,,12637,,0.014065416529774666
,,,12638,,0.012536254711449146
,,,12639,,0.006739338394254446
,,,12640,,0.016522632911801338
,,,12641,,0.008721239864826202
,,,12642,,0.0033404806163161993
,,,12643,,0.008910923264920712
,,,12644,,0.005076040513813496
,,,12645,,0.006238799076527357
,,,12646,,0.008455516770482063
,,,12647,,0.00282409624196589
,,,12648,,0.006909521762281656
,,,12649,,0.007065231911838055
,,,12650,,0.0124020054936409
,,,12651,,0.012363532558083534
,,,12652,,0.006042965687811375
,,,12653,,0.009067453444004059
,,,12654,,0.006223768927156925
,,,12655,,0.007721165660768747
,,,12656,,0.006447058171033859
,,,12657,,0.00577706191688776
,,,12658,,0.008128087967634201
,,,12659,,0.007105239666998386
,,,12660,,0.003810968017205596
,,,12661,,0.006078920792788267
,,,12662,,0.012174027040600777
,,,12663,,0.0068861208856105804
,,,12664,,0.003989704884588718
,,,12665,,0.005064868368208408
,,,12666,,0.0004904785309918225
,,,12667,,0.0010771219385787845
,,,12668,,0.0005401874077506363
,,,12669,,0.0006044546607881784
,,,12670,,0.000517788459546864
,,,12671,,0.0006167803658172488
,,,12672,,0.0003565814986359328
,,,12673,,0.0003852378868032247
,,,12674,,0.000382670434191823
,,,12675,,0.0007398599991574883
,,,12676,,0.000549076299648732
,,,12677,,0.0010463576763868332
,,,12678,,0.0007217439124360681
,,,12679,,0.010103534907102585
,,,12680,,0.012428989633917809
,,,12681,,0.012939349748194218
,,,12682,,0.04241320118308067
,,,12683,,0.03284700587391853
,,,12684,,0.023986464366316795
,,,12685,,0.03352745622396469
,,,12686,,0.03246741741895676
,,,12687,,0.011880731210112572
,,,12688,,0.012827055528759956
,,,12689,,0.013238557614386082
,,,12690,,0.009271730668842793
,,,12691,,0.011314605362713337
,,,12692,,0.0129038505256176
,,,12693,,0.010736994445323944
,,,12694,,0.010914687998592854
,,,12695,,0.011966072022914886
,,,12696,,0.01081220991909504
,,,12697,,0.009568744339048862
,,,12698,,0.008788637816905975
,,,12699,,0.012393019162118435
,,,12700,,0.011623398400843143
,,,12701,,0.012933043763041496
,,,12702,,0.011540953069925308
,,,12703,,0.010931883938610554
,,,12704,,0.01461661234498024
,,,12705,,0.0124056963250041
,,,12706,,0.009444079361855984
,,,12707,,0.012469056993722916
,,,12708,,0.012451382353901863
,,,12709,,0.009591808542609215
,,,12710,,0.009617463685572147
,,,12711,,0.007898153737187386
,,,12712,,0.010947693139314651
,,,12713,,0.010015660896897316
,,,12714,,0.011685354635119438
,,,12715,,0.009246591478586197
,,,12716,,0.010278891772031784
,,,12717,,0.010843934491276741
,,,12718,,0.010466989129781723
,,,12719,,0.009940531104803085
,,,12720,,0.01039891503751278
,,,12721,,0.008549995720386505
,,,12722,,0.008788878098130226
,,,12723,,0.00898178294301033
,,,12724,,0.01191772148013115
,,,12725,,0.010124707594513893
,,,12726,,0.011716915294528008
,,,12727,,0.010373987257480621
,,,12728,,0.012227685190737247
,,,12729,,0.011243132874369621
,,,12730,,0.010622715577483177
,,,12731,,0.009715707041323185
,,,12732,,0.011218486353754997
,,,12733,,0.009076841175556183
,,,12734,,0.009696844033896923
,,,12735,,0.00810781866312027
,,,12736,,0.007049862295389175
,,,12737,,0.00801522471010685
,,,12738,,0.009972427040338516
,,,12739,,0.008922452107071877
,,,12740,,0.009863012470304966
,,,12741,,0.008363103494048119
,,,12742,,0.008076959289610386
,,,12743,,0.008056359365582466
,,,12744,,0.007099068723618984
,,,12745,,0.006956969387829304
,,,12746,,0.007810589857399464
,,,12747,,0.008638795465230942
,,,12748,,0.008213161490857601
,,,12749,,0.009377100504934788
,,,12750,,0.008120348677039146
,,,12751,,0.008278559893369675
,,,12752,,0.007867556996643543
,,,12753,,0.008175073191523552
,,,12754,,0.009210445918142796
,,,12755,,0.007292819209396839
,,,12756,,0.00827675312757492
,,,12757,,0.009577002376317978
,,,12758,,0.008516867645084858
,,,12759,,0.008902676403522491
,,,12760,,0.008072586730122566
,,,12761,,0.007088422775268555
,,,12762,,0.007438022177666426
,,,12763,,0.01012004166841507
,,,12764,,0.008539102040231228
,,,12765,,0.007530474569648504
,,,12766,,0.010304886847734451
,,,12767,,0.008257000707089901
,,,12768,,0.010199149139225483
,,,12769,,0.008068197406828403
,,,12770,,0.007626498118042946
,,,12771,,0.008944584056735039
,,,12772,,0.00873296707868576
,,,12773,,0.007518000900745392
,,,12774,,0.009440197609364986
,,,12775,,0.008519159629940987
,,,12776,,0.00804959051311016
,,,12777,,0.0035540154203772545
,,,12778,,0.0026135225780308247
,,,12779,,0.0018977962899953127
,,,12780,,0.0020947193261235952
,,,12781,,0.0018069390207529068
,,,12782,,0.001761293038725853
,,,12783,,0.002170940861105919
,,,12784,,0.002010688418522477
,,,12785,,0.002936313394457102
,,,12786,,0.002357108984142542
,,,12787,,0.002237024251371622
,,,12788,,0.0024143741466104984
,,,12789,,0.0021127676591277122
,,,12790,,0.009236409328877926
,,,12791,,0.010886318981647491
,,,12792,,0.010510982945561409
,,,12793,,0.00876549817621708
,,,12794,,0.0035644874442368746
,,,12795,,0.0328325480222702
,,,12796,,0.006467393599450588
,,,12797,,0.022210612893104553
,,,12798,,0.01130354031920433
,,,12799,,0.011250205338001251
,,,12800,,0.018522851169109344
,,,12801,,0.022707274183630943
,,,12802,,0.02354765497148037
,,,12803,,0.022395871579647064
,,,12804,,0.014554785564541817
,,,12805,,0.02446107566356659
,,,12806,,0.01908598467707634
,,,12807,,0.08265368640422821
,,,12808,,0.06604301184415817
,,,12809,,0.05518707260489464
,,,12810,,0.05815143883228302
,,,12811,,0.08296484500169754
,,,12812,,0.049246542155742645
,,,12813,,0.05440988764166832
,,,12814,,0.07081335783004761
,,,12815,,0.05170184373855591
,,,12816,,0.06447679549455643
,,,12817,,0.05342964455485344
,,,12818,,0.057603511959314346
,,,12819,,0.06792399287223816
,,,12820,,0.0634579211473465
,,,12821,,0.06210207939147949
,,,12822,,0.058370377868413925
,,,12823,,0.02984500117599964
55,,,4535,0.012599545530974865,
55,0.012108745984733105,,4535,,
56,,0.00982949323952198,4539,,
56,,0.013121646828949451,4549,,
56,,0.012140793725848198,4559,,
56,,0.007275647018104792,4569,,
56,,0.01358503382652998,4579,,
56,,0.007303775288164616,4589,,
56,,0.008985517546534538,4599,,
56,,0.008503076620399952,4609,,
,,,12824,,0.00034826999763026834
,,,12825,,0.0003098504967056215
,,,12826,,0.0006062479224056005
,,,12827,,0.00028399101574905217
,,,12828,,0.0005888647865504026
,,,12829,,0.0002485932200215757
,,,12830,,0.0004696454852819443
,,,12831,,0.00023807161778677255
,,,12832,,0.0004029989358969033
,,,12833,,0.00024974957341328263
,,,12834,,0.0007628649473190308
,,,12835,,0.0007477807230316103
,,,12836,,0.00026567094027996063
,,,12837,,0.00037116926978342235
,,,12838,,0.0005630743107758462
,,,12839,,0.00033533902023918927
,,,12840,,0.0007529143476858735
,,,12841,,0.0006268344586715102
,,,12842,,0.0005655261920765042
,,,12843,,0.001083487062714994
,,,12844,,0.00029597507091239095
,,,12845,,0.00027341279201209545
,,,12846,,0.00021888347691856325
,,,12847,,0.0008166356710717082
,,,12848,,0.0006461685406975448
,,,12849,,0.0005203492473810911
,,,12850,,0.0005199059378355742
,,,12851,,0.005318283103406429
,,,12852,,0.01622731238603592
,,,12853,,0.013789897784590721
,,,12854,,0.013459691777825356
,,,12855,,0.014931419864296913
,,,12856,,0.013479522429406643
,,,12857,,0.07351542264223099
,,,12858,,0.022583452984690666
,,,12859,,0.011325621046125889
,,,12860,,0.013282230123877525
,,,12861,,0.00887294765561819
,,,12862,,0.005246531218290329
,,,12863,,0.01186133362352848
,,,12864,,0.0073673417791724205
,,,12865,,0.0055637056939303875
,,,12866,,0.01339022722095251
,,,12867,,0.011862494051456451
,,,12868,,0.006271724589169025
,,,12869,,0.01576186530292034
,,,12870,,0.008153241127729416
,,,12871,,0.0028510778211057186
,,,12872,,0.008291964419186115
,,,12873,,0.004705941770225763
,,,12874,,0.005857015959918499
,,,12875,,0.007987158372998238
,,,12876,,0.0024040094576776028
,,,12877,,0.006462256424129009
,,,12878,,0.006457654759287834
,,,12879,,0.011919394135475159
,,,12880,,0.01220267079770565
,,,12881,,0.005819946061819792
,,,12882,,0.008904430083930492
,,,12883,,0.005773533135652542
,,,12884,,0.007526644505560398
,,,12885,,0.006120228208601475
,,,12886,,0.005574745126068592
,,,12887,,0.00786861963570118
,,,12888,,0.006531773135066032
,,,12889,,0.0034022140316665173
,,,12890,,0.0054927091114223
,,,12891,,0.011961469426751137
,,,12892,,0.006694093346595764
,,,12893,,0.003537964541465044
,,,12894,,0.004750740714371204
,,,12895,,0.00042410026071593165
,,,12896,,0.0008714440045878291
,,,12897,,0.0005406711716204882
,,,12898,,0.0004640422994270921
,,,12899,,0.0004602151457220316
,,,12900,,0.0005054071079939604
,,,12901,,0.00029251642990857363
,,,12902,,0.00040497060399502516
,,,12903,,0.000326561916153878
,,,12904,,0.0006326719303615391
,,,12905,,0.0004528011195361614
,,,12906,,0.0009111211402341723
,,,12907,,0.0006545574287883937
,,,12908,,0.008590811863541603
,,,12909,,0.010563027113676071
,,,12910,,0.009756595827639103
,,,12911,,0.02997179701924324
,,,12912,,0.021208349615335464
,,,12913,,0.018480097874999046
,,,12914,,0.032281871885061264
,,,12915,,0.030770909041166306
,,,12916,,0.010536670684814453
,,,12917,,0.011554430238902569
,,,12918,,0.01176738552749157
,,,12919,,0.00821148045361042
,,,12920,,0.009901956655085087
,,,12921,,0.0115511454641819
,,,12922,,0.00939367339015007
,,,12923,,0.009570490568876266
,,,12924,,0.010823242366313934
,,,12925,,0.009523246437311172
,,,12926,,0.00828249379992485
,,,12927,,0.007959267124533653
,,,12928,,0.011035187169909477
,,,12929,,0.010512644425034523
,,,12930,,0.01148174237459898
,,,12931,,0.010383468121290207
,,,12932,,0.009827475063502789
,,,12933,,0.01318431831896305
,,,12934,,0.011077042669057846
,,,12935,,0.008403820917010307
,,,12936,,0.011135892011225224
,,,12937,,0.01122570876032114
,,,12938,,0.008744177408516407
,,,12939,,0.00880903284996748
,,,12940,,0.007055356632918119
,,,12941,,0.009879304096102715
,,,12942,,0.009122130461037159
,,,12943,,0.010546338744461536
,,,12944,,0.008214886300265789
,,,12945,,0.009081406518816948
,,,12946,,0.009536372497677803
,,,12947,,0.009276005439460278
,,,12948,,0.008956847712397575
,,,12949,,0.009132720530033112
,,,12950,,0.007647808641195297
,,,12951,,0.007772224955260754
,,,12952,,0.008079659193754196
,,,12953,,0.010834825225174427
,,,12954,,0.00914541631937027
,,,12955,,0.01056755892932415
,,,12956,,0.009354880079627037
,,,12957,,0.010814601555466652
,,,12958,,0.010109052062034607
,,,12959,,0.009508437477052212
,,,12960,,0.008731350302696228
,,,12961,,0.010020490735769272
,,,12962,,0.006891269236803055
,,,12963,,0.007303512655198574
,,,12964,,0.006200352683663368
,,,12965,,0.006101985927671194
,,,12966,,0.006387991365045309
,,,12967,,0.007287121377885342
,,,12968,,0.006433182395994663
,,,12969,,0.0066983080469071865
,,,12970,,0.006106148939579725
,,,12971,,0.006719202268868685
,,,12972,,0.005484911613166332
,,,12973,,0.00522124208509922
,,,12974,,0.006023827474564314
,,,12975,,0.006442614831030369
,,,12976,,0.006640795152634382
,,,12977,,0.00645138043910265
,,,12978,,0.007243741303682327
,,,12979,,0.006894402671605349
,,,12980,,0.006961595732718706
,,,12981,,0.006076912395656109
,,,12982,,0.006188642233610153
,,,12983,,0.00723608210682869
,,,12984,,0.006546185351908207
,,,12985,,0.0072601838037371635
,,,12986,,0.008427363820374012
,,,12987,,0.007474026642739773
,,,12988,,0.007947014644742012
,,,12989,,0.007105069234967232
,,,12990,,0.00614217109978199
,,,12991,,0.006585411727428436
,,,12992,,0.008976787328720093
,,,12993,,0.0075780367478728294
,,,12994,,0.00659254752099514
,,,12995,,0.00924166850745678
,,,12996,,0.007203361019492149
,,,12997,,0.00911284051835537
,,,12998,,0.007060833275318146
,,,12999,,0.006755523383617401
,,,13000,,0.007958881556987762
,,,13001,,0.007673274725675583
,,,13002,,0.006611475721001625
,,,13003,,0.008384976536035538
,,,13004,,0.007498222403228283
,,,13005,,0.00712643563747406
,,,13006,,0.0029423311352729797
,,,13007,,0.002365178894251585
,,,13008,,0.001832382520660758
,,,13009,,0.0018419977277517319
,,,13010,,0.0016797259449958801
,,,13011,,0.0015763328410685062
,,,13012,,0.002141072880476713
,,,13013,,0.0016989440191537142
,,,13014,,0.0025090686976909637
,,,13015,,0.0020296908915042877
,,,13016,,0.0020086788572371006
,,,13017,,0.0020671673119068146
,,,13018,,0.0018982525216415524
,,,13019,,0.008538052439689636
,,,13020,,0.009824704378843307
,,,13021,,0.009768642485141754
,,,13022,,0.008375011384487152
,,,13023,,0.003531165886670351
,,,13024,,0.03134720027446747
,,,13025,,0.006166493520140648
,,,13026,,0.020715225487947464
,,,13027,,0.010983942076563835
,,,13028,,0.010710116475820541
,,,13029,,0.017819199711084366
,,,13030,,0.021282728761434555
,,,13031,,0.020918667316436768
,,,13032,,0.021147742867469788
,,,13033,,0.014691232703626156
,,,13034,,0.023445766419172287
,,,13035,,0.01816088706254959
,,,13036,,0.08108874410390854
,,,13037,,0.06370580196380615
,,,13038,,0.05359986796975136
,,,13039,,0.05663030967116356
,,,13040,,0.08079348504543304
,,,13041,,0.04779982194304466
,,,13042,,0.053201477974653244
,,,13043,,0.0695580244064331
,,,13044,,0.050178490579128265
,,,13045,,0.06308402866125107
,,,13046,,0.05165165290236473
,,,13047,,0.055807992815971375
,,,13048,,0.06643585860729218
,,,13049,,0.06240389123558998
,,,13050,,0.06043314188718796
,,,13051,,0.05743300914764404
,,,13052,,0.028801165521144867
56,,,4616,0.01162084098905325,
56,0.01065932959318161,,4616,,
57,,0.01218012161552906,4619,,
57,,0.007615390699356794,4629,,
57,,0.004056570585817099,4639,,
57,,0.014480497688055038,4649,,
57,,0.009413927793502808,4659,,
57,,0.014723069965839386,4669,,
57,,0.007882984355092049,4679,,
57,,0.014249894767999649,4689,,
,,,13053,,0.0006489431252703071
,,,13054,,0.0005753138102591038
,,,13055,,0.0008331590797752142
,,,13056,,0.0005924697034060955
,,,13057,,0.0010207102168351412
,,,13058,,0.0005287086823955178
,,,13059,,0.0007915011374279857
,,,13060,,0.00053930573631078
,,,13061,,0.0007879335898905993
,,,13062,,0.0005399012006819248
,,,13063,,0.001045991200953722
,,,13064,,0.0009735393105074763
,,,13065,,0.0005465444992296398
,,,13066,,0.0006390160997398198
,,,13067,,0.0008276028092950583
,,,13068,,0.0006209189305081964
,,,13069,,0.001082087866961956
,,,13070,,0.0009947058279067278
,,,13071,,0.0010061843786388636
,,,13072,,0.0013572904281318188
,,,13073,,0.0005580495344474912
,,,13074,,0.0005511392373591661
,,,13075,,0.0004889385891146958
,,,13076,,0.0011040340177714825
,,,13077,,0.0008978325640782714
,,,13078,,0.0008310071425512433
,,,13079,,0.000822102592792362
,,,13080,,0.005579235497862101
,,,13081,,0.01645967736840248
,,,13082,,0.013996228575706482
,,,13083,,0.013737710192799568
,,,13084,,0.01517103798687458
,,,13085,,0.013713101856410503
,,,13086,,0.0734945610165596
,,,13087,,0.022767316550016403
,,,13088,,0.01154226902872324
,,,13089,,0.013494828715920448
,,,13090,,0.00915461964905262
,,,13091,,0.005547749809920788
,,,13092,,0.012072039768099785
,,,13093,,0.007692102342844009
,,,13094,,0.005901450291275978
,,,13095,,0.013612187467515469
,,,13096,,0.01215779036283493
,,,13097,,0.006611326709389687
,,,13098,,0.015969475731253624
,,,13099,,0.008449911139905453
,,,13100,,0.0032107774168252945
,,,13101,,0.008645659312605858
,,,13102,,0.005056011024862528
,,,13103,,0.006202004849910736
,,,13104,,0.008261021226644516
,,,13105,,0.002811120357364416
,,,13106,,0.006807459518313408
,,,13107,,0.007102880161255598
,,,13108,,0.012194129638373852
,,,13109,,0.012342562898993492
,,,13110,,0.006161983124911785
,,,13111,,0.008959190919995308
,,,13112,,0.006193686276674271
,,,13113,,0.007797345519065857
,,,13114,,0.006390139926224947
,,,13115,,0.005843126215040684
,,,13116,,0.007937712594866753
,,,13117,,0.00699844304472208
,,,13118,,0.003981162793934345
,,,13119,,0.006098626181483269
,,,13120,,0.012154665775597095
,,,13121,,0.0068955691531300545
,,,13122,,0.004381708800792694
,,,13123,,0.005287241656333208
,,,13124,,0.0007888032123446465
,,,13125,,0.0013081810902804136
,,,13126,,0.0006087356014177203
,,,13127,,0.0008266384247690439
,,,13128,,0.0008059659157879651
,,,13129,,0.0008897061343304813
,,,13130,,0.0007416564621962607
,,,13131,,0.0006581407506018877
,,,13132,,0.0007712073856964707
,,,13133,,0.0010572071187198162
,,,13134,,0.00077147560659796
,,,13135,,0.0016683790599927306
,,,13136,,0.001025560311973095
,,,13137,,0.008711453527212143
,,,13138,,0.010580189526081085
,,,13139,,0.009943071752786636
,,,13140,,0.03086726740002632
,,,13141,,0.022141991183161736
,,,13142,,0.018993888050317764
,,,13143,,0.03156198561191559
,,,13144,,0.030955856665968895
,,,13145,,0.01057749055325985
,,,13146,,0.011559081263840199
,,,13147,,0.011807478033006191
,,,13148,,0.008295349776744843
,,,13149,,0.009912901557981968
,,,13150,,0.011603083461523056
,,,13151,,0.009462090209126472
,,,13152,,0.009700596332550049
,,,13153,,0.01082557812333107
,,,13154,,0.00949273444712162
,,,13155,,0.008364652283489704
,,,13156,,0.008051800541579723
,,,13157,,0.011045685037970543
,,,13158,,0.010551664978265762
,,,13159,,0.01152702048420906
,,,13160,,0.01043750997632742
,,,13161,,0.009898604825139046
,,,13162,,0.013181122951209545
,,,13163,,0.011146847158670425
,,,13164,,0.008532795123755932
,,,13165,,0.011181703768670559
,,,13166,,0.01126188412308693
,,,13167,,0.00883672758936882
,,,13168,,0.008912324905395508
,,,13169,,0.007169089280068874
,,,13170,,0.009941085241734982
,,,13171,,0.009223243221640587
,,,13172,,0.010639751330018044
,,,13173,,0.008328639902174473
,,,13174,,0.00915568694472313
,,,13175,,0.00962119922041893
,,,13176,,0.009319651871919632
,,,13177,,0.009025061503052711
,,,13178,,0.009208636358380318
,,,13179,,0.007779066916555166
,,,13180,,0.007857441902160645
,,,13181,,0.008171281777322292
,,,13182,,0.010905618779361248
,,,13183,,0.009252771735191345
,,,13184,,0.010694243013858795
,,,13185,,0.009389054961502552
,,,13186,,0.010890181176364422
,,,13187,,0.010165407322347164
,,,13188,,0.009600922465324402
,,,13189,,0.008804170414805412
,,,13190,,0.010078252293169498
,,,13191,,0.007035301998257637
,,,13192,,0.007300119381397963
,,,13193,,0.006331912241876125
,,,13194,,0.006338039413094521
,,,13195,,0.006551491562277079
,,,13196,,0.00727706216275692
,,,13197,,0.006562781520187855
,,,13198,,0.006713234819471836
,,,13199,,0.0062085543759167194
,,,13200,,0.00672537088394165
,,,13201,,0.005683745723217726
,,,13202,,0.00533785205334425
,,,13203,,0.006159438285976648
,,,13204,,0.006552729289978743
,,,13205,,0.006701903883367777
,,,13206,,0.006533647887408733
,,,13207,,0.007254637777805328
,,,13208,,0.007005074992775917
,,,13209,,0.007127854041755199
,,,13210,,0.006154477596282959
,,,13211,,0.006198383867740631
,,,13212,,0.007360558956861496
,,,13213,,0.006674712523818016
,,,13214,,0.0073405671864748
,,,13215,,0.008583465591073036
,,,13216,,0.007618703879415989
,,,13217,,0.008071733638644218
,,,13218,,0.007264475803822279
,,,13219,,0.006298072170466185
,,,13220,,0.006749809253960848
,,,13221,,0.009080301970243454
,,,13222,,0.007642964832484722
,,,13223,,0.006736923940479755
,,,13224,,0.009368140250444412
,,,13225,,0.007320973556488752
,,,13226,,0.009175000712275505
,,,13227,,0.007202344015240669
,,,13228,,0.00685306079685688
,,,13229,,0.008093228563666344
,,,13230,,0.007786327041685581
,,,13231,,0.006748989224433899
,,,13232,,0.008515696041285992
,,,13233,,0.007613146211951971
,,,13234,,0.007291859015822411
,,,13235,,0.0034931772388517857
,,,13236,,0.002595667727291584
,,,13237,,0.0020172479562461376
,,,13238,,0.0021868511103093624
,,,13239,,0.0019721470307558775
,,,13240,,0.0018948281649500132
,,,13241,,0.0023103910498321056
,,,13242,,0.002066150074824691
,,,13243,,0.0028918529860675335
,,,13244,,0.002456124871969223
,,,13245,,0.0023324538487941027
,,,13246,,0.002559217158704996
,,,13247,,0.0021861912682652473
,,,13248,,0.008794854395091534
,,,13249,,0.010787883773446083
,,,13250,,0.010392635129392147
,,,13251,,0.009003037586808205
,,,13252,,0.0036565863993018866
,,,13253,,0.03142083063721657
,,,13254,,0.006472746841609478
,,,13255,,0.022190216928720474
,,,13256,,0.011324956081807613
,,,13257,,0.011373607441782951
,,,13258,,0.01775234565138817
,,,13259,,0.020861877128481865
,,,13260,,0.021987710148096085
,,,13261,,0.020913630723953247
,,,13262,,0.015705645084381104
,,,13263,,0.02430039644241333
,,,13264,,0.018575238063931465
,,,13265,,0.08040110766887665
,,,13266,,0.06337342411279678
,,,13267,,0.05346657708287239
,,,13268,,0.057732582092285156
,,,13269,,0.08096960932016373
,,,13270,,0.04807339236140251
,,,13271,,0.0533534437417984
,,,13272,,0.06865798681974411
,,,13273,,0.05054555833339691
,,,13274,,0.06283359974622726
,,,13275,,0.05170832574367523
,,,13276,,0.05722848325967789
,,,13277,,0.06693461537361145
,,,13278,,0.06221934035420418
,,,13279,,0.06073247641324997
,,,13280,,0.057512812316417694
,,,13281,,0.030113566666841507
57,,,4697,0.011845424771308899,
57,0.010708540678024292,,4697,,
58,,0.008600911125540733,4699,,
58,,0.010306078940629959,4709,,
58,,0.008911394514143467,4719,,
58,,0.015221555717289448,4729,,
58,,0.011355208232998848,4739,,
58,,0.008745957165956497,4749,,
58,,0.016408443450927734,4759,,
58,,0.011646304279565811,4769,,
,,,13282,,0.00036049974733032286
,,,13283,,0.00029626183095388114
,,,13284,,0.0006227410049177706
,,,13285,,0.0002818856155499816
,,,13286,,0.0006053010583855212
,,,13287,,0.00026863504899665713
,,,13288,,0.0004922182415612042
,,,13289,,0.00024602326448075473
,,,13290,,0.0004416725132614374
,,,13291,,0.00027506554033607244
,,,13292,,0.0007720564608462155
,,,13293,,0.0007911258144304156
,,,13294,,0.0002634595148265362
,,,13295,,0.00039510164060629904
,,,13296,,0.0006925576599314809
,,,13297,,0.0003637631016317755
,,,13298,,0.0008462695986963809
,,,13299,,0.0006499988958239555
,,,13300,,0.0005727608222514391
,,,13301,,0.0012711472809314728
,,,13302,,0.0003446659538894892
,,,13303,,0.00030040054116398096
,,,13304,,0.0002503721625544131
,,,13305,,0.0009233696619048715
,,,13306,,0.0007499983184970915
,,,13307,,0.0005533539806492627
,,,13308,,0.0005845101550221443
,,,13309,,0.0052389889024198055
,,,13310,,0.016079209744930267
,,,13311,,0.013666464015841484
,,,13312,,0.013311248272657394
,,,13313,,0.014747917652130127
,,,13314,,0.013300047256052494
,,,13315,,0.07304653525352478
,,,13316,,0.022351358085870743
,,,13317,,0.011159331537783146
,,,13318,,0.013131195679306984
,,,13319,,0.008785863406956196
,,,13320,,0.005147201009094715
,,,13321,,0.011736506596207619
,,,13322,,0.007293482311069965
,,,13323,,0.005475948564708233
,,,13324,,0.01317451149225235
,,,13325,,0.011769339442253113
,,,13326,,0.006222177296876907
,,,13327,,0.01556791178882122
,,,13328,,0.00807386264204979
,,,13329,,0.00288717751391232
,,,13330,,0.008221219293773174
,,,13331,,0.004717642441391945
,,,13332,,0.005798704922199249
,,,13333,,0.007864836603403091
,,,13334,,0.0023936741054058075
,,,13335,,0.006447996012866497
,,,13336,,0.007564827799797058
,,,13337,,0.012353472411632538
,,,13338,,0.012804332189261913
,,,13339,,0.007022689562290907
,,,13340,,0.010218950919806957
,,,13341,,0.006780084688216448
,,,13342,,0.008757530711591244
,,,13343,,0.007534225936979055
,,,13344,,0.006815018597990274
,,,13345,,0.009761225432157516
,,,13346,,0.0078033339232206345
,,,13347,,0.004521817900240421
,,,13348,,0.006385302171111107
,,,13349,,0.012309864163398743
,,,13350,,0.007630610838532448
,,,13351,,0.0039437604136765
,,,13352,,0.005279598291963339
,,,13353,,0.0003902976168319583
,,,13354,,0.0008443805854767561
,,,13355,,0.0005397268105298281
,,,13356,,0.000472539133625105
,,,13357,,0.0004229307814966887
,,,13358,,0.0004679941921494901
,,,13359,,0.00027049926575273275
,,,13360,,0.00044317077845335007
,,,13361,,0.00033373013138771057
,,,13362,,0.0006393444491550326
,,,13363,,0.0005049515748396516
,,,13364,,0.00081141188275069
,,,13365,,0.0005589451757259667
,,,13366,,0.008599989116191864
,,,13367,,0.010576222091913223
,,,13368,,0.009769238531589508
,,,13369,,0.02926824428141117
,,,13370,,0.02069183439016342
,,,13371,,0.01819523796439171
,,,13372,,0.0310700424015522
,,,13373,,0.02956313267350197
,,,13374,,0.010587750002741814
,,,13375,,0.01174012478441
,,,13376,,0.011768815107643604
,,,13377,,0.008352638222277164
,,,13378,,0.010030697099864483
,,,13379,,0.011598950251936913
,,,13380,,0.0095998365432024
,,,13381,,0.009740116074681282
,,,13382,,0.010938672348856926
,,,13383,,0.00951042678207159
,,,13384,,0.008450875990092754
,,,13385,,0.008080565370619297
,,,13386,,0.011151876300573349
,,,13387,,0.01067459024488926
,,,13388,,0.01152992807328701
,,,13389,,0.010510681197047234
,,,13390,,0.010006507858633995
,,,13391,,0.013180514797568321
,,,13392,,0.011171174235641956
,,,13393,,0.008569089695811272
,,,13394,,0.011282209306955338
,,,13395,,0.011353853158652782
,,,13396,,0.008986258879303932
,,,13397,,0.008959630504250526
,,,13398,,0.00720316544175148
,,,13399,,0.009915515780448914
,,,13400,,0.009276899509131908
,,,13401,,0.010675890371203423
,,,13402,,0.008365022018551826
,,,13403,,0.009229939430952072
,,,13404,,0.009684929624199867
,,,13405,,0.009388014674186707
,,,13406,,0.009147174656391144
,,,13407,,0.009248094633221626
,,,13408,,0.007847978733479977
,,,13409,,0.007889535278081894
,,,13410,,0.008158870041370392
,,,13411,,0.010919565334916115
,,,13412,,0.00923769362270832
,,,13413,,0.01067142654210329
,,,13414,,0.009463092312216759
,,,13415,,0.010931151919066906
,,,13416,,0.010266153141856194
,,,13417,,0.009611137211322784
,,,13418,,0.008839741349220276
,,,13419,,0.01003226637840271
,,,13420,,0.0070076859556138515
,,,13421,,0.0074515556916594505
,,,13422,,0.0063182092271745205
,,,13423,,0.006238793488591909
,,,13424,,0.006474944297224283
,,,13425,,0.007267093285918236
,,,13426,,0.0066116368398070335
,,,13427,,0.006697989534586668
,,,13428,,0.006295119412243366
,,,13429,,0.0067764269188046455
,,,13430,,0.005647347308695316
,,,13431,,0.00535836536437273
,,,13432,,0.006255743093788624
,,,13433,,0.006520514376461506
,,,13434,,0.006756328046321869
,,,13435,,0.006619845982640982
,,,13436,,0.0072843339294195175
,,,13437,,0.006973314564675093
,,,13438,,0.007169225253164768
,,,13439,,0.006148669868707657
,,,13440,,0.0061835008673369884
,,,13441,,0.007380060385912657
,,,13442,,0.006571807432919741
,,,13443,,0.007347386330366135
,,,13444,,0.00845731608569622
,,,13445,,0.007525569759309292
,,,13446,,0.008043363690376282
,,,13447,,0.0071813552640378475
,,,13448,,0.0062665087170898914
,,,13449,,0.006614805199205875
,,,13450,,0.009078038856387138
,,,13451,,0.007653689943253994
,,,13452,,0.006705517880618572
,,,13453,,0.009309236891567707
,,,13454,,0.007366027683019638
,,,13455,,0.009149846620857716
,,,13456,,0.007125583011657
,,,13457,,0.006873066071420908
,,,13458,,0.008009662851691246
,,,13459,,0.0076743438839912415
,,,13460,,0.0067542726173996925
,,,13461,,0.00838175043463707
,,,13462,,0.0075535159558057785
,,,13463,,0.007292220834642649
,,,13464,,0.0031197532080113888
,,,13465,,0.0024058192502707243
,,,13466,,0.0017149153864011168
,,,13467,,0.001848104177042842
,,,13468,,0.001608286052942276
,,,13469,,0.001518825301900506
,,,13470,,0.0019840297754853964
,,,13471,,0.0017185572069138288
,,,13472,,0.00270670372992754
,,,13473,,0.0019647181034088135
,,,13474,,0.0019835648126900196
,,,13475,,0.0021497104316949844
,,,13476,,0.0019594943150877953
,,,13477,,0.008873464539647102
,,,13478,,0.009320652112364769
,,,13479,,0.009661130607128143
,,,13480,,0.00806342251598835
,,,13481,,0.0037724850699305534
,,,13482,,0.03037051483988762
,,,13483,,0.006351711694151163
,,,13484,,0.0211784765124321
,,,13485,,0.010364529676735401
,,,13486,,0.010531631298363209
,,,13487,,0.018046695739030838
,,,13488,,0.020054064691066742
,,,13489,,0.021212724968791008
,,,13490,,0.020260652527213097
,,,13491,,0.016266748309135437
,,,13492,,0.022712156176567078
,,,13493,,0.018838312476873398
,,,13494,,0.08340084552764893
,,,13495,,0.06418019533157349
,,,13496,,0.05452391505241394
,,,13497,,0.05823041498661041
,,,13498,,0.08272144198417664
,,,13499,,0.0492277517914772
,,,13500,,0.05455424264073372
,,,13501,,0.07078464329242706
,,,13502,,0.05146169289946556
,,,13503,,0.06378173828125
,,,13504,,0.05338500067591667
,,,13505,,0.058486972004175186
,,,13506,,0.06774469465017319
,,,13507,,0.06393731385469437
,,,13508,,0.06149253249168396
,,,13509,,0.05875726789236069
,,,13510,,0.028326747938990593
58,,,4778,0.01180348452180624,
58,0.010442973114550114,,4778,,
59,,0.00862337090075016,4779,,
59,,0.011399326846003532,4789,,
59,,0.005664416588842869,4799,,
59,,0.007242225110530853,4809,,
59,,0.010106654837727547,4819,,
59,,0.009355518035590649,4829,,
59,,0.006949493661522865,4839,,
59,,0.010520837269723415,4849,,
59,,0.016720764338970184,4859,,
,,,13511,,0.0007123095565475523
,,,13512,,0.0006934590055607259
,,,13513,,0.001025827950797975
,,,13514,,0.0006361696869134903
,,,13515,,0.0008789966814219952
,,,13516,,0.0006535416468977928
,,,13517,,0.0008390964358113706
,,,13518,,0.0006185906240716577
,,,13519,,0.0007274003583006561
,,,13520,,0.0006587476818822324
,,,13521,,0.001176915131509304
,,,13522,,0.001160237705335021
,,,13523,,0.0006335125654004514
,,,13524,,0.0006998024182394147
,,,13525,,0.0008639589650556445
,,,13526,,0.0006145462393760681
,,,13527,,0.00104812765493989
,,,13528,,0.0009308010339736938
,,,13529,,0.0007988266879692674
,,,13530,,0.0014288456877693534
,,,13531,,0.0005756313912570477
,,,13532,,0.0005488528404384851
,,,13533,,0.0004945774562656879
,,,13534,,0.0011483296984806657
,,,13535,,0.0009700035443529487
,,,13536,,0.0008034025086089969
,,,13537,,0.00080270622856915
,,,13538,,0.0059562609530985355
,,,13539,,0.016770893707871437
,,,13540,,0.0143059641122818
,,,13541,,0.014067170210182667
,,,13542,,0.015556154772639275
,,,13543,,0.01406861376017332
,,,13544,,0.07333638519048691
,,,13545,,0.023031463846564293
,,,13546,,0.011938356794416904
,,,13547,,0.01399028580635786
,,,13548,,0.009577276185154915
,,,13549,,0.005871182307600975
,,,13550,,0.012526050209999084
,,,13551,,0.007952267304062843
,,,13552,,0.0060486989095807076
,,,13553,,0.01366310752928257
,,,13554,,0.012249711900949478
,,,13555,,0.006854133680462837
,,,13556,,0.016060885041952133
,,,13557,,0.008686310611665249
,,,13558,,0.003536623902618885
,,,13559,,0.008634302765130997
,,,13560,,0.0053854817524552345
,,,13561,,0.006499001756310463
,,,13562,,0.008505973033607006
,,,13563,,0.0029600171837955713
,,,13564,,0.007036214228719473
,,,13565,,0.006615178659558296
,,,13566,,0.011361855082213879
,,,13567,,0.01135322917252779
,,,13568,,0.0056098285131156445
,,,13569,,0.008172716945409775
,,,13570,,0.005697300657629967
,,,13571,,0.007127783261239529
,,,13572,,0.005725964903831482
,,,13573,,0.005347371567040682
,,,13574,,0.00724653247743845
,,,13575,,0.00626381253823638
,,,13576,,0.0036179563030600548
,,,13577,,0.005620531737804413
,,,13578,,0.01126973144710064
,,,13579,,0.006316760554909706
,,,13580,,0.0038239029236137867
,,,13581,,0.004525487311184406
,,,13582,,0.0009470066870562732
,,,13583,,0.0014623366296291351
,,,13584,,0.0015516900457441807
,,,13585,,0.0010425731306895614
,,,13586,,0.001034260494634509
,,,13587,,0.0010892788413912058
,,,13588,,0.0008330611162818968
,,,13589,,0.0012586419470608234
,,,13590,,0.0009812312200665474
,,,13591,,0.0012589950347319245
,,,13592,,0.0011475374922156334
,,,13593,,0.0008761241915635765
,,,13594,,0.0011559026315808296
,,,13595,,0.008407711051404476
,,,13596,,0.010258018970489502
,,,13597,,0.009767630137503147
,,,13598,,0.02968640998005867
,,,13599,,0.02146194875240326
,,,13600,,0.018475376069545746
,,,13601,,0.030219173058867455
,,,13602,,0.028655199334025383
,,,13603,,0.010110823437571526
,,,13604,,0.011310404166579247
,,,13605,,0.011525167152285576
,,,13606,,0.008049558848142624
,,,13607,,0.009692246094346046
,,,13608,,0.01127244159579277
,,,13609,,0.009194733574986458
,,,13610,,0.009381081908941269
,,,13611,,0.010556811466813087
,,,13612,,0.009247949346899986
,,,13613,,0.008101578801870346
,,,13614,,0.007872533984482288
,,,13615,,0.010713573545217514
,,,13616,,0.010293116793036461
,,,13617,,0.011207953095436096
,,,13618,,0.010226338170468807
,,,13619,,0.009702952578663826
,,,13620,,0.012880710884928703
,,,13621,,0.010839493945240974
,,,13622,,0.008333123289048672
,,,13623,,0.010864129289984703
,,,13624,,0.010893234983086586
,,,13625,,0.008421777747571468
,,,13626,,0.008491702377796173
,,,13627,,0.0067851911298930645
,,,13628,,0.009580294601619244
,,,13629,,0.008945995941758156
,,,13630,,0.010277720168232918
,,,13631,,0.00802314467728138
,,,13632,,0.008875560946762562
,,,13633,,0.009292744100093842
,,,13634,,0.008994417265057564
,,,13635,,0.00871279276907444
,,,13636,,0.008906757459044456
,,,13637,,0.0074652014300227165
,,,13638,,0.007541787810623646
,,,13639,,0.007887566462159157
,,,13640,,0.0105780940502882
,,,13641,,0.008921176195144653
,,,13642,,0.010345999151468277
,,,13643,,0.009142703376710415
,,,13644,,0.010469534434378147
,,,13645,,0.009900437667965889
,,,13646,,0.00927218422293663
,,,13647,,0.008538271300494671
,,,13648,,0.009681494906544685
,,,13649,,0.00667219702154398
,,,13650,,0.007076699286699295
,,,13651,,0.006013174075633287
,,,13652,,0.005972869694232941
,,,13653,,0.006212035194039345
,,,13654,,0.00701946159824729
,,,13655,,0.006320253945887089
,,,13656,,0.006436079740524292
,,,13657,,0.005933506414294243
,,,13658,,0.006494118832051754
,,,13659,,0.00530579686164856
,,,13660,,0.005036336835473776
,,,13661,,0.0058551086112856865
,,,13662,,0.006208449136465788
,,,13663,,0.006462589371949434
,,,13664,,0.006214438937604427
,,,13665,,0.007017767988145351
,,,13666,,0.00673923222348094
,,,13667,,0.006776145659387112
,,,13668,,0.005855451337993145
,,,13669,,0.005974208004772663
,,,13670,,0.007065951358526945
,,,13671,,0.006494272034615278
,,,13672,,0.007354205474257469
,,,13673,,0.008535483852028847
,,,13674,,0.007484679110348225
,,,13675,,0.00792604312300682
,,,13676,,0.007137186359614134
,,,13677,,0.006197772454470396
,,,13678,,0.006628343369811773
,,,13679,,0.008967848494648933
,,,13680,,0.0075580887496471405
,,,13681,,0.0066535454243421555
,,,13682,,0.009315231814980507
,,,13683,,0.007273822091519833
,,,13684,,0.009081958793103695
,,,13685,,0.007144041359424591
,,,13686,,0.00676037697121501
,,,13687,,0.007990785874426365
,,,13688,,0.007698548957705498
,,,13689,,0.0066366069950163364
,,,13690,,0.00838516652584076
,,,13691,,0.0075339050963521
,,,13692,,0.007288719993084669
,,,13693,,0.003424627473577857
,,,13694,,0.003059581620618701
,,,13695,,0.0025707613676786423
,,,13696,,0.0025317855179309845
,,,13697,,0.002387389773502946
,,,13698,,0.002230988582596183
,,,13699,,0.0027502328157424927
,,,13700,,0.0023525641299784184
,,,13701,,0.0031738001853227615
,,,13702,,0.002551604527980089
,,,13703,,0.002684189472347498
,,,13704,,0.002694352064281702
,,,13705,,0.0026496946811676025
,,,13706,,0.008931446820497513
,,,13707,,0.009336218237876892
,,,13708,,0.009581188671290874
,,,13709,,0.008328255265951157
,,,13710,,0.003680052235722542
,,,13711,,0.02904210239648819
,,,13712,,0.006203672848641872
,,,13713,,0.020488085225224495
,,,13714,,0.010225200094282627
,,,13715,,0.010344797745347023
,,,13716,,0.01762865111231804
,,,13717,,0.020117979496717453
,,,13718,,0.02076043374836445
,,,13719,,0.019698476418852806
,,,13720,,0.014004658907651901
,,,13721,,0.02230566367506981
,,,13722,,0.018143408000469208
,,,13723,,0.08002468198537827
,,,13724,,0.06263468414545059
,,,13725,,0.05265635624527931
,,,13726,,0.056239157915115356
,,,13727,,0.0795867070555687
,,,13728,,0.046605028212070465
,,,13729,,0.052212998270988464
,,,13730,,0.06839390844106674
,,,13731,,0.04965946078300476
,,,13732,,0.06148751452565193
,,,13733,,0.050281230360269547
,,,13734,,0.0552392415702343
,,,13735,,0.06564661115407944
,,,13736,,0.06161041557788849
,,,13737,,0.05955957621335983
,,,13738,,0.056971319019794464
,,,13739,,0.028229376301169395
59,,,4859,0.011584562249481678,
59,0.010321671143174171,,4859,,
60,,0.00921914353966713,4869,,
60,,0.01199160423129797,4879,,
60,,0.006138599943369627,4889,,
60,,0.009894176386296749,4899,,
60,,0.011063042096793652,4909,,
60,,0.007713569328188896,4919,,
60,,0.013198018074035645,4929,,
60,,0.005858290009200573,4939,,
,,,13740,,0.0006426447071135044
,,,13741,,0.0005428394069895148
,,,13742,,0.0008736185845918953
,,,13743,,0.0005693786079064012
,,,13744,,0.0008068348979577422
,,,13745,,0.0005733896396122873
,,,13746,,0.0008246605866588652
,,,13747,,0.0005296216695569456
,,,13748,,0.0006659992504864931
,,,13749,,0.0005604973994195461
,,,13750,,0.0010459690820425749
,,,13751,,0.0010358078870922327
,,,13752,,0.0005709760589525104
,,,13753,,0.0006277862703427672
,,,13754,,0.000867439026478678
,,,13755,,0.0005905650905333459
,,,13756,,0.0009729362209327519
,,,13757,,0.0008946581510826945
,,,13758,,0.0007972368039190769
,,,13759,,0.00143623654730618
,,,13760,,0.000608143862336874
,,,13761,,0.0005319331539794803
,,,13762,,0.0004642430867534131
,,,13763,,0.0011109232436865568
,,,13764,,0.0009188191033899784
,,,13765,,0.0007872300921007991
,,,13766,,0.0008092330535873771
,,,13767,,0.005569229368120432
,,,13768,,0.016307953745126724
,,,13769,,0.013863137923181057
,,,13770,,0.013522501103579998
,,,13771,,0.015023901127278805
,,,13772,,0.013599798083305359
,,,13773,,0.07293513417243958
,,,13774,,0.022563941776752472
,,,13775,,0.011440182104706764
,,,13776,,0.013405701145529747
,,,13777,,0.009112424217164516
,,,13778,,0.005473272874951363
,,,13779,,0.012012314051389694
,,,13780,,0.007591081317514181
,,,13781,,0.005643060430884361
,,,13782,,0.013262888416647911
,,,13783,,0.012010554783046246
,,,13784,,0.006469872314482927
,,,13785,,0.015716277062892914
,,,13786,,0.008237150497734547
,,,13787,,0.0031841634772717953
,,,13788,,0.008444078266620636
,,,13789,,0.004948702175170183
,,,13790,,0.006163815967738628
,,,13791,,0.008127706125378609
,,,13792,,0.0027813948690891266
,,,13793,,0.006652012933045626
,,,13794,,0.006165860220789909
,,,13795,,0.011247235350310802
,,,13796,,0.01122988574206829
,,,13797,,0.005459112115204334
,,,13798,,0.008178379386663437
,,,13799,,0.005557667464017868
,,,13800,,0.006952181924134493
,,,13801,,0.005623075645416975
,,,13802,,0.005135456100106239
,,,13803,,0.00719874631613493
,,,13804,,0.006207210943102837
,,,13805,,0.00342869502492249
,,,13806,,0.00539387995377183
,,,13807,,0.011157141998410225
,,,13808,,0.006260840222239494
,,,13809,,0.0035619947593659163
,,,13810,,0.004701963625848293
,,,13811,,0.0007413886487483978
,,,13812,,0.001059994101524353
,,,13813,,0.00037684926064684987
,,,13814,,0.0007242565625347197
,,,13815,,0.0007632334600202739
,,,13816,,0.0008063343120738864
,,,13817,,0.0006328679155558348
,,,13818,,0.0004110178560949862
,,,13819,,0.0005653640255331993
,,,13820,,0.0008526304736733437
,,,13821,,0.0006631972501054406
,,,13822,,0.0018630892736837268
,,,13823,,0.000909894413780421
,,,13824,,0.00835726223886013
,,,13825,,0.01017401460558176
,,,13826,,0.009442470036447048
,,,13827,,0.02933356538414955
,,,13828,,0.020723456516861916
,,,13829,,0.017721446231007576
,,,13830,,0.02976858802139759
,,,13831,,0.029080750420689583
,,,13832,,0.009951330721378326
,,,13833,,0.01112331636250019
,,,13834,,0.011378904804587364
,,,13835,,0.007931960746645927
,,,13836,,0.00960550457239151
,,,13837,,0.011201286688446999
,,,13838,,0.009096560999751091
,,,13839,,0.009264148771762848
,,,13840,,0.010432807728648186
,,,13841,,0.009209675714373589
,,,13842,,0.007967470213770866
,,,13843,,0.007747471332550049
,,,13844,,0.010601028800010681
,,,13845,,0.010151601396501064
,,,13846,,0.011050814762711525
,,,13847,,0.010040456429123878
,,,13848,,0.009525817818939686
,,,13849,,0.012713877484202385
,,,13850,,0.010679645463824272
,,,13851,,0.008158272132277489
,,,13852,,0.010813339613378048
,,,13853,,0.01086515560746193
,,,13854,,0.008609435521066189
,,,13855,,0.008699307218194008
,,,13856,,0.006986223626881838
,,,13857,,0.0095377741381526
,,,13858,,0.008875788189470768
,,,13859,,0.010189375840127468
,,,13860,,0.008023889735341072
,,,13861,,0.008803881704807281
,,,13862,,0.009226090274751186
,,,13863,,0.008929530158638954
,,,13864,,0.008647417649626732
,,,13865,,0.008861133828759193
,,,13866,,0.007431134581565857
,,,13867,,0.007547691930085421
,,,13868,,0.007851640693843365
,,,13869,,0.01051962748169899
,,,13870,,0.00888035912066698
,,,13871,,0.010261338204145432
,,,13872,,0.009103073738515377
,,,13873,,0.010424939915537834
,,,13874,,0.009777548722922802
,,,13875,,0.009193360805511475
,,,13876,,0.008482789620757103
,,,13877,,0.00967379380017519
,,,13878,,0.006635491736233234
,,,13879,,0.006961793638765812
,,,13880,,0.006004403345286846
,,,13881,,0.005917181260883808
,,,13882,,0.0061478642746806145
,,,13883,,0.006964399479329586
,,,13884,,0.0061639901250600815
,,,13885,,0.006405102089047432
,,,13886,,0.0058370023034513
,,,13887,,0.006389905698597431
,,,13888,,0.0053148288279771805
,,,13889,,0.00502382405102253
,,,13890,,0.005787485279142857
,,,13891,,0.006222466006875038
,,,13892,,0.006378031801432371
,,,13893,,0.006216235458850861
,,,13894,,0.0068885283544659615
,,,13895,,0.006620106287300587
,,,13896,,0.006762494333088398
,,,13897,,0.005840540863573551
,,,13898,,0.005902876146137714
,,,13899,,0.006971776019781828
,,,13900,,0.006338112987577915
,,,13901,,0.007066094782203436
,,,13902,,0.008178734220564365
,,,13903,,0.007247823756188154
,,,13904,,0.007721290923655033
,,,13905,,0.0069649238139390945
,,,13906,,0.005973919294774532
,,,13907,,0.0064148129895329475
,,,13908,,0.00868434552103281
,,,13909,,0.007414581254124641
,,,13910,,0.006460009142756462
,,,13911,,0.008990835398435593
,,,13912,,0.007019875105470419
,,,13913,,0.008822567760944366
,,,13914,,0.006859627086669207
,,,13915,,0.00661602895706892
,,,13916,,0.007703076116740704
,,,13917,,0.007472381927073002
,,,13918,,0.00648068031296134
,,,13919,,0.008096779696643353
,,,13920,,0.007283714599907398
,,,13921,,0.007021964993327856
,,,13922,,0.003414160804823041
,,,13923,,0.0025728694163262844
,,,13924,,0.001935069914907217
,,,13925,,0.0020685000345110893
,,,13926,,0.0019445167854428291
,,,13927,,0.0018617726163938642
,,,13928,,0.0021728412248194218
,,,13929,,0.0020436961203813553
,,,13930,,0.0028333396185189486
,,,13931,,0.0023929844610393047
,,,13932,,0.0023155570961534977
,,,13933,,0.00258722435683012
,,,13934,,0.002120761666446924
,,,13935,,0.008783448487520218
,,,13936,,0.009126327000558376
,,,13937,,0.009440436959266663
,,,13938,,0.008071533404290676
,,,13939,,0.0036107543855905533
,,,13940,,0.029037117958068848
,,,13941,,0.005868788808584213
,,,13942,,0.020433828234672546
,,,13943,,0.010623659938573837
,,,13944,,0.010595683008432388
,,,13945,,0.017003707587718964
,,,13946,,0.020200196653604507
,,,13947,,0.020027341321110725
,,,13948,,0.020445402711629868
,,,13949,,0.013159435242414474
,,,13950,,0.022515688091516495
,,,13951,,0.01764754205942154
,,,13952,,0.07892374694347382
,,,13953,,0.06236104667186737
,,,13954,,0.05187844857573509
,,,13955,,0.055693600326776505
,,,13956,,0.07899542897939682
,,,13957,,0.04651975631713867
,,,13958,,0.051436252892017365
,,,13959,,0.06713983416557312
,,,13960,,0.04868459329009056
,,,13961,,0.06045565381646156
,,,13962,,0.04978380352258682
,,,13963,,0.05461037531495094
,,,13964,,0.06510575860738754
,,,13965,,0.06047578155994415
,,,13966,,0.0591130405664444
,,,13967,,0.05566704645752907
,,,13968,,0.02990460954606533
60,,,4940,0.01136581040918827,
60,0.010717568919062614,,4940,,
61,,0.008883089758455753,4949,,
61,,0.006134806200861931,4959,,
61,,0.011301103979349136,4969,,
61,,0.016326818615198135,4979,,
61,,0.012535195797681808,4989,,
61,,0.01742883399128914,4999,,
61,,0.0168533343821764,5009,,
61,,0.0065131052397191525,5019,,
,,,13969,,0.0005282536731101573
,,,13970,,0.0004969811998307705
,,,13971,,0.0007986615528352559
,,,13972,,0.00046590427518822253
,,,13973,,0.0008399499347433448
,,,13974,,0.00042181863682344556
,,,13975,,0.0007357805734500289
,,,13976,,0.0003884179750457406
,,,13977,,0.0005734818987548351
,,,13978,,0.00043676147470250726
,,,13979,,0.0009449904318898916
,,,13980,,0.001016067573800683
,,,13981,,0.00045949092600494623
,,,13982,,0.0005228564841672778
,,,13983,,0.0007990963058546185
,,,13984,,0.000498700886964798
,,,13985,,0.0009865111205726862
,,,13986,,0.0009072630200535059
,,,13987,,0.0007019935874268413
,,,13988,,0.0013765383046120405
,,,13989,,0.0004959667567163706
,,,13990,,0.0004899302148260176
,,,13991,,0.00038052655872888863
,,,13992,,0.0010506981052458286
,,,13993,,0.0008888334268704057
,,,13994,,0.0007642434211447835
,,,13995,,0.0007456168532371521
,,,13996,,0.005634007044136524
,,,13997,,0.016492731869220734
,,,13998,,0.014025760814547539
,,,13999,,0.013722652569413185
,,,14000,,0.015276101417839527
,,,14001,,0.013730420731008053
,,,14002,,0.07353944331407547
,,,14003,,0.022766441106796265
,,,14004,,0.01155001763254404
,,,14005,,0.013572854921221733
,,,14006,,0.00933266431093216
,,,14007,,0.005604708567261696
,,,14008,,0.012192203663289547
,,,14009,,0.007726277224719524
,,,14010,,0.006002682261168957
,,,14011,,0.013774881139397621
,,,14012,,0.012630701065063477
,,,14013,,0.006813874468207359
,,,14014,,0.016267210245132446
,,,14015,,0.008750961162149906
,,,14016,,0.0035362644121050835
,,,14017,,0.008918294683098793
,,,14018,,0.005207589361816645
,,,14019,,0.00631192559376359
,,,14020,,0.008479977957904339
,,,14021,,0.0030933863017708063
,,,14022,,0.007116625551134348
,,,14023,,0.007411096710711718
,,,14024,,0.012641440145671368
,,,14025,,0.01263798400759697
,,,14026,,0.006631882861256599
,,,14027,,0.009282149374485016
,,,14028,,0.0071336086839437485
,,,14029,,0.00814500916749239
,,,14030,,0.006759128533303738
,,,14031,,0.0062140487134456635
,,,14032,,0.008075258694589138
,,,14033,,0.007448054384440184
,,,14034,,0.004421406425535679
,,,14035,,0.007487175054848194
,,,14036,,0.012416674755513668
,,,14037,,0.0073713818565011024
,,,14038,,0.004951183218508959
,,,14039,,0.005347633734345436
,,,14040,,0.0006616620812565088
,,,14041,,0.0010716670658439398
,,,14042,,0.00045212541590444744
,,,14043,,0.0006420763093046844
,,,14044,,0.0006501043681055307
,,,14045,,0.0006969231180846691
,,,14046,,0.00046645564725622535
,,,14047,,0.00045352368033491075
,,,14048,,0.00044619684922508895
,,,14049,,0.0008013607584871352
,,,14050,,0.0005779501516371965
,,,14051,,0.001543381717056036
,,,14052,,0.0008633809629827738
,,,14053,,0.012461286038160324
,,,14054,,0.015125187113881111
,,,14055,,0.014144089072942734
,,,14056,,0.03750528395175934
,,,14057,,0.027298154309391975
,,,14058,,0.03325967490673065
,,,14059,,0.06729795038700104
,,,14060,,0.060290757566690445
,,,14061,,0.01551843248307705
,,,14062,,0.012819261290133
,,,14063,,0.013339750468730927
,,,14064,,0.009257948026061058
,,,14065,,0.011140402406454086
,,,14066,,0.012853928841650486
,,,14067,,0.010512053966522217
,,,14068,,0.01068364642560482
,,,14069,,0.012082270346581936
,,,14070,,0.010692267678678036
,,,14071,,0.009440370835363865
,,,14072,,0.009046200662851334
,,,14073,,0.012437628582119942
,,,14074,,0.011793304234743118
,,,14075,,0.012971939519047737
,,,14076,,0.011692792177200317
,,,14077,,0.011162510141730309
,,,14078,,0.01448867842555046
,,,14079,,0.012494618073105812
,,,14080,,0.009528979659080505
,,,14081,,0.012467698194086552
,,,14082,,0.012600614689290524
,,,14083,,0.0123410290107131
,,,14084,,0.012809272855520248
,,,14085,,0.0096703190356493
,,,14086,,0.010639180429279804
,,,14087,,0.009636446833610535
,,,14088,,0.010989315807819366
,,,14089,,0.008934308774769306
,,,14090,,0.009821925312280655
,,,14091,,0.010246407240629196
,,,14092,,0.01008216105401516
,,,14093,,0.009614568203687668
,,,14094,,0.010000323876738548
,,,14095,,0.008370321244001389
,,,14096,,0.00838659331202507
,,,14097,,0.0085658710449934
,,,14098,,0.011394346132874489
,,,14099,,0.009785858914256096
,,,14100,,0.011162522248923779
,,,14101,,0.00994533859193325
,,,14102,,0.011507514864206314
,,,14103,,0.0106214489787817
,,,14104,,0.010209927335381508
,,,14105,,0.009235389530658722
,,,14106,,0.010638316161930561
,,,14107,,0.008048990741372108
,,,14108,,0.008746923878788948
,,,14109,,0.0071699414402246475
,,,14110,,0.00704010296612978
,,,14111,,0.007364999502897263
,,,14112,,0.008576126769185066
,,,14113,,0.007936600595712662
,,,14114,,0.008142984472215176
,,,14115,,0.007320689503103495
,,,14116,,0.008092393167316914
,,,14117,,0.00690242275595665
,,,14118,,0.00622906070202589
,,,14119,,0.007151229307055473
,,,14120,,0.007776070386171341
,,,14121,,0.008210280910134315
,,,14122,,0.007713032886385918
,,,14123,,0.008890326134860516
,,,14124,,0.008207724429666996
,,,14125,,0.008107366040349007
,,,14126,,0.007425098679959774
,,,14127,,0.007557295262813568
,,,14128,,0.00832289457321167
,,,14129,,0.007040084805339575
,,,14130,,0.007799502927809954
,,,14131,,0.009014583192765713
,,,14132,,0.008052201941609383
,,,14133,,0.008452683687210083
,,,14134,,0.007711755111813545
,,,14135,,0.006621907465159893
,,,14136,,0.007042859215289354
,,,14137,,0.009662004187703133
,,,14138,,0.008155408315360546
,,,14139,,0.007077060639858246
,,,14140,,0.009807521477341652
,,,14141,,0.007734231185168028
,,,14142,,0.009765252470970154
,,,14143,,0.007728158496320248
,,,14144,,0.007246516179293394
,,,14145,,0.008395785465836525
,,,14146,,0.00828992947936058
,,,14147,,0.007119892165064812
,,,14148,,0.008916116319596767
,,,14149,,0.007916431874036789
,,,14150,,0.007712916471064091
,,,14151,,0.0037467163056135178
,,,14152,,0.002829544246196747
,,,14153,,0.0022322298027575016
,,,14154,,0.002287704963237047
,,,14155,,0.002087446628138423
,,,14156,,0.0020066529978066683
,,,14157,,0.0024185364600270987
,,,14158,,0.0022236816585063934
,,,14159,,0.003137111198157072
,,,14160,,0.0025823707692325115
,,,14161,,0.0024841539561748505
,,,14162,,0.0026726245414465666
,,,14163,,0.0023604973684996367
,,,14164,,0.010268333368003368
,,,14165,,0.012513949535787106
,,,14166,,0.011005165986716747
,,,14167,,0.010113945230841637
,,,14168,,0.004148541949689388
,,,14169,,0.031988319009542465
,,,14170,,0.006735510658472776
,,,14171,,0.022235920652747154
,,,14172,,0.011444270610809326
,,,14173,,0.012778792530298233
,,,14174,,0.019116468727588654
,,,14175,,0.023381024599075317
,,,14176,,0.02275717258453369
,,,14177,,0.023027699440717697
,,,14178,,0.014927704818546772
,,,14179,,0.024601375684142113
,,,14180,,0.02033621445298195
,,,14181,,0.08072768896818161
,,,14182,,0.06498925387859344
,,,14183,,0.05375281721353531
,,,14184,,0.05650942772626877
,,,14185,,0.08172189444303513
,,,14186,,0.04872097074985504
,,,14187,,0.054347433149814606
,,,14188,,0.06974437832832336
,,,14189,,0.05030711740255356
,,,14190,,0.06345575302839279
,,,14191,,0.05187752842903137
,,,14192,,0.05697427690029144
,,,14193,,0.066640704870224
,,,14194,,0.06313757598400116
,,,14195,,0.059923961758613586
,,,14196,,0.05839398130774498
,,,14197,,0.029200255870819092
61,,,5021,0.012813257984817028,
61,0.012822018004953861,,5021,,
62,,0.017356349155306816,5029,,
62,,0.010060064494609833,5039,,
62,,0.01149887777864933,5049,,
62,,0.011479083448648453,5059,,
62,,0.009469710290431976,5069,,
62,,0.010737908072769642,5079,,
62,,0.01133623905479908,5089,,
62,,0.006607614923268557,5099,,
,,,14198,,0.00032699861912988126
,,,14199,,0.0002749938576016575
,,,14200,,0.0005491110496222973
,,,14201,,0.0003073870320804417
,,,14202,,0.0006491142557933927
,,,14203,,0.00026626125327311456
,,,14204,,0.000513247970957309
,,,14205,,0.0002377833880018443
,,,14206,,0.00048627122305333614
,,,14207,,0.0002535136300139129
,,,14208,,0.0008013907354325056
,,,14209,,0.0007002385682426393
,,,14210,,0.00024096094421111047
,,,14211,,0.0003737037186510861
,,,14212,,0.0005744852824136615
,,,14213,,0.00034899654565379024
,,,14214,,0.0007456514285877347
,,,14215,,0.0005763937369920313
,,,14216,,0.000599522260017693
,,,14217,,0.0010529408464208245
,,,14218,,0.0002891879412345588
,,,14219,,0.00026499410159885883
,,,14220,,0.00025107068358920515
,,,14221,,0.0007831198745407164
,,,14222,,0.0006279221270233393
,,,14223,,0.0005164176691323519
,,,14224,,0.000526849296875298
,,,14225,,0.005141548812389374
,,,14226,,0.015884440392255783
,,,14227,,0.013453913852572441
,,,14228,,0.013131124898791313
,,,14229,,0.014574253931641579
,,,14230,,0.013116338290274143
,,,14231,,0.07212157547473907
,,,14232,,0.022098910063505173
,,,14233,,0.01099307555705309
,,,14234,,0.012952921912074089
,,,14235,,0.008648963645100594
,,,14236,,0.005035706330090761
,,,14237,,0.011570444330573082
,,,14238,,0.007135176099836826
,,,14239,,0.005261290352791548
,,,14240,,0.012878543697297573
,,,14241,,0.01151922345161438
,,,14242,,0.006116152741014957
,,,14243,,0.015227465890347958
,,,14244,,0.00786211621016264
,,,14245,,0.0027612238191068172
,,,14246,,0.007925409823656082
,,,14247,,0.004541303962469101
,,,14248,,0.00569296907633543
,,,14249,,0.007709680125117302
,,,14250,,0.0023045940324664116
,,,14251,,0.006266389042139053
,,,14252,,0.006130809895694256
,,,14253,,0.010946548543870449
,,,14254,,0.010972471907734871
,,,14255,,0.005244423635303974
,,,14256,,0.007901553995907307
,,,14257,,0.005503242835402489
,,,14258,,0.006722741294652224
,,,14259,,0.005408673547208309
,,,14260,,0.004917198792099953
,,,14261,,0.006930107716470957
,,,14262,,0.006041091401129961
,,,14263,,0.003347807563841343
,,,14264,,0.005558705423027277
,,,14265,,0.010802988894283772
,,,14266,,0.005938959773629904
,,,14267,,0.0034107163082808256
,,,14268,,0.004270382225513458
,,,14269,,0.0003890095103997737
,,,14270,,0.0008637669961899519
,,,14271,,0.0006847598124295473
,,,14272,,0.0005066866287961602
,,,14273,,0.00043164187809452415
,,,14274,,0.00047153548803180456
,,,14275,,0.0002628506044857204
,,,14276,,0.000530786404851824
,,,14277,,0.0003343644202686846
,,,14278,,0.000640536192804575
,,,14279,,0.0005244272761046886
,,,14280,,0.0006705395644530654
,,,14281,,0.0005912081687711179
,,,14282,,0.008396502584218979
,,,14283,,0.010395217686891556
,,,14284,,0.009666543453931808
,,,14285,,0.029976677149534225
,,,14286,,0.021298546344041824
,,,14287,,0.018292993307113647
,,,14288,,0.03161793202161789
,,,14289,,0.0298011414706707
,,,14290,,0.010386034846305847
,,,14291,,0.011130327358841896
,,,14292,,0.011362606659531593
,,,14293,,0.0080251544713974
,,,14294,,0.009649069048464298
,,,14295,,0.011228477582335472
,,,14296,,0.00915286410599947
,,,14297,,0.009374800138175488
,,,14298,,0.01049356535077095
,,,14299,,0.009199392050504684
,,,14300,,0.008044076152145863
,,,14301,,0.007783087436109781
,,,14302,,0.010680332779884338
,,,14303,,0.010183152742683887
,,,14304,,0.01119120791554451
,,,14305,,0.010086288675665855
,,,14306,,0.009537827223539352
,,,14307,,0.012670358642935753
,,,14308,,0.010772425681352615
,,,14309,,0.008194317109882832
,,,14310,,0.010817810893058777
,,,14311,,0.01094827987253666
,,,14312,,0.008968168869614601
,,,14313,,0.009025707840919495
,,,14314,,0.007268141023814678
,,,14315,,0.009775510057806969
,,,14316,,0.009007493034005165
,,,14317,,0.010346904397010803
,,,14318,,0.008133274503052235
,,,14319,,0.008982252329587936
,,,14320,,0.009495818987488747
,,,14321,,0.00912634376436472
,,,14322,,0.008909054100513458
,,,14323,,0.009130128659307957
,,,14324,,0.007601890712976456
,,,14325,,0.007761101238429546
,,,14326,,0.0079733831807971
,,,14327,,0.010609077289700508
,,,14328,,0.009038737043738365
,,,14329,,0.010465530678629875
,,,14330,,0.009200777858495712
,,,14331,,0.010698089376091957
,,,14332,,0.009953508153557777
,,,14333,,0.009464194998145103
,,,14334,,0.008658254519104958
,,,14335,,0.009887460619211197
,,,14336,,0.006916785147041082
,,,14337,,0.007142466027289629
,,,14338,,0.006326483096927404
,,,14339,,0.00615680031478405
,,,14340,,0.006412823684513569
,,,14341,,0.007236070930957794
,,,14342,,0.006343389395624399
,,,14343,,0.006599190644919872
,,,14344,,0.0060419002547860146
,,,14345,,0.006655965466052294
,,,14346,,0.0055922940373420715
,,,14347,,0.005242996849119663
,,,14348,,0.005903593264520168
,,,14349,,0.006395290140062571
,,,14350,,0.006570792756974697
,,,14351,,0.006466099061071873
,,,14352,,0.0069160438142716885
,,,14353,,0.006813521031290293
,,,14354,,0.006969944108277559
,,,14355,,0.006049369927495718
,,,14356,,0.0061111426912248135
,,,14357,,0.0071805138140916824
,,,14358,,0.006448293104767799
,,,14359,,0.007115491665899754
,,,14360,,0.008261315524578094
,,,14361,,0.007377073168754578
,,,14362,,0.007857239805161953
,,,14363,,0.007022282108664513
,,,14364,,0.006110941991209984
,,,14365,,0.006475528702139854
,,,14366,,0.008843234740197659
,,,14367,,0.00745393056422472
,,,14368,,0.0065125226974487305
,,,14369,,0.009120453149080276
,,,14370,,0.007086287718266249
,,,14371,,0.008889814838767052
,,,14372,,0.006977858021855354
,,,14373,,0.006680882535874844
,,,14374,,0.007796106860041618
,,,14375,,0.0074995653703808784
,,,14376,,0.0065270839259028435
,,,14377,,0.008240655064582825
,,,14378,,0.007323140278458595
,,,14379,,0.007041236385703087
,,,14380,,0.0029135756194591522
,,,14381,,0.002273823134601116
,,,14382,,0.0016124637331813574
,,,14383,,0.0017097098752856255
,,,14384,,0.0014885603450238705
,,,14385,,0.0014511486515402794
,,,14386,,0.001831685658544302
,,,14387,,0.001623282441869378
,,,14388,,0.002456913236528635
,,,14389,,0.0019272721838206053
,,,14390,,0.0018939052242785692
,,,14391,,0.002007243689149618
,,,14392,,0.0017754328437149525
,,,14393,,0.00857913214713335
,,,14394,,0.009885594248771667
,,,14395,,0.009872826747596264
,,,14396,,0.007902881130576134
,,,14397,,0.0032034877222031355
,,,14398,,0.02969573251903057
,,,14399,,0.006209711544215679
,,,14400,,0.019824806600809097
,,,14401,,0.010768769308924675
,,,14402,,0.010339309461414814
,,,14403,,0.01735634356737137
,,,14404,,0.01937958598136902
,,,14405,,0.020504925400018692
,,,14406,,0.020754627883434296
,,,14407,,0.013382162898778915
,,,14408,,0.02154809609055519
,,,14409,,0.017698949202895164
,,,14410,,0.07835134118795395
,,,14411,,0.061676859855651855
,,,14412,,0.05118393152952194
,,,14413,,0.0554337240755558
,,,14414,,0.07842487841844559
,,,14415,,0.045633986592292786
,,,14416,,0.05132215470075607
,,,14417,,0.06659971922636032
,,,14418,,0.04826783016324043
,,,14419,,0.06010017544031143
,,,14420,,0.04950850456953049
,,,14421,,0.05469109117984772
,,,14422,,0.06476081907749176
,,,14423,,0.06009892001748085
,,,14424,,0.0578046590089798
,,,14425,,0.055826883763074875
,,,14426,,0.028612133115530014
62,,,5102,0.011273160576820374,
62,0.01078894641250372,,5102,,
63,,0.016457583755254745,5109,,
63,,0.011825894005596638,5119,,
63,,0.009757975116372108,5129,,
63,,0.005118733271956444,5139,,
63,,0.006515272427350283,5149,,
63,,0.007955753244459629,5159,,
63,,0.010938569903373718,5169,,
63,,0.00692047318443656,5179,,
,,,14427,,0.00040318892570212483
,,,14428,,0.00035778596065938473
,,,14429,,0.0006340154795907438
,,,14430,,0.00028638134244829416
,,,14431,,0.0005460978136397898
,,,14432,,0.0002743299992289394
,,,14433,,0.0005158712738193572
,,,14434,,0.00027313761529512703
,,,14435,,0.0003940397291444242
,,,14436,,0.00030022277496755123
,,,14437,,0.0007694574305787683
,,,14438,,0.0008397651836276054
,,,14439,,0.0003384379087947309
,,,14440,,0.0003865075996145606
,,,14441,,0.0006115368450991809
,,,14442,,0.0003557088493835181
,,,14443,,0.0008195788250304759
,,,14444,,0.000666665961034596
,,,14445,,0.0005060686962679029
,,,14446,,0.0012074292171746492
,,,14447,,0.00033217790769413114
,,,14448,,0.0002913217758759856
,,,14449,,0.00021911878138780594
,,,14450,,0.0009161678608506918
,,,14451,,0.0007252494106069207
,,,14452,,0.0005499683902598917
,,,14453,,0.0005524689331650734
,,,14454,,0.005178213119506836
,,,14455,,0.015783805400133133
,,,14456,,0.013377878814935684
,,,14457,,0.013106174767017365
,,,14458,,0.014525615610182285
,,,14459,,0.013080145232379436
,,,14460,,0.07178778946399689
,,,14461,,0.02198689430952072
,,,14462,,0.010928315110504627
,,,14463,,0.012938466854393482
,,,14464,,0.00863391812890768
,,,14465,,0.0050247847102582455
,,,14466,,0.011525331065058708
,,,14467,,0.007179896812886
,,,14468,,0.005325528793036938
,,,14469,,0.012797503732144833
,,,14470,,0.011419981718063354
,,,14471,,0.006221115589141846
,,,14472,,0.015093501657247543
,,,14473,,0.007803469430655241
,,,14474,,0.0028363235760480165
,,,14475,,0.007787257432937622
,,,14476,,0.004547176882624626
,,,14477,,0.005788757931441069
,,,14478,,0.00781390443444252
,,,14479,,0.0024391827173531055
,,,14480,,0.0062740882858633995
,,,14481,,0.0059530287981033325
,,,14482,,0.010842053219676018
,,,14483,,0.010906830430030823
,,,14484,,0.005202481523156166
,,,14485,,0.00788126140832901
,,,14486,,0.005565202329307795
,,,14487,,0.006717662326991558
,,,14488,,0.005436609499156475
,,,14489,,0.004920690320432186
,,,14490,,0.006944211199879646
,,,14491,,0.006006685085594654
,,,14492,,0.003365910379216075
,,,14493,,0.004986261483281851
,,,14494,,0.010833343490958214
,,,14495,,0.0059874714352190495
,,,14496,,0.0034554549492895603
,,,14497,,0.0043364339508116245
,,,14498,,0.0004503992386162281
,,,14499,,0.0008286448428407311
,,,14500,,0.00034313969081267715
,,,14501,,0.0004571756871882826
,,,14502,,0.00048389568109996617
,,,14503,,0.0005138217238709331
,,,14504,,0.00038457612390629947
,,,14505,,0.00034349248744547367
,,,14506,,0.00038527173455804586
,,,14507,,0.0006207643891684711
,,,14508,,0.00044462457299232483
,,,14509,,0.0012458519777283072
,,,14510,,0.0006288255099207163
,,,14511,,0.008145196363329887
,,,14512,,0.010000279173254967
,,,14513,,0.009226825088262558
,,,14514,,0.027272436767816544
,,,14515,,0.01927356608211994
,,,14516,,0.017885155975818634
,,,14517,,0.030411627143621445
,,,14518,,0.0285920649766922
,,,14519,,0.00994177721440792
,,,14520,,0.010858560912311077
,,,14521,,0.011052373796701431
,,,14522,,0.007735642604529858
,,,14523,,0.009336365386843681
,,,14524,,0.010914738290011883
,,,14525,,0.008842013776302338
,,,14526,,0.009062535129487514
,,,14527,,0.010176341980695724
,,,14528,,0.008922342211008072
,,,14529,,0.007806865032762289
,,,14530,,0.007567283697426319
,,,14531,,0.010325688868761063
,,,14532,,0.009899694472551346
,,,14533,,0.010858336463570595
,,,14534,,0.009814037010073662
,,,14535,,0.00930744968354702
,,,14536,,0.012333136051893234
,,,14537,,0.010439720004796982
,,,14538,,0.007965711876749992
,,,14539,,0.01050720363855362
,,,14540,,0.01058674231171608
,,,14541,,0.008475647307932377
,,,14542,,0.00852205604314804
,,,14543,,0.006781585514545441
,,,14544,,0.00927741639316082
,,,14545,,0.008602737449109554
,,,14546,,0.009903311729431152
,,,14547,,0.007752508390694857
,,,14548,,0.008548402227461338
,,,14549,,0.009010476060211658
,,,14550,,0.008667957037687302
,,,14551,,0.008440285921096802
,,,14552,,0.008619287051260471
,,,14553,,0.007222127169370651
,,,14554,,0.007304975297302008
,,,14555,,0.00760172214359045
,,,14556,,0.010153654962778091
,,,14557,,0.00859947968274355
,,,14558,,0.00992521271109581
,,,14559,,0.008820684626698494
,,,14560,,0.010184792801737785
,,,14561,,0.009486476890742779
,,,14562,,0.008962736465036869
,,,14563,,0.008195324800908566
,,,14564,,0.009364333003759384
,,,14565,,0.006456812843680382
,,,14566,,0.006730750203132629
,,,14567,,0.005816804710775614
,,,14568,,0.005757351405918598
,,,14569,,0.005984298884868622
,,,14570,,0.006749504245817661
,,,14571,,0.0060006240382790565
,,,14572,,0.0061678593046963215
,,,14573,,0.005710485391318798
,,,14574,,0.006210787687450647
,,,14575,,0.005158329848200083
,,,14576,,0.0048875403590500355
,,,14577,,0.00568366888910532
,,,14578,,0.0060572633519768715
,,,14579,,0.006200525444000959
,,,14580,,0.005986934527754784
,,,14581,,0.0066575100645422935
,,,14582,,0.006501376628875732
,,,14583,,0.006544515024870634
,,,14584,,0.005681752227246761
,,,14585,,0.00573459779843688
,,,14586,,0.006780658848583698
,,,14587,,0.006160445511341095
,,,14588,,0.006860101129859686
,,,14589,,0.008021388202905655
,,,14590,,0.007079914677888155
,,,14591,,0.007554139941930771
,,,14592,,0.006764399819076061
,,,14593,,0.005890934728085995
,,,14594,,0.006255665794014931
,,,14595,,0.008543995209038258
,,,14596,,0.007155479863286018
,,,14597,,0.006271953694522381
,,,14598,,0.00883497390896082
,,,14599,,0.006850896403193474
,,,14600,,0.008587870746850967
,,,14601,,0.0066742198541760445
,,,14602,,0.006390765309333801
,,,14603,,0.007597966585308313
,,,14604,,0.007284658960998058
,,,14605,,0.006265819538384676
,,,14606,,0.007931537926197052
,,,14607,,0.007116799242794514
,,,14608,,0.0067969877272844315
,,,14609,,0.002818894572556019
,,,14610,,0.0022598085924983025
,,,14611,,0.0016854587011039257
,,,14612,,0.0017160032875835896
,,,14613,,0.0016109987627714872
,,,14614,,0.0015322723193094134
,,,14615,,0.001908769947476685
,,,14616,,0.0016326187178492546
,,,14617,,0.0023977532982826233
,,,14618,,0.0019273904617875814
,,,14619,,0.0019236748339608312
,,,14620,,0.0020962939597666264
,,,14621,,0.0017983595607802272
,,,14622,,0.008095107041299343
,,,14623,,0.008864672854542732
,,,14624,,0.009124580770730972
,,,14625,,0.007525546941906214
,,,14626,,0.0032607289031147957
,,,14627,,0.02759590931236744
,,,14628,,0.005395571701228619
,,,14629,,0.018956344574689865
,,,14630,,0.009791170246899128
,,,14631,,0.009668726474046707
,,,14632,,0.01590363308787346
,,,14633,,0.01894807070493698
,,,14634,,0.019731977954506874
,,,14635,,0.01849186420440674
,,,14636,,0.013085737824440002
,,,14637,,0.021447282284498215
,,,14638,,0.0175024326890707
,,,14639,,0.0769260972738266
,,,14640,,0.0611535981297493
,,,14641,,0.050353214144706726
,,,14642,,0.054237619042396545
,,,14643,,0.07730218768119812
,,,14644,,0.04530617594718933
,,,14645,,0.050184063613414764
,,,14646,,0.06584333628416061
,,,14647,,0.0476258285343647
,,,14648,,0.05929931253194809
,,,14649,,0.04914597049355507
,,,14650,,0.05333472043275833
,,,14651,,0.06351031363010406
,,,14652,,0.05938367918133736
,,,14653,,0.057467982172966
,,,14654,,0.05469746142625809
,,,14655,,0.027835046872496605
63,,,5183,0.010974396951496601,
63,0.010047360323369503,,5183,,
64,,0.009565111249685287,5189,,
64,,0.007037798874080181,5199,,
64,,0.013290966860949993,5209,,
64,,0.013056786730885506,5219,,
64,,0.012164503335952759,5229,,
64,,0.010213445872068405,5239,,
64,,0.003966136835515499,5249,,
64,,0.011996181681752205,5259,,
,,,14656,,0.0004808570083696395
,,,14657,,0.0004590680473484099
,,,14658,,0.0007131126476451755
,,,14659,,0.00040221060044132173
,,,14660,,0.000654263945762068
,,,14661,,0.0003792305360548198
,,,14662,,0.0005765527603216469
,,,14663,,0.0003549536631908268
,,,14664,,0.000492341467179358
,,,14665,,0.00038618448888882995
,,,14666,,0.0008923717541620135
,,,14667,,0.0008474080241285264
,,,14668,,0.00039878254756331444
,,,14669,,0.0004910457064397633
,,,14670,,0.0006605750531889498
,,,14671,,0.0004419105243869126
,,,14672,,0.0008787574479356408
,,,14673,,0.0007261113496497273
,,,14674,,0.0006219442584551871
,,,14675,,0.0012132087722420692
,,,14676,,0.000390448170946911
,,,14677,,0.0003951272228732705
,,,14678,,0.00031320276320911944
,,,14679,,0.000936218595597893
,,,14680,,0.000775419466663152
,,,14681,,0.0006138394819572568
,,,14682,,0.0006231715087778866
,,,14683,,0.005224060732871294
,,,14684,,0.015877651050686836
,,,14685,,0.013459868729114532
,,,14686,,0.013183584436774254
,,,14687,,0.014654403552412987
,,,14688,,0.013180808164179325
,,,14689,,0.07154277712106705
,,,14690,,0.022074993699789047
,,,14691,,0.011045602150261402
,,,14692,,0.013065708801150322
,,,14693,,0.008741714060306549
,,,14694,,0.005102393217384815
,,,14695,,0.01164401788264513
,,,14696,,0.007214940618723631
,,,14697,,0.005357074551284313
,,,14698,,0.012752863578498363
,,,14699,,0.011543985456228256
,,,14700,,0.00626835273578763
,,,14701,,0.015156012959778309
,,,14702,,0.007946839556097984
,,,14703,,0.0029845009557902813
,,,14704,,0.007914966903626919
,,,14705,,0.0047707343474030495
,,,14706,,0.005910872016102076
,,,14707,,0.007833901792764664
,,,14708,,0.0025064488872885704
,,,14709,,0.006418674718588591
,,,14710,,0.006006570998579264
,,,14711,,0.010736171156167984
,,,14712,,0.010635620914399624
,,,14713,,0.005231586284935474
,,,14714,,0.007768726907670498
,,,14715,,0.00518236868083477
,,,14716,,0.006684213876724243
,,,14717,,0.005432073026895523
,,,14718,,0.005041087977588177
,,,14719,,0.006901592947542667
,,,14720,,0.005949047394096851
,,,14721,,0.003324615303426981
,,,14722,,0.005165634211152792
,,,14723,,0.010648243129253387
,,,14724,,0.005945587996393442
,,,14725,,0.0034879688173532486
,,,14726,,0.004220922477543354
,,,14727,,0.000576625345274806
,,,14728,,0.0010333041427657008
,,,14729,,0.0009315432398580015
,,,14730,,0.0005881263641640544
,,,14731,,0.0006225881516002119
,,,14732,,0.0006609337870031595
,,,14733,,0.0004944177344441414
,,,14734,,0.000786124262958765
,,,14735,,0.0005965802702121437
,,,14736,,0.0008702800259925425
,,,14737,,0.0006396512035280466
,,,14738,,0.0007722187438048422
,,,14739,,0.0007931814179755747
,,,14740,,0.008130152709782124
,,,14741,,0.010038567706942558
,,,14742,,0.009418938308954239
,,,14743,,0.027949783951044083
,,,14744,,0.020110219717025757
,,,14745,,0.01784328743815422
,,,14746,,0.0296059250831604
,,,14747,,0.027744363993406296
,,,14748,,0.009785506874322891
,,,14749,,0.01076827384531498
,,,14750,,0.010930707678198814
,,,14751,,0.007666679099202156
,,,14752,,0.00921638123691082
,,,14753,,0.010815870016813278
,,,14754,,0.008705012500286102
,,,14755,,0.008885517716407776
,,,14756,,0.010060428641736507
,,,14757,,0.008829642087221146
,,,14758,,0.007742200046777725
,,,14759,,0.007476439233869314
,,,14760,,0.010217678733170033
,,,14761,,0.009810063987970352
,,,14762,,0.010720543563365936
,,,14763,,0.009734556078910828
,,,14764,,0.009236743673682213
,,,14765,,0.012246936559677124
,,,14766,,0.010356483981013298
,,,14767,,0.00788501463830471
,,,14768,,0.010415489785373211
,,,14769,,0.010409224778413773
,,,14770,,0.008201454766094685
,,,14771,,0.00824668351560831
,,,14772,,0.006555253639817238
,,,14773,,0.009142886847257614
,,,14774,,0.008476774208247662
,,,14775,,0.009813033044338226
,,,14776,,0.007658206392079592
,,,14777,,0.008441482670605183
,,,14778,,0.008877337910234928
,,,14779,,0.008551700040698051
,,,14780,,0.0083129508420825
,,,14781,,0.008492779918015003
,,,14782,,0.007131497375667095
,,,14783,,0.007223936263471842
,,,14784,,0.007496421691030264
,,,14785,,0.01008802093565464
,,,14786,,0.008458223193883896
,,,14787,,0.009802649728953838
,,,14788,,0.008704280480742455
,,,14789,,0.010056676343083382
,,,14790,,0.009392431937158108
,,,14791,,0.00889623537659645
,,,14792,,0.008133940398693085
,,,14793,,0.009251976385712624
,,,14794,,0.006412566639482975
,,,14795,,0.006638081278651953
,,,14796,,0.005720772780478001
,,,14797,,0.005695726722478867
,,,14798,,0.00589285884052515
,,,14799,,0.0066458131186664104
,,,14800,,0.005920902825891972
,,,14801,,0.006043312139809132
,,,14802,,0.005654818844050169
,,,14803,,0.006125928834080696
,,,14804,,0.005073467269539833
,,,14805,,0.004790072329342365
,,,14806,,0.005539164878427982
,,,14807,,0.0059493063017725945
,,,14808,,0.006070607807487249
,,,14809,,0.005877373740077019
,,,14810,,0.0065912529826164246
,,,14811,,0.0063528623431921005
,,,14812,,0.006483965087682009
,,,14813,,0.005582367070019245
,,,14814,,0.005609585903584957
,,,14815,,0.00669866893440485
,,,14816,,0.006193962879478931
,,,14817,,0.006919894367456436
,,,14818,,0.007951376959681511
,,,14819,,0.0071075656451284885
,,,14820,,0.007601386867463589
,,,14821,,0.006782601121813059
,,,14822,,0.005924273747950792
,,,14823,,0.006297099404036999
,,,14824,,0.008536843582987785
,,,14825,,0.007191496901214123
,,,14826,,0.0063405404798686504
,,,14827,,0.008870309218764305
,,,14828,,0.006880476605147123
,,,14829,,0.008612753823399544
,,,14830,,0.006743907928466797
,,,14831,,0.006453158333897591
,,,14832,,0.007568432483822107
,,,14833,,0.00727465795353055
,,,14834,,0.006330674514174461
,,,14835,,0.007922904565930367
,,,14836,,0.007091296836733818
,,,14837,,0.006855115294456482
,,,14838,,0.002913265023380518
,,,14839,,0.0025525158271193504
,,,14840,,0.002100050449371338
,,,14841,,0.00207682722248137
,,,14842,,0.0019364843610674143
,,,14843,,0.0018376309890300035
,,,14844,,0.0023448835127055645
,,,14845,,0.0018720105290412903
,,,14846,,0.002649530302733183
,,,14847,,0.002131355693563819
,,,14848,,0.0022173195611685514
,,,14849,,0.002314572222530842
,,,14850,,0.0020882219541817904
,,,14851,,0.007996644824743271
,,,14852,,0.009069353342056274
,,,14853,,0.009162445552647114
,,,14854,,0.007765343878418207
,,,14855,,0.0032540697138756514
,,,14856,,0.027630235999822617
,,,14857,,0.005617973860353231
,,,14858,,0.019306911155581474
,,,14859,,0.009337268769741058
,,,14860,,0.009859675541520119
,,,14861,,0.016510620713233948
,,,14862,,0.0189727321267128
,,,14863,,0.019712895154953003
,,,14864,,0.019099269062280655
,,,14865,,0.012564953416585922
,,,14866,,0.02074730396270752
,,,14867,,0.01702861115336418
,,,14868,,0.07653606683015823
,,,14869,,0.0603615865111351
,,,14870,,0.05003190040588379
,,,14871,,0.0537404902279377
,,,14872,,0.07660871744155884
,,,14873,,0.04451138898730278
,,,14874,,0.049608223140239716
,,,14875,,0.06530658900737762
,,,14876,,0.04700078070163727
,,,14877,,0.05892891436815262
,,,14878,,0.04836099594831467
,,,14879,,0.05297491326928139
,,,14880,,0.06299461424350739
,,,14881,,0.05835800990462303
,,,14882,,0.05674845725297928
,,,14883,,0.054006487131118774
,,,14884,,0.027366064488887787
64,,,5264,0.01094302348792553,
64,0.009871887974441051,,5264,,
65,,0.0108109125867486,5269,,
65,,0.009194090962409973,5279,,
65,,0.014207284897565842,5289,,
65,,0.007104215677827597,5299,,
65,,0.021672066301107407,5309,,
65,,0.006572389043867588,5319,,
65,,0.00985998660326004,5329,,
65,,0.004294595681130886,5339,,
,,,14885,,0.0005269058747217059
,,,14886,,0.00047714795800857246
,,,14887,,0.00073897565016523
,,,14888,,0.00048440793761983514
,,,14889,,0.0008846053387969732
,,,14890,,0.0004234453081153333
,,,14891,,0.0006512716645374894
,,,14892,,0.0003857642877846956
,,,14893,,0.0006586515228264034
,,,14894,,0.0004343310429248959
,,,14895,,0.0009572355775162578
,,,14896,,0.0008950653718784451
,,,14897,,0.0003936357097700238
,,,14898,,0.0005177666898816824
,,,14899,,0.0007415123982354999
,,,14900,,0.0004922643420286477
,,,14901,,0.0009643575176596642
,,,14902,,0.0007172455079853535
,,,14903,,0.0007987876306287944
,,,14904,,0.0012267763959243894
,,,14905,,0.00040440508746542037
,,,14906,,0.0004607602604664862
,,,14907,,0.00040617017657496035
,,,14908,,0.0009621605859138072
,,,14909,,0.0008194620022550225
,,,14910,,0.00068005605135113
,,,14911,,0.0007102458039298654
,,,14912,,0.005269384011626244
,,,14913,,0.015819162130355835
,,,14914,,0.013398864306509495
,,,14915,,0.013158934190869331
,,,14916,,0.014556879177689552
,,,14917,,0.013120262883603573
,,,14918,,0.07145790755748749
,,,14919,,0.0219455324113369
,,,14920,,0.010949766263365746
,,,14921,,0.01303041446954012
,,,14922,,0.00874028168618679
,,,14923,,0.005152237601578236
,,,14924,,0.011588151566684246
,,,14925,,0.007278213277459145
,,,14926,,0.005326729267835617
,,,14927,,0.012628324329853058
,,,14928,,0.01138760894536972
,,,14929,,0.006154186092317104
,,,14930,,0.014922592788934708
,,,14931,,0.007836012169718742
,,,14932,,0.0029893198516219854
,,,14933,,0.007834631018340588
,,,14934,,0.004716928116977215
,,,14935,,0.005887451581656933
,,,14936,,0.007852915674448013
,,,14937,,0.0026600451674312353
,,,14938,,0.006417746189981699
,,,14939,,0.006146040745079517
,,,14940,,0.010692320764064789
,,,14941,,0.01052361261099577
,,,14942,,0.005284509621560574
,,,14943,,0.007520230021327734
,,,14944,,0.005178448278456926
,,,14945,,0.006599087733775377
,,,14946,,0.005333385895937681
,,,14947,,0.004880116321146488
,,,14948,,0.006687218323349953
,,,14949,,0.005929733160883188
,,,14950,,0.003520859405398369
,,,14951,,0.005378509871661663
,,,14952,,0.01051767636090517
,,,14953,,0.00583439227193594
,,,14954,,0.003675960935652256
,,,14955,,0.004174938425421715
,,,14956,,0.0004943162202835083
,,,14957,,0.0009458542335778475
,,,14958,,0.0008662217296659946
,,,14959,,0.0006989459507167339
,,,14960,,0.0005659323069266975
,,,14961,,0.0005678296438418329
,,,14962,,0.00030400301329791546
,,,14963,,0.0006888092029839754
,,,14964,,0.00042506615864112973
,,,14965,,0.0007360752206295729
,,,14966,,0.0007501238724216819
,,,14967,,0.0005568249616771936
,,,14968,,0.0005937449168413877
,,,14969,,0.007778446190059185
,,,14970,,0.009625449776649475
,,,14971,,0.008855224587023258
,,,14972,,0.026645446196198463
,,,14973,,0.01879269815981388
,,,14974,,0.018329471349716187
,,,14975,,0.0315399095416069
,,,14976,,0.030682817101478577
,,,14977,,0.010236548259854317
,,,14978,,0.010787422768771648
,,,14979,,0.010966887697577477
,,,14980,,0.00775047205388546
,,,14981,,0.009290790185332298
,,,14982,,0.010861378163099289
,,,14983,,0.00881281029433012
,,,14984,,0.009048478677868843
,,,14985,,0.010176712647080421
,,,14986,,0.008876895532011986
,,,14987,,0.0077919745817780495
,,,14988,,0.0075538670644164085
,,,14989,,0.010259651578962803
,,,14990,,0.009910625405609608
,,,14991,,0.01079716719686985
,,,14992,,0.009806742891669273
,,,14993,,0.009320697747170925
,,,14994,,0.012282174080610275
,,,14995,,0.010412358678877354
,,,14996,,0.00799521617591381
,,,14997,,0.010489913634955883
,,,14998,,0.010537505149841309
,,,14999,,0.008249935694038868
,,,15000,,0.00834452360868454
,,,15001,,0.006675636861473322
,,,15002,,0.009281720034778118
,,,15003,,0.008632059209048748
,,,15004,,0.00989583134651184
,,,15005,,0.007731042802333832
,,,15006,,0.008525388315320015
,,,15007,,0.008995774202048779
,,,15008,,0.008615314960479736
,,,15009,,0.00843643769621849
,,,15010,,0.008624874986708164
,,,15011,,0.007184228859841824
,,,15012,,0.007293403148651123
,,,15013,,0.007605743128806353
,,,15014,,0.010151084512472153
,,,15015,,0.008626168593764305
,,,15016,,0.009867860935628414
,,,15017,,0.008829213678836823
,,,15018,,0.010082840919494629
,,,15019,,0.009461823850870132
,,,15020,,0.008946849033236504
,,,15021,,0.0081743523478508
,,,15022,,0.00934712216258049
,,,15023,,0.006561378017067909
,,,15024,,0.006809541489928961
,,,15025,,0.005872505716979504
,,,15026,,0.005820148624479771
,,,15027,,0.006027699913829565
,,,15028,,0.0068035246804356575
,,,15029,,0.006027433555573225
,,,15030,,0.006160449236631393
,,,15031,,0.0057453433983027935
,,,15032,,0.0062672751955688
,,,15033,,0.005260936915874481
,,,15034,,0.0049631670117378235
,,,15035,,0.005655675660818815
,,,15036,,0.0060930270701646805
,,,15037,,0.006180687807500362
,,,15038,,0.0060608829371631145
,,,15039,,0.006659860722720623
,,,15040,,0.006502527743577957
,,,15041,,0.006634711287915707
,,,15042,,0.00577942281961441
,,,15043,,0.0057698204182088375
,,,15044,,0.0068396320566535
,,,15045,,0.006191019434481859
,,,15046,,0.006915629841387272
,,,15047,,0.007921774871647358
,,,15048,,0.007105984725058079
,,,15049,,0.007551542948931456
,,,15050,,0.006755642592906952
,,,15051,,0.005874446593225002
,,,15052,,0.006282803602516651
,,,15053,,0.008474485948681831
,,,15054,,0.007154135964810848
,,,15055,,0.006312951445579529
,,,15056,,0.008802767843008041
,,,15057,,0.006885531358420849
,,,15058,,0.008620314300060272
,,,15059,,0.006715358234941959
,,,15060,,0.006378256715834141
,,,15061,,0.007549949921667576
,,,15062,,0.00730555783957243
,,,15063,,0.00627999659627676
,,,15064,,0.007863580249249935
,,,15065,,0.007152648642659187
,,,15066,,0.006836621090769768
,,,15067,,0.0029049967415630817
,,,15068,,0.0023100576363503933
,,,15069,,0.0016660799738019705
,,,15070,,0.0018170321127399802
,,,15071,,0.0016238277312368155
,,,15072,,0.0015460287686437368
,,,15073,,0.0018907556077465415
,,,15074,,0.0017170277424156666
,,,15075,,0.0025377944111824036
,,,15076,,0.001979305176064372
,,,15077,,0.001982323359698057
,,,15078,,0.002152990084141493
,,,15079,,0.0018698680214583874
,,,15080,,0.008863759227097034
,,,15081,,0.009746471419930458
,,,15082,,0.00997899193316698
,,,15083,,0.007929304614663124
,,,15084,,0.003550722496584058
,,,15085,,0.03007311001420021
,,,15086,,0.006726954132318497
,,,15087,,0.019801076501607895
,,,15088,,0.01105668768286705
,,,15089,,0.010683097876608372
,,,15090,,0.01753167435526848
,,,15091,,0.019978191703557968
,,,15092,,0.021039146929979324
,,,15093,,0.02110324427485466
,,,15094,,0.013331588357686996
,,,15095,,0.022420212626457214
,,,15096,,0.017767077311873436
,,,15097,,0.07733414322137833
,,,15098,,0.0614175871014595
,,,15099,,0.051099613308906555
,,,15100,,0.055338386446237564
,,,15101,,0.0779535323381424
,,,15102,,0.04456651210784912
,,,15103,,0.050800904631614685
,,,15104,,0.06631965935230255
,,,15105,,0.04801773652434349
,,,15106,,0.059919387102127075
,,,15107,,0.04915976524353027
,,,15108,,0.053908511996269226
,,,15109,,0.06437183171510696
,,,15110,,0.05945520102977753
,,,15111,,0.05719593167304993
,,,15112,,0.05515474081039429
,,,15113,,0.027780799195170403
65,,,5345,0.01110905036330223,
65,0.009760299697518349,,5345,,
66,,0.016771825030446053,5349,,
66,,0.008683082647621632,5359,,
66,,0.013820662163197994,5369,,
66,,0.016542308032512665,5379,,
66,,0.009913555346429348,5389,,
66,,0.010583565570414066,5399,,
66,,0.010028896853327751,5409,,
66,,0.014197679236531258,5419,,
,,,15114,,0.0009432415827177465
,,,15115,,0.0009460860164836049
,,,15116,,0.001174663077108562
,,,15117,,0.0008842310635372996
,,,15118,,0.0011470434255897999
,,,15119,,0.0008134813397191465
,,,15120,,0.0010244980221614242
,,,15121,,0.0008324350928887725
,,,15122,,0.0010030459379777312
,,,15123,,0.0008543611038476229
,,,15124,,0.0013690679334104061
,,,15125,,0.0013584921834990382
,,,15126,,0.0008162736194208264
,,,15127,,0.0009428474586457014
,,,15128,,0.001094501931220293
,,,15129,,0.000898063532076776
,,,15130,,0.0012630452401936054
,,,15131,,0.001127155963331461
,,,15132,,0.0010929562849923968
,,,15133,,0.0016226395964622498
,,,15134,,0.0007850129622966051
,,,15135,,0.000776394153945148
,,,15136,,0.0007485018577426672
,,,15137,,0.001343181007541716
,,,15138,,0.0012380005791783333
,,,15139,,0.0010117050260305405
,,,15140,,0.0010205975268036127
,,,15141,,0.005705774761736393
,,,15142,,0.01635053940117359
,,,15143,,0.013925695791840553
,,,15144,,0.013732711784541607
,,,15145,,0.015151968225836754
,,,15146,,0.013696657493710518
,,,15147,,0.07174831628799438
,,,15148,,0.022473864257335663
,,,15149,,0.011521270498633385
,,,15150,,0.013578026555478573
,,,15151,,0.009207228198647499
,,,15152,,0.00559861958026886
,,,15153,,0.012155047617852688
,,,15154,,0.007698400877416134
,,,15155,,0.005696532782167196
,,,15156,,0.012929759919643402
,,,15157,,0.011678699404001236
,,,15158,,0.0065474011935293674
,,,15159,,0.015333488583564758
,,,15160,,0.008179869502782822
,,,15161,,0.0032402919605374336
,,,15162,,0.008092282339930534
,,,15163,,0.005053365137428045
,,,15164,,0.006237012334167957
,,,15165,,0.008144508115947247
,,,15166,,0.002786625176668167
,,,15167,,0.006724570412188768
,,,15168,,0.00592455081641674
,,,15169,,0.010446028783917427
,,,15170,,0.010475064627826214
,,,15171,,0.00505321379750967
,,,15172,,0.007455440238118172
,,,15173,,0.005246107466518879
,,,15174,,0.006404382176697254
,,,15175,,0.005224235355854034
,,,15176,,0.0047654034569859505
,,,15177,,0.006581360474228859
,,,15178,,0.005707618780434132
,,,15179,,0.00345199229195714
,,,15180,,0.00519866356626153
,,,15181,,0.010346640832722187
,,,15182,,0.005878237541764975
,,,15183,,0.0033511605579406023
,,,15184,,0.004123101942241192
,,,15185,,0.0008557522669434547
,,,15186,,0.0013548743445426226
,,,15187,,0.001480891602113843
,,,15188,,0.00106437923386693
,,,15189,,0.0009189277188852429
,,,15190,,0.0009372157510370016
,,,15191,,0.0007176764775067568
,,,15192,,0.00122903473675251
,,,15193,,0.0008427375578321517
,,,15194,,0.0011446184944361448
,,,15195,,0.0011337257456034422
,,,15196,,0.0006450958899222314
,,,15197,,0.0010592079488560557
,,,15198,,0.00834304466843605
,,,15199,,0.010185107588768005
,,,15200,,0.00938178040087223
,,,15201,,0.027126314118504524
,,,15202,,0.0195571631193161
,,,15203,,0.017805812880396843
,,,15204,,0.029938485473394394
,,,15205,,0.028458453714847565
,,,15206,,0.00970637146383524
,,,15207,,0.010441187769174576
,,,15208,,0.010631009005010128
,,,15209,,0.007448466960340738
,,,15210,,0.008952096104621887
,,,15211,,0.01050230860710144
,,,15212,,0.008510734885931015
,,,15213,,0.00867511611431837
,,,15214,,0.009802688844501972
,,,15215,,0.008588784374296665
,,,15216,,0.007508082315325737
,,,15217,,0.0072903744876384735
,,,15218,,0.00994979590177536
,,,15219,,0.009598420932888985
,,,15220,,0.010395236313343048
,,,15221,,0.009448682889342308
,,,15222,,0.008975769393146038
,,,15223,,0.011897232383489609
,,,15224,,0.010049623437225819
,,,15225,,0.007673406507819891
,,,15226,,0.010099287144839764
,,,15227,,0.010279453359544277
,,,15228,,0.008876660838723183
,,,15229,,0.008913565427064896
,,,15230,,0.006974118761718273
,,,15231,,0.009004883468151093
,,,15232,,0.008388244546949863
,,,15233,,0.009686581790447235
,,,15234,,0.007511727511882782
,,,15235,,0.008293509483337402
,,,15236,,0.008772525936365128
,,,15237,,0.00836818665266037
,,,15238,,0.00826912559568882
,,,15239,,0.008415600284934044
,,,15240,,0.007042633835226297
,,,15241,,0.007111137732863426
,,,15242,,0.0073972437530756
,,,15243,,0.0099208764731884
,,,15244,,0.008394436910748482
,,,15245,,0.009684937074780464
,,,15246,,0.008588115684688091
,,,15247,,0.009940600022673607
,,,15248,,0.00929275806993246
,,,15249,,0.008781029842793941
,,,15250,,0.008005413226783276
,,,15251,,0.009166890755295753
,,,15252,,0.006370183080434799
,,,15253,,0.006571773439645767
,,,15254,,0.005731853656470776
,,,15255,,0.005685452371835709
,,,15256,,0.005861099809408188
,,,15257,,0.006550741381943226
,,,15258,,0.0058176396414637566
,,,15259,,0.005998744163662195
,,,15260,,0.00554940989241004
,,,15261,,0.006027011200785637
,,,15262,,0.005067987833172083
,,,15263,,0.004769908729940653
,,,15264,,0.005515288561582565
,,,15265,,0.0059790341183543205
,,,15266,,0.006030866410583258
,,,15267,,0.005886070430278778
,,,15268,,0.006415250711143017
,,,15269,,0.006263513118028641
,,,15270,,0.006487392820417881
,,,15271,,0.005532776936888695
,,,15272,,0.005597734358161688
,,,15273,,0.006614134646952152
,,,15274,,0.006069646682590246
,,,15275,,0.006759012117981911
,,,15276,,0.0078293327242136
,,,15277,,0.007005367428064346
,,,15278,,0.00748844351619482
,,,15279,,0.0066968537867069244
,,,15280,,0.005738674663007259
,,,15281,,0.0061638206243515015
,,,15282,,0.008414194919168949
,,,15283,,0.0070512620732188225
,,,15284,,0.006185975857079029
,,,15285,,0.008654417470097542
,,,15286,,0.006708391010761261
,,,15287,,0.00847537349909544
,,,15288,,0.006599115207791328
,,,15289,,0.0063191065564751625
,,,15290,,0.007442174479365349
,,,15291,,0.007142890244722366
,,,15292,,0.0061894613318145275
,,,15293,,0.007784662768244743
,,,15294,,0.00697611179202795
,,,15295,,0.0068098702467978
,,,15296,,0.0035816568415611982
,,,15297,,0.0031791594810783863
,,,15298,,0.0026945569552481174
,,,15299,,0.002733997767791152
,,,15300,,0.002375742420554161
,,,15301,,0.0023706243373453617
,,,15302,,0.0029510827735066414
,,,15303,,0.002483764663338661
,,,15304,,0.0032476643100380898
,,,15305,,0.002818523207679391
,,,15306,,0.002813704079017043
,,,15307,,0.0027022832073271275
,,,15308,,0.002726464532315731
,,,15309,,0.008299860171973705
,,,15310,,0.00903565064072609
,,,15311,,0.00940304808318615
,,,15312,,0.007310947403311729
,,,15313,,0.003794569056481123
,,,15314,,0.027009349316358566
,,,15315,,0.005699056200683117
,,,15316,,0.01968548074364662
,,,15317,,0.010330394841730595
,,,15318,,0.009825129061937332
,,,15319,,0.01607435941696167
,,,15320,,0.01920245960354805
,,,15321,,0.019418830052018166
,,,15322,,0.018656378611922264
,,,15323,,0.01303398609161377
,,,15324,,0.02131171151995659
,,,15325,,0.01730760559439659
,,,15326,,0.07587362825870514
,,,15327,,0.059610266238451004
,,,15328,,0.04946232587099075
,,,15329,,0.05342746526002884
,,,15330,,0.0759553611278534
,,,15331,,0.04432455822825432
,,,15332,,0.04947184771299362
,,,15333,,0.06477663666009903
,,,15334,,0.04676859825849533
,,,15335,,0.058201223611831665
,,,15336,,0.04809345677495003
,,,15337,,0.052669595927000046
,,,15338,,0.06262673437595367
,,,15339,,0.057805486023426056
,,,15340,,0.056272730231285095
,,,15341,,0.05400894954800606
,,,15342,,0.027429021894931793
66,,,5426,0.011011690832674503,
66,0.009648301638662815,,5426,,
67,,0.007078272290527821,5429,,
67,,0.008299089968204498,5439,,
67,,0.007897092029452324,5449,,
67,,0.012882084585726261,5459,,
67,,0.008897731080651283,5469,,
67,,0.011109814047813416,5479,,
67,,0.006103627383708954,5489,,
67,,0.016288913786411285,5499,,
,,,15343,,0.0006557140150107443
,,,15344,,0.0005926031153649092
,,,15345,,0.0007242358988150954
,,,15346,,0.0005074540968053043
,,,15347,,0.0011874036863446236
,,,15348,,0.0003534338902682066
,,,15349,,0.000587135087698698
,,,15350,,0.0004000574699603021
,,,15351,,0.0008103313157334924
,,,15352,,0.0004124801780562848
,,,15353,,0.000914488104172051
,,,15354,,0.000851954217068851
,,,15355,,0.0004119350342079997
,,,15356,,0.0005437100771814585
,,,15357,,0.0006976909935474396
,,,15358,,0.0005048294551670551
,,,15359,,0.0010990649461746216
,,,15360,,0.0006805182201787829
,,,15361,,0.0009304287377744913
,,,15362,,0.001245943596586585
,,,15363,,0.0003520967438817024
,,,15364,,0.0004837903252337128
,,,15365,,0.00039253069553524256
,,,15366,,0.001032720087096095
,,,15367,,0.0009113557171076536
,,,15368,,0.0007579252123832703
,,,15369,,0.0007624324643984437
,,,15370,,0.005392732098698616
,,,15371,,0.015942784026265144
,,,15372,,0.013499734923243523
,,,15373,,0.013229729607701302
,,,15374,,0.014655722305178642
,,,15375,,0.013177022337913513
,,,15376,,0.0710073709487915
,,,15377,,0.02201901003718376
,,,15378,,0.011008269153535366
,,,15379,,0.013068078085780144
,,,15380,,0.00888598058372736
,,,15381,,0.00532577745616436
,,,15382,,0.011676501482725143
,,,15383,,0.007298869080841541
,,,15384,,0.0052856383845210075
,,,15385,,0.012462923303246498
,,,15386,,0.011310817673802376
,,,15387,,0.006024176254868507
,,,15388,,0.014845747500658035
,,,15389,,0.007747919764369726
,,,15390,,0.0028892653062939644
,,,15391,,0.007815409451723099
,,,15392,,0.004690092522650957
,,,15393,,0.005713426508009434
,,,15394,,0.007696283049881458
,,,15395,,0.0025874716229736805
,,,15396,,0.006321229040622711
,,,15397,,0.006942511536180973
,,,15398,,0.011481951922178268
,,,15399,,0.011548465117812157
,,,15400,,0.0060210637748241425
,,,15401,,0.008479095995426178
,,,15402,,0.006005381233990192
,,,15403,,0.007497314363718033
,,,15404,,0.00639951229095459
,,,15405,,0.005714122671633959
,,,15406,,0.007878173142671585
,,,15407,,0.006737506482750177
,,,15408,,0.003960750065743923
,,,15409,,0.0061000981368124485
,,,15410,,0.011114879511296749
,,,15411,,0.006597400642931461
,,,15412,,0.004037165082991123
,,,15413,,0.0047999597154557705
,,,15414,,0.00043061113683506846
,,,15415,,0.0009721822571009398
,,,15416,,0.0004918313352391124
,,,15417,,0.0005376313347369432
,,,15418,,0.00046429282519966364
,,,15419,,0.00052122853230685
,,,15420,,0.0003617790061980486
,,,15421,,0.0004874757141806185
,,,15422,,0.00045369271538220346
,,,15423,,0.0007539381040260196
,,,15424,,0.0005589233478531241
,,,15425,,0.0009258351055905223
,,,15426,,0.0006390918279066682
,,,15427,,0.007773147895932198
,,,15428,,0.009502608329057693
,,,15429,,0.008826341480016708
,,,15430,,0.02670242078602314
,,,15431,,0.018943537026643753
,,,15432,,0.016910620033740997
,,,15433,,0.028117585927248
,,,15434,,0.026644382625818253
,,,15435,,0.009372218511998653
,,,15436,,0.010379170998930931
,,,15437,,0.010637408122420311
,,,15438,,0.007465018425136805
,,,15439,,0.008949673734605312
,,,15440,,0.01048952154815197
,,,15441,,0.008497430011630058
,,,15442,,0.008708055131137371
,,,15443,,0.00982606690376997
,,,15444,,0.008573071099817753
,,,15445,,0.007430275436490774
,,,15446,,0.0072271996177732944
,,,15447,,0.009933790192008018
,,,15448,,0.009520057588815689
,,,15449,,0.010436685755848885
,,,15450,,0.009423748590052128
,,,15451,,0.008939298801124096
,,,15452,,0.011927926912903786
,,,15453,,0.010006966069340706
,,,15454,,0.007658523507416248
,,,15455,,0.010132400318980217
,,,15456,,0.010222572833299637
,,,15457,,0.00817115418612957
,,,15458,,0.008299659006297588
,,,15459,,0.006628277245908976
,,,15460,,0.009109941311180592
,,,15461,,0.008470362983644009
,,,15462,,0.009689928963780403
,,,15463,,0.007597857154905796
,,,15464,,0.008401529863476753
,,,15465,,0.008925862610340118
,,,15466,,0.008527195081114769
,,,15467,,0.008370726369321346
,,,15468,,0.00856025516986847
,,,15469,,0.007090803701430559
,,,15470,,0.0072041526436805725
,,,15471,,0.007456076797097921
,,,15472,,0.00997374951839447
,,,15473,,0.008480822667479515
,,,15474,,0.009746775031089783
,,,15475,,0.008704359643161297
,,,15476,,0.010015981271862984
,,,15477,,0.009314924478530884
,,,15478,,0.008899221196770668
,,,15479,,0.008075181394815445
,,,15480,,0.00929434597492218
,,,15481,,0.006319968495517969
,,,15482,,0.0066453032195568085
,,,15483,,0.005706273950636387
,,,15484,,0.005618898198008537
,,,15485,,0.0057723261415958405
,,,15486,,0.006702336482703686
,,,15487,,0.005811958108097315
,,,15488,,0.006046034395694733
,,,15489,,0.005611838307231665
,,,15490,,0.0060387831181287766
,,,15491,,0.005010975059121847
,,,15492,,0.004864539951086044
,,,15493,,0.005453832913190126
,,,15494,,0.005960380658507347
,,,15495,,0.006024471949785948
,,,15496,,0.005888957064598799
,,,15497,,0.00651121698319912
,,,15498,,0.006290004588663578
,,,15499,,0.006461577024310827
,,,15500,,0.005573129281401634
,,,15501,,0.005672413855791092
,,,15502,,0.006596534512937069
,,,15503,,0.006080142688006163
,,,15504,,0.006792314350605011
,,,15505,,0.007836274802684784
,,,15506,,0.0069509344175457954
,,,15507,,0.00747455470263958
,,,15508,,0.006646455265581608
,,,15509,,0.005744451656937599
,,,15510,,0.0061721401289105415
,,,15511,,0.008354900404810905
,,,15512,,0.007026484701782465
,,,15513,,0.006193130277097225
,,,15514,,0.008665337227284908
,,,15515,,0.0066982656717300415
,,,15516,,0.008478610776364803
,,,15517,,0.006582313217222691
,,,15518,,0.006288893520832062
,,,15519,,0.007394371088594198
,,,15520,,0.007119239307940006
,,,15521,,0.006187974475324154
,,,15522,,0.007798366714268923
,,,15523,,0.006986483931541443
,,,15524,,0.006742758676409721
,,,15525,,0.0032968539744615555
,,,15526,,0.002550186589360237
,,,15527,,0.001743453205563128
,,,15528,,0.002033748896792531
,,,15529,,0.0016637525986880064
,,,15530,,0.001679720007814467
,,,15531,,0.001984091941267252
,,,15532,,0.0019159310031682253
,,,15533,,0.002744785975664854
,,,15534,,0.0023302515037357807
,,,15535,,0.0021377415396273136
,,,15536,,0.002259530359879136
,,,15537,,0.0019983104430139065
,,,15538,,0.010889408178627491
,,,15539,,0.011773322708904743
,,,15540,,0.011271880939602852
,,,15541,,0.010703133419156075
,,,15542,,0.0038167452439665794
,,,15543,,0.032479286193847656
,,,15544,,0.006392607465386391
,,,15545,,0.023006023839116096
,,,15546,,0.011840157210826874
,,,15547,,0.011299075558781624
,,,15548,,0.018981629982590675
,,,15549,,0.02218054234981537
,,,15550,,0.022954460233449936
,,,15551,,0.022152628749608994
,,,15552,,0.016743561252951622
,,,15553,,0.025963447988033295
,,,15554,,0.018542727455496788
,,,15555,,0.07795816659927368
,,,15556,,0.061288341879844666
,,,15557,,0.051049575209617615
,,,15558,,0.05460354685783386
,,,15559,,0.07857300341129303
,,,15560,,0.04657173156738281
,,,15561,,0.05160343647003174
,,,15562,,0.06667951494455338
,,,15563,,0.047174591571092606
,,,15564,,0.060905542224645615
,,,15565,,0.04997870326042175
,,,15566,,0.05376914516091347
,,,15567,,0.06454052031040192
,,,15568,,0.059675365686416626
,,,15569,,0.0583372563123703
,,,15570,,0.05534779280424118
,,,15571,,0.02743513695895672
67,,,5507,0.011217944324016571,
67,0.009617532603442669,,5507,,
68,,0.009508519433438778,5509,,
68,,0.007410911843180656,5519,,
68,,0.009358197450637817,5529,,
68,,0.01037362776696682,5539,,
68,,0.005905145779252052,5549,,
68,,0.011659443378448486,5559,,
68,,0.008520973846316338,5569,,
68,,0.014667220413684845,5579,,
,,,15572,,0.0004006265662610531
,,,15573,,0.00037656680797226727
,,,15574,,0.0005910631734877825
,,,15575,,0.00040337067912332714
,,,15576,,0.0008046169532462955
,,,15577,,0.00030363566474989057
,,,15578,,0.0005632860120385885
,,,15579,,0.00032723837648518384
,,,15580,,0.0006609582342207432
,,,15581,,0.00031734234653413296
,,,15582,,0.0008359883213415742
,,,15583,,0.0008024789276532829
,,,15584,,0.0002902804990299046
,,,15585,,0.00048763956874608994
,,,15586,,0.000608155969530344
,,,15587,,0.00040979444747790694
,,,15588,,0.0007960635703057051
,,,15589,,0.0006246165721677244
,,,15590,,0.0007056928589008749
,,,15591,,0.0010265987366437912
,,,15592,,0.000348629429936409
,,,15593,,0.00032317047589458525
,,,15594,,0.0003219899954274297
,,,15595,,0.000804477371275425
,,,15596,,0.0006787502206861973
,,,15597,,0.0005862100515514612
,,,15598,,0.0005777662736363709
,,,15599,,0.00498812785372138
,,,15600,,0.015488780103623867
,,,15601,,0.013084535486996174
,,,15602,,0.012876162305474281
,,,15603,,0.014275670051574707
,,,15604,,0.01280120387673378
,,,15605,,0.07045510411262512
,,,15606,,0.021581534296274185
,,,15607,,0.01064779981970787
,,,15608,,0.012714985758066177
,,,15609,,0.008434375748038292
,,,15610,,0.004876467399299145
,,,15611,,0.011291006579995155
,,,15612,,0.0069709643721580505
,,,15613,,0.005016148090362549
,,,15614,,0.012149214744567871
,,,15615,,0.010943623259663582
,,,15616,,0.005908617749810219
,,,15617,,0.014500277116894722
,,,15618,,0.007465126924216747
,,,15619,,0.002696489915251732
,,,15620,,0.007416782900691032
,,,15621,,0.004415255039930344
,,,15622,,0.005626496858894825
,,,15623,,0.007493567653000355
,,,15624,,0.0022770699579268694
,,,15625,,0.0060370927676558495
,,,15626,,0.005854055751115084
,,,15627,,0.010414297692477703
,,,15628,,0.010291201993823051
,,,15629,,0.004871416371315718
,,,15630,,0.00731030385941267
,,,15631,,0.005463426001369953
,,,15632,,0.006371432449668646
,,,15633,,0.005197172053158283
,,,15634,,0.004749855026602745
,,,15635,,0.006521976552903652
,,,15636,,0.005885309539735317
,,,15637,,0.0033757269848138094
,,,15638,,0.004673741292208433
,,,15639,,0.01021626777946949
,,,15640,,0.005528321955353022
,,,15641,,0.003600232768803835
,,,15642,,0.004075627774000168
,,,15643,,0.00045080334530211985
,,,15644,,0.0008837483474053442
,,,15645,,0.0007539187208749354
,,,15646,,0.0005416352651081979
,,,15647,,0.0004890516283921897
,,,15648,,0.0004975477349944413
,,,15649,,0.00033870156039483845
,,,15650,,0.0006447933847084641
,,,15651,,0.0004150157037656754
,,,15652,,0.0007077157497406006
,,,15653,,0.0005714508006349206
,,,15654,,0.000648649176582694
,,,15655,,0.0006203411612659693
,,,15656,,0.007443090435117483
,,,15657,,0.009191583842039108
,,,15658,,0.008517127484083176
,,,15659,,0.025864453986287117
,,,15660,,0.018343668431043625
,,,15661,,0.016588060185313225
,,,15662,,0.027983132749795914
,,,15663,,0.026357777416706085
,,,15664,,0.00930796004831791
,,,15665,,0.010274864733219147
,,,15666,,0.010466844774782658
,,,15667,,0.007377994246780872
,,,15668,,0.008838266134262085
,,,15669,,0.010320145636796951
,,,15670,,0.008355800062417984
,,,15671,,0.008556075394153595
,,,15672,,0.00973673164844513
,,,15673,,0.008423618972301483
,,,15674,,0.007372664287686348
,,,15675,,0.007156756240874529
,,,15676,,0.009822354651987553
,,,15677,,0.009494530037045479
,,,15678,,0.010277120396494865
,,,15679,,0.00933169387280941
,,,15680,,0.008861967362463474
,,,15681,,0.011789245530962944
,,,15682,,0.009925765916705132
,,,15683,,0.0075811296701431274
,,,15684,,0.00999533012509346
,,,15685,,0.010056162253022194
,,,15686,,0.00794089213013649
,,,15687,,0.00798989087343216
,,,15688,,0.006434315349906683
,,,15689,,0.008913404308259487
,,,15690,,0.00831608660519123
,,,15691,,0.009577260352671146
,,,15692,,0.007482086308300495
,,,15693,,0.008186664432287216
,,,15694,,0.008650233969092369
,,,15695,,0.008384151384234428
,,,15696,,0.008189307525753975
,,,15697,,0.008322549052536488
,,,15698,,0.0069796303287148476
,,,15699,,0.007054905407130718
,,,15700,,0.007380619645118713
,,,15701,,0.009844062849879265
,,,15702,,0.008322098292410374
,,,15703,,0.009653200395405293
,,,15704,,0.008516713976860046
,,,15705,,0.009735745377838612
,,,15706,,0.009153829887509346
,,,15707,,0.00871771015226841
,,,15708,,0.007944406941533089
,,,15709,,0.009098602458834648
,,,15710,,0.00626040855422616
,,,15711,,0.006514920853078365
,,,15712,,0.005518313497304916
,,,15713,,0.005562575533986092
,,,15714,,0.005706364288926125
,,,15715,,0.00648147240281105
,,,15716,,0.0058219339698553085
,,,15717,,0.005855333060026169
,,,15718,,0.0055725001730024815
,,,15719,,0.005964961834251881
,,,15720,,0.004895051009953022
,,,15721,,0.0047284020110964775
,,,15722,,0.005505041219294071
,,,15723,,0.005823658313602209
,,,15724,,0.005965168122202158
,,,15725,,0.00576026551425457
,,,15726,,0.006492466665804386
,,,15727,,0.0062123737297952175
,,,15728,,0.00632625725120306
,,,15729,,0.005498542450368404
,,,15730,,0.005466356873512268
,,,15731,,0.0065078129991889
,,,15732,,0.0059537095949053764
,,,15733,,0.006597116589546204
,,,15734,,0.007603115867823362
,,,15735,,0.00678479578346014
,,,15736,,0.007245194166898727
,,,15737,,0.006472451612353325
,,,15738,,0.00562443770468235
,,,15739,,0.005987836979329586
,,,15740,,0.008099611848592758
,,,15741,,0.0068124402314424515
,,,15742,,0.005979540757834911
,,,15743,,0.008389136753976345
,,,15744,,0.006514254957437515
,,,15745,,0.0081948796287179
,,,15746,,0.00639320258051157
,,,15747,,0.006085858214646578
,,,15748,,0.007241382729262114
,,,15749,,0.006926523521542549
,,,15750,,0.0059971194714307785
,,,15751,,0.007558315992355347
,,,15752,,0.006767126265913248
,,,15753,,0.0064934780821204185
,,,15754,,0.0027195627335458994
,,,15755,,0.0021587423980236053
,,,15756,,0.0016470002010464668
,,,15757,,0.001648960867896676
,,,15758,,0.0014167824992910028
,,,15759,,0.0013651082990691066
,,,15760,,0.001845428952947259
,,,15761,,0.0014952396741136909
,,,15762,,0.002249347046017647
,,,15763,,0.0017717909067869186
,,,15764,,0.0018103704787790775
,,,15765,,0.001797583419829607
,,,15766,,0.0017181320581585169
,,,15767,,0.008850439451634884
,,,15768,,0.009815478697419167
,,,15769,,0.009772338904440403
,,,15770,,0.008614916354417801
,,,15771,,0.003234354080632329
,,,15772,,0.02828819490969181
,,,15773,,0.005838078446686268
,,,15774,,0.0186790619045496
,,,15775,,0.011120542883872986
,,,15776,,0.009986136108636856
,,,15777,,0.01733216643333435
,,,15778,,0.019857648760080338
,,,15779,,0.02106393687427044
,,,15780,,0.020224442705512047
,,,15781,,0.013896550051867962
,,,15782,,0.021652517840266228
,,,15783,,0.01701580546796322
,,,15784,,0.07568731158971786
,,,15785,,0.05933086946606636
,,,15786,,0.04927501454949379
,,,15787,,0.05371979624032974
,,,15788,,0.07583129405975342
,,,15789,,0.04380253329873085
,,,15790,,0.049138523638248444
,,,15791,,0.06539459526538849
,,,15792,,0.046098336577415466
,,,15793,,0.058181032538414
,,,15794,,0.047615379095077515
,,,15795,,0.052263274788856506
,,,15796,,0.06283514946699142
,,,15797,,0.057559940963983536
,,,15798,,0.05596746876835823
,,,15799,,0.05399481952190399
,,,15800,,0.026809468865394592
68,,,5588,0.010699697770178318,
68,0.00980108417570591,,5588,,
69,,0.008171598426997662,5589,,
69,,0.009784922003746033,5599,,
69,,0.009698247537016869,5609,,
69,,0.007752770557999611,5619,,
69,,0.00785103626549244,5629,,
69,,0.007096211891621351,5639,,
69,,0.004335496574640274,5649,,
69,,0.02078012377023697,5659,,
69,,0.0030689069535583258,5669,,
,,,15801,,0.00042095789103768766
,,,15802,,0.0003498332225717604
,,,15803,,0.0006273646140471101
,,,15804,,0.00037034470005892217
,,,15805,,0.0006542858900502324
,,,15806,,0.00031256023794412613
,,,15807,,0.0005672384286299348
,,,15808,,0.0002991958463098854
,,,15809,,0.0005257500451989472
,,,15810,,0.0003237760975025594
,,,15811,,0.0008168917265720665
,,,15812,,0.0008448585867881775
,,,15813,,0.0003132285492029041
,,,15814,,0.00043166911927983165
,,,15815,,0.0006110389367677271
,,,15816,,0.0003975008148699999
,,,15817,,0.0007859067991375923
,,,15818,,0.0005850408924743533
,,,15819,,0.0006047515198588371
,,,15820,,0.001072595827281475
,,,15821,,0.00033516596886329353
,,,15822,,0.0003071883402299136
,,,15823,,0.00028173980535939336
,,,15824,,0.0008295985753647983
,,,15825,,0.000694065704010427
,,,15826,,0.0005501336418092251
,,,15827,,0.0005700184847228229
,,,15828,,0.0052368538454174995
,,,15829,,0.015742626041173935
,,,15830,,0.013335779309272766
,,,15831,,0.01321236789226532
,,,15832,,0.01454133540391922
,,,15833,,0.013049982488155365
,,,15834,,0.07046495378017426
,,,15835,,0.021806035190820694
,,,15836,,0.010905726812779903
,,,15837,,0.012925708666443825
,,,15838,,0.00865997839719057
,,,15839,,0.0051505109295248985
,,,15840,,0.011497683823108673
,,,15841,,0.007227733731269836
,,,15842,,0.005212041549384594
,,,15843,,0.012248711660504341
,,,15844,,0.01103754248470068
,,,15845,,0.006008122116327286
,,,15846,,0.014511309564113617
,,,15847,,0.007579229772090912
,,,15848,,0.002862251130864024
,,,15849,,0.007623825687915087
,,,15850,,0.004590095952153206
,,,15851,,0.005786955822259188
,,,15852,,0.0075951674953103065
,,,15853,,0.0024881905410438776
,,,15854,,0.0062025366351008415
,,,15855,,0.00587146170437336
,,,15856,,0.010728152468800545
,,,15857,,0.010951200500130653
,,,15858,,0.005277133546769619
,,,15859,,0.008120637387037277
,,,15860,,0.005272288806736469
,,,15861,,0.006725315935909748
,,,15862,,0.005501028150320053
,,,15863,,0.004899205639958382
,,,15864,,0.007080133073031902
,,,15865,,0.0058524757623672485
,,,15866,,0.003153093857690692
,,,15867,,0.004906346555799246
,,,15868,,0.010872537270188332
,,,15869,,0.0061097112484276295
,,,15870,,0.0032312991097569466
,,,15871,,0.004466868005692959
,,,15872,,0.0005594330141320825
,,,15873,,0.0009935068665072322
,,,15874,,0.0006064058979973197
,,,15875,,0.0006399567937478423
,,,15876,,0.0005819392972625792
,,,15877,,0.000623584259301424
,,,15878,,0.00046416313853114843
,,,15879,,0.0005651020910590887
,,,15880,,0.0004971713060513139
,,,15881,,0.00072863744571805
,,,15882,,0.000633007672149688
,,,15883,,0.0010620231041684747
,,,15884,,0.0007113140309229493
,,,15885,,0.007640873081982136
,,,15886,,0.009463861584663391
,,,15887,,0.00876237079501152
,,,15888,,0.02569311484694481
,,,15889,,0.018265310674905777
,,,15890,,0.01970810256898403
,,,15891,,0.032872654497623444
,,,15892,,0.03093884140253067
,,,15893,,0.010281866416335106
,,,15894,,0.010484823025763035
,,,15895,,0.010677551850676537
,,,15896,,0.007573227398097515
,,,15897,,0.00899556465446949
,,,15898,,0.010580288246273994
,,,15899,,0.00846179760992527
,,,15900,,0.008699161931872368
,,,15901,,0.009869932197034359
,,,15902,,0.008621476590633392
,,,15903,,0.007525294087827206
,,,15904,,0.007338134106248617
,,,15905,,0.00997136626392603
,,,15906,,0.009614052250981331
,,,15907,,0.010511504486203194
,,,15908,,0.009582357481122017
,,,15909,,0.009071558713912964
,,,15910,,0.012041104957461357
,,,15911,,0.010155809111893177
,,,15912,,0.007755467668175697
,,,15913,,0.010192574933171272
,,,15914,,0.010277114808559418
,,,15915,,0.00902035553008318
,,,15916,,0.009052727371454239
,,,15917,,0.007103182841092348
,,,15918,,0.009003346785902977
,,,15919,,0.008416835218667984
,,,15920,,0.009591824375092983
,,,15921,,0.00755962822586298
,,,15922,,0.008252236060798168
,,,15923,,0.008712826296687126
,,,15924,,0.008422106504440308
,,,15925,,0.00816915463656187
,,,15926,,0.008316009305417538
,,,15927,,0.006979579105973244
,,,15928,,0.007098828442394733
,,,15929,,0.007419797591865063
,,,15930,,0.009937036782503128
,,,15931,,0.008401751518249512
,,,15932,,0.009671200066804886
,,,15933,,0.008654089644551277
,,,15934,,0.009733665734529495
,,,15935,,0.009167073294520378
,,,15936,,0.008683228865265846
,,,15937,,0.007984774187207222
,,,15938,,0.009172238409519196
,,,15939,,0.006277463398873806
,,,15940,,0.0066107166931033134
,,,15941,,0.0055030332878232
,,,15942,,0.005505627486854792
,,,15943,,0.0057363007217645645
,,,15944,,0.006622857414186001
,,,15945,,0.005898135714232922
,,,15946,,0.0060257939621806145
,,,15947,,0.005541346035897732
,,,15948,,0.006023647729307413
,,,15949,,0.005008258856832981
,,,15950,,0.0047317249700427055
,,,15951,,0.0054835062474012375
,,,15952,,0.005814772564917803
,,,15953,,0.006032188422977924
,,,15954,,0.005815079435706139
,,,15955,,0.006601665169000626
,,,15956,,0.006316029466688633
,,,15957,,0.006274271756410599
,,,15958,,0.005570492707192898
,,,15959,,0.005615794565528631
,,,15960,,0.006612343713641167
,,,15961,,0.0059563759714365005
,,,15962,,0.006587953306734562
,,,15963,,0.0076243262737989426
,,,15964,,0.006775885820388794
,,,15965,,0.007268935441970825
,,,15966,,0.006501062773168087
,,,15967,,0.005652417428791523
,,,15968,,0.006031072698533535
,,,15969,,0.00815265066921711
,,,15970,,0.006833752617239952
,,,15971,,0.006058490835130215
,,,15972,,0.0084743183106184
,,,15973,,0.006540629547089338
,,,15974,,0.008241470903158188
,,,15975,,0.006417044438421726
,,,15976,,0.0061140721663832664
,,,15977,,0.007286767940968275
,,,15978,,0.00694532785564661
,,,15979,,0.006021150387823582
,,,15980,,0.0075921667739748955
,,,15981,,0.006830821745097637
,,,15982,,0.006522350013256073
,,,15983,,0.002944129751995206
,,,15984,,0.0024621356278657913
,,,15985,,0.0020373512525111437
,,,15986,,0.002055657096207142
,,,15987,,0.0018933919491246343
,,,15988,,0.001860931282863021
,,,15989,,0.00233327504247427
,,,15990,,0.0018851852510124445
,,,15991,,0.002536327578127384
,,,15992,,0.0022390226367861032
,,,15993,,0.002181052230298519
,,,15994,,0.0022714838851243258
,,,15995,,0.00205457815900445
,,,15996,,0.008050228469073772
,,,15997,,0.008696647360920906
,,,15998,,0.008811463601887226
,,,15999,,0.007312771398574114
,,,16000,,0.003125899937003851
,,,16001,,0.026706214994192123
,,,16002,,0.0052719758823513985
,,,16003,,0.017825905233621597
,,,16004,,0.009627076797187328
,,,16005,,0.009290853515267372
,,,16006,,0.016177264973521233
,,,16007,,0.018990537151694298
,,,16008,,0.019220350310206413
,,,16009,,0.018226422369480133
,,,16010,,0.012991616502404213
,,,16011,,0.020077692344784737
,,,16012,,0.01641284115612507
,,,16013,,0.07536236941814423
,,,16014,,0.05838336795568466
,,,16015,,0.04859031364321709
,,,16016,,0.05270726978778839
,,,16017,,0.07471226900815964
,,,16018,,0.04375084489583969
,,,16019,,0.048526834696531296
,,,16020,,0.0638328269124031
,,,16021,,0.04546044021844864
,,,16022,,0.05786809325218201
,,,16023,,0.046574756503105164
,,,16024,,0.0511966347694397
,,,16025,,0.06155143678188324
,,,16026,,0.05709477514028549
,,,16027,,0.05521424487233162
,,,16028,,0.05262916535139084
,,,16029,,0.02705291658639908
69,,,5669,0.010732181370258331,
69,0.00921510998159647,,5669,,
70,,0.008558664470911026,5679,,
70,,0.011199951171875,5689,,
70,,0.0051017822697758675,5699,,
70,,0.008667678572237492,5709,,
70,,0.006619786843657494,5719,,
70,,0.0053928387351334095,5729,,
70,,0.008761446923017502,5739,,
70,,0.007331546861678362,5749,,
,,,16030,,0.00031266812584362924
,,,16031,,0.000260625354712829
,,,16032,,0.0005028974846936762
,,,16033,,0.000273584621027112
,,,16034,,0.0006214866880327463
,,,16035,,0.00021976725838612765
,,,16036,,0.0004594802448991686
,,,16037,,0.00020157548715360463
,,,16038,,0.00044769182568416
,,,16039,,0.00022899518080521375
,,,16040,,0.0007294505485333502
,,,16041,,0.000709119311068207
,,,16042,,0.0002105513121932745
,,,16043,,0.00033147260546684265
,,,16044,,0.0005335422465577722
,,,16045,,0.00030151259852573276
,,,16046,,0.000699336756952107
,,,16047,,0.000499547051731497
,,,16048,,0.0005464996211230755
,,,16049,,0.0009838967816904187
,,,16050,,0.0002541684079915285
,,,16051,,0.00022510907729156315
,,,16052,,0.0002099623961839825
,,,16053,,0.0007210465846583247
,,,16054,,0.0005827675340697169
,,,16055,,0.0004648144240491092
,,,16056,,0.0004801164905074984
,,,16057,,0.004862817004323006
,,,16058,,0.01527766790241003
,,,16059,,0.012874111533164978
,,,16060,,0.012668962590396404
,,,16061,,0.014035473577678204
,,,16062,,0.012614469043910503
,,,16063,,0.06976644694805145
,,,16064,,0.021325865760445595
,,,16065,,0.01043982058763504
,,,16066,,0.012496218085289001
,,,16067,,0.008265215903520584
,,,16068,,0.00473268935456872
,,,16069,,0.011054709553718567
,,,16070,,0.00680535938590765
,,,16071,,0.00479277316480875
,,,16072,,0.011788085103034973
,,,16073,,0.010666266083717346
,,,16074,,0.005706112366169691
,,,16075,,0.014097509905695915
,,,16076,,0.007212336175143719
,,,16077,,0.0026044168043881655
,,,16078,,0.007182108238339424
,,,16079,,0.004259080626070499
,,,16080,,0.005443199537694454
,,,16081,,0.007257256656885147
,,,16082,,0.0022059911862015724
,,,16083,,0.005857848096638918
,,,16084,,0.005443088710308075
,,,16085,,0.010011861100792885
,,,16086,,0.009989237412810326
,,,16087,,0.0046298205852508545
,,,16088,,0.007044646888971329
,,,16089,,0.0046844095923006535
,,,16090,,0.0060004303231835365
,,,16091,,0.004836655221879482
,,,16092,,0.004341970197856426
,,,16093,,0.006158359348773956
,,,16094,,0.005300193093717098
,,,16095,,0.0029113157652318478
,,,16096,,0.00449893344193697
,,,16097,,0.009961264207959175
,,,16098,,0.005319709423929453
,,,16099,,0.002988804131746292
,,,16100,,0.00385220255702734
,,,16101,,0.000361428945325315
,,,16102,,0.0007430317346006632
,,,16103,,0.0006134299328550696
,,,16104,,0.00046045350609347224
,,,16105,,0.00039927230682224035
,,,16106,,0.0004143117694184184
,,,16107,,0.00022182881366461515
,,,16108,,0.0004985228879377246
,,,16109,,0.00030646834056824446
,,,16110,,0.0005897153168916702
,,,16111,,0.0005113080842420459
,,,16112,,0.0006387993926182389
,,,16113,,0.0004845229850616306
,,,16114,,0.0071540456265211105
,,,16115,,0.008912156336009502
,,,16116,,0.008166046813130379
,,,16117,,0.02422359213232994
,,,16118,,0.017021430656313896
,,,16119,,0.01568828523159027
,,,16120,,0.02697833999991417
,,,16121,,0.025446437299251556
,,,16122,,0.008932593278586864
,,,16123,,0.009981432929635048
,,,16124,,0.010169098153710365
,,,16125,,0.0070979418233036995
,,,16126,,0.008573250845074654
,,,16127,,0.010092461481690407
,,,16128,,0.008086021989583969
,,,16129,,0.00827823393046856
,,,16130,,0.009436474181711674
,,,16131,,0.008229614235460758
,,,16132,,0.007137584500014782
,,,16133,,0.0069426847621798515
,,,16134,,0.009462129324674606
,,,16135,,0.009139956906437874
,,,16136,,0.009930206462740898
,,,16137,,0.009069658815860748
,,,16138,,0.008582782000303268
,,,16139,,0.011453574523329735
,,,16140,,0.009609860368072987
,,,16141,,0.0073670074343681335
,,,16142,,0.009676368907094002
,,,16143,,0.009768238291144371
,,,16144,,0.007615316659212112
,,,16145,,0.00765501381829381
,,,16146,,0.006147715263068676
,,,16147,,0.008628679439425468
,,,16148,,0.008021146059036255
,,,16149,,0.00925411470234394
,,,16150,,0.007248974405229092
,,,16151,,0.007929147221148014
,,,16152,,0.008380751125514507
,,,16153,,0.007991878315806389
,,,16154,,0.00787282083183527
,,,16155,,0.007998794317245483
,,,16156,,0.006659789942204952
,,,16157,,0.006773266475647688
,,,16158,,0.0070987483486533165
,,,16159,,0.009494462981820107
,,,16160,,0.008023042231798172
,,,16161,,0.009251311421394348
,,,16162,,0.008275281637907028
,,,16163,,0.009411325678229332
,,,16164,,0.008825198747217655
,,,16165,,0.008396223187446594
,,,16166,,0.007626789156347513
,,,16167,,0.008747830986976624
,,,16168,,0.005985943600535393
,,,16169,,0.006261676549911499
,,,16170,,0.0053397598676383495
,,,16171,,0.005282748490571976
,,,16172,,0.005476395599544048
,,,16173,,0.006290758959949017
,,,16174,,0.005530534312129021
,,,16175,,0.0056416550651192665
,,,16176,,0.005299440585076809
,,,16177,,0.005707290954887867
,,,16178,,0.004703575745224953
,,,16179,,0.004529663361608982
,,,16180,,0.005207653157413006
,,,16181,,0.005592201836407185
,,,16182,,0.005714931525290012
,,,16183,,0.005515334662050009
,,,16184,,0.0061981938779354095
,,,16185,,0.0060053919441998005
,,,16186,,0.006065326742827892
,,,16187,,0.0052674394100904465
,,,16188,,0.005297242663800716
,,,16189,,0.0062805539928376675
,,,16190,,0.005700648762285709
,,,16191,,0.0063117328099906445
,,,16192,,0.007323161698877811
,,,16193,,0.006487884558737278
,,,16194,,0.00701336283236742
,,,16195,,0.006247236859053373
,,,16196,,0.005376875400543213
,,,16197,,0.005768939387053251
,,,16198,,0.007845889776945114
,,,16199,,0.006617887876927853
,,,16200,,0.005776293575763702
,,,16201,,0.008137566037476063
,,,16202,,0.006314100231975317
,,,16203,,0.00793739315122366
,,,16204,,0.0061507560312747955
,,,16205,,0.005920398980379105
,,,16206,,0.006965553387999535
,,,16207,,0.006675182841718197
,,,16208,,0.00576641783118248
,,,16209,,0.007252231240272522
,,,16210,,0.006532646715641022
,,,16211,,0.00623918604105711
,,,16212,,0.002551635727286339
,,,16213,,0.0021593349520117044
,,,16214,,0.0017013219185173512
,,,16215,,0.001727668335661292
,,,16216,,0.001466711051762104
,,,16217,,0.0014089414617046714
,,,16218,,0.002043686807155609
,,,16219,,0.0014656503917649388
,,,16220,,0.002145573031157255
,,,16221,,0.0018503055907785892
,,,16222,,0.0018047167686745524
,,,16223,,0.0017415457405149937
,,,16224,,0.0017145008314400911
,,,16225,,0.007341742981225252
,,,16226,,0.008092494681477547
,,,16227,,0.008646496571600437
,,,16228,,0.007184951566159725
,,,16229,,0.0030174204148352146
,,,16230,,0.026834761723876
,,,16231,,0.004969421774148941
,,,16232,,0.01762036792933941
,,,16233,,0.009264763444662094
,,,16234,,0.008864805102348328
,,,16235,,0.016112323850393295
,,,16236,,0.019534816965460777
,,,16237,,0.018844839185476303
,,,16238,,0.018412046134471893
,,,16239,,0.012181990779936314
,,,16240,,0.019791245460510254
,,,16241,,0.0161057710647583
,,,16242,,0.0744856595993042
,,,16243,,0.05790134146809578
,,,16244,,0.04741572216153145
,,,16245,,0.05141274631023407
,,,16246,,0.07388801872730255
,,,16247,,0.04272112995386124
,,,16248,,0.04799381271004677
,,,16249,,0.06287260353565216
,,,16250,,0.04491931200027466
,,,16251,,0.056899294257164
,,,16252,,0.0462043471634388
,,,16253,,0.050508007407188416
,,,16254,,0.06073125824332237
,,,16255,,0.05641738697886467
,,,16256,,0.05447250232100487
,,,16257,,0.05175785720348358
,,,16258,,0.026108786463737488
70,,,5750,0.010277160443365574,
70,0.009239480830729008,,5750,,
71,,0.00609951838850975,5759,,
71,,0.009640472009778023,5769,,
71,,0.01405915804207325,5779,,
71,,0.005082355812191963,5789,,
71,,0.004755974281579256,5799,,
71,,0.012418465688824654,5809,,
71,,0.007177818566560745,5819,,
71,,0.009989414364099503,5829,,
,,,16259,,0.0002955830714199692
,,,16260,,0.0002329874550923705
,,,16261,,0.0004467001126613468
,,,16262,,0.0002506489399820566
,,,16263,,0.0005636716959998012
,,,16264,,0.00020210091315675527
,,,16265,,0.00046704322448931634
,,,16266,,0.00019003116176463664
,,,16267,,0.00042064409353770316
,,,16268,,0.0002046678855549544
,,,16269,,0.000711197906639427
,,,16270,,0.0006123678176663816
,,,16271,,0.00019049659022130072
,,,16272,,0.0003175222664140165
,,,16273,,0.0004976106574758887
,,,16274,,0.00028213326004333794
,,,16275,,0.0006618833867833018
,,,16276,,0.00046419084537774324
,,,16277,,0.0004896068712696433
,,,16278,,0.0009605833329260349
,,,16279,,0.00024151951947715133
,,,16280,,0.0002052340132649988
,,,16281,,0.00018672898295335472
,,,16282,,0.0007010033586993814
,,,16283,,0.0005658729933202267
,,,16284,,0.0004459400661289692
,,,16285,,0.0004720197757706046
,,,16286,,0.0047651780769228935
,,,16287,,0.015142705291509628
,,,16288,,0.012732736766338348
,,,16289,,0.012524515390396118
,,,16290,,0.013940737582743168
,,,16291,,0.012498628348112106
,,,16292,,0.06950178742408752
,,,16293,,0.021166028454899788
,,,16294,,0.010302873328328133
,,,16295,,0.01237835455685854
,,,16296,,0.008154358714818954
,,,16297,,0.0046140337362885475
,,,16298,,0.010966859757900238
,,,16299,,0.006705480627715588
,,,16300,,0.004775689914822578
,,,16301,,0.011722995899617672
,,,16302,,0.010532055981457233
,,,16303,,0.005644076969474554
,,,16304,,0.014010373502969742
,,,16305,,0.007137930020689964
,,,16306,,0.0025146156549453735
,,,16307,,0.007105786353349686
,,,16308,,0.0041852849535644054
,,,16309,,0.005401975940912962
,,,16310,,0.0072234198451042175
,,,16311,,0.0021454193629324436
,,,16312,,0.005780977196991444
,,,16313,,0.00527749489992857
,,,16314,,0.009806201793253422
,,,16315,,0.009636320173740387
,,,16316,,0.004525124095380306
,,,16317,,0.006822178605943918
,,,16318,,0.004682278726249933
,,,16319,,0.005826030392199755
,,,16320,,0.004780417308211327
,,,16321,,0.004308563191443682
,,,16322,,0.006000328343361616
,,,16323,,0.005248599220067263
,,,16324,,0.002771393395960331
,,,16325,,0.004572605714201927
,,,16326,,0.009670685045421124
,,,16327,,0.005258586723357439
,,,16328,,0.003008525585755706
,,,16329,,0.0037594374734908342
,,,16330,,0.000322822539601475
,,,16331,,0.0007284476887434721
,,,16332,,0.00041036642505787313
,,,16333,,0.0004109725705347955
,,,16334,,0.00034400582080706954
,,,16335,,0.00039017165545374155
,,,16336,,0.00023266361677087843
,,,16337,,0.00034974003210663795
,,,16338,,0.0002720291668083519
,,,16339,,0.0005283995997160673
,,,16340,,0.00042724443483166397
,,,16341,,0.0008242615149356425
,,,16342,,0.0004691268259193748
,,,16343,,0.0070608826354146
,,,16344,,0.008715013042092323
,,,16345,,0.00808504968881607
,,,16346,,0.02484736405313015
,,,16347,,0.017560018226504326
,,,16348,,0.016296379268169403
,,,16349,,0.027298059314489365
,,,16350,,0.02595781907439232
,,,16351,,0.00915190763771534
,,,16352,,0.01034471020102501
,,,16353,,0.010587560012936592
,,,16354,,0.007458995096385479
,,,16355,,0.008853962644934654
,,,16356,,0.01036038901656866
,,,16357,,0.00833603460341692
,,,16358,,0.008515476249158382
,,,16359,,0.009676087647676468
,,,16360,,0.0083894869312644
,,,16361,,0.007457267493009567
,,,16362,,0.007252304349094629
,,,16363,,0.009789111092686653
,,,16364,,0.009496641345322132
,,,16365,,0.010363541543483734
,,,16366,,0.00944981537759304
,,,16367,,0.008982684463262558
,,,16368,,0.011827432550489902
,,,16369,,0.009982200339436531
,,,16370,,0.007633684668689966
,,,16371,,0.010060641914606094
,,,16372,,0.009990843944251537
,,,16373,,0.007377546280622482
,,,16374,,0.007415048778057098
,,,16375,,0.006016516592353582
,,,16376,,0.008779570460319519
,,,16377,,0.008242607116699219
,,,16378,,0.009461550042033195
,,,16379,,0.007358986884355545
,,,16380,,0.008138107135891914
,,,16381,,0.008519798517227173
,,,16382,,0.008256325498223305
,,,16383,,0.008052648976445198
,,,16384,,0.008066169917583466
,,,16385,,0.006918733939528465
,,,16386,,0.0069422414526343346
,,,16387,,0.00732292328029871
,,,16388,,0.00974571704864502
,,,16389,,0.00815998762845993
,,,16390,,0.009560512378811836
,,,16391,,0.008420538157224655
,,,16392,,0.009529922157526016
,,,16393,,0.008993458934128284
,,,16394,,0.008512573316693306
,,,16395,,0.007815204560756683
,,,16396,,0.008914638310670853
,,,16397,,0.006087238434702158
,,,16398,,0.006487402133643627
,,,16399,,0.005518665537238121
,,,16400,,0.005553878378123045
,,,16401,,0.0057327402755618095
,,,16402,,0.006466244347393513
,,,16403,,0.005837172269821167
,,,16404,,0.005842283833771944
,,,16405,,0.005527435801923275
,,,16406,,0.005979578476399183
,,,16407,,0.004869751166552305
,,,16408,,0.004703375045210123
,,,16409,,0.005544424057006836
,,,16410,,0.005787489004433155
,,,16411,,0.0059858523309230804
,,,16412,,0.0057243844494223595
,,,16413,,0.006450153421610594
,,,16414,,0.006295102648437023
,,,16415,,0.006238526664674282
,,,16416,,0.005470218602567911
,,,16417,,0.005467805080115795
,,,16418,,0.0065729194320738316
,,,16419,,0.005817699246108532
,,,16420,,0.006423388607800007
,,,16421,,0.007455475628376007
,,,16422,,0.006596928462386131
,,,16423,,0.007125969044864178
,,,16424,,0.0063667623326182365
,,,16425,,0.0055338735692203045
,,,16426,,0.005853608716279268
,,,16427,,0.007989579811692238
,,,16428,,0.006665519438683987
,,,16429,,0.005896270275115967
,,,16430,,0.008287587203085423
,,,16431,,0.00640096515417099
,,,16432,,0.007997863925993443
,,,16433,,0.006257335655391216
,,,16434,,0.006006548181176186
,,,16435,,0.007137822452932596
,,,16436,,0.0068063437938690186
,,,16437,,0.005867312662303448
,,,16438,,0.007348276674747467
,,,16439,,0.006652721203863621
,,,16440,,0.006353683769702911
,,,16441,,0.002603576984256506
,,,16442,,0.00196133553981781
,,,16443,,0.0013977576745674014
,,,16444,,0.0015655189054086804
,,,16445,,0.0013815134298056364
,,,16446,,0.001323284232057631
,,,16447,,0.0016453983262181282
,,,16448,,0.0014425325207412243
,,,16449,,0.0021453560329973698
,,,16450,,0.0018292141612619162
,,,16451,,0.0016872130800038576
,,,16452,,0.0018565363716334105
,,,16453,,0.0015661903889849782
,,,16454,,0.007419795263558626
,,,16455,,0.008775949478149414
,,,16456,,0.008468382060527802
,,,16457,,0.006949346046894789
,,,16458,,0.003085968317463994
,,,16459,,0.0261903814971447
,,,16460,,0.004817558452486992
,,,16461,,0.018133122473955154
,,,16462,,0.008796165697276592
,,,16463,,0.008980517275631428
,,,16464,,0.01570606231689453
,,,16465,,0.018502645194530487
,,,16466,,0.018631931394338608
,,,16467,,0.01750866323709488
,,,16468,,0.011751574464142323
,,,16469,,0.019932489842176437
,,,16470,,0.016058415174484253
,,,16471,,0.0749274492263794
,,,16472,,0.05769029259681702
,,,16473,,0.04748059809207916
,,,16474,,0.05227651447057724
,,,16475,,0.07432307302951813
,,,16476,,0.042953912168741226
,,,16477,,0.04806113988161087
,,,16478,,0.0629778802394867
,,,16479,,0.04476802051067352
,,,16480,,0.05649556964635849
,,,16481,,0.04591331630945206
,,,16482,,0.05108275264501572
,,,16483,,0.06078159064054489
,,,16484,,0.05618372559547424
,,,16485,,0.05407967045903206
,,,16486,,0.05221540853381157
,,,16487,,0.025537189096212387
71,,,5831,0.010324709117412567,
71,0.008867594413459301,,5831,,
72,,0.006136995740234852,5839,,
72,,0.007550133392214775,5849,,
72,,0.005366114899516106,5859,,
72,,0.008485626429319382,5869,,
72,,0.00959366001188755,5879,,
72,,0.00895815808326006,5889,,
72,,0.00788148958235979,5899,,
72,,0.00826030783355236,5909,,
,,,16488,,0.00041971346945501864
,,,16489,,0.0003270440502092242
,,,16490,,0.0005917100934311748
,,,16491,,0.00033678708132356405
,,,16492,,0.0006311605684459209
,,,16493,,0.0003089298843406141
,,,16494,,0.0005602336023002863
,,,16495,,0.00028405769262462854
,,,16496,,0.00046834134263917804
,,,16497,,0.0003061216848436743
,,,16498,,0.0007828846573829651
,,,16499,,0.0007871019188314676
,,,16500,,0.00031892122933641076
,,,16501,,0.0004015334416180849
,,,16502,,0.0006561650661751628
,,,16503,,0.00041546340798959136
,,,16504,,0.0008421375532634556
,,,16505,,0.0006550116813741624
,,,16506,,0.0006881696754135191
,,,16507,,0.0011427596909925342
,,,16508,,0.0003869505599141121
,,,16509,,0.0003535980358719826
,,,16510,,0.0003195821773260832
,,,16511,,0.0008754331502132118
,,,16512,,0.0006983430357649922
,,,16513,,0.0006165119702927768
,,,16514,,0.0006036794511601329
,,,16515,,0.005297326482832432
,,,16516,,0.01569177210330963
,,,16517,,0.013296686112880707
,,,16518,,0.013108666986227036
,,,16519,,0.0144627271220088
,,,16520,,0.01301843672990799
,,,16521,,0.06971296668052673
,,,16522,,0.02172478660941124
,,,16523,,0.01084727793931961
,,,16524,,0.012857175432145596
,,,16525,,0.00874541699886322
,,,16526,,0.005209269002079964
,,,16527,,0.011485381051898003
,,,16528,,0.007181915454566479
,,,16529,,0.005074379500001669
,,,16530,,0.012025808915495872
,,,16531,,0.010966731235384941
,,,16532,,0.005966488271951675
,,,16533,,0.014419056475162506
,,,16534,,0.007508039008826017
,,,16535,,0.0028937682509422302
,,,16536,,0.0075507983565330505
,,,16537,,0.004522212315350771
,,,16538,,0.005702365189790726
,,,16539,,0.007463433314114809
,,,16540,,0.002475840039551258
,,,16541,,0.0060870107263326645
,,,16542,,0.0055192504078149796
,,,16543,,0.010148071683943272
,,,16544,,0.010021345689892769
,,,16545,,0.00488253915682435
,,,16546,,0.007285222411155701
,,,16547,,0.0050235167145729065
,,,16548,,0.006189865060150623
,,,16549,,0.0050716279074549675
,,,16550,,0.004572832025587559
,,,16551,,0.006371688097715378
,,,16552,,0.00549275754019618
,,,16553,,0.002937125973403454
,,,16554,,0.00472231674939394
,,,16555,,0.010013801045715809
,,,16556,,0.005579527001827955
,,,16557,,0.003227994777262211
,,,16558,,0.004156071692705154
,,,16559,,0.0005251149414107203
,,,16560,,0.0009085456258617342
,,,16561,,0.0003489448572508991
,,,16562,,0.0005230556707829237
,,,16563,,0.0005252897390164435
,,,16564,,0.0005952138453722
,,,16565,,0.0004632479976862669
,,,16566,,0.00036563200410455465
,,,16567,,0.00045175838749855757
,,,16568,,0.0006974139250814915
,,,16569,,0.0004958168137818575
,,,16570,,0.0013994141481816769
,,,16571,,0.0006996336742304265
,,,16572,,0.007281259633600712
,,,16573,,0.008912417106330395
,,,16574,,0.008217374794185162
,,,16575,,0.024403776973485947
,,,16576,,0.01711210608482361
,,,16577,,0.015961293131113052
,,,16578,,0.026978200301527977
,,,16579,,0.025508956983685493
,,,16580,,0.008844657801091671
,,,16581,,0.009742450900375843
,,,16582,,0.009958319365978241
,,,16583,,0.0069725653156638145
,,,16584,,0.008344972506165504
,,,16585,,0.0098612941801548
,,,16586,,0.007958761416375637
,,,16587,,0.008081000298261642
,,,16588,,0.00921627413481474
,,,16589,,0.008004715666174889
,,,16590,,0.006975426804274321
,,,16591,,0.0067839184775948524
,,,16592,,0.009281076490879059
,,,16593,,0.008962560445070267
,,,16594,,0.009682374075055122
,,,16595,,0.008852054364979267
,,,16596,,0.008432978764176369
,,,16597,,0.011188225820660591
,,,16598,,0.009396868757903576
,,,16599,,0.007178649306297302
,,,16600,,0.009462430141866207
,,,16601,,0.009615441784262657
,,,16602,,0.008039390668272972
,,,16603,,0.008127251639962196
,,,16604,,0.0064046066254377365
,,,16605,,0.008419066667556763
,,,16606,,0.007878567092120647
,,,16607,,0.009112395346164703
,,,16608,,0.007090865634381771
,,,16609,,0.007808494847267866
,,,16610,,0.008159128949046135
,,,16611,,0.007849644869565964
,,,16612,,0.007765665650367737
,,,16613,,0.007896664552390575
,,,16614,,0.006584513001143932
,,,16615,,0.006690193898975849
,,,16616,,0.007011480629444122
,,,16617,,0.009355469606816769
,,,16618,,0.00788793247193098
,,,16619,,0.009111782535910606
,,,16620,,0.008132996968925
,,,16621,,0.00929082278162241
,,,16622,,0.008680211380124092
,,,16623,,0.008251293562352657
,,,16624,,0.00749558862298727
,,,16625,,0.008574487641453743
,,,16626,,0.005852811969816685
,,,16627,,0.006127120926976204
,,,16628,,0.005237966775894165
,,,16629,,0.005270777270197868
,,,16630,,0.005399626679718494
,,,16631,,0.006118693854659796
,,,16632,,0.005438968539237976
,,,16633,,0.005506230052560568
,,,16634,,0.005196418613195419
,,,16635,,0.00560338469222188
,,,16636,,0.004612230695784092
,,,16637,,0.004464234225451946
,,,16638,,0.005173905752599239
,,,16639,,0.0055213249288499355
,,,16640,,0.00560388807207346
,,,16641,,0.00541458185762167
,,,16642,,0.006068105809390545
,,,16643,,0.00585786160081625
,,,16644,,0.0059558674693107605
,,,16645,,0.005130995996296406
,,,16646,,0.005196618381887674
,,,16647,,0.006128723733127117
,,,16648,,0.005632070358842611
,,,16649,,0.00623193709179759
,,,16650,,0.0072084274142980576
,,,16651,,0.006372027564793825
,,,16652,,0.006914275698363781
,,,16653,,0.006139850709587336
,,,16654,,0.0053040520288050175
,,,16655,,0.005682296119630337
,,,16656,,0.007716326974332333
,,,16657,,0.006486905738711357
,,,16658,,0.005668891593813896
,,,16659,,0.008024468086659908
,,,16660,,0.006194962654262781
,,,16661,,0.007746455725282431
,,,16662,,0.006020050961524248
,,,16663,,0.005789809860289097
,,,16664,,0.006883274298161268
,,,16665,,0.006564042996615171
,,,16666,,0.005661646369844675
,,,16667,,0.007144134026020765
,,,16668,,0.006408811081200838
,,,16669,,0.00616549514234066
,,,16670,,0.002995734103024006
,,,16671,,0.0024868175387382507
,,,16672,,0.0019469518447294831
,,,16673,,0.002023932058364153
,,,16674,,0.0019241394475102425
,,,16675,,0.0018530868692323565
,,,16676,,0.0022331313230097294
,,,16677,,0.0018898553680628538
,,,16678,,0.002558254636824131
,,,16679,,0.0023172195069491863
,,,16680,,0.0021710307337343693
,,,16681,,0.0022549950517714024
,,,16682,,0.0020161487627774477
,,,16683,,0.00835457257926464
,,,16684,,0.008688756264746189
,,,16685,,0.008880628272891045
,,,16686,,0.006955340504646301
,,,16687,,0.0036773085594177246
,,,16688,,0.02700272761285305
,,,16689,,0.005035906098783016
,,,16690,,0.01949557289481163
,,,16691,,0.00946466252207756
,,,16692,,0.009466866962611675
,,,16693,,0.016309164464473724
,,,16694,,0.01946435682475567
,,,16695,,0.018986139446496964
,,,16696,,0.017696261405944824
,,,16697,,0.012628819793462753
,,,16698,,0.020247332751750946
,,,16699,,0.016797611489892006
,,,16700,,0.07476426661014557
,,,16701,,0.058032795786857605
,,,16702,,0.047281332314014435
,,,16703,,0.05197923630475998
,,,16704,,0.07468399405479431
,,,16705,,0.043339189141988754
,,,16706,,0.04813321679830551
,,,16707,,0.06401126086711884
,,,16708,,0.045151520520448685
,,,16709,,0.05713857710361481
,,,16710,,0.04622865095734596
,,,16711,,0.05127999931573868
,,,16712,,0.061356574296951294
,,,16713,,0.056508906185626984
,,,16714,,0.055310189723968506
,,,16715,,0.05250336602330208
,,,16716,,0.025022337213158607
72,,,5912,0.010387174785137177,
72,0.009310826659202576,,5912,,
73,,0.005465480498969555,5919,,
73,,0.016508564352989197,5929,,
73,,0.005418680142611265,5939,,
73,,0.026399757713079453,5949,,
73,,0.05408518761396408,5959,,
73,,0.020819976925849915,5969,,
73,,0.019903095439076424,5979,,
73,,0.014648464508354664,5989,,
,,,16717,,0.0010911249555647373
,,,16718,,0.001120609580539167
,,,16719,,0.001569621730595827
,,,16720,,0.0010570646263659
,,,16721,,0.001886810059659183
,,,16722,,0.0009672586456872523
,,,16723,,0.001543188700452447
,,,16724,,0.0010317780543118715
,,,16725,,0.001399060245603323
,,,16726,,0.0009800316765904427
,,,16727,,0.0017008313443511724
,,,16728,,0.0019467294914647937
,,,16729,,0.0010031526908278465
,,,16730,,0.0009948366787284613
,,,16731,,0.0012617179891094565
,,,16732,,0.0011944108409807086
,,,16733,,0.0017169261118397117
,,,16734,,0.0022509272675961256
,,,16735,,0.0014846168924123049
,,,16736,,0.002099368954077363
,,,16737,,0.0007701389258727431
,,,16738,,0.0012350330362096429
,,,16739,,0.0008368686540052295
,,,16740,,0.0017036998178809881
,,,16741,,0.001611968968063593
,,,16742,,0.0017038078512996435
,,,16743,,0.0013397204456850886
,,,16744,,0.007996432483196259
,,,16745,,0.01932520419359207
,,,16746,,0.01667631044983864
,,,16747,,0.01648269034922123
,,,16748,,0.01852431334555149
,,,16749,,0.016295116394758224
,,,16750,,0.07763996720314026
,,,16751,,0.02600468508899212
,,,16752,,0.014254974201321602
,,,16753,,0.01598808541893959
,,,16754,,0.011667410843074322
,,,16755,,0.008053692057728767
,,,16756,,0.014855390414595604
,,,16757,,0.010460312478244305
,,,16758,,0.009179444052278996
,,,16759,,0.018438352271914482
,,,16760,,0.0164976604282856
,,,16761,,0.009224513545632362
,,,16762,,0.021064162254333496
,,,16763,,0.012706495821475983
,,,16764,,0.006328387651592493
,,,16765,,0.013579711318016052
,,,16766,,0.007431851699948311
,,,16767,,0.009184107184410095
,,,16768,,0.011557333171367645
,,,16769,,0.005104395095258951
,,,16770,,0.010122180916368961
,,,16771,,0.011476150713860989
,,,16772,,0.01704229786992073
,,,16773,,0.016968434676527977
,,,16774,,0.009632863104343414
,,,16775,,0.013329905457794666
,,,16776,,0.009938794188201427
,,,16777,,0.011669566854834557
,,,16778,,0.010250563733279705
,,,16779,,0.009062103927135468
,,,16780,,0.012185015715658665
,,,16781,,0.011055340990424156
,,,16782,,0.006485311780124903
,,,16783,,0.00998558010905981
,,,16784,,0.016874926164746284
,,,16785,,0.010465431958436966
,,,16786,,0.007127599790692329
,,,16787,,0.007417463231831789
,,,16788,,0.0009741256944835186
,,,16789,,0.0018504713661968708
,,,16790,,0.0011624256148934364
,,,16791,,0.001197807490825653
,,,16792,,0.0011146417818963528
,,,16793,,0.0010450775735080242
,,,16794,,0.0007602173136547208
,,,16795,,0.0010079736821353436
,,,16796,,0.0007135977502912283
,,,16797,,0.0015686126425862312
,,,16798,,0.001237019314430654
,,,16799,,0.0009643981466069818
,,,16800,,0.001108344062231481
,,,16801,,0.015529053285717964
,,,16802,,0.019410789012908936
,,,16803,,0.03797634318470955
,,,16804,,0.14454986155033112
,,,16805,,0.11621230095624924
,,,16806,,0.07023294270038605
,,,16807,,0.07771510630846024
,,,16808,,0.07103440165519714
,,,16809,,0.022066084668040276
,,,16810,,0.02023249678313732
,,,16811,,0.021660109981894493
,,,16812,,0.015227489173412323
,,,16813,,0.017854541540145874
,,,16814,,0.020187433809041977
,,,16815,,0.01657624915242195
,,,16816,,0.01686154305934906
,,,16817,,0.019147511571645737
,,,16818,,0.017558317631483078
,,,16819,,0.01585805043578148
,,,16820,,0.014311768114566803
,,,16821,,0.02058180421590805
,,,16822,,0.018305765464901924
,,,16823,,0.020494956523180008
,,,16824,,0.018493222072720528
,,,16825,,0.017407231032848358
,,,16826,,0.02296551689505577
,,,16827,,0.019292578101158142
,,,16828,,0.01507520116865635
,,,16829,,0.019937526434659958
,,,16830,,0.019484609365463257
,,,16831,,0.018297594040632248
,,,16832,,0.018884016200900078
,,,16833,,0.014962885528802872
,,,16834,,0.01679614558815956
,,,16835,,0.015518821775913239
,,,16836,,0.017439156770706177
,,,16837,,0.014077842235565186
,,,16838,,0.01598796620965004
,,,16839,,0.01717546582221985
,,,16840,,0.016846071928739548
,,,16841,,0.015723420307040215
,,,16842,,0.016294948756694794
,,,16843,,0.013715187087655067
,,,16844,,0.014570273458957672
,,,16845,,0.014355666004121304
,,,16846,,0.018087077885866165
,,,16847,,0.015979912132024765
,,,16848,,0.018000274896621704
,,,16849,,0.016347277909517288
,,,16850,,0.018954459577798843
,,,16851,,0.01747605949640274
,,,16852,,0.016246020793914795
,,,16853,,0.014918075874447823
,,,16854,,0.01713547483086586
,,,16855,,0.013542897067964077
,,,16856,,0.01488720066845417
,,,16857,,0.012480270117521286
,,,16858,,0.011870702728629112
,,,16859,,0.012780794873833656
,,,16860,,0.014964587986469269
,,,16861,,0.01408078707754612
,,,16862,,0.014416474848985672
,,,16863,,0.013213051483035088
,,,16864,,0.01339157298207283
,,,16865,,0.012671738862991333
,,,16866,,0.011020328849554062
,,,16867,,0.012189464643597603
,,,16868,,0.012560498900711536
,,,16869,,0.014015302062034607
,,,16870,,0.013354573398828506
,,,16871,,0.015146535821259022
,,,16872,,0.01401403546333313
,,,16873,,0.013807765208184719
,,,16874,,0.01198616437613964
,,,16875,,0.013118457980453968
,,,16876,,0.014310874976217747
,,,16877,,0.011297361925244331
,,,16878,,0.012203832156956196
,,,16879,,0.013873022980988026
,,,16880,,0.012609511613845825
,,,16881,,0.0129243778064847
,,,16882,,0.011947862803936005
,,,16883,,0.010175025090575218
,,,16884,,0.01114275585860014
,,,16885,,0.014845218509435654
,,,16886,,0.012444757856428623
,,,16887,,0.011077173054218292
,,,16888,,0.014485044404864311
,,,16889,,0.01206662505865097
,,,16890,,0.014994187280535698
,,,16891,,0.011876055039465427
,,,16892,,0.011246589943766594
,,,16893,,0.013258088380098343
,,,16894,,0.013047107495367527
,,,16895,,0.011198656633496284
,,,16896,,0.014327571727335453
,,,16897,,0.012252728454768658
,,,16898,,0.012198863551020622
,,,16899,,0.005056895315647125
,,,16900,,0.004052747040987015
,,,16901,,0.003442858811467886
,,,16902,,0.0035154293291270733
,,,16903,,0.0035352190025150776
,,,16904,,0.0034057472366839647
,,,16905,,0.003494503442198038
,,,16906,,0.003723925445228815
,,,16907,,0.004991007037460804
,,,16908,,0.0034591148141771555
,,,16909,,0.0036946386098861694
,,,16910,,0.00438911747187376
,,,16911,,0.003828236134722829
,,,16912,,0.01466771587729454
,,,16913,,0.022685667499899864
,,,16914,,0.01680995151400566
,,,16915,,0.018335852771997452
,,,16916,,0.006109702866524458
,,,16917,,0.05169438198208809
,,,16918,,0.009874247014522552
,,,16919,,0.03528157249093056
,,,16920,,0.0177032258361578
,,,16921,,0.017626993358135223
,,,16922,,0.026088129729032516
,,,16923,,0.03332039341330528
,,,16924,,0.03218945860862732
,,,16925,,0.03455683961510658
,,,16926,,0.026906784623861313
,,,16927,,0.04804704338312149
,,,16928,,0.024130266159772873
,,,16929,,0.0883948877453804
,,,16930,,0.06860251724720001
,,,16931,,0.060009539127349854
,,,16932,,0.06394791603088379
,,,16933,,0.08817228674888611
,,,16934,,0.05508818477392197
,,,16935,,0.05956080183386803
,,,16936,,0.07516816258430481
,,,16937,,0.056572478264570236
,,,16938,,0.07197985053062439
,,,16939,,0.05798828601837158
,,,16940,,0.06430374830961227
,,,16941,,0.0725274384021759
,,,16942,,0.07056426256895065
,,,16943,,0.06742443144321442
,,,16944,,0.06396880000829697
,,,16945,,0.03240491449832916
73,,,5993,0.018271148204803467,
73,0.02322467789053917,,5993,,
74,,0.02145635522902012,5999,,
74,,0.010122286155819893,6009,,
74,,0.015826161950826645,6019,,
74,,0.016527337953448296,6029,,
74,,0.007078808732330799,6039,,
74,,0.015173327177762985,6049,,
74,,0.011093048378825188,6059,,
74,,0.012489094398915768,6069,,
,,,16946,,0.00038137286901474
,,,16947,,0.0003470947267487645
,,,16948,,0.0007055451860651374
,,,16949,,0.0003058330621570349
,,,16950,,0.0006969386013224721
,,,16951,,0.0003009032807312906
,,,16952,,0.0006181077333167195
,,,16953,,0.0002697464660741389
,,,16954,,0.00046641932567581534
,,,16955,,0.00030806686845608056
,,,16956,,0.0008212899556383491
,,,16957,,0.00100099784322083
,,,16958,,0.00031008312362246215
,,,16959,,0.0004015352460555732
,,,16960,,0.0006564994109794497
,,,16961,,0.00036884003202430904
,,,16962,,0.0008830953156575561
,,,16963,,0.0008016941719688475
,,,16964,,0.0005983291193842888
,,,16965,,0.0011862930841743946
,,,16966,,0.00035387405660003424
,,,16967,,0.00034416886046528816
,,,16968,,0.00024289685825351626
,,,16969,,0.0009373353677801788
,,,16970,,0.0007479479536414146
,,,16971,,0.0006620053318329155
,,,16972,,0.0006122923223301768
,,,16973,,0.005679094232618809
,,,16974,,0.01624206453561783
,,,16975,,0.013741983100771904
,,,16976,,0.013567006215453148
,,,16977,,0.01507360115647316
,,,16978,,0.013398054987192154
,,,16979,,0.07234621047973633
,,,16980,,0.022489093244075775
,,,16981,,0.011297561228275299
,,,16982,,0.013364135287702084
,,,16983,,0.009123909287154675
,,,16984,,0.005472993478178978
,,,16985,,0.012006387114524841
,,,16986,,0.007574146613478661
,,,16987,,0.0058107925578951836
,,,16988,,0.013656925410032272
,,,16989,,0.012097802013158798
,,,16990,,0.006541504058986902
,,,16991,,0.015967458486557007
,,,16992,,0.008499328047037125
,,,16993,,0.0032643969170749187
,,,16994,,0.008745556697249413
,,,16995,,0.004849590361118317
,,,16996,,0.006236925721168518
,,,16997,,0.008346740156412125
,,,16998,,0.0027496367692947388
,,,16999,,0.006896039471030235
,,,17000,,0.006877089384943247
,,,17001,,0.01189667358994484
,,,17002,,0.011879339814186096
,,,17003,,0.005971553269773722
,,,17004,,0.008695630356669426
,,,17005,,0.006246049888432026
,,,17006,,0.00741034559905529
,,,17007,,0.0063903555274009705
,,,17008,,0.005686629097908735
,,,17009,,0.007763131055980921
,,,17010,,0.006786182522773743
,,,17011,,0.003759906627237797
,,,17012,,0.005947457160800695
,,,17013,,0.011708052828907967
,,,17014,,0.006684951484203339
,,,17015,,0.004044516012072563
,,,17016,,0.0048543186858296394
,,,17017,,0.0004825314972549677
,,,17018,,0.0009473687969148159
,,,17019,,0.0005790196591988206
,,,17020,,0.0005316031165421009
,,,17021,,0.0005021791439503431
,,,17022,,0.0005384862888604403
,,,17023,,0.00039294292218983173
,,,17024,,0.0005017712246626616
,,,17025,,0.00039165568887256086
,,,17026,,0.0007294523529708385
,,,17027,,0.00051670684479177
,,,17028,,0.0009290679590776563
,,,17029,,0.0006865378236398101
,,,17030,,0.009686077013611794
,,,17031,,0.012147145345807076
,,,17032,,0.012990269809961319
,,,17033,,0.04804374277591705
,,,17034,,0.03324759006500244
,,,17035,,0.02477101795375347
,,,17036,,0.039209477603435516
,,,17037,,0.03717301785945892
,,,17038,,0.01221533678472042
,,,17039,,0.012592736631631851
,,,17040,,0.013103190809488297
,,,17041,,0.009206696413457394
,,,17042,,0.011107678525149822
,,,17043,,0.01245088130235672
,,,17044,,0.010311566293239594
,,,17045,,0.01036866009235382
,,,17046,,0.011586401611566544
,,,17047,,0.010434111580252647
,,,17048,,0.009189154952764511
,,,17049,,0.008690372109413147
,,,17050,,0.01213051937520504
,,,17051,,0.011458968743681908
,,,17052,,0.012541445903480053
,,,17053,,0.011366237886250019
,,,17054,,0.010768240317702293
,,,17055,,0.014323628507554531
,,,17056,,0.012039313092827797
,,,17057,,0.009177964180707932
,,,17058,,0.012102182023227215
,,,17059,,0.0121415751054883
,,,17060,,0.010056599974632263
,,,17061,,0.010133719071745872
,,,17062,,0.008196795359253883
,,,17063,,0.01089046336710453
,,,17064,,0.009924450889229774
,,,17065,,0.011485740542411804
,,,17066,,0.00907815806567669
,,,17067,,0.010177436284720898
,,,17068,,0.010597499087452888
,,,17069,,0.01023128256201744
,,,17070,,0.009848385117948055
,,,17071,,0.010245393961668015
,,,17072,,0.008494746871292591
,,,17073,,0.008772348053753376
,,,17074,,0.008891027420759201
,,,17075,,0.011650890111923218
,,,17076,,0.010125799104571342
,,,17077,,0.011573084630072117
,,,17078,,0.010265623219311237
,,,17079,,0.011961890384554863
,,,17080,,0.010881556198000908
,,,17081,,0.010408345609903336
,,,17082,,0.009446491487324238
,,,17083,,0.011040689423680305
,,,17084,,0.007775158155709505
,,,17085,,0.008230097591876984
,,,17086,,0.00713728554546833
,,,17087,,0.006683501414954662
,,,17088,,0.007261869963258505
,,,17089,,0.008389159105718136
,,,17090,,0.007312496658414602
,,,17091,,0.00783417746424675
,,,17092,,0.007037738338112831
,,,17093,,0.007607098203152418
,,,17094,,0.006648319773375988
,,,17095,,0.006036926060914993
,,,17096,,0.0066519263200461864
,,,17097,,0.007263776380568743
,,,17098,,0.007714215200394392
,,,17099,,0.007496028672903776
,,,17100,,0.008064808323979378
,,,17101,,0.007685392163693905
,,,17102,,0.00780546385794878
,,,17103,,0.006950268987566233
,,,17104,,0.007203086744993925
,,,17105,,0.008008316159248352
,,,17106,,0.007379123941063881
,,,17107,,0.008153829723596573
,,,17108,,0.009214891120791435
,,,17109,,0.008288765326142311
,,,17110,,0.008642581291496754
,,,17111,,0.007957151159644127
,,,17112,,0.006773560307919979
,,,17113,,0.007245456799864769
,,,17114,,0.009998845867812634
,,,17115,,0.008300265297293663
,,,17116,,0.007375553250312805
,,,17117,,0.010008556768298149
,,,17118,,0.007876849733293056
,,,17119,,0.010132241994142532
,,,17120,,0.007846442982554436
,,,17121,,0.007419112138450146
,,,17122,,0.008784845471382141
,,,17123,,0.00861293263733387
,,,17124,,0.007346120662987232
,,,17125,,0.00941748172044754
,,,17126,,0.008149610832333565
,,,17127,,0.007829253561794758
,,,17128,,0.0035278350114822388
,,,17129,,0.0027138064615428448
,,,17130,,0.002013609278947115
,,,17131,,0.001995991449803114
,,,17132,,0.0018555533606559038
,,,17133,,0.00171492132358253
,,,17134,,0.002171475440263748
,,,17135,,0.001985440496355295
,,,17136,,0.0031093619763851166
,,,17137,,0.0021164054051041603
,,,17138,,0.002175750909373164
,,,17139,,0.002489894861355424
,,,17140,,0.0022604032419621944
,,,17141,,0.00894164852797985
,,,17142,,0.010746685788035393
,,,17143,,0.009975847788155079
,,,17144,,0.009077880531549454
,,,17145,,0.0035228331107646227
,,,17146,,0.02905627153813839
,,,17147,,0.005698599852621555
,,,17148,,0.022156309336423874
,,,17149,,0.011475667357444763
,,,17150,,0.010392914526164532
,,,17151,,0.016949046403169632
,,,17152,,0.020776625722646713
,,,17153,,0.021164553239941597
,,,17154,,0.020340964198112488
,,,17155,,0.01532885804772377
,,,17156,,0.02485865354537964
,,,17157,,0.01764913648366928
,,,17158,,0.07685962319374084
,,,17159,,0.05952143669128418
,,,17160,,0.04921144247055054
,,,17161,,0.055074408650398254
,,,17162,,0.07697957754135132
,,,17163,,0.04519487917423248
,,,17164,,0.04965091869235039
,,,17165,,0.06441928446292877
,,,17166,,0.04712478071451187
,,,17167,,0.059312254190444946
,,,17168,,0.04801828786730766
,,,17169,,0.052506156265735626
,,,17170,,0.06243020296096802
,,,17171,,0.05944546312093735
,,,17172,,0.056259386241436005
,,,17173,,0.05439145117998123
,,,17174,,0.02815031260251999
74,,,6074,0.012034477666020393,
74,0.013453830033540726,,6074,,
75,,0.006208857521414757,6079,,
75,,0.007947580888867378,6089,,
75,,0.016103852540254593,6099,,
75,,0.005635007284581661,6109,,
75,,0.0055818404071033,6119,,
75,,0.01118522323668003,6129,,
75,,0.014648593962192535,6139,,
75,,0.010586630553007126,6149,,
,,,17175,,0.0003269352309871465
,,,17176,,0.00028002841281704605
,,,17177,,0.0005498393438756466
,,,17178,,0.00024498559650965035
,,,17179,,0.0005604157340712845
,,,17180,,0.00023405493993777782
,,,17181,,0.0004897084436379373
,,,17182,,0.0002175780973630026
,,,17183,,0.0003896030830219388
,,,17184,,0.0002404200640739873
,,,17185,,0.0007158741354942322
,,,17186,,0.0007965154945850372
,,,17187,,0.00025434180861338973
,,,17188,,0.00034604588290676475
,,,17189,,0.0005611564265564084
,,,17190,,0.0003204830572940409
,,,17191,,0.0007646797457709908
,,,17192,,0.0006334264180622995
,,,17193,,0.0004922758089378476
,,,17194,,0.0010731759248301387
,,,17195,,0.00028602455859072506
,,,17196,,0.0002643357729539275
,,,17197,,0.00019155192421749234
,,,17198,,0.0008042514673434198
,,,17199,,0.0006522148032672703
,,,17200,,0.0005221618339419365
,,,17201,,0.0005247622611932456
,,,17202,,0.005286764353513718
,,,17203,,0.01571810618042946
,,,17204,,0.013246803544461727
,,,17205,,0.0130910724401474
,,,17206,,0.01448902953416109
,,,17207,,0.012946478091180325
,,,17208,,0.07097169756889343
,,,17209,,0.021873440593481064
,,,17210,,0.010814828798174858
,,,17211,,0.012928621843457222
,,,17212,,0.00870357546955347
,,,17213,,0.005088765639811754
,,,17214,,0.011531776748597622
,,,17215,,0.007175060920417309
,,,17216,,0.005267902743071318
,,,17217,,0.012707831338047981
,,,17218,,0.011335151270031929
,,,17219,,0.006160282529890537
,,,17220,,0.014966793358325958
,,,17221,,0.007854029536247253
,,,17222,,0.002921472769230604
,,,17223,,0.007889424450695515
,,,17224,,0.00453329598531127
,,,17225,,0.005879044532775879
,,,17226,,0.007806435227394104
,,,17227,,0.0024528608191758394
,,,17228,,0.006380139384418726
,,,17229,,0.006077433004975319
,,,17230,,0.010733396746218204
,,,17231,,0.010649201460182667
,,,17232,,0.00539785623550415
,,,17233,,0.007955828681588173
,,,17234,,0.005709951277822256
,,,17235,,0.006719022989273071
,,,17236,,0.005729157477617264
,,,17237,,0.0051597170531749725
,,,17238,,0.007183638401329517
,,,17239,,0.006188449915498495
,,,17240,,0.003430341137573123
,,,17241,,0.00514499144628644
,,,17242,,0.010586279444396496
,,,17243,,0.006040736101567745
,,,17244,,0.0036003016866743565
,,,17245,,0.004354934208095074
,,,17246,,0.0003791087947320193
,,,17247,,0.0007859875331632793
,,,17248,,0.00044106109999120235
,,,17249,,0.0004179567040409893
,,,17250,,0.00040150346467271447
,,,17251,,0.0004362807667348534
,,,17252,,0.0002946845779661089
,,,17253,,0.00037810433423146605
,,,17254,,0.0002943194122053683
,,,17255,,0.0005726366071030498
,,,17256,,0.0004308001953177154
,,,17257,,0.0008908088784664869
,,,17258,,0.0005455389618873596
,,,17259,,0.00808422826230526
,,,17260,,0.010077819228172302
,,,17261,,0.010252783074975014
,,,17262,,0.038816239684820175
,,,17263,,0.026193242520093918
,,,17264,,0.019472144544124603
,,,17265,,0.03165403753519058
,,,17266,,0.02999309077858925
,,,17267,,0.01031313743442297
,,,17268,,0.011162078939378262
,,,17269,,0.011581306345760822
,,,17270,,0.008100342005491257
,,,17271,,0.009823151864111423
,,,17272,,0.011146253906190395
,,,17273,,0.009161820635199547
,,,17274,,0.009195650927722454
,,,17275,,0.010412919335067272
,,,17276,,0.009224900044500828
,,,17277,,0.008089905604720116
,,,17278,,0.007752413861453533
,,,17279,,0.010777659714221954
,,,17280,,0.010212346911430359
,,,17281,,0.011143611744046211
,,,17282,,0.010131662711501122
,,,17283,,0.009512264281511307
,,,17284,,0.012756599113345146
,,,17285,,0.010715672746300697
,,,17286,,0.008161436766386032
,,,17287,,0.010729258880019188
,,,17288,,0.010886652395129204
,,,17289,,0.008582081645727158
,,,17290,,0.008673228323459625
,,,17291,,0.00705668656155467
,,,17292,,0.009831421077251434
,,,17293,,0.009027287364006042
,,,17294,,0.010441762395203114
,,,17295,,0.008230222389101982
,,,17296,,0.009191172197461128
,,,17297,,0.009637352079153061
,,,17298,,0.009268894791603088
,,,17299,,0.008923949673771858
,,,17300,,0.00929880328476429
,,,17301,,0.007658764719963074
,,,17302,,0.007890451699495316
,,,17303,,0.00806357990950346
,,,17304,,0.01065293699502945
,,,17305,,0.009206118062138557
,,,17306,,0.010510051622986794
,,,17307,,0.009347310289740562
,,,17308,,0.01088857650756836
,,,17309,,0.009912052191793919
,,,17310,,0.009509289637207985
,,,17311,,0.008621050976216793
,,,17312,,0.010051589459180832
,,,17313,,0.007035752292722464
,,,17314,,0.007259429432451725
,,,17315,,0.006379161030054092
,,,17316,,0.006198957096785307
,,,17317,,0.006526393815875053
,,,17318,,0.007339404430240393
,,,17319,,0.006536617875099182
,,,17320,,0.0066993883810937405
,,,17321,,0.006201810669153929
,,,17322,,0.006881577894091606
,,,17323,,0.006011479534208775
,,,17324,,0.005386780947446823
,,,17325,,0.006032996810972691
,,,17326,,0.006511698942631483
,,,17327,,0.006739558652043343
,,,17328,,0.006666372995823622
,,,17329,,0.007011867128312588
,,,17330,,0.006923777051270008
,,,17331,,0.007032634690403938
,,,17332,,0.006343446671962738
,,,17333,,0.006207468919456005
,,,17334,,0.007243580184876919
,,,17335,,0.0065160589292645454
,,,17336,,0.0072479513473808765
,,,17337,,0.008211499080061913
,,,17338,,0.007385885342955589
,,,17339,,0.007773079443722963
,,,17340,,0.007091189734637737
,,,17341,,0.006036184728145599
,,,17342,,0.006468124687671661
,,,17343,,0.008941445499658585
,,,17344,,0.00744478078559041
,,,17345,,0.006523626856505871
,,,17346,,0.009107350371778011
,,,17347,,0.007117053493857384
,,,17348,,0.009030216373503208
,,,17349,,0.006989113986492157
,,,17350,,0.0066056810319423676
,,,17351,,0.00784166157245636
,,,17352,,0.0075898561626672745
,,,17353,,0.0065485630184412
,,,17354,,0.008297460153698921
,,,17355,,0.007309487089514732
,,,17356,,0.007002691272646189
,,,17357,,0.0030303034000098705
,,,17358,,0.0023400611244142056
,,,17359,,0.001754085998982191
,,,17360,,0.0017802489455789328
,,,17361,,0.0016509911511093378
,,,17362,,0.0015311818569898605
,,,17363,,0.0019939241465181112
,,,17364,,0.0017033719923347235
,,,17365,,0.002549721859395504
,,,17366,,0.0019666687585413456
,,,17367,,0.0019593299366533756
,,,17368,,0.0021404386498034
,,,17369,,0.0018635282758623362
,,,17370,,0.0077747744508087635
,,,17371,,0.009550295770168304
,,,17372,,0.00916510634124279
,,,17373,,0.008130629546940327
,,,17374,,0.0032327407971024513
,,,17375,,0.02703733928501606
,,,17376,,0.005227426532655954
,,,17377,,0.018977021798491478
,,,17378,,0.01004511397331953
,,,17379,,0.009352294728159904
,,,17380,,0.016230829060077667
,,,17381,,0.020105354487895966
,,,17382,,0.018038548529148102
,,,17383,,0.019065767526626587
,,,17384,,0.013286777772009373
,,,17385,,0.02179141342639923
,,,17386,,0.016615532338619232
,,,17387,,0.0759664848446846
,,,17388,,0.05883345380425453
,,,17389,,0.048193059861660004
,,,17390,,0.053600795567035675
,,,17391,,0.07551366835832596
,,,17392,,0.04355688393115997
,,,17393,,0.04872769117355347
,,,17394,,0.06400471925735474
,,,17395,,0.046307485550642014
,,,17396,,0.05704586207866669
,,,17397,,0.046719878911972046
,,,17398,,0.051827892661094666
,,,17399,,0.06152215600013733
,,,17400,,0.05801311880350113
,,,17401,,0.05524350702762604
,,,17402,,0.05309916287660599
,,,17403,,0.027283810079097748
75,,,6155,0.011114186607301235,
75,0.01024278812110424,,6155,,
76,,0.015070255845785141,6159,,
76,,0.009240057319402695,6169,,
76,,0.010000573471188545,6179,,
76,,0.00762086920440197,6189,,
76,,0.007995438762009144,6199,,
76,,0.013067115098237991,6209,,
76,,0.00660647451877594,6219,,
76,,0.010550588369369507,6229,,
,,,17404,,0.0002968959743157029
,,,17405,,0.00025970430579036474
,,,17406,,0.0004825606301892549
,,,17407,,0.00028132504667155445
,,,17408,,0.000665480038151145
,,,17409,,0.0002219674497609958
,,,17410,,0.0005429626326076686
,,,17411,,0.00022801573504693806
,,,17412,,0.0005145687609910965
,,,17413,,0.000232691818382591
,,,17414,,0.0007601858815178275
,,,17415,,0.0006856785621494055
,,,17416,,0.0002210730453953147
,,,17417,,0.0003610391868278384
,,,17418,,0.0005119889974594116
,,,17419,,0.00032221904257312417
,,,17420,,0.000702785502653569
,,,17421,,0.0005814810283482075
,,,17422,,0.0005755001911893487
,,,17423,,0.0009383920696564019
,,,17424,,0.0002539345296099782
,,,17425,,0.0002428147563477978
,,,17426,,0.00021453583030961454
,,,17427,,0.0006997518357820809
,,,17428,,0.0005718586035072803
,,,17429,,0.0004768576181959361
,,,17430,,0.0004807721124961972
,,,17431,,0.005195987410843372
,,,17432,,0.01567135751247406
,,,17433,,0.013215296901762486
,,,17434,,0.01303057186305523
,,,17435,,0.014424795284867287
,,,17436,,0.012898650951683521
,,,17437,,0.07051028311252594
,,,17438,,0.02177736721932888
,,,17439,,0.010797595605254173
,,,17440,,0.01284557580947876
,,,17441,,0.008630337193608284
,,,17442,,0.005076505243778229
,,,17443,,0.011440268717706203
,,,17444,,0.007174246944487095
,,,17445,,0.005270917899906635
,,,17446,,0.012553347274661064
,,,17447,,0.01119227521121502
,,,17448,,0.006100361235439777
,,,17449,,0.014752166345715523
,,,17450,,0.007752380333840847
,,,17451,,0.00290279695764184
,,,17452,,0.007799415849149227
,,,17453,,0.0045067244209349155
,,,17454,,0.005861995276063681
,,,17455,,0.007751660421490669
,,,17456,,0.0025077187456190586
,,,17457,,0.006315222941339016
,,,17458,,0.005967668257653713
,,,17459,,0.010481307283043861
,,,17460,,0.010339515283703804
,,,17461,,0.005167258903384209
,,,17462,,0.007537058554589748
,,,17463,,0.005366368219256401
,,,17464,,0.0064674485474824905
,,,17465,,0.0053468383848667145
,,,17466,,0.004888803232461214
,,,17467,,0.006717683747410774
,,,17468,,0.005902897100895643
,,,17469,,0.003263766411691904
,,,17470,,0.004807146266102791
,,,17471,,0.010346014983952045
,,,17472,,0.0057810149155557156
,,,17473,,0.0036673382855951786
,,,17474,,0.004240443930029869
,,,17475,,0.00038436095928773284
,,,17476,,0.0008122350554913282
,,,17477,,0.0005503507563844323
,,,17478,,0.00045870873145759106
,,,17479,,0.000419697753386572
,,,17480,,0.00044904748210683465
,,,17481,,0.00029998659738339484
,,,17482,,0.00044821511255577207
,,,17483,,0.00031278838287107646
,,,17484,,0.0005779389757663012
,,,17485,,0.0004814178100787103
,,,17486,,0.0007629347965121269
,,,17487,,0.0005828296998515725
,,,17488,,0.007670371327549219
,,,17489,,0.009570377878844738
,,,17490,,0.01000039279460907
,,,17491,,0.036425769329071045
,,,17492,,0.026308901607990265
,,,17493,,0.020003732293844223
,,,17494,,0.030341755598783493
,,,17495,,0.028460603207349777
,,,17496,,0.009858356788754463
,,,17497,,0.010612277314066887
,,,17498,,0.010976847261190414
,,,17499,,0.007719278801232576
,,,17500,,0.009385596960783005
,,,17501,,0.010705742985010147
,,,17502,,0.008699470199644566
,,,17503,,0.008817370980978012
,,,17504,,0.009928077459335327
,,,17505,,0.00880447868257761
,,,17506,,0.007686255499720573
,,,17507,,0.007383179850876331
,,,17508,,0.010188060812652111
,,,17509,,0.009735556319355965
,,,17510,,0.010616607964038849
,,,17511,,0.00972711481153965
,,,17512,,0.009095925837755203
,,,17513,,0.012167034670710564
,,,17514,,0.010232161730527878
,,,17515,,0.00781543180346489
,,,17516,,0.01027814019471407
,,,17517,,0.010376473888754845
,,,17518,,0.008377950638532639
,,,17519,,0.008467191830277443
,,,17520,,0.006887455005198717
,,,17521,,0.009351169690489769
,,,17522,,0.008567476645112038
,,,17523,,0.009874745272099972
,,,17524,,0.007837288081645966
,,,17525,,0.008744409307837486
,,,17526,,0.00914735347032547
,,,17527,,0.008792256936430931
,,,17528,,0.008457332849502563
,,,17529,,0.0087579395622015
,,,17530,,0.00732391094788909
,,,17531,,0.0074381958693265915
,,,17532,,0.007579338736832142
,,,17533,,0.010140658356249332
,,,17534,,0.008709428831934929
,,,17535,,0.009989568963646889
,,,17536,,0.00886010192334652
,,,17537,,0.010291152633726597
,,,17538,,0.009425144642591476
,,,17539,,0.009047569707036018
,,,17540,,0.008174878545105457
,,,17541,,0.009550610557198524
,,,17542,,0.006754347123205662
,,,17543,,0.006907003931701183
,,,17544,,0.006099442020058632
,,,17545,,0.00599629757925868
,,,17546,,0.006260226480662823
,,,17547,,0.007036346476525068
,,,17548,,0.006277540698647499
,,,17549,,0.0063920896500349045
,,,17550,,0.005959890782833099
,,,17551,,0.006554846651852131
,,,17552,,0.0057629612274467945
,,,17553,,0.005126331001520157
,,,17554,,0.005741761066019535
,,,17555,,0.00619823532178998
,,,17556,,0.006352486088871956
,,,17557,,0.0062978193163871765
,,,17558,,0.006638410035520792
,,,17559,,0.006643818225711584
,,,17560,,0.006743072532117367
,,,17561,,0.006047829985618591
,,,17562,,0.005920593161135912
,,,17563,,0.006987325847148895
,,,17564,,0.006182212382555008
,,,17565,,0.006858218461275101
,,,17566,,0.007890989072620869
,,,17567,,0.007048002909868956
,,,17568,,0.007464097812771797
,,,17569,,0.006750815082341433
,,,17570,,0.00576446671038866
,,,17571,,0.006173403933644295
,,,17572,,0.008537271060049534
,,,17573,,0.007073964457958937
,,,17574,,0.006179989315569401
,,,17575,,0.008697450160980225
,,,17576,,0.006792045198380947
,,,17577,,0.008563625626266003
,,,17578,,0.0066579533740878105
,,,17579,,0.006295491941273212
,,,17580,,0.007503334432840347
,,,17581,,0.007216082885861397
,,,17582,,0.006234991829842329
,,,17583,,0.00789494439959526
,,,17584,,0.006993492133915424
,,,17585,,0.006668746937066317
,,,17586,,0.0029165600426495075
,,,17587,,0.002370370551943779
,,,17588,,0.0017561835702508688
,,,17589,,0.0018512971000745893
,,,17590,,0.001664135605096817
,,,17591,,0.001570103457197547
,,,17592,,0.002049765083938837
,,,17593,,0.0017024667467921972
,,,17594,,0.0024843995925039053
,,,17595,,0.0020068075973540545
,,,17596,,0.0019867531955242157
,,,17597,,0.0021128803491592407
,,,17598,,0.001866086502559483
,,,17599,,0.007812758907675743
,,,17600,,0.009249773807823658
,,,17601,,0.009191323071718216
,,,17602,,0.00780301121994853
,,,17603,,0.0030296125914901495
,,,17604,,0.02726851776242256
,,,17605,,0.005309841595590115
,,,17606,,0.01783451810479164
,,,17607,,0.010117248632013798
,,,17608,,0.009223371744155884
,,,17609,,0.0161546990275383
,,,17610,,0.019810738041996956
,,,17611,,0.01933198794722557
,,,17612,,0.019163189455866814
,,,17613,,0.012526112608611584
,,,17614,,0.02098057232797146
,,,17615,,0.016049005091190338
,,,17616,,0.07446585595607758
,,,17617,,0.05821739509701729
,,,17618,,0.04781332239508629
,,,17619,,0.05276945233345032
,,,17620,,0.07491150498390198
,,,17621,,0.04302512854337692
,,,17622,,0.048150621354579926
,,,17623,,0.06298751384019852
,,,17624,,0.04537816345691681
,,,17625,,0.05693846940994263
,,,17626,,0.04614478722214699
,,,17627,,0.05146080255508423
,,,17628,,0.060598913580179214
,,,17629,,0.05711686983704567
,,,17630,,0.05454649031162262
,,,17631,,0.05221216380596161
,,,17632,,0.027500972151756287
76,,,6236,0.010844956152141094,
76,0.009742974303662777,,6236,,
77,,0.015210543759167194,6239,,
77,,0.008061951957643032,6249,,
77,,0.013414199464023113,6259,,
77,,0.007468777243047953,6269,,
77,,0.010821940377354622,6279,,
77,,0.008248579688370228,6289,,
77,,0.010997498407959938,6299,,
77,,0.009434233419597149,6309,,
,,,17633,,0.00039940932765603065
,,,17634,,0.0003585469094105065
,,,17635,,0.0005293366266414523
,,,17636,,0.0003328212769702077
,,,17637,,0.00092307198792696
,,,17638,,0.0002456671209074557
,,,17639,,0.0005499295657500625
,,,17640,,0.00028148345882073045
,,,17641,,0.0006115615833550692
,,,17642,,0.00028999458299949765
,,,17643,,0.0007950506405904889
,,,17644,,0.0007352414540946484
,,,17645,,0.00028156014741398394
,,,17646,,0.0004444719525054097
,,,17647,,0.0005760154454037547
,,,17648,,0.00034887826768681407
,,,17649,,0.0008286974625661969
,,,17650,,0.0005840297671966255
,,,17651,,0.0006164788501337171
,,,17652,,0.0010734281968325377
,,,17653,,0.0003030809748452157
,,,17654,,0.0002703999634832144
,,,17655,,0.000256977800745517
,,,17656,,0.0008617874700576067
,,,17657,,0.0006708132568746805
,,,17658,,0.0004837362503167242
,,,17659,,0.0005368904676288366
,,,17660,,0.005127535201609135
,,,17661,,0.015529084950685501
,,,17662,,0.01306354720145464
,,,17663,,0.012886883690953255
,,,17664,,0.014358342625200748
,,,17665,,0.012770552188158035
,,,17666,,0.070172980427742
,,,17667,,0.021569957956671715
,,,17668,,0.010617077350616455
,,,17669,,0.012722731567919254
,,,17670,,0.008529437705874443
,,,17671,,0.005029256455600262
,,,17672,,0.011349567212164402
,,,17673,,0.007054880261421204
,,,17674,,0.005076487548649311
,,,17675,,0.012226315215229988
,,,17676,,0.011081993579864502
,,,17677,,0.005931025370955467
,,,17678,,0.014553187415003777
,,,17679,,0.007629625499248505
,,,17680,,0.0028708036988973618
,,,17681,,0.0076398784294724464
,,,17682,,0.004462573677301407
,,,17683,,0.005755733698606491
,,,17684,,0.007589993067085743
,,,17685,,0.0024860193952918053
,,,17686,,0.006211231462657452
,,,17687,,0.005652560852468014
,,,17688,,0.010252794250845909
,,,17689,,0.010139469057321548
,,,17690,,0.00497402623295784
,,,17691,,0.007332315668463707
,,,17692,,0.005120881833136082
,,,17693,,0.006233821157366037
,,,17694,,0.005182366818189621
,,,17695,,0.004676190670579672
,,,17696,,0.006514675449579954
,,,17697,,0.0056418864987790585
,,,17698,,0.00313609279692173
,,,17699,,0.004995317663997412
,,,17700,,0.01009331177920103
,,,17701,,0.0055220723152160645
,,,17702,,0.003396666841581464
,,,17703,,0.004078165162354708
,,,17704,,0.00041603113641031086
,,,17705,,0.0008203244069591165
,,,17706,,0.0005586696206592023
,,,17707,,0.0005372996674850583
,,,17708,,0.00042554919491522014
,,,17709,,0.0004355842247605324
,,,17710,,0.0002716303279157728
,,,17711,,0.00047171954065561295
,,,17712,,0.00029990903567522764
,,,17713,,0.0005838241195306182
,,,17714,,0.0005752491997554898
,,,17715,,0.0007444230141118169
,,,17716,,0.000539849977940321
,,,17717,,0.0074727474711835384
,,,17718,,0.009327865205705166
,,,17719,,0.009025256149470806
,,,17720,,0.032535016536712646
,,,17721,,0.02272176742553711
,,,17722,,0.018324710428714752
,,,17723,,0.029698701575398445
,,,17724,,0.028112884610891342
,,,17725,,0.00957642775028944
,,,17726,,0.010283934883773327
,,,17727,,0.01056811586022377
,,,17728,,0.007439892273396254
,,,17729,,0.00906660407781601
,,,17730,,0.010353120043873787
,,,17731,,0.008426859974861145
,,,17732,,0.008473025634884834
,,,17733,,0.009639999829232693
,,,17734,,0.008469676598906517
,,,17735,,0.00742472056299448
,,,17736,,0.007141799200326204
,,,17737,,0.009867305867373943
,,,17738,,0.00944485142827034
,,,17739,,0.01022362057119608
,,,17740,,0.009374150075018406
,,,17741,,0.00877116434276104
,,,17742,,0.011787219904363155
,,,17743,,0.009919870644807816
,,,17744,,0.007541682571172714
,,,17745,,0.009928934276103973
,,,17746,,0.010050622746348381
,,,17747,,0.008067553862929344
,,,17748,,0.00817473977804184
,,,17749,,0.006495329551398754
,,,17750,,0.008894781582057476
,,,17751,,0.00833108089864254
,,,17752,,0.009624440222978592
,,,17753,,0.00752467755228281
,,,17754,,0.008281899616122246
,,,17755,,0.00875920057296753
,,,17756,,0.008387516252696514
,,,17757,,0.00822116807103157
,,,17758,,0.008392449468374252
,,,17759,,0.007036576047539711
,,,17760,,0.007147928699851036
,,,17761,,0.00740340631455183
,,,17762,,0.009854547679424286
,,,17763,,0.00831939559429884
,,,17764,,0.009721257723867893
,,,17765,,0.008655761368572712
,,,17766,,0.009825782850384712
,,,17767,,0.009138557128608227
,,,17768,,0.008742747828364372
,,,17769,,0.007926635444164276
,,,17770,,0.009150438010692596
,,,17771,,0.006375662516802549
,,,17772,,0.006599219981580973
,,,17773,,0.005699724890291691
,,,17774,,0.005631716456264257
,,,17775,,0.005870441906154156
,,,17776,,0.006712798494845629
,,,17777,,0.005859459284693003
,,,17778,,0.006052847485989332
,,,17779,,0.00559913320466876
,,,17780,,0.006167361978441477
,,,17781,,0.005140521563589573
,,,17782,,0.004845653660595417
,,,17783,,0.005450446158647537
,,,17784,,0.005982744507491589
,,,17785,,0.006111046764999628
,,,17786,,0.005937774665653706
,,,17787,,0.006507650949060917
,,,17788,,0.006320717744529247
,,,17789,,0.00645530316978693
,,,17790,,0.005621350836008787
,,,17791,,0.005635317414999008
,,,17792,,0.0066012851893901825
,,,17793,,0.006228548474609852
,,,17794,,0.006977025885134935
,,,17795,,0.007951789535582066
,,,17796,,0.007111899089068174
,,,17797,,0.0075624920427799225
,,,17798,,0.006830559577792883
,,,17799,,0.005772979464381933
,,,17800,,0.006229252554476261
,,,17801,,0.008660346269607544
,,,17802,,0.00717714661732316
,,,17803,,0.006338478997349739
,,,17804,,0.00876178964972496
,,,17805,,0.0069036418572068214
,,,17806,,0.008744200691580772
,,,17807,,0.006795697845518589
,,,17808,,0.006430360022932291
,,,17809,,0.007682420779019594
,,,17810,,0.007307339459657669
,,,17811,,0.00636384217068553
,,,17812,,0.007961442694067955
,,,17813,,0.0071011437103152275
,,,17814,,0.006856357678771019
,,,17815,,0.002889750525355339
,,,17816,,0.0022549466229975224
,,,17817,,0.0017199201975017786
,,,17818,,0.0017808100674301386
,,,17819,,0.0016203995328396559
,,,17820,,0.0015117505099624395
,,,17821,,0.001987618859857321
,,,17822,,0.0016568286810070276
,,,17823,,0.002337014302611351
,,,17824,,0.0018679671920835972
,,,17825,,0.0018886897014454007
,,,17826,,0.001992796314880252
,,,17827,,0.0017861976521089673
,,,17828,,0.00827828235924244
,,,17829,,0.009691830724477768
,,,17830,,0.00966622680425644
,,,17831,,0.008177338168025017
,,,17832,,0.0033154934644699097
,,,17833,,0.028035344555974007
,,,17834,,0.005498605780303478
,,,17835,,0.018597044050693512
,,,17836,,0.009367390535771847
,,,17837,,0.009969230741262436
,,,17838,,0.017088865861296654
,,,17839,,0.019178668037056923
,,,17840,,0.019204506650567055
,,,17841,,0.018926450982689857
,,,17842,,0.013318933546543121
,,,17843,,0.0223246980458498
,,,17844,,0.017039073631167412
,,,17845,,0.07437638938426971
,,,17846,,0.05821546912193298
,,,17847,,0.04700930416584015
,,,17848,,0.05259377509355545
,,,17849,,0.07439785450696945
,,,17850,,0.04324596747756004
,,,17851,,0.04833241552114487
,,,17852,,0.06272630393505096
,,,17853,,0.04609575867652893
,,,17854,,0.056302040815353394
,,,17855,,0.04563028737902641
,,,17856,,0.05155997723340988
,,,17857,,0.06045649200677872
,,,17858,,0.05722004175186157
,,,17859,,0.05446266382932663
,,,17860,,0.05241737514734268
,,,17861,,0.028540076687932014
77,,,6317,0.010703294537961483,
77,0.009853404015302658,,6317,,
78,,0.009890589863061905,6319,,
78,,0.007545142434537411,6329,,
78,,0.00847652181982994,6339,,
78,,0.007915584370493889,6349,,
78,,0.0038469010032713413,6359,,
78,,0.01021592691540718,6369,,
78,,0.007438600063323975,6379,,
78,,0.003523284336552024,6389,,
,,,17862,,0.0006547229713760316
,,,17863,,0.0006912716780789196
,,,17864,,0.0008225421770475805
,,,17865,,0.000536432140506804
,,,17866,,0.0008758510230109096
,,,17867,,0.000414558919146657
,,,17868,,0.0005959912086836994
,,,17869,,0.0005776177276857197
,,,17870,,0.0006985010113567114
,,,17871,,0.0005353921442292631
,,,17872,,0.0009163025533780456
,,,17873,,0.0010253617074340582
,,,17874,,0.0005920762778259814
,,,17875,,0.0006568738026544452
,,,17876,,0.0009402289288118482
,,,17877,,0.0006721816025674343
,,,17878,,0.0012635720195248723
,,,17879,,0.0011040342506021261
,,,17880,,0.000778022687882185
,,,17881,,0.0017408167477697134
,,,17882,,0.0005932993954047561
,,,17883,,0.0006034324178472161
,,,17884,,0.0004434604197740555
,,,17885,,0.0013268965994939208
,,,17886,,0.0010845527285709977
,,,17887,,0.0009412711951881647
,,,17888,,0.0008107846369966865
,,,17889,,0.005737966857850552
,,,17890,,0.01584552600979805
,,,17891,,0.013404946774244308
,,,17892,,0.013272881507873535
,,,17893,,0.014700695872306824
,,,17894,,0.013299021869897842
,,,17895,,0.07043177634477615
,,,17896,,0.0219107773154974
,,,17897,,0.0110446996986866
,,,17898,,0.01327790878713131
,,,17899,,0.008946184068918228
,,,17900,,0.005439229309558868
,,,17901,,0.011747440323233604
,,,17902,,0.0076181343756616116
,,,17903,,0.006063420325517654
,,,17904,,0.012929153628647327
,,,17905,,0.011588712222874165
,,,17906,,0.006647566333413124
,,,17907,,0.015039931051433086
,,,17908,,0.008163981139659882
,,,17909,,0.003480304963886738
,,,17910,,0.008306560106575489
,,,17911,,0.005042920354753733
,,,17912,,0.006567828357219696
,,,17913,,0.008463261649012566
,,,17914,,0.0031662299297749996
,,,17915,,0.006870780140161514
,,,17916,,0.009211232885718346
,,,17917,,0.013302233070135117
,,,17918,,0.013055063784122467
,,,17919,,0.008484854362905025
,,,17920,,0.010231605730950832
,,,17921,,0.008814419619739056
,,,17922,,0.009751688688993454
,,,17923,,0.009241394698619843
,,,17924,,0.00818617083132267
,,,17925,,0.010062417015433311
,,,17926,,0.009920602664351463
,,,17927,,0.006289452780038118
,,,17928,,0.008529281243681908
,,,17929,,0.012461712583899498
,,,17930,,0.008342443965375423
,,,17931,,0.007329234387725592
,,,17932,,0.005933933891355991
,,,17933,,0.0007010718691162765
,,,17934,,0.0010431482223793864
,,,17935,,0.0006352538475766778
,,,17936,,0.0006492457468993962
,,,17937,,0.0007004552753642201
,,,17938,,0.0006829686462879181
,,,17939,,0.000492369057610631
,,,17940,,0.0006109607638791203
,,,17941,,0.0004904082743450999
,,,17942,,0.0008453713962808251
,,,17943,,0.0006446334300562739
,,,17944,,0.0012220472563058138
,,,17945,,0.0008405972039327025
,,,17946,,0.009487914852797985
,,,17947,,0.011597881093621254
,,,17948,,0.018411340191960335
,,,17949,,0.09735028445720673
,,,17950,,0.037968605756759644
,,,17951,,0.028331749141216278
,,,17952,,0.03144235163927078
,,,17953,,0.030082013458013535
,,,17954,,0.012678727507591248
,,,17955,,0.012811006978154182
,,,17956,,0.013150006532669067
,,,17957,,0.009932981804013252
,,,17958,,0.011486806906759739
,,,17959,,0.012616025283932686
,,,17960,,0.01141873374581337
,,,17961,,0.011334018781781197
,,,17962,,0.011660895310342312
,,,17963,,0.011224421672523022
,,,17964,,0.011114448308944702
,,,17965,,0.008988147601485252
,,,17966,,0.012504050508141518
,,,17967,,0.011657755821943283
,,,17968,,0.012764723971486092
,,,17969,,0.01148194819688797
,,,17970,,0.010777000337839127
,,,17971,,0.01407654955983162
,,,17972,,0.01224308181554079
,,,17973,,0.010001092217862606
,,,17974,,0.012146258726716042
,,,17975,,0.012000888586044312
,,,17976,,0.008650257252156734
,,,17977,,0.008889304473996162
,,,17978,,0.007557201199233532
,,,17979,,0.010160421952605247
,,,17980,,0.009427010081708431
,,,17981,,0.010528948158025742
,,,17982,,0.00865491945296526
,,,17983,,0.009571019560098648
,,,17984,,0.010102679952979088
,,,17985,,0.010220436379313469
,,,17986,,0.009699169546365738
,,,17987,,0.009595761075615883
,,,17988,,0.008677730336785316
,,,17989,,0.008398879319429398
,,,17990,,0.00837547518312931
,,,17991,,0.010941701009869576
,,,17992,,0.009285228326916695
,,,17993,,0.01123241800814867
,,,17994,,0.009647415950894356
,,,17995,,0.011247520335018635
,,,17996,,0.010289174504578114
,,,17997,,0.010054204612970352
,,,17998,,0.009023366495966911
,,,17999,,0.010630850680172443
,,,18000,,0.008832929655909538
,,,18001,,0.009010015986859798
,,,18002,,0.007586394902318716
,,,18003,,0.006749437656253576
,,,18004,,0.00768340053036809
,,,18005,,0.009044812992215157
,,,18006,,0.008960474282503128
,,,18007,,0.009438293054699898
,,,18008,,0.00780490692704916
,,,18009,,0.00790867954492569
,,,18010,,0.008258885703980923
,,,18011,,0.006570650730282068
,,,18012,,0.006979455705732107
,,,18013,,0.007312002591788769
,,,18014,,0.008528301492333412
,,,18015,,0.007911627180874348
,,,18016,,0.00909801572561264
,,,18017,,0.008011194877326488
,,,18018,,0.007980153895914555
,,,18019,,0.0077185616828501225
,,,18020,,0.007811632007360458
,,,18021,,0.008686556480824947
,,,18022,,0.009304661303758621
,,,18023,,0.010414250195026398
,,,18024,,0.011381721124053001
,,,18025,,0.010352009907364845
,,,18026,,0.010576220229268074
,,,18027,,0.01013781689107418
,,,18028,,0.00884428434073925
,,,18029,,0.009541126899421215
,,,18030,,0.011974722146987915
,,,18031,,0.010371159762144089
,,,18032,,0.009270606562495232
,,,18033,,0.011778847314417362
,,,18034,,0.009527995251119137
,,,18035,,0.01205640472471714
,,,18036,,0.009965477511286736
,,,18037,,0.00951384101063013
,,,18038,,0.010939843952655792
,,,18039,,0.010836740955710411
,,,18040,,0.00946028996258974
,,,18041,,0.011095250025391579
,,,18042,,0.010343899950385094
,,,18043,,0.009728283621370792
,,,18044,,0.003628395963460207
,,,18045,,0.003113178536295891
,,,18046,,0.002626707311719656
,,,18047,,0.0026268388610333204
,,,18048,,0.002316777128726244
,,,18049,,0.002130369655787945
,,,18050,,0.003046273486688733
,,,18051,,0.002357223303988576
,,,18052,,0.0032196245156228542
,,,18053,,0.002841710578650236
,,,18054,,0.0027966490015387535
,,,18055,,0.0024692611768841743
,,,18056,,0.0027299297507852316
,,,18057,,0.013117324560880661
,,,18058,,0.015800239518284798
,,,18059,,0.014881596900522709
,,,18060,,0.014227133244276047
,,,18061,,0.0056747570633888245
,,,18062,,0.04021225869655609
,,,18063,,0.008765984326601028
,,,18064,,0.03106178343296051
,,,18065,,0.015246562659740448
,,,18066,,0.015934854745864868
,,,18067,,0.02463916689157486
,,,18068,,0.025099772959947586
,,,18069,,0.025858193635940552
,,,18070,,0.028640184551477432
,,,18071,,0.02197996899485588
,,,18072,,0.03836503624916077
,,,18073,,0.022704854607582092
,,,18074,,0.08781880885362625
,,,18075,,0.06627845764160156
,,,18076,,0.05852513760328293
,,,18077,,0.0610782615840435
,,,18078,,0.0868445560336113
,,,18079,,0.051712051033973694
,,,18080,,0.05645308271050453
,,,18081,,0.07220058143138885
,,,18082,,0.05553572252392769
,,,18083,,0.06770167499780655
,,,18084,,0.057062070816755295
,,,18085,,0.06088408827781677
,,,18086,,0.07082921266555786
,,,18087,,0.06716611236333847
,,,18088,,0.06483380496501923
,,,18089,,0.062062911689281464
,,,18090,,0.028376398608088493
78,,,6398,0.013708103448152542,
78,0.010083699598908424,,6398,,
79,,0.008979853242635727,6399,,
79,,0.01032400131225586,6409,,
79,,0.012217634357511997,6419,,
79,,0.017076978459954262,6429,,
79,,0.005672314204275608,6439,,
79,,0.009191240184009075,6449,,
79,,0.007380595896393061,6459,,
79,,0.004690560046583414,6469,,
79,,0.004737703129649162,6479,,
,,,18091,,0.00033620494650676847
,,,18092,,0.0002829887089319527
,,,18093,,0.0005780992796644568
,,,18094,,0.000295065256068483
,,,18095,,0.0006113319541327655
,,,18096,,0.0002208822697866708
,,,18097,,0.000539599044714123
,,,18098,,0.0002076866803690791
,,,18099,,0.00044777445145882666
,,,18100,,0.00024112648679874837
,,,18101,,0.0007524776738137007
,,,18102,,0.0007660741684958339
,,,18103,,0.00023017762578092515
,,,18104,,0.00036506724427454174
,,,18105,,0.0005635956767946482
,,,18106,,0.00033987348433583975
,,,18107,,0.000752644962631166
,,,18108,,0.0005798236234113574
,,,18109,,0.0006381154526025057
,,,18110,,0.0010661787819117308
,,,18111,,0.0002670126559678465
,,,18112,,0.0002726986713241786
,,,18113,,0.0002207380603067577
,,,18114,,0.0007966613047756255
,,,18115,,0.0006689383881166577
,,,18116,,0.0005119354464113712
,,,18117,,0.0005457078805193305
,,,18118,,0.005261565558612347
,,,18119,,0.015608685091137886
,,,18120,,0.01313377171754837
,,,18121,,0.01297818310558796
,,,18122,,0.014409803785383701
,,,18123,,0.012825892306864262
,,,18124,,0.07024724781513214
,,,18125,,0.02162436954677105
,,,18126,,0.010704854503273964
,,,18127,,0.012802006676793098
,,,18128,,0.008707399480044842
,,,18129,,0.005189794581383467
,,,18130,,0.011444171890616417
,,,18131,,0.007229625713080168
,,,18132,,0.005392900668084621
,,,18133,,0.012617295607924461
,,,18134,,0.011330236680805683
,,,18135,,0.006197089795023203
,,,18136,,0.014775119721889496
,,,18137,,0.007857237011194229
,,,18138,,0.003126855008304119
,,,18139,,0.007916880771517754
,,,18140,,0.004666267894208431
,,,18141,,0.006026110146194696
,,,18142,,0.007900580763816833
,,,18143,,0.0026683411560952663
,,,18144,,0.0064587779343128204
,,,18145,,0.006056712009012699
,,,18146,,0.01046961359679699
,,,18147,,0.010214842855930328
,,,18148,,0.005304633639752865
,,,18149,,0.007475916296243668
,,,18150,,0.005229812115430832
,,,18151,,0.006498655304312706
,,,18152,,0.005466206930577755
,,,18153,,0.004953029099851847
,,,18154,,0.00668584369122982
,,,18155,,0.005821166560053825
,,,18156,,0.0032400398049503565
,,,18157,,0.005180715583264828
,,,18158,,0.010467731393873692
,,,18159,,0.005837376229465008
,,,18160,,0.0037147486582398415
,,,18161,,0.004159928765147924
,,,18162,,0.0003872257366310805
,,,18163,,0.0008573461673222482
,,,18164,,0.0006578625179827213
,,,18165,,0.000503557501360774
,,,18166,,0.0004159014206379652
,,,18167,,0.0004630689218174666
,,,18168,,0.00023800862254574895
,,,18169,,0.0005084056174382567
,,,18170,,0.0003060000017285347
,,,18171,,0.0006045058253221214
,,,18172,,0.0005638598231598735
,,,18173,,0.0006258641369640827
,,,18174,,0.000517682870849967
,,,18175,,0.007718033157289028
,,,18176,,0.009648113511502743
,,,18177,,0.009314848110079765
,,,18178,,0.03273547440767288
,,,18179,,0.023224622011184692
,,,18180,,0.018316952511668205
,,,18181,,0.030314281582832336
,,,18182,,0.02838917449116707
,,,18183,,0.009618554264307022
,,,18184,,0.010401672683656216
,,,18185,,0.010693054646253586
,,,18186,,0.007586020510643721
,,,18187,,0.009137486107647419
,,,18188,,0.01043732836842537
,,,18189,,0.008565466850996017
,,,18190,,0.008613552898168564
,,,18191,,0.009878821671009064
,,,18192,,0.008610203862190247
,,,18193,,0.007560710422694683
,,,18194,,0.007329289801418781
,,,18195,,0.010054828599095345
,,,18196,,0.009533785283565521
,,,18197,,0.010337729938328266
,,,18198,,0.00952181126922369
,,,18199,,0.008890712633728981
,,,18200,,0.011780835688114166
,,,18201,,0.009997154586017132
,,,18202,,0.007731156889349222
,,,18203,,0.010056624189019203
,,,18204,,0.010330813936889172
,,,18205,,0.008482169359922409
,,,18206,,0.008558320812880993
,,,18207,,0.007160785607993603
,,,18208,,0.009546065703034401
,,,18209,,0.00890420749783516
,,,18210,,0.010232005268335342
,,,18211,,0.00810164399445057
,,,18212,,0.009022917598485947
,,,18213,,0.009440919384360313
,,,18214,,0.008983638137578964
,,,18215,,0.008768843486905098
,,,18216,,0.00915335863828659
,,,18217,,0.007610800676047802
,,,18218,,0.007723775692284107
,,,18219,,0.007898176088929176
,,,18220,,0.010377422906458378
,,,18221,,0.008912777528166771
,,,18222,,0.010235179215669632
,,,18223,,0.009152513928711414
,,,18224,,0.010570535436272621
,,,18225,,0.00970656331628561
,,,18226,,0.009373730048537254
,,,18227,,0.008449725806713104
,,,18228,,0.009814295917749405
,,,18229,,0.0067945318296551704
,,,18230,,0.006937365047633648
,,,18231,,0.00617445120587945
,,,18232,,0.006079778540879488
,,,18233,,0.006309291813522577
,,,18234,,0.00691234041005373
,,,18235,,0.006282025948166847
,,,18236,,0.006381565239280462
,,,18237,,0.005922912620007992
,,,18238,,0.006518533919006586
,,,18239,,0.005618048831820488
,,,18240,,0.005219088867306709
,,,18241,,0.005732464604079723
,,,18242,,0.006243613548576832
,,,18243,,0.006339108571410179
,,,18244,,0.006277722772210836
,,,18245,,0.00670902244746685
,,,18246,,0.006664889864623547
,,,18247,,0.00670052133500576
,,,18248,,0.005976559594273567
,,,18249,,0.005927947349846363
,,,18250,,0.006936955265700817
,,,18251,,0.00613891426473856
,,,18252,,0.006772086024284363
,,,18253,,0.007777928374707699
,,,18254,,0.00694192573428154
,,,18255,,0.007378470618277788
,,,18256,,0.006653016433119774
,,,18257,,0.0056947097182273865
,,,18258,,0.006158662959933281
,,,18259,,0.008455107919871807
,,,18260,,0.006993900518864393
,,,18261,,0.006117750890552998
,,,18262,,0.008566249161958694
,,,18263,,0.006732677109539509
,,,18264,,0.008498105220496655
,,,18265,,0.006614073179662228
,,,18266,,0.0062444740906357765
,,,18267,,0.007397784385830164
,,,18268,,0.007148606702685356
,,,18269,,0.0061602843925356865
,,,18270,,0.007795949932187796
,,,18271,,0.006979277357459068
,,,18272,,0.00662537757307291
,,,18273,,0.003040170995518565
,,,18274,,0.0024163885973393917
,,,18275,,0.0017499871319159865
,,,18276,,0.001799904159270227
,,,18277,,0.001644143252633512
,,,18278,,0.0015006749890744686
,,,18279,,0.0019125679973512888
,,,18280,,0.0016976016340777278
,,,18281,,0.0026470134034752846
,,,18282,,0.0019103569211438298
,,,18283,,0.0019467559177428484
,,,18284,,0.0021997063886374235
,,,18285,,0.0019324359018355608
,,,18286,,0.008740329183638096
,,,18287,,0.009006730280816555
,,,18288,,0.00938481092453003
,,,18289,,0.0076600294560194016
,,,18290,,0.0034966152161359787
,,,18291,,0.027782738208770752
,,,18292,,0.005643701180815697
,,,18293,,0.02036372572183609
,,,18294,,0.009656292386353016
,,,18295,,0.009720789268612862
,,,18296,,0.01567070372402668
,,,18297,,0.018811382353305817
,,,18298,,0.019175611436367035
,,,18299,,0.01943856105208397
,,,18300,,0.014321466907858849
,,,18301,,0.023374643176794052
,,,18302,,0.017035098746418953
,,,18303,,0.0744224414229393
,,,18304,,0.058902375400066376
,,,18305,,0.0474286824464798
,,,18306,,0.05251939967274666
,,,18307,,0.07394784688949585
,,,18308,,0.04351884126663208
,,,18309,,0.04812443256378174
,,,18310,,0.06267143785953522
,,,18311,,0.04576475918292999
,,,18312,,0.057415224611759186
,,,18313,,0.04647732526063919
,,,18314,,0.050756167620420456
,,,18315,,0.06100749969482422
,,,18316,,0.05669589340686798
,,,18317,,0.05483834445476532
,,,18318,,0.05250534415245056
,,,18319,,0.026147354394197464
79,,,6479,0.010856261476874352,
79,0.011709862388670444,,6479,,
80,,0.011277332901954651,6489,,
80,,0.006304107140749693,6499,,
80,,0.0046403054147958755,6509,,
80,,0.010637369006872177,6519,,
80,,0.007878249511122704,6529,,
80,,0.01091556902974844,6539,,
80,,0.01194323506206274,6549,,
80,,0.0031888766679912806,6559,,
,,,18320,,0.0002992778900079429
,,,18321,,0.00025976874167099595
,,,18322,,0.0005289445980452001
,,,18323,,0.00022663055278826505
,,,18324,,0.00047578098019585013
,,,18325,,0.00019895454170182347
,,,18326,,0.00047203421127051115
,,,18327,,0.00020117952954024076
,,,18328,,0.0003391735372133553
,,,18329,,0.0002172470703953877
,,,18330,,0.0006991790723986924
,,,18331,,0.0007173463236540556
,,,18332,,0.00024015543749555945
,,,18333,,0.00032127322629094124
,,,18334,,0.0005125721218064427
,,,18335,,0.00029661599546670914
,,,18336,,0.000716238166205585
,,,18337,,0.0005361388903111219
,,,18338,,0.00047863443614915013
,,,18339,,0.001008473802357912
,,,18340,,0.00025814276887103915
,,,18341,,0.00023526836594101042
,,,18342,,0.00017777577158994973
,,,18343,,0.0007278404664248228
,,,18344,,0.0005915525835007429
,,,18345,,0.00047636363888159394
,,,18346,,0.0004848235985264182
,,,18347,,0.004947793669998646
,,,18348,,0.015254480764269829
,,,18349,,0.01283971406519413
,,,18350,,0.01262376457452774
,,,18351,,0.014032039791345596
,,,18352,,0.012591791339218616
,,,18353,,0.06948398053646088
,,,18354,,0.02127455547451973
,,,18355,,0.010440188460052013
,,,18356,,0.012498654425144196
,,,18357,,0.008323194459080696
,,,18358,,0.004804797470569611
,,,18359,,0.011112802661955357
,,,18360,,0.006851062178611755
,,,18361,,0.004940558224916458
,,,18362,,0.01191425696015358
,,,18363,,0.010700189508497715
,,,18364,,0.005858704913407564
,,,18365,,0.014175943098962307
,,,18366,,0.007353466469794512
,,,18367,,0.0026733344420790672
,,,18368,,0.007280031684786081
,,,18369,,0.004327390342950821
,,,18370,,0.005585018545389175
,,,18371,,0.007465964183211327
,,,18372,,0.0022839526645839214
,,,18373,,0.006000927183777094
,,,18374,,0.005556025542318821
,,,18375,,0.009884249418973923
,,,18376,,0.009790133684873581
,,,18377,,0.004770609550178051
,,,18378,,0.007047826889902353
,,,18379,,0.004954400006681681
,,,18380,,0.006024731323122978
,,,18381,,0.004901580512523651
,,,18382,,0.004466346465051174
,,,18383,,0.006258021108806133
,,,18384,,0.005354546941816807
,,,18385,,0.002931006485596299
,,,18386,,0.004489324986934662
,,,18387,,0.009816842153668404
,,,18388,,0.005331654567271471
,,,18389,,0.003106501419097185
,,,18390,,0.003915855661034584
,,,18391,,0.0003772479831241071
,,,18392,,0.0007414044812321663
,,,18393,,0.00034614643664099276
,,,18394,,0.00039121147710829973
,,,18395,,0.00037811981746926904
,,,18396,,0.000438673363532871
,,,18397,,0.00027700437931343913
,,,18398,,0.0003194829332642257
,,,18399,,0.0002742950455285609
,,,18400,,0.000516784202773124
,,,18401,,0.0004025055677630007
,,,18402,,0.0010617687366902828
,,,18403,,0.0005387035198509693
,,,18404,,0.007229706272482872
,,,18405,,0.008917232975363731
,,,18406,,0.008558952249586582
,,,18407,,0.02866704761981964
,,,18408,,0.020160043612122536
,,,18409,,0.016938380897045135
,,,18410,,0.02762712351977825
,,,18411,,0.026132531464099884
,,,18412,,0.008882949128746986
,,,18413,,0.00976586900651455
,,,18414,,0.010061665438115597
,,,18415,,0.007044671103358269
,,,18416,,0.008477050811052322
,,,18417,,0.009803473018109798
,,,18418,,0.008034170605242252
,,,18419,,0.008086428046226501
,,,18420,,0.009284822270274162
,,,18421,,0.008042879402637482
,,,18422,,0.006986158434301615
,,,18423,,0.006763322278857231
,,,18424,,0.009409012272953987
,,,18425,,0.009025177918374538
,,,18426,,0.009747480973601341
,,,18427,,0.008937595412135124
,,,18428,,0.008361930027604103
,,,18429,,0.011136425659060478
,,,18430,,0.009450029581785202
,,,18431,,0.007173947058618069
,,,18432,,0.009472519159317017
,,,18433,,0.009677281603217125
,,,18434,,0.007562825456261635
,,,18435,,0.0076881349086761475
,,,18436,,0.00616318779066205
,,,18437,,0.008468774147331715
,,,18438,,0.007917444221675396
,,,18439,,0.009200368076562881
,,,18440,,0.00713098980486393
,,,18441,,0.007851353846490383
,,,18442,,0.00836344063282013
,,,18443,,0.008007626980543137
,,,18444,,0.007817693054676056
,,,18445,,0.00803529005497694
,,,18446,,0.006644746288657188
,,,18447,,0.006727434694766998
,,,18448,,0.007017768453806639
,,,18449,,0.009377432987093925
,,,18450,,0.007916517555713654
,,,18451,,0.00923512689769268
,,,18452,,0.008176006376743317
,,,18453,,0.009428388439118862
,,,18454,,0.008724713698029518
,,,18455,,0.008329913020133972
,,,18456,,0.007530605886131525
,,,18457,,0.008717896416783333
,,,18458,,0.00600997731089592
,,,18459,,0.006204817909747362
,,,18460,,0.005286632105708122
,,,18461,,0.005281916819512844
,,,18462,,0.005497707519680262
,,,18463,,0.006241908762603998
,,,18464,,0.00551518052816391
,,,18465,,0.005679695401340723
,,,18466,,0.0052807144820690155
,,,18467,,0.005726149771362543
,,,18468,,0.004683568142354488
,,,18469,,0.004532990511506796
,,,18470,,0.005188186187297106
,,,18471,,0.00565711222589016
,,,18472,,0.00575358048081398
,,,18473,,0.0055383555591106415
,,,18474,,0.0062019662000238895
,,,18475,,0.005945722106844187
,,,18476,,0.006023148540407419
,,,18477,,0.0052502891048789024
,,,18478,,0.00525369867682457
,,,18479,,0.00624698493629694
,,,18480,,0.005734496749937534
,,,18481,,0.006354806944727898
,,,18482,,0.0073379329405725
,,,18483,,0.006562520284205675
,,,18484,,0.007001833990216255
,,,18485,,0.0062881275080144405
,,,18486,,0.005360960029065609
,,,18487,,0.005778487306088209
,,,18488,,0.007944386452436447
,,,18489,,0.006607674993574619
,,,18490,,0.005727560259401798
,,,18491,,0.008139912970364094
,,,18492,,0.0063020638190209866
,,,18493,,0.00796365924179554
,,,18494,,0.006205683574080467
,,,18495,,0.0058677527122199535
,,,18496,,0.006983565632253885
,,,18497,,0.006709597073495388
,,,18498,,0.005769502837210894
,,,18499,,0.007314339280128479
,,,18500,,0.0065492186695337296
,,,18501,,0.006211929488927126
,,,18502,,0.002776901703327894
,,,18503,,0.0021590632386505604
,,,18504,,0.0015956622082740068
,,,18505,,0.0016583825927227736
,,,18506,,0.001536420313641429
,,,18507,,0.0014327499084174633
,,,18508,,0.0018405095906928182
,,,18509,,0.0015279038343578577
,,,18510,,0.0022790594957768917
,,,18511,,0.001832740381360054
,,,18512,,0.0018300504889339209
,,,18513,,0.0020613179076462984
,,,18514,,0.0017012469470500946
,,,18515,,0.007774841971695423
,,,18516,,0.008169973269104958
,,,18517,,0.008642513304948807
,,,18518,,0.006604455411434174
,,,18519,,0.00295115914195776
,,,18520,,0.025120824575424194
,,,18521,,0.004794009029865265
,,,18522,,0.019131118431687355
,,,18523,,0.00907265953719616
,,,18524,,0.008644639514386654
,,,18525,,0.014383426867425442
,,,18526,,0.017885440960526466
,,,18527,,0.017770064994692802
,,,18528,,0.01776510663330555
,,,18529,,0.011814335361123085
,,,18530,,0.01983795315027237
,,,18531,,0.01601724699139595
,,,18532,,0.07323966920375824
,,,18533,,0.05750681459903717
,,,18534,,0.04611573740839958
,,,18535,,0.05164545029401779
,,,18536,,0.07334177196025848
,,,18537,,0.04191751033067703
,,,18538,,0.04711630195379257
,,,18539,,0.06118813902139664
,,,18540,,0.044222380965948105
,,,18541,,0.0558256097137928
,,,18542,,0.04521120339632034
,,,18543,,0.04972232133150101
,,,18544,,0.059947527945041656
,,,18545,,0.055576130747795105
,,,18546,,0.05373271554708481
,,,18547,,0.05125731602311134
,,,18548,,0.02695258893072605
80,,,6560,0.010227516293525696,
80,0.009404180571436882,,6560,,
81,,0.008494834415614605,6569,,
81,,0.009848933666944504,6579,,
81,,0.005379737354815006,6589,,
81,,0.0043545980006456375,6599,,
81,,0.005913251079618931,6609,,
81,,0.009311393834650517,6619,,
81,,0.008554323576390743,6629,,
81,,0.006510616280138493,6639,,
,,,18549,,0.00036775966873392463
,,,18550,,0.00030996609712019563
,,,18551,,0.0005215554847382009
,,,18552,,0.0003392545913811773
,,,18553,,0.0006672449526377022
,,,18554,,0.00026847244589589536
,,,18555,,0.0005817428464069963
,,,18556,,0.0002921748091466725
,,,18557,,0.0005409714067354798
,,,18558,,0.0003028473583981395
,,,18559,,0.000756360066588968
,,,18560,,0.0007115934859029949
,,,18561,,0.0002927976311184466
,,,18562,,0.00042151514207944274
,,,18563,,0.0005626608617603779
,,,18564,,0.00038597482489421964
,,,18565,,0.0007692710496485233
,,,18566,,0.0005827085115015507
,,,18567,,0.0006991943810135126
,,,18568,,0.0009556087898090482
,,,18569,,0.00030637963209301233
,,,18570,,0.0002836407220456749
,,,18571,,0.0002822690876200795
,,,18572,,0.0007268435438163579
,,,18573,,0.000621591811068356
,,,18574,,0.000529848039150238
,,,18575,,0.0005363383097574115
,,,18576,,0.0049795303493738174
,,,18577,,0.015268960036337376
,,,18578,,0.012861625291407108
,,,18579,,0.012642739340662956
,,,18580,,0.014009090140461922
,,,18581,,0.012648047879338264
,,,18582,,0.06918102502822876
,,,18583,,0.021279197186231613
,,,18584,,0.010459348559379578
,,,18585,,0.01252900529652834
,,,18586,,0.0083467997610569
,,,18587,,0.0048664892092347145
,,,18588,,0.011107848025858402
,,,18589,,0.00687792245298624
,,,18590,,0.0049607111141085625
,,,18591,,0.011841758154332638
,,,18592,,0.010714682750403881
,,,18593,,0.0058142198249697685
,,,18594,,0.014135568402707577
,,,18595,,0.007361639756709337
,,,18596,,0.002739186864346266
,,,18597,,0.007371776271611452
,,,18598,,0.004408577457070351
,,,18599,,0.005580090917646885
,,,18600,,0.00739685632288456
,,,18601,,0.002370474860072136
,,,18602,,0.006053219549357891
,,,18603,,0.00538793345913291
,,,18604,,0.009727949276566505
,,,18605,,0.009646883234381676
,,,18606,,0.004642886109650135
,,,18607,,0.006871170364320278
,,,18608,,0.004769446328282356
,,,18609,,0.0058739869855344296
,,,18610,,0.004768623039126396
,,,18611,,0.004364366643130779
,,,18612,,0.006070348899811506
,,,18613,,0.005147499963641167
,,,18614,,0.0028849481604993343
,,,18615,,0.004362935200333595
,,,18616,,0.009634451009333134
,,,18617,,0.005299652926623821
,,,18618,,0.003055187873542309
,,,18619,,0.003847254440188408
,,,18620,,0.00042535385000519454
,,,18621,,0.0008328586700372398
,,,18622,,0.0004254679661244154
,,,18623,,0.0004760496085509658
,,,18624,,0.00044822279596701264
,,,18625,,0.0004962909733876586
,,,18626,,0.0003226309781894088
,,,18627,,0.000358522345777601
,,,18628,,0.0003260740777477622
,,,18629,,0.0005746555398218334
,,,18630,,0.00047549483133479953
,,,18631,,0.0010693869553506374
,,,18632,,0.0005968830664642155
,,,18633,,0.006982569117099047
,,,18634,,0.008721750229597092
,,,18635,,0.008227182552218437
,,,18636,,0.02754761464893818
,,,18637,,0.018993768841028214
,,,18638,,0.016292963176965714
,,,18639,,0.027104876935482025
,,,18640,,0.025442730635404587
,,,18641,,0.008740738034248352
,,,18642,,0.009636085480451584
,,,18643,,0.009904138743877411
,,,18644,,0.006980855483561754
,,,18645,,0.00833546370267868
,,,18646,,0.009706095792353153
,,,18647,,0.007913660258054733
,,,18648,,0.007964108139276505
,,,18649,,0.009080464020371437
,,,18650,,0.00786572601646185
,,,18651,,0.006921914406120777
,,,18652,,0.006753296125680208
,,,18653,,0.00923033058643341
,,,18654,,0.008878946304321289
,,,18655,,0.009581312537193298
,,,18656,,0.008829186670482159
,,,18657,,0.00830467976629734
,,,18658,,0.011018523946404457
,,,18659,,0.009328688494861126
,,,18660,,0.007105761207640171
,,,18661,,0.009335653856396675
,,,18662,,0.009533033706247807
,,,18663,,0.007300118915736675
,,,18664,,0.007369320839643478
,,,18665,,0.00598214752972126
,,,18666,,0.008369112387299538
,,,18667,,0.00782720372080803
,,,18668,,0.0090696532279253
,,,18669,,0.007054225541651249
,,,18670,,0.007795118261128664
,,,18671,,0.008204507641494274
,,,18672,,0.007900982163846493
,,,18673,,0.007718802895396948
,,,18674,,0.007876362651586533
,,,18675,,0.006625172682106495
,,,18676,,0.006647222675383091
,,,18677,,0.006926936563104391
,,,18678,,0.00925363041460514
,,,18679,,0.007785315625369549
,,,18680,,0.009138543158769608
,,,18681,,0.008065061643719673
,,,18682,,0.009252060204744339
,,,18683,,0.00861753523349762
,,,18684,,0.008204532787203789
,,,18685,,0.007425827905535698
,,,18686,,0.00858226791024208
,,,18687,,0.005954863503575325
,,,18688,,0.006142984144389629
,,,18689,,0.0052617816254496574
,,,18690,,0.005260256119072437
,,,18691,,0.005466146394610405
,,,18692,,0.006099320948123932
,,,18693,,0.005528455600142479
,,,18694,,0.00563826784491539
,,,18695,,0.005213083233684301
,,,18696,,0.00560867041349411
,,,18697,,0.004690104629844427
,,,18698,,0.004460157360881567
,,,18699,,0.005165617913007736
,,,18700,,0.005567449610680342
,,,18701,,0.005713793449103832
,,,18702,,0.005510951858013868
,,,18703,,0.006090634502470493
,,,18704,,0.00589282251894474
,,,18705,,0.005961451679468155
,,,18706,,0.005182727240025997
,,,18707,,0.00520351342856884
,,,18708,,0.00622545275837183
,,,18709,,0.005678854882717133
,,,18710,,0.006278632208704948
,,,18711,,0.0072195748798549175
,,,18712,,0.006460241973400116
,,,18713,,0.006937554106116295
,,,18714,,0.0061769383028149605
,,,18715,,0.00530437845736742
,,,18716,,0.005693994928151369
,,,18717,,0.007827108725905418
,,,18718,,0.00653245160356164
,,,18719,,0.005655529908835888
,,,18720,,0.008047109469771385
,,,18721,,0.006220467854291201
,,,18722,,0.007834972813725471
,,,18723,,0.006099107675254345
,,,18724,,0.00585346482694149
,,,18725,,0.006900317035615444
,,,18726,,0.006601701490581036
,,,18727,,0.005715319886803627
,,,18728,,0.007208441849797964
,,,18729,,0.006457244046032429
,,,18730,,0.006196450442075729
,,,18731,,0.003007051534950733
,,,18732,,0.0023601993452757597
,,,18733,,0.0016605600249022245
,,,18734,,0.0017851677257567644
,,,18735,,0.0016344343312084675
,,,18736,,0.001594106899574399
,,,18737,,0.0019362271996214986
,,,18738,,0.0016834147972986102
,,,18739,,0.002463917713612318
,,,18740,,0.0021097653079777956
,,,18741,,0.002018796280026436
,,,18742,,0.002170352963730693
,,,18743,,0.0019025171641260386
,,,18744,,0.007451440207660198
,,,18745,,0.00783547293394804
,,,18746,,0.008393602445721626
,,,18747,,0.006459029391407967
,,,18748,,0.002997665898874402
,,,18749,,0.025569485500454903
,,,18750,,0.004784221760928631
,,,18751,,0.01723773404955864
,,,18752,,0.008514843881130219
,,,18753,,0.008501970209181309
,,,18754,,0.014490317553281784
,,,18755,,0.017484284937381744
,,,18756,,0.01787753775715828
,,,18757,,0.017329152673482895
,,,18758,,0.011545831337571144
,,,18759,,0.01949692703783512
,,,18760,,0.015510762110352516
,,,18761,,0.07230329513549805
,,,18762,,0.056256961077451706
,,,18763,,0.045523349195718765
,,,18764,,0.0511167049407959
,,,18765,,0.07257568836212158
,,,18766,,0.04164424538612366
,,,18767,,0.04626740887761116
,,,18768,,0.060542814433574677
,,,18769,,0.04357103630900383
,,,18770,,0.054731279611587524
,,,18771,,0.04470793902873993
,,,18772,,0.04910917952656746
,,,18773,,0.059159036725759506
,,,18774,,0.05457749217748642
,,,18775,,0.05340098217129707
,,,18776,,0.050455402582883835
,,,18777,,0.02641792595386505
81,,,6641,0.01010696217417717,
81,0.008808811195194721,,6641,,
82,,0.01633511297404766,6649,,
82,,0.006454342510551214,6659,,
82,,0.007773346267640591,6669,,
82,,0.008762449957430363,6679,,
82,,0.00578296510502696,6689,,
82,,0.010630197823047638,6699,,
82,,0.005080820061266422,6709,,
82,,0.006983250379562378,6719,,
,,,18778,,0.0002783691161312163
,,,18779,,0.00022877444280311465
,,,18780,,0.0004571779281832278
,,,18781,,0.0002268839452881366
,,,18782,,0.0004736970295198262
,,,18783,,0.00018984459165949374
,,,18784,,0.0004402676713652909
,,,18785,,0.0001844345242716372
,,,18786,,0.00037115556187927723
,,,18787,,0.00019604254339355975
,,,18788,,0.0006787367747165263
,,,18789,,0.000648729910608381
,,,18790,,0.00019737148249987513
,,,18791,,0.0003341752744745463
,,,18792,,0.0005002835532650352
,,,18793,,0.0002878479426726699
,,,18794,,0.0006832194630987942
,,,18795,,0.0005083504365757108
,,,18796,,0.0004744543111883104
,,,18797,,0.0009677818743512034
,,,18798,,0.0002540882269386202
,,,18799,,0.00023612087534274906
,,,18800,,0.00017318289610557258
,,,18801,,0.0006859552813693881
,,,18802,,0.0005673402338288724
,,,18803,,0.0004576421051751822
,,,18804,,0.00046317625674419105
,,,18805,,0.004798921290785074
,,,18806,,0.015035426244139671
,,,18807,,0.012612143531441689
,,,18808,,0.012466460466384888
,,,18809,,0.013843774795532227
,,,18810,,0.012350580655038357
,,,18811,,0.06859786808490753
,,,18812,,0.020992016419768333
,,,18813,,0.010213079862296581
,,,18814,,0.012311050668358803
,,,18815,,0.00813942588865757
,,,18816,,0.00464670592918992
,,,18817,,0.010907359421253204
,,,18818,,0.006692010443657637
,,,18819,,0.004751581698656082
,,,18820,,0.011553125455975533
,,,18821,,0.01042136363685131
,,,18822,,0.005600102711468935
,,,18823,,0.013801022432744503
,,,18824,,0.007083575241267681
,,,18825,,0.0025491039268672466
,,,18826,,0.007063020020723343
,,,18827,,0.004191185347735882
,,,18828,,0.005418952088803053
,,,18829,,0.007204050198197365
,,,18830,,0.0021959454752504826
,,,18831,,0.0058449991047382355
,,,18832,,0.0052194450981915
,,,18833,,0.009475596249103546
,,,18834,,0.009303571656346321
,,,18835,,0.004444334656000137
,,,18836,,0.006653264164924622
,,,18837,,0.004620708990842104
,,,18838,,0.005666043609380722
,,,18839,,0.004606650676578283
,,,18840,,0.004184504970908165
,,,18841,,0.005904386751353741
,,,18842,,0.005056170746684074
,,,18843,,0.002757219597697258
,,,18844,,0.004123537801206112
,,,18845,,0.009346581995487213
,,,18846,,0.005066351033747196
,,,18847,,0.0029220115393400192
,,,18848,,0.003602225100621581
,,,18849,,0.00031329283956438303
,,,18850,,0.0007153556798584759
,,,18851,,0.0004993005422875285
,,,18852,,0.0003903339966200292
,,,18853,,0.0003505886415950954
,,,18854,,0.00037807284388691187
,,,18855,,0.00022396637359634042
,,,18856,,0.00042245013173669577
,,,18857,,0.0002728254476096481
,,,18858,,0.0005123319569975138
,,,18859,,0.0004393549752421677
,,,18860,,0.0007075793109834194
,,,18861,,0.00048749014968052506
,,,18862,,0.006751378532499075
,,,18863,,0.008379964157938957
,,,18864,,0.008039076812565327
,,,18865,,0.02621970884501934
,,,18866,,0.018444404006004333
,,,18867,,0.015951059758663177
,,,18868,,0.02662474475800991
,,,18869,,0.02483298070728779
,,,18870,,0.008507498539984226
,,,18871,,0.009468337520956993
,,,18872,,0.009755576029419899
,,,18873,,0.006821321323513985
,,,18874,,0.008178947493433952
,,,18875,,0.009537992998957634
,,,18876,,0.007752153091132641
,,,18877,,0.007794624660164118
,,,18878,,0.008959546685218811
,,,18879,,0.00777246430516243
,,,18880,,0.006738636642694473
,,,18881,,0.006612882018089294
,,,18882,,0.009057238698005676
,,,18883,,0.008746502920985222
,,,18884,,0.009438250213861465
,,,18885,,0.008720035664737225
,,,18886,,0.008144442923367023
,,,18887,,0.010860403999686241
,,,18888,,0.00916645023971796
,,,18889,,0.006946370005607605
,,,18890,,0.009179632179439068
,,,18891,,0.009344421327114105
,,,18892,,0.007129811681807041
,,,18893,,0.007208307273685932
,,,18894,,0.005782606080174446
,,,18895,,0.00815383717417717
,,,18896,,0.007661839947104454
,,,18897,,0.008850330486893654
,,,18898,,0.0068595935590565205
,,,18899,,0.007556188851594925
,,,18900,,0.007971029728651047
,,,18901,,0.007686465512961149
,,,18902,,0.00754222646355629
,,,18903,,0.007660797797143459
,,,18904,,0.0063686370849609375
,,,18905,,0.0064733694307506084
,,,18906,,0.006748125422745943
,,,18907,,0.009040294215083122
,,,18908,,0.007618370931595564
,,,18909,,0.008832303807139397
,,,18910,,0.007893329486250877
,,,18911,,0.008951417170464993
,,,18912,,0.008390437811613083
,,,18913,,0.007979948073625565
,,,18914,,0.007233649026602507
,,,18915,,0.00836624950170517
,,,18916,,0.005752932280302048
,,,18917,,0.006020807661116123
,,,18918,,0.005121556110680103
,,,18919,,0.005150370299816132
,,,18920,,0.0053111957386136055
,,,18921,,0.005973061081022024
,,,18922,,0.00533271674066782
,,,18923,,0.005439298693090677
,,,18924,,0.005105434916913509
,,,18925,,0.005536261014640331
,,,18926,,0.004493549466133118
,,,18927,,0.0043755690567195415
,,,18928,,0.005082891322672367
,,,18929,,0.005459964741021395
,,,18930,,0.005548054352402687
,,,18931,,0.00534450076520443
,,,18932,,0.005981096997857094
,,,18933,,0.005770019721239805
,,,18934,,0.005850276909768581
,,,18935,,0.0050719259306788445
,,,18936,,0.005060693249106407
,,,18937,,0.006088782101869583
,,,18938,,0.005550318863242865
,,,18939,,0.006174842361360788
,,,18940,,0.007091684266924858
,,,18941,,0.006327272392809391
,,,18942,,0.0067763314582407475
,,,18943,,0.006052208133041859
,,,18944,,0.005221789702773094
,,,18945,,0.00556291826069355
,,,18946,,0.0076358322985470295
,,,18947,,0.006339396350085735
,,,18948,,0.005528280511498451
,,,18949,,0.007870550267398357
,,,18950,,0.006081899628043175
,,,18951,,0.00766281271353364
,,,18952,,0.005972640588879585
,,,18953,,0.005688728764653206
,,,18954,,0.00674243550747633
,,,18955,,0.006478528492152691
,,,18956,,0.00553521141409874
,,,18957,,0.007012896239757538
,,,18958,,0.006354701705276966
,,,18959,,0.005990968085825443
,,,18960,,0.00254923477768898
,,,18961,,0.0020683726761490107
,,,18962,,0.0014910196186974645
,,,18963,,0.001562281046062708
,,,18964,,0.0013696074020117521
,,,18965,,0.0013149771839380264
,,,18966,,0.001725830021314323
,,,18967,,0.0014198904391378164
,,,18968,,0.0021464989986270666
,,,18969,,0.001703664311207831
,,,18970,,0.0016963004600256681
,,,18971,,0.0018089059740304947
,,,18972,,0.0015957565046846867
,,,18973,,0.007033400237560272
,,,18974,,0.007453699596226215
,,,18975,,0.008100247010588646
,,,18976,,0.006051312200725079
,,,18977,,0.0028412952087819576
,,,18978,,0.023953227326273918
,,,18979,,0.004608462564647198
,,,18980,,0.016898106783628464
,,,18981,,0.008664076216518879
,,,18982,,0.007982400245964527
,,,18983,,0.013965873047709465
,,,18984,,0.017076430842280388
,,,18985,,0.01733968034386635
,,,18986,,0.01637331396341324
,,,18987,,0.011219730600714684
,,,18988,,0.01881331391632557
,,,18989,,0.015463071875274181
,,,18990,,0.07240963727235794
,,,18991,,0.05630040913820267
,,,18992,,0.04592088609933853
,,,18993,,0.050806716084480286
,,,18994,,0.07205229997634888
,,,18995,,0.04093955457210541
,,,18996,,0.04620404168963432
,,,18997,,0.060048189014196396
,,,18998,,0.04324399679899216
,,,18999,,0.05448819696903229
,,,19000,,0.04436821490526199
,,,19001,,0.04856479912996292
,,,19002,,0.05907893925905228
,,,19003,,0.054342225193977356
,,,19004,,0.0529358796775341
,,,19005,,0.050012435764074326
,,,19006,,0.025719864293932915
82,,,6722,0.009896180592477322,
82,0.008835803717374802,,6722,,
83,,0.006629029754549265,6729,,
83,,0.006845151074230671,6739,,
83,,0.006698446348309517,6749,,
83,,0.00811067782342434,6759,,
83,,0.009253797121345997,6769,,
83,,0.006284953560680151,6779,,
83,,0.003684238065034151,6789,,
83,,0.004819342866539955,6799,,
,,,19007,,0.0005855937488377094
,,,19008,,0.0005544478772208095
,,,19009,,0.0007913116714917123
,,,19010,,0.0005530344787985086
,,,19011,,0.0007939557544887066
,,,19012,,0.0005181400920264423
,,,19013,,0.0007529013673774898
,,,19014,,0.00048039748799055815
,,,19015,,0.0006975284777581692
,,,19016,,0.0005148446653038263
,,,19017,,0.0010184983257204294
,,,19018,,0.0009629232808947563
,,,19019,,0.00048428677837364376
,,,19020,,0.0006259073852561414
,,,19021,,0.0007631451589986682
,,,19022,,0.000562216155230999
,,,19023,,0.0009063500910997391
,,,19024,,0.0007296469993889332
,,,19025,,0.0007883379585109651
,,,19026,,0.0011772431898862123
,,,19027,,0.000530798512045294
,,,19028,,0.0005046423757448792
,,,19029,,0.00047665496822446585
,,,19030,,0.0009456495754420757
,,,19031,,0.000824747490696609
,,,19032,,0.0007127622375264764
,,,19033,,0.0007465642993338406
,,,19034,,0.005279451608657837
,,,19035,,0.01548095140606165
,,,19036,,0.013058966025710106
,,,19037,,0.01298923883587122
,,,19038,,0.014408277347683907
,,,19039,,0.01278061792254448
,,,19040,,0.06888328492641449
,,,19041,,0.021421849727630615
,,,19042,,0.010678140446543694
,,,19043,,0.01280659344047308
,,,19044,,0.008680401369929314
,,,19045,,0.005184009671211243
,,,19046,,0.011422323063015938
,,,19047,,0.007214514538645744
,,,19048,,0.005352863110601902
,,,19049,,0.012084633111953735
,,,19050,,0.010954894125461578
,,,19051,,0.006242548581212759
,,,19052,,0.014336133375763893
,,,19053,,0.00771598843857646
,,,19054,,0.003188105532899499
,,,19055,,0.007537585683166981
,,,19056,,0.004796889610588551
,,,19057,,0.006080149672925472
,,,19058,,0.007855377160012722
,,,19059,,0.002797045512124896
,,,19060,,0.0064129456877708435
,,,19061,,0.005395715124905109
,,,19062,,0.009454683400690556
,,,19063,,0.009247022680938244
,,,19064,,0.004642672836780548
,,,19065,,0.006712683942168951
,,,19066,,0.00460079638287425
,,,19067,,0.005721143446862698
,,,19068,,0.004816494416445494
,,,19069,,0.004502184689044952
,,,19070,,0.006006556563079357
,,,19071,,0.005230782553553581
,,,19072,,0.0029155642259866
,,,19073,,0.003978795371949673
,,,19074,,0.009312279522418976
,,,19075,,0.005192280746996403
,,,19076,,0.0031539504416286945
,,,19077,,0.0036940984427928925
,,,19078,,0.0005902688135392964
,,,19079,,0.0010287099285051227
,,,19080,,0.0010623555863276124
,,,19081,,0.0007734487880952656
,,,19082,,0.0006376015953719616
,,,19083,,0.0006412385264411569
,,,19084,,0.00044378003804013133
,,,19085,,0.0009148477693088353
,,,19086,,0.0005723513313569129
,,,19087,,0.0008341077482327819
,,,19088,,0.0008685911307111382
,,,19089,,0.0005244703497737646
,,,19090,,0.0007322304882109165
,,,19091,,0.00683213584125042
,,,19092,,0.00850243866443634
,,,19093,,0.007912842556834221
,,,19094,,0.025493822991847992
,,,19095,,0.017629675567150116
,,,19096,,0.015641573816537857
,,,19097,,0.02612602338194847
,,,19098,,0.024436205625534058
,,,19099,,0.008425263687968254
,,,19100,,0.009470080956816673
,,,19101,,0.009689848870038986
,,,19102,,0.0068324897438287735
,,,19103,,0.008199699223041534
,,,19104,,0.009519433602690697
,,,19105,,0.007700908463448286
,,,19106,,0.007749851327389479
,,,19107,,0.008900579065084457
,,,19108,,0.00771816773340106
,,,19109,,0.006720302626490593
,,,19110,,0.0066452631726861
,,,19111,,0.009003537707030773
,,,19112,,0.008758509531617165
,,,19113,,0.009408516809344292
,,,19114,,0.008702070452272892
,,,19115,,0.00819120928645134
,,,19116,,0.010851648636162281
,,,19117,,0.009171363897621632
,,,19118,,0.006962825544178486
,,,19119,,0.009144484996795654
,,,19120,,0.00929667055606842
,,,19121,,0.00697745056822896
,,,19122,,0.007043879944831133
,,,19123,,0.0056852917186915874
,,,19124,,0.008126174099743366
,,,19125,,0.007642859593033791
,,,19126,,0.008804941549897194
,,,19127,,0.0068408106453716755
,,,19128,,0.007534464821219444
,,,19129,,0.007953204214572906
,,,19130,,0.007640479132533073
,,,19131,,0.00752562191337347
,,,19132,,0.007583289407193661
,,,19133,,0.00637860968708992
,,,19134,,0.0064445617608726025
,,,19135,,0.006751640699803829
,,,19136,,0.009022208862006664
,,,19137,,0.007573006674647331
,,,19138,,0.008853552863001823
,,,19139,,0.007887312211096287
,,,19140,,0.008924067951738834
,,,19141,,0.00840894877910614
,,,19142,,0.00798356719315052
,,,19143,,0.007224592380225658
,,,19144,,0.008310655131936073
,,,19145,,0.005718337371945381
,,,19146,,0.005920776166021824
,,,19147,,0.005083269439637661
,,,19148,,0.0051237959414720535
,,,19149,,0.0053017400205135345
,,,19150,,0.005901182070374489
,,,19151,,0.005293301772326231
,,,19152,,0.005332005210220814
,,,19153,,0.005095979198813438
,,,19154,,0.005508705507963896
,,,19155,,0.004459885880351067
,,,19156,,0.004327676258981228
,,,19157,,0.0050394050776958466
,,,19158,,0.005401602014899254
,,,19159,,0.0054820021614432335
,,,19160,,0.00527928164228797
,,,19161,,0.005911035463213921
,,,19162,,0.005726863630115986
,,,19163,,0.005811248905956745
,,,19164,,0.00503179244697094
,,,19165,,0.004993167705833912
,,,19166,,0.006027462892234325
,,,19167,,0.005606366321444511
,,,19168,,0.006221378222107887
,,,19169,,0.0071274335496127605
,,,19170,,0.006384586915373802
,,,19171,,0.006829719990491867
,,,19172,,0.006117106880992651
,,,19173,,0.005257831886410713
,,,19174,,0.005622935481369495
,,,19175,,0.007674453314393759
,,,19176,,0.006392335519194603
,,,19177,,0.005613373592495918
,,,19178,,0.007893845438957214
,,,19179,,0.006133152171969414
,,,19180,,0.007696405053138733
,,,19181,,0.006037883460521698
,,,19182,,0.005777429789304733
,,,19183,,0.006800232455134392
,,,19184,,0.006531673949211836
,,,19185,,0.0056245154701173306
,,,19186,,0.007043837569653988
,,,19187,,0.006391040049493313
,,,19188,,0.006153265479952097
,,,19189,,0.0032265661284327507
,,,19190,,0.002872621640563011
,,,19191,,0.002482382347807288
,,,19192,,0.002524468582123518
,,,19193,,0.0022314840462058783
,,,19194,,0.002141978358849883
,,,19195,,0.002729940228164196
,,,19196,,0.002239326946437359
,,,19197,,0.002958921017125249
,,,19198,,0.0025540520437061787
,,,19199,,0.002527392702177167
,,,19200,,0.0025221093092113733
,,,19201,,0.002427223604172468
,,,19202,,0.007283826358616352
,,,19203,,0.007767182309180498
,,,19204,,0.008531926199793816
,,,19205,,0.006348178721964359
,,,19206,,0.003170980140566826
,,,19207,,0.02416141703724861
,,,19208,,0.0048665739595890045
,,,19209,,0.01700599677860737
,,,19210,,0.008732509799301624
,,,19211,,0.008467038162052631
,,,19212,,0.014079587534070015
,,,19213,,0.017566461116075516
,,,19214,,0.017647534608840942
,,,19215,,0.017173312604427338
,,,19216,,0.011348270811140537
,,,19217,,0.01920795813202858
,,,19218,,0.015638016164302826
,,,19219,,0.0720062106847763
,,,19220,,0.0561685785651207
,,,19221,,0.04554801434278488
,,,19222,,0.051008403301239014
,,,19223,,0.07231199741363525
,,,19224,,0.04084433615207672
,,,19225,,0.04607785493135452
,,,19226,,0.06026694178581238
,,,19227,,0.04327831417322159
,,,19228,,0.05440378189086914
,,,19229,,0.04434806481003761
,,,19230,,0.048779651522636414
,,,19231,,0.058907799422740936
,,,19232,,0.05440511927008629
,,,19233,,0.052663933485746384
,,,19234,,0.04988311976194382
,,,19235,,0.026643196120858192
83,,,6803,0.01006893627345562,
83,0.008634033612906933,,6803,,
84,,0.013409075327217579,6809,,
84,,0.008223017677664757,6819,,
84,,0.00954111386090517,6829,,
84,,0.004962475970387459,6839,,
84,,0.020814860239624977,6849,,
84,,0.007288698107004166,6859,,
84,,0.0066212802194058895,6869,,
84,,0.00861276127398014,6879,,
,,,19236,,0.0005184317706152797
,,,19237,,0.0005054603097960353
,,,19238,,0.0007094017928466201
,,,19239,,0.0004900791100226343
,,,19240,,0.0007229023613035679
,,,19241,,0.0004399990721140057
,,,19242,,0.0006833176594227552
,,,19243,,0.0004320449661463499
,,,19244,,0.0006321723340079188
,,,19245,,0.00044159803655929863
,,,19246,,0.0009619625052437186
,,,19247,,0.0008486022707074881
,,,19248,,0.00043599825585260987
,,,19249,,0.0005986476317048073
,,,19250,,0.0007512649754062295
,,,19251,,0.0005576017429120839
,,,19252,,0.0009061858290806413
,,,19253,,0.0007178254309110343
,,,19254,,0.0007423640927299857
,,,19255,,0.0011888474691659212
,,,19256,,0.0005249069072306156
,,,19257,,0.0004997085779905319
,,,19258,,0.0004521212831605226
,,,19259,,0.0009433237137272954
,,,19260,,0.0008255933062173426
,,,19261,,0.0006901988526806235
,,,19262,,0.0007037814939394593
,,,19263,,0.004884178750216961
,,,19264,,0.01500295102596283
,,,19265,,0.012573163025081158
,,,19266,,0.01255715824663639
,,,19267,,0.01392601989209652
,,,19268,,0.012321259826421738
,,,19269,,0.06810644268989563
,,,19270,,0.02089923806488514
,,,19271,,0.010203894227743149
,,,19272,,0.012319942004978657
,,,19273,,0.008224097080528736
,,,19274,,0.004748365376144648
,,,19275,,0.010905460454523563
,,,19276,,0.006689125671982765
,,,19277,,0.004665539599955082
,,,19278,,0.01128368265926838
,,,19279,,0.010237300768494606
,,,19280,,0.005503267049789429
,,,19281,,0.013548391871154308
,,,19282,,0.00690482696518302
,,,19283,,0.002527663018554449
,,,19284,,0.006882672198116779
,,,19285,,0.0041247401386499405
,,,19286,,0.005410213954746723
,,,19287,,0.007121001835912466
,,,19288,,0.0021762999240309
,,,19289,,0.005735625512897968
,,,19290,,0.005208250135183334
,,,19291,,0.009512092918157578
,,,19292,,0.009422095492482185
,,,19293,,0.004457221832126379
,,,19294,,0.0066336169838905334
,,,19295,,0.004582847468554974
,,,19296,,0.005704216659069061
,,,19297,,0.004550176672637463
,,,19298,,0.00418394710868597
,,,19299,,0.005860612727701664
,,,19300,,0.005021643824875355
,,,19301,,0.002800918882712722
,,,19302,,0.0041658272966742516
,,,19303,,0.009412252344191074
,,,19304,,0.005124319344758987
,,,19305,,0.0029037375934422016
,,,19306,,0.0036856546066701412
,,,19307,,0.000438350485637784
,,,19308,,0.0008893987396731973
,,,19309,,0.0009081254829652607
,,,19310,,0.0005385195836424828
,,,19311,,0.0005016030045226216
,,,19312,,0.0005261048790998757
,,,19313,,0.00038930983282625675
,,,19314,,0.0007391338003799319
,,,19315,,0.00047893618466332555
,,,19316,,0.000722800730727613
,,,19317,,0.0006070228992030025
,,,19318,,0.0005627575446851552
,,,19319,,0.0007255800883285701
,,,19320,,0.0066977813839912415
,,,19321,,0.008257503621280193
,,,19322,,0.007802496198564768
,,,19323,,0.025049731135368347
,,,19324,,0.017438337206840515
,,,19325,,0.01616773009300232
,,,19326,,0.026931852102279663
,,,19327,,0.0253908634185791
,,,19328,,0.008730707690119743
,,,19329,,0.009465072304010391
,,,19330,,0.009657833725214005
,,,19331,,0.006875018589198589
,,,19332,,0.008198931813240051
,,,19333,,0.009571606293320656
,,,19334,,0.007764576934278011
,,,19335,,0.007849272340536118
,,,19336,,0.008867498487234116
,,,19337,,0.00776383001357317
,,,19338,,0.006827427074313164
,,,19339,,0.006613192148506641
,,,19340,,0.009027156978845596
,,,19341,,0.008650433272123337
,,,19342,,0.009393570944666862
,,,19343,,0.008648861199617386
,,,19344,,0.008160296827554703
,,,19345,,0.010834522545337677
,,,19346,,0.00917881727218628
,,,19347,,0.007037084549665451
,,,19348,,0.00910874828696251
,,,19349,,0.009266920387744904
,,,19350,,0.0068671079352498055
,,,19351,,0.006933325901627541
,,,19352,,0.0056488653644919395
,,,19353,,0.008250361308455467
,,,19354,,0.007684823591262102
,,,19355,,0.008836711756885052
,,,19356,,0.0069295065477490425
,,,19357,,0.007611278910189867
,,,19358,,0.00798580702394247
,,,19359,,0.007759873755276203
,,,19360,,0.007502473425120115
,,,19361,,0.007653139065951109
,,,19362,,0.006497611291706562
,,,19363,,0.006520463153719902
,,,19364,,0.00673157162964344
,,,19365,,0.009119819849729538
,,,19366,,0.00766140827909112
,,,19367,,0.008928585797548294
,,,19368,,0.007878951728343964
,,,19369,,0.008989434689283371
,,,19370,,0.008406618610024452
,,,19371,,0.008022618480026722
,,,19372,,0.007246935740113258
,,,19373,,0.008425436913967133
,,,19374,,0.005917766597121954
,,,19375,,0.006157970521599054
,,,19376,,0.005171728786081076
,,,19377,,0.005163046531379223
,,,19378,,0.005407895892858505
,,,19379,,0.006162678357213736
,,,19380,,0.005615568254143
,,,19381,,0.005661351606249809
,,,19382,,0.0052229855209589005
,,,19383,,0.005686593241989613
,,,19384,,0.004763166420161724
,,,19385,,0.0044386242516338825
,,,19386,,0.005174119956791401
,,,19387,,0.005459345877170563
,,,19388,,0.0058127157390117645
,,,19389,,0.005470068193972111
,,,19390,,0.006252455525100231
,,,19391,,0.005928210914134979
,,,19392,,0.005900376942008734
,,,19393,,0.005224017892032862
,,,19394,,0.005208803340792656
,,,19395,,0.0063069723546504974
,,,19396,,0.005620561074465513
,,,19397,,0.0062283845618367195
,,,19398,,0.007090569008141756
,,,19399,,0.006373649928718805
,,,19400,,0.006830250844359398
,,,19401,,0.006117668468505144
,,,19402,,0.0052742063999176025
,,,19403,,0.005668597295880318
,,,19404,,0.007634867448359728
,,,19405,,0.006391686853021383
,,,19406,,0.00564991869032383
,,,19407,,0.007861936464905739
,,,19408,,0.006121834274381399
,,,19409,,0.007649466395378113
,,,19410,,0.006041157059371471
,,,19411,,0.005781680345535278
,,,19412,,0.00679950974881649
,,,19413,,0.006513793021440506
,,,19414,,0.005625118967145681
,,,19415,,0.007050986401736736
,,,19416,,0.006391052156686783
,,,19417,,0.0060474202036857605
,,,19418,,0.0024046911858022213
,,,19419,,0.0019922894425690174
,,,19420,,0.0014748608227819204
,,,19421,,0.0015384643338620663
,,,19422,,0.0013270757626742125
,,,19423,,0.00129060004837811
,,,19424,,0.0017150285420939326
,,,19425,,0.0013843885390087962
,,,19426,,0.0020456307101994753
,,,19427,,0.0016634803032502532
,,,19428,,0.0016503455117344856
,,,19429,,0.0017110134940594435
,,,19430,,0.001542763551697135
,,,19431,,0.007210537791252136
,,,19432,,0.007627617567777634
,,,19433,,0.008334711194038391
,,,19434,,0.006305565591901541
,,,19435,,0.003024660749360919
,,,19436,,0.024123743176460266
,,,19437,,0.004534565843641758
,,,19438,,0.017190400511026382
,,,19439,,0.008699040859937668
,,,19440,,0.008198045194149017
,,,19441,,0.014360949397087097
,,,19442,,0.017964377999305725
,,,19443,,0.01723313331604004
,,,19444,,0.01703312061727047
,,,19445,,0.01159461960196495
,,,19446,,0.018756888806819916
,,,19447,,0.015488635748624802
,,,19448,,0.07149428874254227
,,,19449,,0.05550992488861084
,,,19450,,0.04475471004843712
,,,19451,,0.050227709114551544
,,,19452,,0.07108423113822937
,,,19453,,0.040700484067201614
,,,19454,,0.04594150930643082
,,,19455,,0.05999584496021271
,,,19456,,0.043007977306842804
,,,19457,,0.054012760519981384
,,,19458,,0.04432803392410278
,,,19459,,0.04786350578069687
,,,19460,,0.05827105790376663
,,,19461,,0.0533931739628315
,,,19462,,0.052605610340833664
,,,19463,,0.05005693808197975
,,,19464,,0.025137705728411674
84,,,6884,0.009918536990880966,
84,0.00868185143917799,,6884,,
85,,0.006275250110775232,6889,,
85,,0.011141642928123474,6899,,
85,,0.010358995757997036,6909,,
85,,0.007699151523411274,6919,,
85,,0.006156925577670336,6929,,
85,,0.007162259891629219,6939,,
85,,0.007326957769691944,6949,,
85,,0.0038833539001643658,6959,,
,,,19465,,0.00038293542456813157
,,,19466,,0.00030719966161996126
,,,19467,,0.0005441132816486061
,,,19468,,0.00031365302857011557
,,,19469,,0.0005385815165936947
,,,19470,,0.00028435923741199076
,,,19471,,0.0006162783247418702
,,,19472,,0.00029461493249982595
,,,19473,,0.0004455948364920914
,,,19474,,0.0003064317279495299
,,,19475,,0.000772694475017488
,,,19476,,0.0007315829279832542
,,,19477,,0.00032109703170135617
,,,19478,,0.00039680488407611847
,,,19479,,0.0005715950974263251
,,,19480,,0.0003694457118399441
,,,19481,,0.0007235393859446049
,,,19482,,0.0005420559900812805
,,,19483,,0.000565918511711061
,,,19484,,0.0009814556688070297
,,,19485,,0.0003378755645826459
,,,19486,,0.00028250462491996586
,,,19487,,0.0002568198833614588
,,,19488,,0.0007157037034630775
,,,19489,,0.0006134072900749743
,,,19490,,0.0004959676298312843
,,,19491,,0.0005240363534539938
,,,19492,,0.004705601371824741
,,,19493,,0.014817550778388977
,,,19494,,0.012389767915010452
,,,19495,,0.01225431077182293
,,,19496,,0.01365105714648962
,,,19497,,0.012188984081149101
,,,19498,,0.06756368279457092
,,,19499,,0.020696204155683517
,,,19500,,0.010017264634370804
,,,19501,,0.012136876583099365
,,,19502,,0.008029057644307613
,,,19503,,0.0045766811817884445
,,,19504,,0.010728500783443451
,,,19505,,0.006559903267771006
,,,19506,,0.0046364194713532925
,,,19507,,0.011157406494021416
,,,19508,,0.01019427739083767
,,,19509,,0.005473749246448278
,,,19510,,0.013486407697200775
,,,19511,,0.006896289996802807
,,,19512,,0.0025834604166448116
,,,19513,,0.006894877180457115
,,,19514,,0.0041902028024196625
,,,19515,,0.00535647664219141
,,,19516,,0.007046698592603207
,,,19517,,0.0022085728123784065
,,,19518,,0.0057101016864180565
,,,19519,,0.0051513295620679855
,,,19520,,0.009226285852491856
,,,19521,,0.009141257032752037
,,,19522,,0.004280311055481434
,,,19523,,0.006398877128958702
,,,19524,,0.00446493923664093
,,,19525,,0.005517905578017235
,,,19526,,0.004425905644893646
,,,19527,,0.003993044141680002
,,,19528,,0.005575992166996002
,,,19529,,0.004856858402490616
,,,19530,,0.002703925594687462
,,,19531,,0.0042274161241948605
,,,19532,,0.009095808491110802
,,,19533,,0.0049349782057106495
,,,19534,,0.0029042279347777367
,,,19535,,0.003699751105159521
,,,19536,,0.00047148007433861494
,,,19537,,0.0007826130604371428
,,,19538,,0.0002646561770234257
,,,19539,,0.00045500200940296054
,,,19540,,0.0004623357381206006
,,,19541,,0.0005210977979004383
,,,19542,,0.00039762622327543795
,,,19543,,0.00025409343652427197
,,,19544,,0.0003409115597605705
,,,19545,,0.0005510387709364295
,,,19546,,0.00043040845775976777
,,,19547,,0.0013958007330074906
,,,19548,,0.0006117895827628672
,,,19549,,0.006608062423765659
,,,19550,,0.008106183260679245
,,,19551,,0.007598793134093285
,,,19552,,0.024717099964618683
,,,19553,,0.017000645399093628
,,,19554,,0.01569027081131935
,,,19555,,0.026561658829450607
,,,19556,,0.02495734579861164
,,,19557,,0.008428359404206276
,,,19558,,0.009139247238636017
,,,19559,,0.009391287341713905
,,,19560,,0.006606978364288807
,,,19561,,0.007881460711359978
,,,19562,,0.009253241121768951
,,,19563,,0.00751542579382658
,,,19564,,0.007617418188601732
,,,19565,,0.008676757104694843
,,,19566,,0.0074868411757051945
,,,19567,,0.006578537635505199
,,,19568,,0.006364783272147179
,,,19569,,0.008767269551753998
,,,19570,,0.008429357782006264
,,,19571,,0.009113844484090805
,,,19572,,0.008401857689023018
,,,19573,,0.007895618677139282
,,,19574,,0.010480603203177452
,,,19575,,0.008895127102732658
,,,19576,,0.0067491293884813786
,,,19577,,0.008857004344463348
,,,19578,,0.009109699167311192
,,,19579,,0.0069151329807937145
,,,19580,,0.007016196846961975
,,,19581,,0.005673189181834459
,,,19582,,0.008010488003492355
,,,19583,,0.007491905242204666
,,,19584,,0.008668586611747742
,,,19585,,0.00673987902700901
,,,19586,,0.007424571551382542
,,,19587,,0.007854796014726162
,,,19588,,0.0074556549079716206
,,,19589,,0.007363107521086931
,,,19590,,0.007557400036603212
,,,19591,,0.006256471388041973
,,,19592,,0.006359894759953022
,,,19593,,0.006586451083421707
,,,19594,,0.008843316696584225
,,,19595,,0.007465112488716841
,,,19596,,0.008650721982121468
,,,19597,,0.007701557129621506
,,,19598,,0.00886099599301815
,,,19599,,0.008206893689930439
,,,19600,,0.00782767217606306
,,,19601,,0.007060971111059189
,,,19602,,0.008231032639741898
,,,19603,,0.005571465007960796
,,,19604,,0.005807327572256327
,,,19605,,0.004970608279109001
,,,19606,,0.004981284029781818
,,,19607,,0.005122460424900055
,,,19608,,0.005776459351181984
,,,19609,,0.005129022058099508
,,,19610,,0.005251834634691477
,,,19611,,0.0048966435715556145
,,,19612,,0.00527123874053359
,,,19613,,0.0043852562084794044
,,,19614,,0.004216046072542667
,,,19615,,0.004847213625907898
,,,19616,,0.005278170574456453
,,,19617,,0.005327256396412849
,,,19618,,0.005136743187904358
,,,19619,,0.005712573882192373
,,,19620,,0.005570008419454098
,,,19621,,0.005671979393810034
,,,19622,,0.004869168624281883
,,,19623,,0.004914645571261644
,,,19624,,0.0058351848274469376
,,,19625,,0.005442188121378422
,,,19626,,0.00603874446824193
,,,19627,,0.006907440721988678
,,,19628,,0.006184035912156105
,,,19629,,0.006659450009465218
,,,19630,,0.005935564637184143
,,,19631,,0.005136593244969845
,,,19632,,0.00547095388174057
,,,19633,,0.007475877180695534
,,,19634,,0.006269803736358881
,,,19635,,0.005465331487357616
,,,19636,,0.007708136457949877
,,,19637,,0.005988448392599821
,,,19638,,0.00746475625783205
,,,19639,,0.0058528585359454155
,,,19640,,0.005631435662508011
,,,19641,,0.006629682146012783
,,,19642,,0.006352211814373732
,,,19643,,0.005467081908136606
,,,19644,,0.00689759012311697
,,,19645,,0.006221602205187082
,,,19646,,0.005903647281229496
,,,19647,,0.0025949799455702305
,,,19648,,0.002169304993003607
,,,19649,,0.0015065358020365238
,,,19650,,0.0015774371568113565
,,,19651,,0.0014724400825798512
,,,19652,,0.001411587349139154
,,,19653,,0.001738081336952746
,,,19654,,0.0014902822440490127
,,,19655,,0.0022072242572903633
,,,19656,,0.0018235309980809689
,,,19657,,0.0018069935031235218
,,,19658,,0.0018605295335873961
,,,19659,,0.0016982476226985455
,,,19660,,0.007131126243621111
,,,19661,,0.0075865574181079865
,,,19662,,0.008141125552356243
,,,19663,,0.006139721721410751
,,,19664,,0.0029117376543581486
,,,19665,,0.024687165394425392
,,,19666,,0.004536104388535023
,,,19667,,0.016717232763767242
,,,19668,,0.008251842111349106
,,,19669,,0.00824273843318224
,,,19670,,0.0139841940253973
,,,19671,,0.017660779878497124
,,,19672,,0.01641802117228508
,,,19673,,0.01671794429421425
,,,19674,,0.01081552542746067
,,,19675,,0.01821267232298851
,,,19676,,0.01569967344403267
,,,19677,,0.07261034101247787
,,,19678,,0.0573410838842392
,,,19679,,0.0455830842256546
,,,19680,,0.05043945088982582
,,,19681,,0.07261498272418976
,,,19682,,0.041589267551898956
,,,19683,,0.0464908704161644
,,,19684,,0.060942795127630234
,,,19685,,0.04352777451276779
,,,19686,,0.05548064410686493
,,,19687,,0.04495898261666298
,,,19688,,0.04931279271841049
,,,19689,,0.0591500885784626
,,,19690,,0.055009521543979645
,,,19691,,0.05335504561662674
,,,19692,,0.05031878128647804
,,,19693,,0.026186564937233925
85,,,6965,0.009823044762015343,
85,0.00854104571044445,,6965,,
86,,0.004516935907304287,6969,,
86,,0.010117379017174244,6979,,
86,,0.013333487324416637,6989,,
86,,0.004436591640114784,6999,,
86,,0.009772274643182755,7009,,
86,,0.01076777745038271,7019,,
86,,0.010770682245492935,7029,,
86,,0.01050480268895626,7039,,
,,,19694,,0.00038650684291496873
,,,19695,,0.00033548151259310544
,,,19696,,0.00048464059364050627
,,,19697,,0.0003841458528768271
,,,19698,,0.0008532406063750386
,,,19699,,0.0002593581739347428
,,,19700,,0.0006654118769802153
,,,19701,,0.00029665647889487445
,,,19702,,0.0006809935439378023
,,,19703,,0.0002907609159592539
,,,19704,,0.0008254025597125292
,,,19705,,0.0006447969935834408
,,,19706,,0.0002633657131809741
,,,19707,,0.0004543093382380903
,,,19708,,0.0005981174181215465
,,,19709,,0.00046856707194820046
,,,19710,,0.0008304031798616052
,,,19711,,0.0006464187754318118
,,,19712,,0.0009377137757837772
,,,19713,,0.0009521744213998318
,,,19714,,0.0003737081424333155
,,,19715,,0.0003452076925896108
,,,19716,,0.00038327198126353323
,,,19717,,0.0007659057155251503
,,,19718,,0.0006549045210704207
,,,19719,,0.000646534375846386
,,,19720,,0.0006090904935263097
,,,19721,,0.004677465185523033
,,,19722,,0.014779683202505112
,,,19723,,0.01236327551305294
,,,19724,,0.01222666073590517
,,,19725,,0.013591581024229527
,,,19726,,0.012152513489127159
,,,19727,,0.06743498146533966
,,,19728,,0.0206429623067379
,,,19729,,0.009988455101847649
,,,19730,,0.012106170877814293
,,,19731,,0.00798395462334156
,,,19732,,0.004549608565866947
,,,19733,,0.010689914226531982
,,,19734,,0.006539053283631802
,,,19735,,0.004581548739224672
,,,19736,,0.01111164316534996
,,,19737,,0.010033571161329746
,,,19738,,0.0054327379912137985
,,,19739,,0.013311111368238926
,,,19740,,0.006802124436944723
,,,19741,,0.0024850342888385057
,,,19742,,0.006763645447790623
,,,19743,,0.004096643999218941
,,,19744,,0.005328180734068155
,,,19745,,0.007040487602353096
,,,19746,,0.00217633880674839
,,,19747,,0.005662173498421907
,,,19748,,0.0051151299849152565
,,,19749,,0.009402904659509659
,,,19750,,0.009321827441453934
,,,19751,,0.004421520512551069
,,,19752,,0.006578199099749327
,,,19753,,0.0045722611248493195
,,,19754,,0.0057333167642354965
,,,19755,,0.004650036338716745
,,,19756,,0.00421197060495615
,,,19757,,0.005720959510654211
,,,19758,,0.00500069884583354
,,,19759,,0.0028144591487944126
,,,19760,,0.004186050035059452
,,,19761,,0.009398344904184341
,,,19762,,0.005109764169901609
,,,19763,,0.003019251860678196
,,,19764,,0.0036833849735558033
,,,19765,,0.00036675442242994905
,,,19766,,0.0007681394927203655
,,,19767,,0.00046062649926170707
,,,19768,,0.00047780468594282866
,,,19769,,0.00038546754512935877
,,,19770,,0.00041222956497222185
,,,19771,,0.0002683249767869711
,,,19772,,0.0003902913595084101
,,,19773,,0.000307579553918913
,,,19774,,0.0005372734740376472
,,,19775,,0.0004914550809189677
,,,19776,,0.0008432295289821923
,,,19777,,0.0004860328626818955
,,,19778,,0.006463846191763878
,,,19779,,0.007939831353724003
,,,19780,,0.0077257645316421986
,,,19781,,0.025913897901773453
,,,19782,,0.01819135621190071
,,,19783,,0.016318747773766518
,,,19784,,0.02649274468421936
,,,19785,,0.024729374796152115
,,,19786,,0.008682629093527794
,,,19787,,0.009385235607624054
,,,19788,,0.009674366563558578
,,,19789,,0.006883880123496056
,,,19790,,0.008240729570388794
,,,19791,,0.009547791443765163
,,,19792,,0.007797489408403635
,,,19793,,0.007819324731826782
,,,19794,,0.008950384333729744
,,,19795,,0.007836242206394672
,,,19796,,0.006837066262960434
,,,19797,,0.006604026071727276
,,,19798,,0.00910930335521698
,,,19799,,0.008727572858333588
,,,19800,,0.00934132095426321
,,,19801,,0.008601672947406769
,,,19802,,0.008104735054075718
,,,19803,,0.01074565201997757
,,,19804,,0.00917486660182476
,,,19805,,0.006959920283406973
,,,19806,,0.009103139862418175
,,,19807,,0.009379873052239418
,,,19808,,0.0067672403529286385
,,,19809,,0.006907121744006872
,,,19810,,0.0056267473846673965
,,,19811,,0.00805169902741909
,,,19812,,0.007648578844964504
,,,19813,,0.008858848363161087
,,,19814,,0.006885134615004063
,,,19815,,0.0076062739826738834
,,,19816,,0.007956825196743011
,,,19817,,0.007636735215783119
,,,19818,,0.007560748606920242
,,,19819,,0.00775951100513339
,,,19820,,0.00642489455640316
,,,19821,,0.006563873030245304
,,,19822,,0.006770262960344553
,,,19823,,0.009045032784342766
,,,19824,,0.007604754064232111
,,,19825,,0.008840363472700119
,,,19826,,0.007932737469673157
,,,19827,,0.009094295091927052
,,,19828,,0.008400624617934227
,,,19829,,0.008048749528825283
,,,19830,,0.0072376783937215805
,,,19831,,0.008450127206742764
,,,19832,,0.005849163513630629
,,,19833,,0.006035319995135069
,,,19834,,0.005032478366047144
,,,19835,,0.005026514176279306
,,,19836,,0.005240735597908497
,,,19837,,0.005964282900094986
,,,19838,,0.005336664617061615
,,,19839,,0.0054237572476267815
,,,19840,,0.005050871521234512
,,,19841,,0.00552871311083436
,,,19842,,0.004495446570217609
,,,19843,,0.004351000301539898
,,,19844,,0.005051618441939354
,,,19845,,0.005339547526091337
,,,19846,,0.005552333313971758
,,,19847,,0.005297204479575157
,,,19848,,0.006002419628202915
,,,19849,,0.005685054697096348
,,,19850,,0.005716249812394381
,,,19851,,0.005014249589294195
,,,19852,,0.00504629872739315
,,,19853,,0.006019093561917543
,,,19854,,0.005357656627893448
,,,19855,,0.005937442183494568
,,,19856,,0.006795085966587067
,,,19857,,0.006069333758205175
,,,19858,,0.006568784359842539
,,,19859,,0.005798541009426117
,,,19860,,0.004994906019419432
,,,19861,,0.005347049329429865
,,,19862,,0.007335296832025051
,,,19863,,0.0061394404619932175
,,,19864,,0.0053118132054805756
,,,19865,,0.007581708487123251
,,,19866,,0.0058289701119065285
,,,19867,,0.007382182404398918
,,,19868,,0.005716315936297178
,,,19869,,0.005502617917954922
,,,19870,,0.006487715989351273
,,,19871,,0.006231878884136677
,,,19872,,0.00534022506326437
,,,19873,,0.006778458133339882
,,,19874,,0.006063871551305056
,,,19875,,0.005809335969388485
,,,19876,,0.0024143869522958994
,,,19877,,0.0019902274943888187
,,,19878,,0.0014378692721948028
,,,19879,,0.0015392296481877565
,,,19880,,0.0014460788806900382
,,,19881,,0.0013378341682255268
,,,19882,,0.0016598200891166925
,,,19883,,0.0014223119942471385
,,,19884,,0.002095962641760707
,,,19885,,0.0016705014277249575
,,,19886,,0.0017052516341209412
,,,19887,,0.0019226137083023787
,,,19888,,0.001557789510115981
,,,19889,,0.007147911004722118
,,,19890,,0.007611934095621109
,,,19891,,0.008410556241869926
,,,19892,,0.006359380204230547
,,,19893,,0.002828311175107956
,,,19894,,0.024568719789385796
,,,19895,,0.00464643444865942
,,,19896,,0.01563521847128868
,,,19897,,0.009043878875672817
,,,19898,,0.008075456134974957
,,,19899,,0.014543186873197556
,,,19900,,0.01707955077290535
,,,19901,,0.01766568049788475
,,,19902,,0.017045294865965843
,,,19903,,0.010790039785206318
,,,19904,,0.017918050289154053
,,,19905,,0.015287413261830807
,,,19906,,0.07102106511592865
,,,19907,,0.055397018790245056
,,,19908,,0.04456805810332298
,,,19909,,0.049593642354011536
,,,19910,,0.07130526006221771
,,,19911,,0.039982300251722336
,,,19912,,0.04550103843212128
,,,19913,,0.05952997878193855
,,,19914,,0.042782261967659
,,,19915,,0.05392635613679886
,,,19916,,0.043505456298589706
,,,19917,,0.04792668670415878
,,,19918,,0.05827417969703674
,,,19919,,0.05314446985721588
,,,19920,,0.051661066710948944
,,,19921,,0.04923118278384209
,,,19922,,0.026188790798187256
86,,,7046,0.009791139513254166,
86,0.008548625744879246,,7046,,
87,,0.005596600007265806,7049,,
87,,0.004972714930772781,7059,,
87,,0.004390346352010965,7069,,
87,,0.013059130869805813,7079,,
87,,0.013827252201735973,7089,,
87,,0.006996456068009138,7099,,
87,,0.01692507229745388,7109,,
87,,0.007379146292805672,7119,,
,,,19923,,0.00030807487200945616
,,,19924,,0.0002468375605531037
,,,19925,,0.0004963560495525599
,,,19926,,0.00022231810726225376
,,,19927,,0.00045409987797029316
,,,19928,,0.00020588634652085602
,,,19929,,0.0004625823930837214
,,,19930,,0.0001881407224573195
,,,19931,,0.0003294707858003676
,,,19932,,0.00022275393712334335
,,,19933,,0.0006878272397443652
,,,19934,,0.0006940176244825125
,,,19935,,0.00021658082550857216
,,,19936,,0.000321828993037343
,,,19937,,0.0005411657621152699
,,,19938,,0.0002799697977025062
,,,19939,,0.0006853170925751328
,,,19940,,0.0004779494774993509
,,,19941,,0.00047370555694215
,,,19942,,0.001001920085400343
,,,19943,,0.0002764677628874779
,,,19944,,0.0002169506042264402
,,,19945,,0.00017428211867809296
,,,19946,,0.0007069474086165428
,,,19947,,0.0005652656545862556
,,,19948,,0.0004427533713169396
,,,19949,,0.0004396138247102499
,,,19950,,0.004623508080840111
,,,19951,,0.014653378166258335
,,,19952,,0.012255290523171425
,,,19953,,0.012152386829257011
,,,19954,,0.013540941290557384
,,,19955,,0.01203187182545662
,,,19956,,0.06695321202278137
,,,19957,,0.020497828722000122
,,,19958,,0.009860052727162838
,,,19959,,0.012032918632030487
,,,19960,,0.007938336580991745
,,,19961,,0.004500999115407467
,,,19962,,0.010624272748827934
,,,19963,,0.006500463001430035
,,,19964,,0.004578590393066406
,,,19965,,0.010990923270583153
,,,19966,,0.009988777339458466
,,,19967,,0.005427014548331499
,,,19968,,0.013246849179267883
,,,19969,,0.0067815231159329414
,,,19970,,0.0025126487016677856
,,,19971,,0.006700253114104271
,,,19972,,0.004124540835618973
,,,19973,,0.005352359265089035
,,,19974,,0.007058519404381514
,,,19975,,0.002238525077700615
,,,19976,,0.005659242160618305
,,,19977,,0.005074993707239628
,,,19978,,0.008991474285721779
,,,19979,,0.008866407908499241
,,,19980,,0.0044557503424584866
,,,19981,,0.006304142531007528
,,,19982,,0.004497063346207142
,,,19983,,0.0054921722039580345
,,,19984,,0.004463011398911476
,,,19985,,0.004133989103138447
,,,19986,,0.005561301950365305
,,,19987,,0.00487529905512929
,,,19988,,0.0027608030941337347
,,,19989,,0.0041403621435165405
,,,19990,,0.008980590850114822
,,,19991,,0.005019735544919968
,,,19992,,0.0030832593329250813
,,,19993,,0.0033953282982110977
,,,19994,,0.00031250319443643093
,,,19995,,0.000692097470164299
,,,19996,,0.0005149951903149486
,,,19997,,0.0003895633853971958
,,,19998,,0.0003282646357547492
,,,19999,,0.0003739595413208008
,,,20000,,0.00022154804901219904
,,,20001,,0.0004062875814270228
,,,20002,,0.0002724014630075544
,,,20003,,0.0005192251410335302
,,,20004,,0.00042524689342826605
,,,20005,,0.0007106835255399346
,,,20006,,0.00046885546180419624
,,,20007,,0.006291016470640898
,,,20008,,0.007852727547287941
,,,20009,,0.007650607265532017
,,,20010,,0.02561303600668907
,,,20011,,0.018602250143885612
,,,20012,,0.019178809598088264
,,,20013,,0.03102114051580429
,,,20014,,0.029341410845518112
,,,20015,,0.009473254904150963
,,,20016,,0.009370191022753716
,,,20017,,0.00958271324634552
,,,20018,,0.006804098375141621
,,,20019,,0.00806582160294056
,,,20020,,0.009411261416971684
,,,20021,,0.007708318531513214
,,,20022,,0.007725082337856293
,,,20023,,0.008835001848638058
,,,20024,,0.007625922095030546
,,,20025,,0.006782486103475094
,,,20026,,0.00653526047244668
,,,20027,,0.008995171636343002
,,,20028,,0.008681846782565117
,,,20029,,0.009254002943634987
,,,20030,,0.008559266105294228
,,,20031,,0.008076729252934456
,,,20032,,0.01070033572614193
,,,20033,,0.00912611186504364
,,,20034,,0.006918522994965315
,,,20035,,0.009016960859298706
,,,20036,,0.009237134829163551
,,,20037,,0.006464257370680571
,,,20038,,0.006559893023222685
,,,20039,,0.005368759389966726
,,,20040,,0.007954318076372147
,,,20041,,0.007525515276938677
,,,20042,,0.008689399808645248
,,,20043,,0.006727913394570351
,,,20044,,0.007407697383314371
,,,20045,,0.007804967928677797
,,,20046,,0.007543915417045355
,,,20047,,0.00734684057533741
,,,20048,,0.007533183321356773
,,,20049,,0.006304414011538029
,,,20050,,0.006327823270112276
,,,20051,,0.006598660722374916
,,,20052,,0.008848708122968674
,,,20053,,0.007445447146892548
,,,20054,,0.008699125610291958
,,,20055,,0.007667874451726675
,,,20056,,0.00883428007364273
,,,20057,,0.00824513379484415
,,,20058,,0.007840643636882305
,,,20059,,0.006990480236709118
,,,20060,,0.008189564570784569
,,,20061,,0.005596409551799297
,,,20062,,0.005751326214522123
,,,20063,,0.004937103018164635
,,,20064,,0.004961403086781502
,,,20065,,0.005111470352858305
,,,20066,,0.005694804713129997
,,,20067,,0.005237938370555639
,,,20068,,0.005132514983415604
,,,20069,,0.004929881542921066
,,,20070,,0.005288948304951191
,,,20071,,0.004380512051284313
,,,20072,,0.004170633852481842
,,,20073,,0.004853732883930206
,,,20074,,0.00515309302136302
,,,20075,,0.005288450047373772
,,,20076,,0.005121399182826281
,,,20077,,0.005729617550969124
,,,20078,,0.005570598877966404
,,,20079,,0.005620147101581097
,,,20080,,0.004842960741370916
,,,20081,,0.004810039885342121
,,,20082,,0.0058370125479996204
,,,20083,,0.005320556461811066
,,,20084,,0.005962506402283907
,,,20085,,0.0067375595681369305
,,,20086,,0.006058218888938427
,,,20087,,0.006552398670464754
,,,20088,,0.005796569399535656
,,,20089,,0.0049415696412324905
,,,20090,,0.00535531435161829
,,,20091,,0.007333534769713879
,,,20092,,0.0061126770451664925
,,,20093,,0.005337705835700035
,,,20094,,0.0075535946525633335
,,,20095,,0.005860953591763973
,,,20096,,0.007383277174085379
,,,20097,,0.005737354047596455
,,,20098,,0.005529278889298439
,,,20099,,0.0064834002405405045
,,,20100,,0.00618261331692338
,,,20101,,0.005357846152037382
,,,20102,,0.006767787970602512
,,,20103,,0.006089852191507816
,,,20104,,0.005830660462379456
,,,20105,,0.002496167551726103
,,,20106,,0.002009259071201086
,,,20107,,0.0013879729667678475
,,,20108,,0.00152370217256248
,,,20109,,0.0013296050019562244
,,,20110,,0.0012499471195042133
,,,20111,,0.00163866369985044
,,,20112,,0.0013901512138545513
,,,20113,,0.0021408703178167343
,,,20114,,0.0016660400433465838
,,,20115,,0.00165225425735116
,,,20116,,0.0017825369723141193
,,,20117,,0.0015738080255687237
,,,20118,,0.0071163540706038475
,,,20119,,0.007549591362476349
,,,20120,,0.008314469829201698
,,,20121,,0.006427140906453133
,,,20122,,0.003205259796231985
,,,20123,,0.025167178362607956
,,,20124,,0.004437803290784359
,,,20125,,0.016913825646042824
,,,20126,,0.00854154210537672
,,,20127,,0.008067737333476543
,,,20128,,0.014283189550042152
,,,20129,,0.018990986049175262
,,,20130,,0.018101494759321213
,,,20131,,0.016923286020755768
,,,20132,,0.011316804215312004
,,,20133,,0.018557589501142502
,,,20134,,0.015580055303871632
,,,20135,,0.07114142179489136
,,,20136,,0.05635016784071922
,,,20137,,0.045304495841264725
,,,20138,,0.050149522721767426
,,,20139,,0.07207958400249481
,,,20140,,0.04060148447751999
,,,20141,,0.04535721242427826
,,,20142,,0.06079651415348053
,,,20143,,0.04305899888277054
,,,20144,,0.053663525730371475
,,,20145,,0.04435800015926361
,,,20146,,0.04814929515123367
,,,20147,,0.058863963931798935
,,,20148,,0.054503925144672394
,,,20149,,0.0529014989733696
,,,20150,,0.04946146905422211
,,,20151,,0.02595803700387478
87,,,7127,0.009821269661188126,
87,0.008420685306191444,,7127,,
88,,0.017923273146152496,7129,,
88,,0.006547102704644203,7139,,
88,,0.0055220285430550575,7149,,
88,,0.01269521564245224,7159,,
88,,0.008049282245337963,7169,,
88,,0.006463729776442051,7179,,
88,,0.008676012046635151,7189,,
88,,0.010085430927574635,7199,,
,,,20152,,0.000267283758148551
,,,20153,,0.00021546959760598838
,,,20154,,0.0004433355643413961
,,,20155,,0.000209496560273692
,,,20156,,0.0004371781542431563
,,,20157,,0.00017721144831739366
,,,20158,,0.00045190821401774883
,,,20159,,0.00017043336993083358
,,,20160,,0.00032553193159401417
,,,20161,,0.00018906040349975228
,,,20162,,0.0006763130659237504
,,,20163,,0.0006120246835052967
,,,20164,,0.000200049631530419
,,,20165,,0.0002753349835984409
,,,20166,,0.0004598902305588126
,,,20167,,0.000257602398050949
,,,20168,,0.0006258343928493559
,,,20169,,0.00047477276530116796
,,,20170,,0.0004660479607991874
,,,20171,,0.0008748940308578312
,,,20172,,0.00023035041522234678
,,,20173,,0.0001957203057827428
,,,20174,,0.00015260765212588012
,,,20175,,0.0006091102841310203
,,,20176,,0.0004987947759218514
,,,20177,,0.00042967661283910275
,,,20178,,0.00041335434070788324
,,,20179,,0.004589316435158253
,,,20180,,0.014615561813116074
,,,20181,,0.012225060723721981
,,,20182,,0.012091971933841705
,,,20183,,0.013478279113769531
,,,20184,,0.012008372694253922
,,,20185,,0.06684558093547821
,,,20186,,0.020454078912734985
,,,20187,,0.00982680730521679
,,,20188,,0.012012394145131111
,,,20189,,0.00790501944720745
,,,20190,,0.004448257386684418
,,,20191,,0.010544835589826107
,,,20192,,0.006466500461101532
,,,20193,,0.0044760145246982574
,,,20194,,0.010882577858865261
,,,20195,,0.010040661320090294
,,,20196,,0.0053919837810099125
,,,20197,,0.013217045925557613
,,,20198,,0.00672078737989068
,,,20199,,0.0025162887759506702
,,,20200,,0.006675385870039463
,,,20201,,0.004065266810357571
,,,20202,,0.005375619977712631
,,,20203,,0.006995823699980974
,,,20204,,0.0021558755543082952
,,,20205,,0.0055879224091768265
,,,20206,,0.00476268632337451
,,,20207,,0.00899575650691986
,,,20208,,0.008848408237099648
,,,20209,,0.004236265551298857
,,,20210,,0.006263641640543938
,,,20211,,0.0043573761358857155
,,,20212,,0.00532956887036562
,,,20213,,0.0043454403057694435
,,,20214,,0.003924292512238026
,,,20215,,0.005543729290366173
,,,20216,,0.004781633615493774
,,,20217,,0.002624951070174575
,,,20218,,0.0038307944778352976
,,,20219,,0.008896918967366219
,,,20220,,0.004841755144298077
,,,20221,,0.0027577904984354973
,,,20222,,0.0034404366742819548
,,,20223,,0.0003052825341001153
,,,20224,,0.0006485541816800833
,,,20225,,0.0003455198311712593
,,,20226,,0.00033124693436548114
,,,20227,,0.0003248349530622363
,,,20228,,0.00037331771454773843
,,,20229,,0.00022245194122660905
,,,20230,,0.0002706455416046083
,,,20231,,0.00022629598970524967
,,,20232,,0.00048017254448495805
,,,20233,,0.0003406911273486912
,,,20234,,0.0009209313429892063
,,,20235,,0.00048766189138405025
,,,20236,,0.006269032135605812
,,,20237,,0.007761051878333092
,,,20238,,0.007290377281606197
,,,20239,,0.024644531309604645
,,,20240,,0.016977310180664062
,,,20241,,0.015016271732747555
,,,20242,,0.02461335062980652
,,,20243,,0.022960763424634933
,,,20244,,0.00795433297753334
,,,20245,,0.00888850912451744
,,,20246,,0.009107450023293495
,,,20247,,0.00642405916005373
,,,20248,,0.007669581100344658
,,,20249,,0.009031528607010841
,,,20250,,0.007282420061528683
,,,20251,,0.007354279048740864
,,,20252,,0.008388054557144642
,,,20253,,0.0072763036005198956
,,,20254,,0.006357083097100258
,,,20255,,0.006225346587598324
,,,20256,,0.008486088365316391
,,,20257,,0.008190437220036983
,,,20258,,0.008889411576092243
,,,20259,,0.008193893358111382
,,,20260,,0.0076910448260605335
,,,20261,,0.010240614414215088
,,,20262,,0.008655978366732597
,,,20263,,0.006559478119015694
,,,20264,,0.008587931282818317
,,,20265,,0.00878725666552782
,,,20266,,0.006385828368365765
,,,20267,,0.006482413038611412
,,,20268,,0.005272155627608299
,,,20269,,0.007746947929263115
,,,20270,,0.007245324086397886
,,,20271,,0.008348893374204636
,,,20272,,0.006519751623272896
,,,20273,,0.007165915332734585
,,,20274,,0.007546369452029467
,,,20275,,0.007243738509714603
,,,20276,,0.007112851366400719
,,,20277,,0.007195961195975542
,,,20278,,0.006039345636963844
,,,20279,,0.006115513853728771
,,,20280,,0.006375204771757126
,,,20281,,0.008570418693125248
,,,20282,,0.007216332480311394
,,,20283,,0.008352168835699558
,,,20284,,0.0074410270899534225
,,,20285,,0.008448486216366291
,,,20286,,0.00796031765639782
,,,20287,,0.007583295460790396
,,,20288,,0.006835611537098885
,,,20289,,0.007928870618343353
,,,20290,,0.005414141807705164
,,,20291,,0.005586803890764713
,,,20292,,0.004772460553795099
,,,20293,,0.004801255650818348
,,,20294,,0.005002208054065704
,,,20295,,0.005631165578961372
,,,20296,,0.005040016025304794
,,,20297,,0.005062267184257507
,,,20298,,0.004736859351396561
,,,20299,,0.005133379250764847
,,,20300,,0.004278966691344976
,,,20301,,0.0040498171001672745
,,,20302,,0.004690602887421846
,,,20303,,0.005040310323238373
,,,20304,,0.005139870103448629
,,,20305,,0.004964080639183521
,,,20306,,0.005554354749619961
,,,20307,,0.005406211130321026
,,,20308,,0.005464643239974976
,,,20309,,0.0047458987683057785
,,,20310,,0.004710590932518244
,,,20311,,0.0056913928128778934
,,,20312,,0.005239080637693405
,,,20313,,0.0058413599617779255
,,,20314,,0.006666620261967182
,,,20315,,0.0059791989624500275
,,,20316,,0.006446024402976036
,,,20317,,0.005745156668126583
,,,20318,,0.004914451390504837
,,,20319,,0.005295652896165848
,,,20320,,0.007223833817988634
,,,20321,,0.006010992452502251
,,,20322,,0.005271128844469786
,,,20323,,0.007449423428624868
,,,20324,,0.005765818990767002
,,,20325,,0.007255745120346546
,,,20326,,0.005681484006345272
,,,20327,,0.005423354916274548
,,,20328,,0.006393625400960445
,,,20329,,0.006144345737993717
,,,20330,,0.005247269757091999
,,,20331,,0.006654385011643171
,,,20332,,0.0060118441469967365
,,,20333,,0.005698916502296925
,,,20334,,0.002328874310478568
,,,20335,,0.0019345751497894526
,,,20336,,0.0014050063909962773
,,,20337,,0.0014646624913439155
,,,20338,,0.0013515313621610403
,,,20339,,0.0012528945226222277
,,,20340,,0.0016463925130665302
,,,20341,,0.0013362731551751494
,,,20342,,0.0019719372503459454
,,,20343,,0.0016219720710068941
,,,20344,,0.001631247578188777
,,,20345,,0.0017435802146792412
,,,20346,,0.0014902926050126553
,,,20347,,0.006779555231332779
,,,20348,,0.007032048888504505
,,,20349,,0.00806572288274765
,,,20350,,0.005879134871065617
,,,20351,,0.0026979991234838963
,,,20352,,0.023506611585617065
,,,20353,,0.004135886672884226
,,,20354,,0.016813239082694054
,,,20355,,0.00857515074312687
,,,20356,,0.007691049017012119
,,,20357,,0.0136813810095191
,,,20358,,0.016396092250943184
,,,20359,,0.017215270549058914
,,,20360,,0.016555029898881912
,,,20361,,0.011050039902329445
,,,20362,,0.018335577100515366
,,,20363,,0.014863800257444382
,,,20364,,0.07020948827266693
,,,20365,,0.05498993769288063
,,,20366,,0.04416041448712349
,,,20367,,0.04939451813697815
,,,20368,,0.07074224948883057
,,,20369,,0.040170375257730484
,,,20370,,0.04490280896425247
,,,20371,,0.059070657938718796
,,,20372,,0.042035479098558426
,,,20373,,0.053034715354442596
,,,20374,,0.0432380847632885
,,,20375,,0.04749920219182968
,,,20376,,0.05746011808514595
,,,20377,,0.05298420041799545
,,,20378,,0.05135175213217735
,,,20379,,0.04874531924724579
,,,20380,,0.024768691509962082
88,,,7208,0.009498009458184242,
88,0.008640625514090061,,7208,,
89,,0.003037163056433201,7209,,
89,,0.004222971387207508,7219,,
89,,0.006785584148019552,7229,,
89,,0.00574912317097187,7239,,
89,,0.008174368180334568,7249,,
89,,0.01254455279558897,7259,,
89,,0.00902574509382248,7269,,
89,,0.005780930630862713,7279,,
89,,0.005485886242240667,7289,,
,,,20381,,0.00043626746628433466
,,,20382,,0.000391919631510973
,,,20383,,0.0006281397072598338
,,,20384,,0.00032494982588104904
,,,20385,,0.0005361840594559908
,,,20386,,0.00029374094447121024
,,,20387,,0.0005469325697049499
,,,20388,,0.0003284288104623556
,,,20389,,0.00039800204103812575
,,,20390,,0.00033254033769480884
,,,20391,,0.0007620811811648309
,,,20392,,0.0008294692379422486
,,,20393,,0.0003848543274216354
,,,20394,,0.00042770832078531384
,,,20395,,0.000638504046946764
,,,20396,,0.00045156723354011774
,,,20397,,0.0008577961707487702
,,,20398,,0.0006881909212097526
,,,20399,,0.0006044997135177255
,,,20400,,0.0010813872795552015
,,,20401,,0.000422417011577636
,,,20402,,0.00039405919960699975
,,,20403,,0.00033235998125746846
,,,20404,,0.0008219084120355546
,,,20405,,0.0007038285839371383
,,,20406,,0.0006132628186605871
,,,20407,,0.0005861371173523366
,,,20408,,0.004583182744681835
,,,20409,,0.014529798179864883
,,,20410,,0.012134697288274765
,,,20411,,0.012060388922691345
,,,20412,,0.013421345502138138
,,,20413,,0.011945901438593864
,,,20414,,0.0662749707698822
,,,20415,,0.020334195345640182
,,,20416,,0.009767169132828712
,,,20417,,0.011927484534680843
,,,20418,,0.007838498800992966
,,,20419,,0.0044123586267232895
,,,20420,,0.010487796738743782
,,,20421,,0.006421343423426151
,,,20422,,0.004407905973494053
,,,20423,,0.010739365592598915
,,,20424,,0.009786433540284634
,,,20425,,0.005319803021848202
,,,20426,,0.012986209243535995
,,,20427,,0.006574700586497784
,,,20428,,0.0024018543772399426
,,,20429,,0.006462643854320049
,,,20430,,0.003967129159718752
,,,20431,,0.0052957721054553986
,,,20432,,0.006913183256983757
,,,20433,,0.0021149690728634596
,,,20434,,0.005502094514667988
,,,20435,,0.004905060864984989
,,,20436,,0.00888359360396862
,,,20437,,0.008752713911235332
,,,20438,,0.004167841747403145
,,,20439,,0.006239280104637146
,,,20440,,0.004634445998817682
,,,20441,,0.005382837727665901
,,,20442,,0.004387817811220884
,,,20443,,0.003942921757698059
,,,20444,,0.005454125814139843
,,,20445,,0.0048730759881436825
,,,20446,,0.002740394789725542
,,,20447,,0.0042957039549946785
,,,20448,,0.008748400025069714
,,,20449,,0.0047218045219779015
,,,20450,,0.002919553080573678
,,,20451,,0.00360560929402709
,,,20452,,0.0004683338338509202
,,,20453,,0.0006819557165727019
,,,20454,,0.0002898074162658304
,,,20455,,0.0004388205416034907
,,,20456,,0.000509565114043653
,,,20457,,0.0004878592153545469
,,,20458,,0.00035961222602054477
,,,20459,,0.000318979931762442
,,,20460,,0.0003164305817335844
,,,20461,,0.0005663246847689152
,,,20462,,0.00044055818580091
,,,20463,,0.0013330189976841211
,,,20464,,0.0006086105131544173
,,,20465,,0.006221502088010311
,,,20466,,0.007686635013669729
,,,20467,,0.0071862246841192245
,,,20468,,0.023513134568929672
,,,20469,,0.016133461147546768
,,,20470,,0.014729619026184082
,,,20471,,0.02432197704911232
,,,20472,,0.022988300770521164
,,,20473,,0.007981635630130768
,,,20474,,0.00909400824457407
,,,20475,,0.00937889888882637
,,,20476,,0.006552298553287983
,,,20477,,0.007855836302042007
,,,20478,,0.009246593341231346
,,,20479,,0.007403349503874779
,,,20480,,0.00748770497739315
,,,20481,,0.008654464036226273
,,,20482,,0.007535299751907587
,,,20483,,0.006475399248301983
,,,20484,,0.006393846124410629
,,,20485,,0.00867127999663353
,,,20486,,0.008442431688308716
,,,20487,,0.008999990299344063
,,,20488,,0.008402438834309578
,,,20489,,0.007859356701374054
,,,20490,,0.010460705496370792
,,,20491,,0.008801554329693317
,,,20492,,0.006718019023537636
,,,20493,,0.008762147277593613
,,,20494,,0.008959269151091576
,,,20495,,0.006393365561962128
,,,20496,,0.0064262812957167625
,,,20497,,0.005414537154138088
,,,20498,,0.00789052527397871
,,,20499,,0.007395562250167131
,,,20500,,0.00848460290580988
,,,20501,,0.006679023150354624
,,,20502,,0.007352194283157587
,,,20503,,0.007785379886627197
,,,20504,,0.00733525725081563
,,,20505,,0.007291361689567566
,,,20506,,0.007475696038454771
,,,20507,,0.006160265766084194
,,,20508,,0.006306367926299572
,,,20509,,0.006548052188009024
,,,20510,,0.00864486675709486
,,,20511,,0.0074072591960430145
,,,20512,,0.008454101160168648
,,,20513,,0.0076351892203092575
,,,20514,,0.008659504354000092
,,,20515,,0.008121402934193611
,,,20516,,0.007746134418994188
,,,20517,,0.007006876170635223
,,,20518,,0.00810029823333025
,,,20519,,0.005501209758222103
,,,20520,,0.0057216123677790165
,,,20521,,0.005013779737055302
,,,20522,,0.004972539842128754
,,,20523,,0.00510863121598959
,,,20524,,0.005739603191614151
,,,20525,,0.005005965009331703
,,,20526,,0.005133739672601223
,,,20527,,0.004841766785830259
,,,20528,,0.005236614495515823
,,,20529,,0.004383890889585018
,,,20530,,0.004206082783639431
,,,20531,,0.00477260397747159
,,,20532,,0.005239388905465603
,,,20533,,0.005187072325497866
,,,20534,,0.005057146307080984
,,,20535,,0.005553647875785828
,,,20536,,0.0054700858891010284
,,,20537,,0.00568349426612258
,,,20538,,0.00483354739844799
,,,20539,,0.004872092045843601
,,,20540,,0.005756591446697712
,,,20541,,0.005304547026753426
,,,20542,,0.00582663482055068
,,,20543,,0.006749923340976238
,,,20544,,0.0060078464448452
,,,20545,,0.00654345890507102
,,,20546,,0.005770205054432154
,,,20547,,0.004970470443367958
,,,20548,,0.005360574461519718
,,,20549,,0.007282565347850323
,,,20550,,0.006116729229688644
,,,20551,,0.00525908637791872
,,,20552,,0.007531134411692619
,,,20553,,0.0058428458869457245
,,,20554,,0.007263260893523693
,,,20555,,0.005655888468027115
,,,20556,,0.005478421226143837
,,,20557,,0.006403985433280468
,,,20558,,0.006163319572806358
,,,20559,,0.005316448397934437
,,,20560,,0.006719743832945824
,,,20561,,0.006042970810085535
,,,20562,,0.0057658241130411625
,,,20563,,0.0022117795888334513
,,,20564,,0.0019296365790069103
,,,20565,,0.0014999841805547476
,,,20566,,0.001458172220736742
,,,20567,,0.0013410671381279826
,,,20568,,0.0012227394618093967
,,,20569,,0.0017224118346348405
,,,20570,,0.0012921940069645643
,,,20571,,0.0019401113968342543
,,,20572,,0.0015773936174809933
,,,20573,,0.0016356154810637236
,,,20574,,0.0016497746109962463
,,,20575,,0.0014798318734392524
,,,20576,,0.007123976480215788
,,,20577,,0.007897835224866867
,,,20578,,0.00837615318596363
,,,20579,,0.006571651436388493
,,,20580,,0.003030764404684305
,,,20581,,0.02457631379365921
,,,20582,,0.0044990116730332375
,,,20583,,0.0165272057056427
,,,20584,,0.009009291417896748
,,,20585,,0.008117751218378544
,,,20586,,0.014605672098696232
,,,20587,,0.017859771847724915
,,,20588,,0.01745496317744255
,,,20589,,0.017237268388271332
,,,20590,,0.011006980203092098
,,,20591,,0.01815396174788475
,,,20592,,0.015253923833370209
,,,20593,,0.07051147520542145
,,,20594,,0.05430779978632927
,,,20595,,0.043698012828826904
,,,20596,,0.04923770949244499
,,,20597,,0.0704539343714714
,,,20598,,0.03978133201599121
,,,20599,,0.04473363980650902
,,,20600,,0.05908699333667755
,,,20601,,0.04188352823257446
,,,20602,,0.052873700857162476
,,,20603,,0.04294971749186516
,,,20604,,0.04711814969778061
,,,20605,,0.057784032076597214
,,,20606,,0.05318906158208847
,,,20607,,0.051156483590602875
,,,20608,,0.04815599322319031
,,,20609,,0.02515137754380703
89,,,7289,0.009571641683578491,
89,0.008249937556684017,,7289,,
90,,0.006414017640054226,7299,,
90,,0.010201018303632736,7309,,
90,,0.0065747955814003944,7319,,
90,,0.007538400590419769,7329,,
90,,0.008116061799228191,7339,,
90,,0.008265344426035881,7349,,
90,,0.0032975533977150917,7359,,
90,,0.006047863978892565,7369,,
,,,20610,,0.00026684810291044414
,,,20611,,0.00020969110482838005
,,,20612,,0.0004395330906845629
,,,20613,,0.0001971350284293294
,,,20614,,0.000415805377997458
,,,20615,,0.00016621648683212698
,,,20616,,0.00042077101534232497
,,,20617,,0.00015493175305891782
,,,20618,,0.0003119574976153672
,,,20619,,0.0001839795586420223
,,,20620,,0.0006492280517704785
,,,20621,,0.0006456597475335002
,,,20622,,0.00018173328135162592
,,,20623,,0.0002783455711323768
,,,20624,,0.0004574026679620147
,,,20625,,0.0002525998861528933
,,,20626,,0.0006244841497391462
,,,20627,,0.00043408479541540146
,,,20628,,0.00043439184082672
,,,20629,,0.0008689718088135123
,,,20630,,0.0002303268265677616
,,,20631,,0.00018516714044380933
,,,20632,,0.00014684350753668696
,,,20633,,0.00059938442427665
,,,20634,,0.0004957427154295146
,,,20635,,0.00040920026367530227
,,,20636,,0.000402106496039778
,,,20637,,0.004538925364613533
,,,20638,,0.014491824433207512
,,,20639,,0.012103484943509102
,,,20640,,0.012006789445877075
,,,20641,,0.013381551951169968
,,,20642,,0.011922657489776611
,,,20643,,0.06611854583024979
,,,20644,,0.02029404416680336
,,,20645,,0.009736835956573486
,,,20646,,0.011924045160412788
,,,20647,,0.007837899029254913
,,,20648,,0.004402283113449812
,,,20649,,0.010483333840966225
,,,20650,,0.006394520867615938
,,,20651,,0.0044108242727816105
,,,20652,,0.01065218448638916
,,,20653,,0.009795133024454117
,,,20654,,0.005307935178279877
,,,20655,,0.01298082061111927
,,,20656,,0.006609320640563965
,,,20657,,0.0024389540776610374
,,,20658,,0.006499014794826508
,,,20659,,0.004007201641798019
,,,20660,,0.005310879088938236
,,,20661,,0.006893825717270374
,,,20662,,0.002134775510057807
,,,20663,,0.005515320226550102
,,,20664,,0.0047273943200707436
,,,20665,,0.008661774918437004
,,,20666,,0.00853317603468895
,,,20667,,0.004113369155675173
,,,20668,,0.006149418652057648
,,,20669,,0.004303058609366417
,,,20670,,0.005198772065341473
,,,20671,,0.004272159188985825
,,,20672,,0.003920569084584713
,,,20673,,0.0053955670446157455
,,,20674,,0.00470028817653656
,,,20675,,0.0025591780431568623
,,,20676,,0.003903783857822418
,,,20677,,0.00857308879494667
,,,20678,,0.004726373590528965
,,,20679,,0.0026397136971354485
,,,20680,,0.003319469979032874
,,,20681,,0.0002987037878483534
,,,20682,,0.000659360783174634
,,,20683,,0.0004295289400033653
,,,20684,,0.00038965357816778123
,,,20685,,0.00031082547502592206
,,,20686,,0.0003556027659215033
,,,20687,,0.00020231195958331227
,,,20688,,0.00035483864485286176
,,,20689,,0.0002496310044080019
,,,20690,,0.00047826379886828363
,,,20691,,0.00042061557178385556
,,,20692,,0.0007358586881309748
,,,20693,,0.00042394318734295666
,,,20694,,0.006030241958796978
,,,20695,,0.007455161307007074
,,,20696,,0.006958547979593277
,,,20697,,0.022641673684120178
,,,20698,,0.01578381098806858
,,,20699,,0.01447043102234602
,,,20700,,0.023869898170232773
,,,20701,,0.022613991051912308
,,,20702,,0.00777896773070097
,,,20703,,0.008755911141633987
,,,20704,,0.008924842812120914
,,,20705,,0.006299762520939112
,,,20706,,0.007504602894186974
,,,20707,,0.008836241438984871
,,,20708,,0.007120037917047739
,,,20709,,0.007178738713264465
,,,20710,,0.008266964927315712
,,,20711,,0.007137897424399853
,,,20712,,0.006211559288203716
,,,20713,,0.006128806620836258
,,,20714,,0.008327273651957512
,,,20715,,0.008107712492346764
,,,20716,,0.008701629936695099
,,,20717,,0.008075527846813202
,,,20718,,0.0075776707381010056
,,,20719,,0.010080676525831223
,,,20720,,0.0084803756326437
,,,20721,,0.006461216136813164
,,,20722,,0.008465554565191269
,,,20723,,0.008597636595368385
,,,20724,,0.006250434555113316
,,,20725,,0.006302770227193832
,,,20726,,0.005166107323020697
,,,20727,,0.007559988647699356
,,,20728,,0.007140760309994221
,,,20729,,0.008228549733757973
,,,20730,,0.006395231932401657
,,,20731,,0.006981738843023777
,,,20732,,0.00744060892611742
,,,20733,,0.007137461565434933
,,,20734,,0.0070106638595461845
,,,20735,,0.007096076384186745
,,,20736,,0.005948252975940704
,,,20737,,0.006013587582856417
,,,20738,,0.006298996042460203
,,,20739,,0.008433397859334946
,,,20740,,0.0070747314020991325
,,,20741,,0.00823181588202715
,,,20742,,0.007340459153056145
,,,20743,,0.008322864770889282
,,,20744,,0.007838740013539791
,,,20745,,0.0074394396506249905
,,,20746,,0.006705542095005512
,,,20747,,0.007782055996358395
,,,20748,,0.00530711654573679
,,,20749,,0.005518920253962278
,,,20750,,0.004670716822147369
,,,20751,,0.004733135458081961
,,,20752,,0.004876476246863604
,,,20753,,0.0055103665217757225
,,,20754,,0.0049926526844501495
,,,20755,,0.004953435622155666
,,,20756,,0.004709471948444843
,,,20757,,0.005107976496219635
,,,20758,,0.004140517674386501
,,,20759,,0.004006520379334688
,,,20760,,0.004705628380179405
,,,20761,,0.004995190072804689
,,,20762,,0.005111672915518284
,,,20763,,0.004895644262433052
,,,20764,,0.005573479924350977
,,,20765,,0.005366022698581219
,,,20766,,0.005376935005187988
,,,20767,,0.004669567570090294
,,,20768,,0.004620276391506195
,,,20769,,0.005593053996562958
,,,20770,,0.005131019279360771
,,,20771,,0.005770266987383366
,,,20772,,0.00650659017264843
,,,20773,,0.005827856715768576
,,,20774,,0.006347214803099632
,,,20775,,0.005604059435427189
,,,20776,,0.004814779385924339
,,,20777,,0.00519541185349226
,,,20778,,0.007062643300741911
,,,20779,,0.005892227869480848
,,,20780,,0.005167020950466394
,,,20781,,0.007309221662580967
,,,20782,,0.005622663535177708
,,,20783,,0.007068443112075329
,,,20784,,0.0055310712195932865
,,,20785,,0.0052881790325045586
,,,20786,,0.006245223805308342
,,,20787,,0.00596321327611804
,,,20788,,0.005114073399454355
,,,20789,,0.006434552371501923
,,,20790,,0.0058937654830515385
,,,20791,,0.005607217084616423
,,,20792,,0.0023068697191774845
,,,20793,,0.0019213452469557524
,,,20794,,0.0013367037754505873
,,,20795,,0.0014457080978900194
,,,20796,,0.001293269218876958
,,,20797,,0.0012160325422883034
,,,20798,,0.0015493340324610472
,,,20799,,0.0013310618232935667
,,,20800,,0.0020356548484414816
,,,20801,,0.0016281636198982596
,,,20802,,0.0015956098213791847
,,,20803,,0.0017160169081762433
,,,20804,,0.0015023574233055115
,,,20805,,0.006560437381267548
,,,20806,,0.007174074184149504
,,,20807,,0.007927616126835346
,,,20808,,0.005939040333032608
,,,20809,,0.002650457201525569
,,,20810,,0.023744255304336548
,,,20811,,0.004186794627457857
,,,20812,,0.015566462650895119
,,,20813,,0.008034741505980492
,,,20814,,0.007755298633128405
,,,20815,,0.014083843678236008
,,,20816,,0.016768500208854675
,,,20817,,0.016940593719482422
,,,20818,,0.016495270654559135
,,,20819,,0.010785163380205631
,,,20820,,0.017434727400541306
,,,20821,,0.014640294015407562
,,,20822,,0.07053250819444656
,,,20823,,0.05485725402832031
,,,20824,,0.0440056212246418
,,,20825,,0.04914189875125885
,,,20826,,0.07069910317659378
,,,20827,,0.03958171233534813
,,,20828,,0.044963374733924866
,,,20829,,0.05875180661678314
,,,20830,,0.04226960614323616
,,,20831,,0.05274010822176933
,,,20832,,0.042888909578323364
,,,20833,,0.04782216250896454
,,,20834,,0.05816151574254036
,,,20835,,0.05315070599317551
,,,20836,,0.051277272403240204
,,,20837,,0.04891403764486313
,,,20838,,0.02535754255950451
90,,,7370,0.00938770454376936,
90,0.007986607030034065,,7370,,
91,,0.00615145405754447,7379,,
91,,0.011175168678164482,7389,,
91,,0.006995762698352337,7399,,
91,,0.008321295492351055,7409,,
91,,0.01048133336007595,7419,,
91,,0.0074374135583639145,7429,,
91,,0.006600862834602594,7439,,
91,,0.005389584694057703,7449,,
,,,20839,,0.00031707811285741627
,,,20840,,0.00026133618666790426
,,,20841,,0.0004739306168630719
,,,20842,,0.0002393971080891788
,,,20843,,0.0004321364685893059
,,,20844,,0.000221784008317627
,,,20845,,0.00048339893692173064
,,,20846,,0.00019944985979236662
,,,20847,,0.00033456480014137924
,,,20848,,0.00023099154350347817
,,,20849,,0.0007101757801137865
,,,20850,,0.0006818777183070779
,,,20851,,0.0002290625125169754
,,,20852,,0.0003258518991060555
,,,20853,,0.0004981591482646763
,,,20854,,0.00028005882631987333
,,,20855,,0.0006484250188805163
,,,20856,,0.0004678464028984308
,,,20857,,0.0004250427591614425
,,,20858,,0.0009055979317054152
,,,20859,,0.00026676629204303026
,,,20860,,0.00021587863739114255
,,,20861,,0.00017835115431807935
,,,20862,,0.0006224595126695931
,,,20863,,0.000533999118488282
,,,20864,,0.0004485394456423819
,,,20865,,0.0004394396673887968
,,,20866,,0.004471094347536564
,,,20867,,0.014410104602575302
,,,20868,,0.012021567672491074
,,,20869,,0.011918433010578156
,,,20870,,0.013284527696669102
,,,20871,,0.011840222403407097
,,,20872,,0.06597517430782318
,,,20873,,0.02020597830414772
,,,20874,,0.00964576005935669
,,,20875,,0.011835319921374321
,,,20876,,0.007758797612041235
,,,20877,,0.004333311691880226
,,,20878,,0.0103867556899786
,,,20879,,0.006311314180493355
,,,20880,,0.004316786304116249
,,,20881,,0.01051420345902443
,,,20882,,0.009662406519055367
,,,20883,,0.005160802509635687
,,,20884,,0.012808481231331825
,,,20885,,0.00646187411621213
,,,20886,,0.002355057280510664
,,,20887,,0.006365436129271984
,,,20888,,0.0038949830923229456
,,,20889,,0.0052398438565433025
,,,20890,,0.006802128627896309
,,,20891,,0.0020467513240873814
,,,20892,,0.005397263448685408
,,,20893,,0.004596401005983353
,,,20894,,0.008539639413356781
,,,20895,,0.008447432890534401
,,,20896,,0.003958865534514189
,,,20897,,0.005902767181396484
,,,20898,,0.004086386878043413
,,,20899,,0.00501831341534853
,,,20900,,0.004075916018337011
,,,20901,,0.0037660414818674326
,,,20902,,0.005140649154782295
,,,20903,,0.004485236015170813
,,,20904,,0.002507595345377922
,,,20905,,0.003844169434159994
,,,20906,,0.008459449745714664
,,,20907,,0.004601631313562393
,,,20908,,0.0025459718890488148
,,,20909,,0.0032218298874795437
,,,20910,,0.00029998522950336337
,,,20911,,0.0006671525770798326
,,,20912,,0.0004973026225343347
,,,20913,,0.00034962844802066684
,,,20914,,0.0003327318117953837
,,,20915,,0.00037903370684944093
,,,20916,,0.00022564557730220258
,,,20917,,0.0003913237014785409
,,,20918,,0.00027194450376555324
,,,20919,,0.000515580119099468
,,,20920,,0.0003782298881560564
,,,20921,,0.0007177141960710287
,,,20922,,0.0005036398069933057
,,,20923,,0.006001254543662071
,,,20924,,0.007528944406658411
,,,20925,,0.007027218118309975
,,,20926,,0.022374145686626434
,,,20927,,0.015608340501785278
,,,20928,,0.014522396959364414
,,,20929,,0.02401397004723549
,,,20930,,0.022684363648295403
,,,20931,,0.007754101417958736
,,,20932,,0.008636362850666046
,,,20933,,0.008819658309221268
,,,20934,,0.00619447510689497
,,,20935,,0.00738778430968523
,,,20936,,0.008733237162232399
,,,20937,,0.007074339315295219
,,,20938,,0.0071107083931565285
,,,20939,,0.00815802812576294
,,,20940,,0.007003739010542631
,,,20941,,0.006139535456895828
,,,20942,,0.00603560172021389
,,,20943,,0.008253632113337517
,,,20944,,0.008009649813175201
,,,20945,,0.008548179641366005
,,,20946,,0.007930018939077854
,,,20947,,0.007476630620658398
,,,20948,,0.009940292686223984
,,,20949,,0.008395995013415813
,,,20950,,0.006383901461958885
,,,20951,,0.008345754817128181
,,,20952,,0.008509960025548935
,,,20953,,0.00614183722063899
,,,20954,,0.006258728913962841
,,,20955,,0.005132462829351425
,,,20956,,0.007513607852160931
,,,20957,,0.007066795602440834
,,,20958,,0.008130807429552078
,,,20959,,0.0063009560108184814
,,,20960,,0.00695172231644392
,,,20961,,0.007323581725358963
,,,20962,,0.007043253164738417
,,,20963,,0.0069525339640676975
,,,20964,,0.007046224549412727
,,,20965,,0.005892004817724228
,,,20966,,0.005934472195804119
,,,20967,,0.006213354878127575
,,,20968,,0.008327223360538483
,,,20969,,0.0070068491622805595
,,,20970,,0.008170907385647297
,,,20971,,0.0072634052485227585
,,,20972,,0.008248429745435715
,,,20973,,0.007740269880741835
,,,20974,,0.007375003304332495
,,,20975,,0.006597616709768772
,,,20976,,0.007711381651461124
,,,20977,,0.005216173827648163
,,,20978,,0.005442413501441479
,,,20979,,0.004627346992492676
,,,20980,,0.004675662610679865
,,,20981,,0.004791479557752609
,,,20982,,0.00541093572974205
,,,20983,,0.004889912437647581
,,,20984,,0.0048475307412445545
,,,20985,,0.004600703716278076
,,,20986,,0.00497004110366106
,,,20987,,0.004071814939379692
,,,20988,,0.00394192710518837
,,,20989,,0.0046153441071510315
,,,20990,,0.004910999909043312
,,,20991,,0.004997861105948687
,,,20992,,0.004818817600607872
,,,20993,,0.005391284823417664
,,,20994,,0.0052443030290305614
,,,20995,,0.005311220418661833
,,,20996,,0.004556312225759029
,,,20997,,0.004561128094792366
,,,20998,,0.005493173375725746
,,,20999,,0.00506605813279748
,,,21000,,0.0056780483573675156
,,,21001,,0.006443855352699757
,,,21002,,0.005750664044171572
,,,21003,,0.006239444948732853
,,,21004,,0.005513075273483992
,,,21005,,0.004723755642771721
,,,21006,,0.005103081464767456
,,,21007,,0.006960890721529722
,,,21008,,0.005840705707669258
,,,21009,,0.005044926889240742
,,,21010,,0.007216402795165777
,,,21011,,0.005557856988161802
,,,21012,,0.0069911302998661995
,,,21013,,0.005419516004621983
,,,21014,,0.005255956668406725
,,,21015,,0.006165269296616316
,,,21016,,0.005887406878173351
,,,21017,,0.0050710649229586124
,,,21018,,0.006387100089341402
,,,21019,,0.005784868262708187
,,,21020,,0.005551251117140055
,,,21021,,0.0021765315905213356
,,,21022,,0.0018657187465578318
,,,21023,,0.001420831773430109
,,,21024,,0.0014278843300417066
,,,21025,,0.00127947679720819
,,,21026,,0.0012122804764658213
,,,21027,,0.0016590745653957129
,,,21028,,0.001262141508050263
,,,21029,,0.0018968245713040233
,,,21030,,0.0015512036625295877
,,,21031,,0.0015583455096930265
,,,21032,,0.0015904142055660486
,,,21033,,0.00143082020804286
,,,21034,,0.006533505395054817
,,,21035,,0.00700030755251646
,,,21036,,0.007976661436259747
,,,21037,,0.005882665980607271
,,,21038,,0.0027543017640709877
,,,21039,,0.02323753945529461
,,,21040,,0.004143884405493736
,,,21041,,0.015497829765081406
,,,21042,,0.00793017540127039
,,,21043,,0.007558596320450306
,,,21044,,0.013380535878241062
,,,21045,,0.016576601192355156
,,,21046,,0.016328373923897743
,,,21047,,0.01582678034901619
,,,21048,,0.010333055630326271
,,,21049,,0.01719582825899124
,,,21050,,0.014625750482082367
,,,21051,,0.06977429986000061
,,,21052,,0.05384008213877678
,,,21053,,0.043376799672842026
,,,21054,,0.04892660677433014
,,,21055,,0.06972889602184296
,,,21056,,0.0391879603266716
,,,21057,,0.044108808040618896
,,,21058,,0.058554790914058685
,,,21059,,0.04145237058401108
,,,21060,,0.05207189917564392
,,,21061,,0.04253899306058884
,,,21062,,0.046860214322805405
,,,21063,,0.05721589922904968
,,,21064,,0.052634287625551224
,,,21065,,0.05097062513232231
,,,21066,,0.048157282173633575
,,,21067,,0.02425175905227661
91,,,7451,0.009270155802369118,
91,0.007932714186608791,,7451,,
92,,0.00959055032581091,7459,,
92,,0.009604907594621181,7469,,
92,,0.008492781780660152,7479,,
92,,0.01216043159365654,7489,,
92,,0.010962001048028469,7499,,
92,,0.0060344566591084,7509,,
92,,0.013961299322545528,7519,,
92,,0.007089455612003803,7529,,
,,,21068,,0.0003261975653003901
,,,21069,,0.00029322048067115247
,,,21070,,0.000511940277647227
,,,21071,,0.00023440919176209718
,,,21072,,0.00043288053711876273
,,,21073,,0.00021497512352652848
,,,21074,,0.000433474313467741
,,,21075,,0.00020674627739936113
,,,21076,,0.00031652909819968045
,,,21077,,0.0002300736668985337
,,,21078,,0.000683386460877955
,,,21079,,0.0007421898189932108
,,,21080,,0.00024960696464404464
,,,21081,,0.0003113450948148966
,,,21082,,0.00048288539983332157
,,,21083,,0.00028309901244938374
,,,21084,,0.0006735834758728743
,,,21085,,0.00046750559704378247
,,,21086,,0.0004575967031996697
,,,21087,,0.0008779800846241415
,,,21088,,0.00026542949490249157
,,,21089,,0.00022759850253351033
,,,21090,,0.00017567523173056543
,,,21091,,0.0006027816561982036
,,,21092,,0.0005083552096039057
,,,21093,,0.0004564172704704106
,,,21094,,0.00042651486000977457
,,,21095,,0.004611339420080185
,,,21096,,0.014599683694541454
,,,21097,,0.012218223884701729
,,,21098,,0.01214461587369442
,,,21099,,0.013495211489498615
,,,21100,,0.011968780308961868
,,,21101,,0.06599744409322739
,,,21102,,0.020372118800878525
,,,21103,,0.009828087873756886
,,,21104,,0.011981174349784851
,,,21105,,0.007905146107077599
,,,21106,,0.0045203547924757
,,,21107,,0.010574130341410637
,,,21108,,0.006497583352029324
,,,21109,,0.004587460309267044
,,,21110,,0.010793265886604786
,,,21111,,0.009801325388252735
,,,21112,,0.005376834888011217
,,,21113,,0.012980138882994652
,,,21114,,0.006710978224873543
,,,21115,,0.0025573105085641146
,,,21116,,0.006582852452993393
,,,21117,,0.004123609513044357
,,,21118,,0.005446623079478741
,,,21119,,0.007015232462435961
,,,21120,,0.002279372652992606
,,,21121,,0.005617620423436165
,,,21122,,0.004809394478797913
,,,21123,,0.008692947216331959
,,,21124,,0.008591430261731148
,,,21125,,0.004235570318996906
,,,21126,,0.0063639418222010136
,,,21127,,0.004306850954890251
,,,21128,,0.005319344345480204
,,,21129,,0.004413271322846413
,,,21130,,0.0041063688695430756
,,,21131,,0.00562736950814724
,,,21132,,0.004839947912842035
,,,21133,,0.0026492250617593527
,,,21134,,0.003781830193474889
,,,21135,,0.008552604354918003
,,,21136,,0.004809831269085407
,,,21137,,0.002664669882506132
,,,21138,,0.0033338638022542
,,,21139,,0.00032050118898041546
,,,21140,,0.0007348970975726843
,,,21141,,0.0006251054583117366
,,,21142,,0.0004038540064357221
,,,21143,,0.0003502188192214817
,,,21144,,0.0003783300635404885
,,,21145,,0.00022737804101780057
,,,21146,,0.0005106413154862821
,,,21147,,0.0003197734185960144
,,,21148,,0.0005561731522902846
,,,21149,,0.00044464017264544964
,,,21150,,0.0005586871411651373
,,,21151,,0.0004740490985568613
,,,21152,,0.006058763712644577
,,,21153,,0.007532969117164612
,,,21154,,0.007173568941652775
,,,21155,,0.023103542625904083
,,,21156,,0.016321757808327675
,,,21157,,0.015090137720108032
,,,21158,,0.02486357092857361
,,,21159,,0.02342042699456215
,,,21160,,0.007954098284244537
,,,21161,,0.008595721796154976
,,,21162,,0.00878964178264141
,,,21163,,0.006228551734238863
,,,21164,,0.00745012890547514
,,,21165,,0.0087315384298563
,,,21166,,0.007113088853657246
,,,21167,,0.0071704089641571045
,,,21168,,0.008176438510417938
,,,21169,,0.007070009596645832
,,,21170,,0.006227568257600069
,,,21171,,0.006008366122841835
,,,21172,,0.008271435275673866
,,,21173,,0.007943376898765564
,,,21174,,0.008586138486862183
,,,21175,,0.00791741069406271
,,,21176,,0.007436121813952923
,,,21177,,0.009876302443444729
,,,21178,,0.008398366160690784
,,,21179,,0.006394015159457922
,,,21180,,0.008325967006385326
,,,21181,,0.008521553128957748
,,,21182,,0.006177423521876335
,,,21183,,0.0062787411734461784
,,,21184,,0.005164334550499916
,,,21185,,0.007535869255661964
,,,21186,,0.007050204556435347
,,,21187,,0.008163842372596264
,,,21188,,0.00636083772405982
,,,21189,,0.007001928053796291
,,,21190,,0.0073584564961493015
,,,21191,,0.0070572104305028915
,,,21192,,0.006928484886884689
,,,21193,,0.007124326191842556
,,,21194,,0.005901299882680178
,,,21195,,0.006007062271237373
,,,21196,,0.006198686547577381
,,,21197,,0.008344806730747223
,,,21198,,0.0070345718413591385
,,,21199,,0.008110878989100456
,,,21200,,0.0072814589366316795
,,,21201,,0.008296603336930275
,,,21202,,0.0077215698547661304
,,,21203,,0.00742887519299984
,,,21204,,0.006612036377191544
,,,21205,,0.007762521505355835
,,,21206,,0.005226956680417061
,,,21207,,0.005417310632765293
,,,21208,,0.004615296609699726
,,,21209,,0.004672430921345949
,,,21210,,0.004806768149137497
,,,21211,,0.005427909083664417
,,,21212,,0.004867582581937313
,,,21213,,0.004829368554055691
,,,21214,,0.004584550857543945
,,,21215,,0.004971660673618317
,,,21216,,0.004098766017705202
,,,21217,,0.003938700072467327
,,,21218,,0.004541974049061537
,,,21219,,0.004854200873523951
,,,21220,,0.004924374166876078
,,,21221,,0.004779262933880091
,,,21222,,0.005382554605603218
,,,21223,,0.005220533814281225
,,,21224,,0.005306186154484749
,,,21225,,0.0045720115303993225
,,,21226,,0.004527720622718334
,,,21227,,0.005477315746247768
,,,21228,,0.005128602497279644
,,,21229,,0.0057371314615011215
,,,21230,,0.006512643303722143
,,,21231,,0.0058236271142959595
,,,21232,,0.006296077743172646
,,,21233,,0.005619793199002743
,,,21234,,0.004825714975595474
,,,21235,,0.005181516520678997
,,,21236,,0.007034488953649998
,,,21237,,0.005887951236218214
,,,21238,,0.005141210742294788
,,,21239,,0.007303624413907528
,,,21240,,0.005657728761434555
,,,21241,,0.00705738365650177
,,,21242,,0.00553765706717968
,,,21243,,0.005320179741829634
,,,21244,,0.006249540019780397
,,,21245,,0.005971318110823631
,,,21246,,0.005118236877024174
,,,21247,,0.006492355838418007
,,,21248,,0.005902566015720367
,,,21249,,0.005623685196042061
,,,21250,,0.0023339875042438507
,,,21251,,0.0021154764108359814
,,,21252,,0.0016601351089775562
,,,21253,,0.0016627437435090542
,,,21254,,0.0014143097214400768
,,,21255,,0.001341629889793694
,,,21256,,0.001876210910268128
,,,21257,,0.0014246440259739757
,,,21258,,0.0021313962060958147
,,,21259,,0.0017302489141002297
,,,21260,,0.0017655910924077034
,,,21261,,0.001711989170871675
,,,21262,,0.0016238645184785128
,,,21263,,0.0065759713761508465
,,,21264,,0.0069194696843624115
,,,21265,,0.007642118260264397
,,,21266,,0.0057276166044175625
,,,21267,,0.0025733234360814095
,,,21268,,0.023096852004528046
,,,21269,,0.00418704142794013
,,,21270,,0.015335077419877052
,,,21271,,0.00808248482644558
,,,21272,,0.007598968222737312
,,,21273,,0.013635855168104172
,,,21274,,0.01648513227701187
,,,21275,,0.016391903162002563
,,,21276,,0.016022078692913055
,,,21277,,0.010347537696361542
,,,21278,,0.017534352838993073
,,,21279,,0.014484901912510395
,,,21280,,0.07004439830780029
,,,21281,,0.053955234587192535
,,,21282,,0.043662235140800476
,,,21283,,0.04882979393005371
,,,21284,,0.07018391788005829
,,,21285,,0.03934808820486069
,,,21286,,0.04454886168241501
,,,21287,,0.05850411206483841
,,,21288,,0.04171077162027359
,,,21289,,0.051931336522102356
,,,21290,,0.042528923600912094
,,,21291,,0.047061383724212646
,,,21292,,0.057647645473480225
,,,21293,,0.05277998000383377
,,,21294,,0.0507088266313076
,,,21295,,0.04807676374912262
,,,21296,,0.023830072954297066
92,,,7532,0.009357744827866554,
92,0.008180806413292885,,7532,,
93,,0.006077721249312162,7539,,
93,,0.005912519060075283,7549,,
93,,0.008787265047430992,7559,,
93,,0.011786890216171741,7569,,
93,,0.007831736467778683,7579,,
93,,0.0056303152814507484,7589,,
93,,0.00291105592623353,7599,,
93,,0.006972651928663254,7609,,
,,,21297,,0.00030462798895314336
,,,21298,,0.0002616407291498035
,,,21299,,0.00044258093112148345
,,,21300,,0.0002553068334236741
,,,21301,,0.0005401801317930222
,,,21302,,0.00020605842291843146
,,,21303,,0.000531853991560638
,,,21304,,0.0001968708966160193
,,,21305,,0.000402804056648165
,,,21306,,0.0002180253795813769
,,,21307,,0.0007509232964366674
,,,21308,,0.0005982882576063275
,,,21309,,0.00021154766727704555
,,,21310,,0.00033376587089151144
,,,21311,,0.0004810878017451614
,,,21312,,0.000298913917504251
,,,21313,,0.0006658970378339291
,,,21314,,0.0004619901010300964
,,,21315,,0.0005377920460887253
,,,21316,,0.0008437193464487791
,,,21317,,0.00024082534946501255
,,,21318,,0.0002147094055544585
,,,21319,,0.00019312310905661434
,,,21320,,0.0005955869564786553
,,,21321,,0.000509423203766346
,,,21322,,0.00042024621507152915
,,,21323,,0.0004359089070931077
,,,21324,,0.004499164409935474
,,,21325,,0.014400247484445572
,,,21326,,0.012013551779091358
,,,21327,,0.011957492679357529
,,,21328,,0.013323651626706123
,,,21329,,0.011785505339503288
,,,21330,,0.06561191380023956
,,,21331,,0.02011348493397236
,,,21332,,0.0096319280564785
,,,21333,,0.011847502551972866
,,,21334,,0.007780688814818859
,,,21335,,0.0044080945663154125
,,,21336,,0.010404763743281364
,,,21337,,0.006369541399180889
,,,21338,,0.004447962157428265
,,,21339,,0.010572576895356178
,,,21340,,0.009600533172488213
,,,21341,,0.005217107944190502
,,,21342,,0.012693638913333416
,,,21343,,0.006488946732133627
,,,21344,,0.002414962975308299
,,,21345,,0.006385188549757004
,,,21346,,0.0039789448492228985
,,,21347,,0.0053142523393034935
,,,21348,,0.006899232976138592
,,,21349,,0.0021918227430433035
,,,21350,,0.005490680690854788
,,,21351,,0.004679249599575996
,,,21352,,0.008477332070469856
,,,21353,,0.008437307551503181
,,,21354,,0.004047765862196684
,,,21355,,0.0059225368313491344
,,,21356,,0.004030304495245218
,,,21357,,0.005123903509229422
,,,21358,,0.004175048321485519
,,,21359,,0.003787402994930744
,,,21360,,0.005186058580875397
,,,21361,,0.004469387233257294
,,,21362,,0.002518287394195795
,,,21363,,0.0036449141334742308
,,,21364,,0.008396160788834095
,,,21365,,0.004674754571169615
,,,21366,,0.0026707244105637074
,,,21367,,0.003180208383128047
,,,21368,,0.00036780518712475896
,,,21369,,0.0008009936427697539
,,,21370,,0.0007605764549225569
,,,21371,,0.0005452109617181122
,,,21372,,0.00041779770981520414
,,,21373,,0.0004401498008519411
,,,21374,,0.00023602654982823879
,,,21375,,0.0005930002662353218
,,,21376,,0.00034800171852111816
,,,21377,,0.0005925577133893967
,,,21378,,0.0005881588440388441
,,,21379,,0.0004278953419998288
,,,21380,,0.0005153347738087177
,,,21381,,0.0059826551005244255
,,,21382,,0.007346924394369125
,,,21383,,0.006887117400765419
,,,21384,,0.021843668073415756
,,,21385,,0.015307769179344177
,,,21386,,0.014867275953292847
,,,21387,,0.024132881313562393
,,,21388,,0.022999899461865425
,,,21389,,0.007876208983361721
,,,21390,,0.008591908030211926
,,,21391,,0.008751106448471546
,,,21392,,0.006245514377951622
,,,21393,,0.007470824755728245
,,,21394,,0.00876091979444027
,,,21395,,0.007105741184204817
,,,21396,,0.007185283116996288
,,,21397,,0.008186616003513336
,,,21398,,0.0071003977209329605
,,,21399,,0.006174612790346146
,,,21400,,0.006020910106599331
,,,21401,,0.008279990404844284
,,,21402,,0.007980119436979294
,,,21403,,0.00856022723019123
,,,21404,,0.0079230647534132
,,,21405,,0.007448109798133373
,,,21406,,0.009897337295114994
,,,21407,,0.00843651220202446
,,,21408,,0.0063963159918785095
,,,21409,,0.008349888026714325
,,,21410,,0.008578002452850342
,,,21411,,0.006178475450724363
,,,21412,,0.0063315099105238914
,,,21413,,0.005187086760997772
,,,21414,,0.007562668062746525
,,,21415,,0.00709520373493433
,,,21416,,0.00819211732596159
,,,21417,,0.006426592357456684
,,,21418,,0.0069843195378780365
,,,21419,,0.0074032447300851345
,,,21420,,0.007046759594231844
,,,21421,,0.006949513219296932
,,,21422,,0.007144059054553509
,,,21423,,0.005888244137167931
,,,21424,,0.006057546474039555
,,,21425,,0.006249523255974054
,,,21426,,0.008395343087613583
,,,21427,,0.007081660442054272
,,,21428,,0.008147778920829296
,,,21429,,0.00733744353055954
,,,21430,,0.008334971964359283
,,,21431,,0.007748015224933624
,,,21432,,0.007459724321961403
,,,21433,,0.006680405233055353
,,,21434,,0.00782780721783638
,,,21435,,0.005333317909389734
,,,21436,,0.005558293778449297
,,,21437,,0.00469318637624383
,,,21438,,0.00471442099660635
,,,21439,,0.004884784109890461
,,,21440,,0.005561024881899357
,,,21441,,0.004936964251101017
,,,21442,,0.004938824102282524
,,,21443,,0.004675184842199087
,,,21444,,0.005138445179909468
,,,21445,,0.004173302091658115
,,,21446,,0.004043874330818653
,,,21447,,0.004613324534147978
,,,21448,,0.004983492661267519
,,,21449,,0.005026470869779587
,,,21450,,0.004878020845353603
,,,21451,,0.005526840686798096
,,,21452,,0.005316399037837982
,,,21453,,0.00537512730807066
,,,21454,,0.004667298868298531
,,,21455,,0.004649779759347439
,,,21456,,0.005548983812332153
,,,21457,,0.005063753575086594
,,,21458,,0.005612497217953205
,,,21459,,0.006386235356330872
,,,21460,,0.005730269011110067
,,,21461,,0.006184827536344528
,,,21462,,0.00549912266433239
,,,21463,,0.004723524209111929
,,,21464,,0.0050878869369626045
,,,21465,,0.006896487902849913
,,,21466,,0.005743168294429779
,,,21467,,0.005028187297284603
,,,21468,,0.007159899454563856
,,,21469,,0.00553174689412117
,,,21470,,0.006916752550750971
,,,21471,,0.005439633969217539
,,,21472,,0.005202397238463163
,,,21473,,0.006105394102632999
,,,21474,,0.005858230870217085
,,,21475,,0.0050082094967365265
,,,21476,,0.006347060203552246
,,,21477,,0.005779375322163105
,,,21478,,0.005505549721419811
,,,21479,,0.00234873965382576
,,,21480,,0.0020630517974495888
,,,21481,,0.0015592460986226797
,,,21482,,0.0016178683144971728
,,,21483,,0.0013806350762024522
,,,21484,,0.0013641982804983854
,,,21485,,0.001783285872079432
,,,21486,,0.0014600801514461637
,,,21487,,0.002103297971189022
,,,21488,,0.0017488672165200114
,,,21489,,0.0017070334870368242
,,,21490,,0.0017037051729857922
,,,21491,,0.0016217554220929742
,,,21492,,0.006576099898666143
,,,21493,,0.006840366870164871
,,,21494,,0.007817484438419342
,,,21495,,0.005658364854753017
,,,21496,,0.0025776373222470284
,,,21497,,0.022865794599056244
,,,21498,,0.004026777110993862
,,,21499,,0.015403922647237778
,,,21500,,0.008037926629185677
,,,21501,,0.007338740862905979
,,,21502,,0.013343511149287224
,,,21503,,0.016550790518522263
,,,21504,,0.016509398818016052
,,,21505,,0.01491528656333685
,,,21506,,0.010551429353654385
,,,21507,,0.01765063777565956
,,,21508,,0.014301620423793793
,,,21509,,0.0694926530122757
,,,21510,,0.05389523506164551
,,,21511,,0.04322672635316849
,,,21512,,0.048316314816474915
,,,21513,,0.06956041604280472
,,,21514,,0.038811687380075455
,,,21515,,0.043918922543525696
,,,21516,,0.057873159646987915
,,,21517,,0.04098023846745491
,,,21518,,0.051929302513599396
,,,21519,,0.04231250286102295
,,,21520,,0.0463409498333931
,,,21521,,0.056937914341688156
,,,21522,,0.052287034690380096
,,,21523,,0.050609707832336426
,,,21524,,0.047575220465660095
,,,21525,,0.02443983033299446
93,,,7613,0.009267060086131096,
93,0.0077066197991371155,,7613,,
94,,0.0038699922151863575,7619,,
94,,0.009539296850562096,7629,,
94,,0.011038269847631454,7639,,
94,,0.007599201053380966,7649,,
94,,0.01044255681335926,7659,,
94,,0.005850500892847776,7669,,
94,,0.012985837645828724,7679,,
94,,0.007068905513733625,7689,,
,,,21526,,0.0014626176562160254
,,,21527,,0.0013790582306683064
,,,21528,,0.0017241908935829997
,,,21529,,0.0014064260758459568
,,,21530,,0.0014927351148799062
,,,21531,,0.0014499023091048002
,,,21532,,0.0016044573858380318
,,,21533,,0.0013361431192606688
,,,21534,,0.0014185323379933834
,,,21535,,0.0013475065352395177
,,,21536,,0.0018834853544831276
,,,21537,,0.0018827295862138271
,,,21538,,0.0013456789311021566
,,,21539,,0.0015802880516275764
,,,21540,,0.0017561210552230477
,,,21541,,0.0014529641484841704
,,,21542,,0.001666222233325243
,,,21543,,0.0015862531727179885
,,,21544,,0.0014328246470540762
,,,21545,,0.0021394826471805573
,,,21546,,0.001594836707226932
,,,21547,,0.0014176404802128673
,,,21548,,0.0013977475464344025
,,,21549,,0.001781909610144794
,,,21550,,0.0016663218848407269
,,,21551,,0.0016048403922468424
,,,21552,,0.0016655880026519299
,,,21553,,0.005094124004244804
,,,21554,,0.014790081419050694
,,,21555,,0.012352103367447853
,,,21556,,0.012355167418718338
,,,21557,,0.013810684904456139
,,,21558,,0.012133732438087463
,,,21559,,0.06591321527957916
,,,21560,,0.02044319175183773
,,,21561,,0.009991873055696487
,,,21562,,0.012386981397867203
,,,21563,,0.008372514508664608
,,,21564,,0.004914046730846167
,,,21565,,0.010795962065458298
,,,21566,,0.006803080439567566
,,,21567,,0.004864501766860485
,,,21568,,0.011115944012999535
,,,21569,,0.010286103934049606
,,,21570,,0.005783177446573973
,,,21571,,0.013494166545569897
,,,21572,,0.006977401673793793
,,,21573,,0.003000348573550582
,,,21574,,0.006918754428625107
,,,21575,,0.0043386658653616905
,,,21576,,0.005877465009689331
,,,21577,,0.007489860523492098
,,,21578,,0.002734597772359848
,,,21579,,0.00597137026488781
,,,21580,,0.007718360051512718
,,,21581,,0.010551071725785732
,,,21582,,0.010440617799758911
,,,21583,,0.006620381027460098
,,,21584,,0.008425217121839523
,,,21585,,0.007841253653168678
,,,21586,,0.007484323810786009
,,,21587,,0.007864203304052353
,,,21588,,0.007058324292302132
,,,21589,,0.008796783164143562
,,,21590,,0.00820649042725563
,,,21591,,0.005668483674526215
,,,21592,,0.006626570597290993
,,,21593,,0.009672924876213074
,,,21594,,0.0066920011304318905
,,,21595,,0.004864593036472797
,,,21596,,0.005073887761682272
,,,21597,,0.0012054193066433072
,,,21598,,0.0017102472484111786
,,,21599,,0.002152868080884218
,,,21600,,0.0011919349199160933
,,,21601,,0.0011611760128289461
,,,21602,,0.0013497888576239347
,,,21603,,0.0013082001823931932
,,,21604,,0.0018104035407304764
,,,21605,,0.001403656555339694
,,,21606,,0.0016801422461867332
,,,21607,,0.001284237252548337
,,,21608,,0.001023628981783986
,,,21609,,0.0016905360389500856
,,,21610,,0.008584748953580856
,,,21611,,0.009293575771152973
,,,21612,,0.009535204619169235
,,,21613,,0.024416014552116394
,,,21614,,0.01785643957555294
,,,21615,,0.01607396826148033
,,,21616,,0.025013752281665802
,,,21617,,0.023996630683541298
,,,21618,,0.00859611202031374
,,,21619,,0.009480737149715424
,,,21620,,0.009636415168642998
,,,21621,,0.006968612316995859
,,,21622,,0.00813673809170723
,,,21623,,0.009558837860822678
,,,21624,,0.007807904854416847
,,,21625,,0.007968904450535774
,,,21626,,0.00886808056384325
,,,21627,,0.007668621838092804
,,,21628,,0.006871459074318409
,,,21629,,0.00668341014534235
,,,21630,,0.00898742862045765
,,,21631,,0.008723660372197628
,,,21632,,0.009521984495222569
,,,21633,,0.00871611014008522
,,,21634,,0.008284702897071838
,,,21635,,0.01080300658941269
,,,21636,,0.009219545871019363
,,,21637,,0.007096096873283386
,,,21638,,0.009161680936813354
,,,21639,,0.009306197986006737
,,,21640,,0.00686236098408699
,,,21641,,0.007046857383102179
,,,21642,,0.0058496128767728806
,,,21643,,0.008270659483969212
,,,21644,,0.00770088005810976
,,,21645,,0.00881977193057537
,,,21646,,0.006900587119162083
,,,21647,,0.007663296535611153
,,,21648,,0.008042887784540653
,,,21649,,0.0078107574954628944
,,,21650,,0.007573078852146864
,,,21651,,0.007625652011483908
,,,21652,,0.006581866182386875
,,,21653,,0.006511060521006584
,,,21654,,0.006752549204975367
,,,21655,,0.009009559638798237
,,,21656,,0.007702885195612907
,,,21657,,0.008862343616783619
,,,21658,,0.007776069454848766
,,,21659,,0.008861864916980267
,,,21660,,0.008409974165260792
,,,21661,,0.008032768033444881
,,,21662,,0.0072334338910877705
,,,21663,,0.008381014689803123
,,,21664,,0.005905605852603912
,,,21665,,0.006152351386845112
,,,21666,,0.005389802157878876
,,,21667,,0.005428538657724857
,,,21668,,0.005592488683760166
,,,21669,,0.006157916970551014
,,,21670,,0.005712057463824749
,,,21671,,0.0056191617622971535
,,,21672,,0.005297984927892685
,,,21673,,0.0056589506566524506
,,,21674,,0.005040953401476145
,,,21675,,0.004531719256192446
,,,21676,,0.005260787438601255
,,,21677,,0.005523335188627243
,,,21678,,0.005765649490058422
,,,21679,,0.005597497336566448
,,,21680,,0.00597941130399704
,,,21681,,0.006004218943417072
,,,21682,,0.006044764071702957
,,,21683,,0.005348779261112213
,,,21684,,0.0052150096744298935
,,,21685,,0.006304578855633736
,,,21686,,0.005975234322249889
,,,21687,,0.006569385528564453
,,,21688,,0.007258496712893248
,,,21689,,0.00664586341008544
,,,21690,,0.007132155355066061
,,,21691,,0.006404288113117218
,,,21692,,0.00568778719753027
,,,21693,,0.006069118622690439
,,,21694,,0.0077589526772499084
,,,21695,,0.0066834380850195885
,,,21696,,0.00604653637856245
,,,21697,,0.008042344823479652
,,,21698,,0.006479992531239986
,,,21699,,0.00785529799759388
,,,21700,,0.006370651535689831
,,,21701,,0.00620204396545887
,,,21702,,0.007039915304630995
,,,21703,,0.006780470255762339
,,,21704,,0.005914856214076281
,,,21705,,0.007219567894935608
,,,21706,,0.006731023080646992
,,,21707,,0.006337597966194153
,,,21708,,0.0027606640942394733
,,,21709,,0.002273696009069681
,,,21710,,0.001838873140513897
,,,21711,,0.001772258896380663
,,,21712,,0.0016030797269195318
,,,21713,,0.0015295988414436579
,,,21714,,0.001993769546970725
,,,21715,,0.0016640597023069859
,,,21716,,0.002248916309326887
,,,21717,,0.0018998805899173021
,,,21718,,0.0018523127073422074
,,,21719,,0.0018430170603096485
,,,21720,,0.0018856254173442721
,,,21721,,0.008168245665729046
,,,21722,,0.009357867762446404
,,,21723,,0.009980396367609501
,,,21724,,0.009154586121439934
,,,21725,,0.003807435045018792
,,,21726,,0.02521800622344017
,,,21727,,0.00596072431653738
,,,21728,,0.016671523451805115
,,,21729,,0.010066952556371689
,,,21730,,0.00942940078675747
,,,21731,,0.016932839527726173
,,,21732,,0.018325312063097954
,,,21733,,0.018429037183523178
,,,21734,,0.017858700826764107
,,,21735,,0.01273264642804861
,,,21736,,0.02032870426774025
,,,21737,,0.016490530222654343
,,,21738,,0.07182098180055618
,,,21739,,0.05588597431778908
,,,21740,,0.044876210391521454
,,,21741,,0.04931879788637161
,,,21742,,0.07085087150335312
,,,21743,,0.0406060591340065
,,,21744,,0.0464160218834877
,,,21745,,0.06010338291525841
,,,21746,,0.04250050336122513
,,,21747,,0.0536123551428318
,,,21748,,0.043982017785310745
,,,21749,,0.048505302518606186
,,,21750,,0.05877435952425003
,,,21751,,0.05385376513004303
,,,21752,,0.05141083151102066
,,,21753,,0.04886779189109802
,,,21754,,0.024885721504688263
94,,,7694,0.010373666882514954,
94,0.008393952623009682,,7694,,
95,,0.011250128038227558,7699,,
95,,0.004387676250189543,7709,,
95,,0.006906529888510704,7719,,
95,,0.0027598990127444267,7729,,
95,,0.005167980678379536,7739,,
95,,0.0057626874186098576,7749,,
95,,0.004789343103766441,7759,,
95,,0.0039082979783415794,7769,,
,,,21755,,0.0004181450349278748
,,,21756,,0.00033933931263163686
,,,21757,,0.0005271651316434145
,,,21758,,0.0003689938457682729
,,,21759,,0.000663806451484561
,,,21760,,0.00030222092755138874
,,,21761,,0.0006419761339202523
,,,21762,,0.0003133678692393005
,,,21763,,0.000536186620593071
,,,21764,,0.0003339308314025402
,,,21765,,0.0008192544337362051
,,,21766,,0.0007135263876989484
,,,21767,,0.0003107258235104382
,,,21768,,0.00043092944542877376
,,,21769,,0.0006068070651963353
,,,21770,,0.00041024654638022184
,,,21771,,0.0007926844991743565
,,,21772,,0.0005924772704020143
,,,21773,,0.0006294671911746264
,,,21774,,0.0009891011286526918
,,,21775,,0.00037375709507614374
,,,21776,,0.0003287300933152437
,,,21777,,0.00031738763209432364
,,,21778,,0.0007147113210521638
,,,21779,,0.0006311130709946156
,,,21780,,0.0005448996089398861
,,,21781,,0.0005718033062294126
,,,21782,,0.004444795660674572
,,,21783,,0.014268896542489529
,,,21784,,0.011917644180357456
,,,21785,,0.01179792732000351
,,,21786,,0.013161223381757736
,,,21787,,0.011740613728761673
,,,21788,,0.06485454738140106
,,,21789,,0.020003970712423325
,,,21790,,0.009551294147968292
,,,21791,,0.011722691357135773
,,,21792,,0.007676123175770044
,,,21793,,0.004292759578675032
,,,21794,,0.010264265350997448
,,,21795,,0.006245206110179424
,,,21796,,0.004246878437697887
,,,21797,,0.010295809246599674
,,,21798,,0.00936964526772499
,,,21799,,0.005073937587440014
,,,21800,,0.012467501685023308
,,,21801,,0.006291079334914684
,,,21802,,0.0023286023642867804
,,,21803,,0.006260165944695473
,,,21804,,0.0038697198033332825
,,,21805,,0.005169840529561043
,,,21806,,0.0067273834720253944
,,,21807,,0.0020353742875158787
,,,21808,,0.005336835980415344
,,,21809,,0.004679610952734947
,,,21810,,0.00864448957145214
,,,21811,,0.008542487397789955
,,,21812,,0.003981029614806175
,,,21813,,0.006009519100189209
,,,21814,,0.004280214197933674
,,,21815,,0.005163466092199087
,,,21816,,0.004275779239833355
,,,21817,,0.0037885080091655254
,,,21818,,0.005313098430633545
,,,21819,,0.004615143872797489
,,,21820,,0.002630102913826704
,,,21821,,0.0038857748731970787
,,,21822,,0.00844351202249527
,,,21823,,0.004660169593989849
,,,21824,,0.002740250900387764
,,,21825,,0.003469912800937891
,,,21826,,0.0004254904924891889
,,,21827,,0.0007492742734029889
,,,21828,,0.0003606043173931539
,,,21829,,0.00043801619904115796
,,,21830,,0.00043100121547468007
,,,21831,,0.0004936727345921099
,,,21832,,0.0003657752531580627
,,,21833,,0.00032027484849095345
,,,21834,,0.00035616091918200254
,,,21835,,0.0005731738638132811
,,,21836,,0.00043923116754740477
,,,21837,,0.0012124268105253577
,,,21838,,0.0005777913611382246
,,,21839,,0.00593025516718626
,,,21840,,0.007264784537255764
,,,21841,,0.006737698335200548
,,,21842,,0.021354440599679947
,,,21843,,0.014812243171036243
,,,21844,,0.014544980600476265
,,,21845,,0.02434953860938549
,,,21846,,0.02318326197564602
,,,21847,,0.007869552820920944
,,,21848,,0.008457781746983528
,,,21849,,0.00869388785213232
,,,21850,,0.006119806319475174
,,,21851,,0.007312060333788395
,,,21852,,0.008647377602756023
,,,21853,,0.006967150140553713
,,,21854,,0.007045087404549122
,,,21855,,0.008067665621638298
,,,21856,,0.0069778491742908955
,,,21857,,0.006128024309873581
,,,21858,,0.005959237925708294
,,,21859,,0.008165700361132622
,,,21860,,0.0078701451420784
,,,21861,,0.008438830263912678
,,,21862,,0.007853212766349316
,,,21863,,0.007340338081121445
,,,21864,,0.009738311171531677
,,,21865,,0.008282523602247238
,,,21866,,0.006282001733779907
,,,21867,,0.008266106247901917
,,,21868,,0.008436985313892365
,,,21869,,0.005970165599137545
,,,21870,,0.0060538239777088165
,,,21871,,0.005055004730820656
,,,21872,,0.007451056502759457
,,,21873,,0.007012011483311653
,,,21874,,0.008119509555399418
,,,21875,,0.006305439863353968
,,,21876,,0.006892581470310688
,,,21877,,0.0073034269735217094
,,,21878,,0.00692348275333643
,,,21879,,0.006909020245075226
,,,21880,,0.007109607569873333
,,,21881,,0.005824259482324123
,,,21882,,0.005970603320747614
,,,21883,,0.006235843524336815
,,,21884,,0.008276727050542831
,,,21885,,0.006966676563024521
,,,21886,,0.008041927590966225
,,,21887,,0.007269669324159622
,,,21888,,0.008242150768637657
,,,21889,,0.007699970155954361
,,,21890,,0.007346462458372116
,,,21891,,0.006622187327593565
,,,21892,,0.007680571638047695
,,,21893,,0.005255369935184717
,,,21894,,0.005478445906192064
,,,21895,,0.004745197482407093
,,,21896,,0.00478486018255353
,,,21897,,0.004886395297944546
,,,21898,,0.0054341768845915794
,,,21899,,0.004853057209402323
,,,21900,,0.004898399114608765
,,,21901,,0.004614758305251598
,,,21902,,0.004996572621166706
,,,21903,,0.004206165671348572
,,,21904,,0.004036430269479752
,,,21905,,0.004611878655850887
,,,21906,,0.0050208354368805885
,,,21907,,0.004968456923961639
,,,21908,,0.004833197221159935
,,,21909,,0.005342541262507439
,,,21910,,0.005227917339652777
,,,21911,,0.005386244505643845
,,,21912,,0.004647040739655495
,,,21913,,0.0046582832001149654
,,,21914,,0.005469900090247393
,,,21915,,0.005064814817160368
,,,21916,,0.005600539036095142
,,,21917,,0.00639206962659955
,,,21918,,0.005707446485757828
,,,21919,,0.006189452949911356
,,,21920,,0.005492744967341423
,,,21921,,0.004734916612505913
,,,21922,,0.005098556634038687
,,,21923,,0.006941096857190132
,,,21924,,0.005820745602250099
,,,21925,,0.004998405929654837
,,,21926,,0.007204635068774223
,,,21927,,0.005607727915048599
,,,21928,,0.0069384146481752396
,,,21929,,0.0054130954667925835
,,,21930,,0.005262107588350773
,,,21931,,0.0061311740428209305
,,,21932,,0.005925359204411507
,,,21933,,0.005012808367609978
,,,21934,,0.00635940209031105
,,,21935,,0.005775566678494215
,,,21936,,0.0055309562012553215
,,,21937,,0.002297879196703434
,,,21938,,0.0018496133852750063
,,,21939,,0.001389372511766851
,,,21940,,0.0014487768057733774
,,,21941,,0.0013536382466554642
,,,21942,,0.0012726914137601852
,,,21943,,0.001583356992341578
,,,21944,,0.0013530517462641
,,,21945,,0.0019470190163701773
,,,21946,,0.00168109149672091
,,,21947,,0.0015912513481453061
,,,21948,,0.0017394695896655321
,,,21949,,0.0014794898452237248
,,,21950,,0.006472180597484112
,,,21951,,0.007127983495593071
,,,21952,,0.00800763163715601
,,,21953,,0.005853800568729639
,,,21954,,0.002741982461884618
,,,21955,,0.022856462746858597
,,,21956,,0.004256043117493391
,,,21957,,0.01593327522277832
,,,21958,,0.007919447496533394
,,,21959,,0.007655361667275429
,,,21960,,0.01343158446252346
,,,21961,,0.01677563041448593
,,,21962,,0.017152737826108932
,,,21963,,0.01593434438109398
,,,21964,,0.010168761946260929
,,,21965,,0.01730472221970558
,,,21966,,0.014364071190357208
,,,21967,,0.06914060562849045
,,,21968,,0.05347001925110817
,,,21969,,0.042710594832897186
,,,21970,,0.04756687209010124
,,,21971,,0.06925401091575623
,,,21972,,0.038795869797468185
,,,21973,,0.04359099268913269
,,,21974,,0.05840405821800232
,,,21975,,0.04100808501243591
,,,21976,,0.0516507513821125
,,,21977,,0.04159190133213997
,,,21978,,0.04648676514625549
,,,21979,,0.0566282719373703
,,,21980,,0.051909610629081726
,,,21981,,0.050315260887145996
,,,21982,,0.04740682244300842
,,,21983,,0.023774001747369766
95,,,7775,0.00922864954918623,
95,0.007821252569556236,,7775,,
96,,0.01046616118401289,7779,,
96,,0.006309519521892071,7789,,
96,,0.006703757680952549,7799,,
96,,0.005340096540749073,7809,,
96,,0.007089636754244566,7819,,
96,,0.00934232585132122,7829,,
96,,0.00389057956635952,7839,,
96,,0.0063158925622701645,7849,,
,,,21984,,0.0004859295440837741
,,,21985,,0.00045156836858950555
,,,21986,,0.0005983456503599882
,,,21987,,0.00039623561315238476
,,,21988,,0.0005953588988631964
,,,21989,,0.00035440752981230617
,,,21990,,0.0006956674624234438
,,,21991,,0.000412928027799353
,,,21992,,0.0004968062858097255
,,,21993,,0.0003901455202139914
,,,21994,,0.000882320455275476
,,,21995,,0.0007903408259153366
,,,21996,,0.0004257995169609785
,,,21997,,0.0004732148954644799
,,,21998,,0.0006788931787014008
,,,21999,,0.0004942744271829724
,,,22000,,0.000908154936041683
,,,22001,,0.0007456733146682382
,,,22002,,0.0006680098595097661
,,,22003,,0.0010795686393976212
,,,22004,,0.00047396132140420377
,,,22005,,0.0004357627185527235
,,,22006,,0.0003877704730257392
,,,22007,,0.0008210266823880374
,,,22008,,0.0007131630554795265
,,,22009,,0.0006891266675665975
,,,22010,,0.000629457994364202
,,,22011,,0.0045807561837136745
,,,22012,,0.014319649897515774
,,,22013,,0.01195555180311203
,,,22014,,0.011859379708766937
,,,22015,,0.013243642635643482
,,,22016,,0.011816155165433884
,,,22017,,0.06442055106163025
,,,22018,,0.020006995648145676
,,,22019,,0.009592759422957897
,,,22020,,0.011852888390421867
,,,22021,,0.007814494892954826
,,,22022,,0.004413834307342768
,,,22023,,0.010337911546230316
,,,22024,,0.006376769859343767
,,,22025,,0.0043059419840574265
,,,22026,,0.010296080261468887
,,,22027,,0.009450293146073818
,,,22028,,0.005203126929700375
,,,22029,,0.012467047199606895
,,,22030,,0.006349397357553244
,,,22031,,0.002525943797081709
,,,22032,,0.0062645492143929005
,,,22033,,0.004002789966762066
,,,22034,,0.005393781699240208
,,,22035,,0.006890768650919199
,,,22036,,0.002282198052853346
,,,22037,,0.005450275726616383
,,,22038,,0.004565177485346794
,,,22039,,0.008384551852941513
,,,22040,,0.008338673040270805
,,,22041,,0.0038060895167291164
,,,22042,,0.00579442922025919
,,,22043,,0.004144998267292976
,,,22044,,0.004899419844150543
,,,22045,,0.003988408017903566
,,,22046,,0.0035882156807929277
,,,22047,,0.005062808748334646
,,,22048,,0.0044870018027722836
,,,22049,,0.0025248616002500057
,,,22050,,0.004114093258976936
,,,22051,,0.008273232728242874
,,,22052,,0.004498322959989309
,,,22053,,0.002576648024842143
,,,22054,,0.0033499719575047493
,,,22055,,0.0005217447760514915
,,,22056,,0.0007131682941690087
,,,22057,,0.00023298163432627916
,,,22058,,0.0004934818716719747
,,,22059,,0.0005465830909088254
,,,22060,,0.0005427150754258037
,,,22061,,0.00041281915036961436
,,,22062,,0.0002869345189537853
,,,22063,,0.00034279818646609783
,,,22064,,0.0005881615215912461
,,,22065,,0.00048567529302090406
,,,22066,,0.0014856359921395779
,,,22067,,0.0006368269678205252
,,,22068,,0.005780303850769997
,,,22069,,0.007098398171365261
,,,22070,,0.006816565990447998
,,,22071,,0.02194550260901451
,,,22072,,0.015453949570655823
,,,22073,,0.01420668326318264
,,,22074,,0.022544067353010178
,,,22075,,0.021482689306139946
,,,22076,,0.007498480845242739
,,,22077,,0.00842021033167839
,,,22078,,0.008588775061070919
,,,22079,,0.006043578963726759
,,,22080,,0.0072697000578045845
,,,22081,,0.008601300418376923
,,,22082,,0.0069074188359081745
,,,22083,,0.006993860471993685
,,,22084,,0.00796889141201973
,,,22085,,0.006923665292561054
,,,22086,,0.0060187894850969315
,,,22087,,0.005842133890837431
,,,22088,,0.008069954812526703
,,,22089,,0.007746855728328228
,,,22090,,0.008360239677131176
,,,22091,,0.0077432082034647465
,,,22092,,0.007254859432578087
,,,22093,,0.009713191539049149
,,,22094,,0.008218029513955116
,,,22095,,0.006225552875548601
,,,22096,,0.008156480267643929
,,,22097,,0.008381134830415249
,,,22098,,0.005873175337910652
,,,22099,,0.005963142961263657
,,,22100,,0.004976421128958464
,,,22101,,0.0073944805189967155
,,,22102,,0.006915215868502855
,,,22103,,0.007980627939105034
,,,22104,,0.006244732066988945
,,,22105,,0.006836944259703159
,,,22106,,0.007223949767649174
,,,22107,,0.006827095057815313
,,,22108,,0.0067743039689958096
,,,22109,,0.006995443720370531
,,,22110,,0.005716020241379738
,,,22111,,0.005918479524552822
,,,22112,,0.006100628059357405
,,,22113,,0.00817027222365141
,,,22114,,0.006889627315104008
,,,22115,,0.007896803319454193
,,,22116,,0.007189082447439432
,,,22117,,0.008136240765452385
,,,22118,,0.0075455945916473866
,,,22119,,0.0072453925386071205
,,,22120,,0.0065216608345508575
,,,22121,,0.0076156374998390675
,,,22122,,0.005221448838710785
,,,22123,,0.005458450876176357
,,,22124,,0.004714855458587408
,,,22125,,0.0046607209369540215
,,,22126,,0.0048279669135808945
,,,22127,,0.005452272016555071
,,,22128,,0.004739735275506973
,,,22129,,0.004836787469685078
,,,22130,,0.004507183097302914
,,,22131,,0.004983359016478062
,,,22132,,0.00415058434009552
,,,22133,,0.003937616944313049
,,,22134,,0.004460766911506653
,,,22135,,0.004922071937471628
,,,22136,,0.004900850355625153
,,,22137,,0.004776590503752232
,,,22138,,0.005258120130747557
,,,22139,,0.005145651753991842
,,,22140,,0.005346456542611122
,,,22141,,0.004565457813441753
,,,22142,,0.0046135252341628075
,,,22143,,0.005442909896373749
,,,22144,,0.00489162839949131
,,,22145,,0.005423190537840128
,,,22146,,0.006180906668305397
,,,22147,,0.005525032989680767
,,,22148,,0.0060081095434725285
,,,22149,,0.005304130259901285
,,,22150,,0.004554052837193012
,,,22151,,0.00492378743365407
,,,22152,,0.006698586046695709
,,,22153,,0.00557461753487587
,,,22154,,0.00483530480414629
,,,22155,,0.006971786264330149
,,,22156,,0.005412145517766476
,,,22157,,0.0066942498087882996
,,,22158,,0.005237596109509468
,,,22159,,0.005074106156826019
,,,22160,,0.005914460867643356
,,,22161,,0.005679314956068993
,,,22162,,0.004820170812308788
,,,22163,,0.006147064734250307
,,,22164,,0.005609977524727583
,,,22165,,0.0053224628791213036
,,,22166,,0.002266883384436369
,,,22167,,0.0018861523130908608
,,,22168,,0.001433657482266426
,,,22169,,0.0014770588604733348
,,,22170,,0.001341948052868247
,,,22171,,0.0012815010268241167
,,,22172,,0.0016492868307977915
,,,22173,,0.0013325512409210205
,,,22174,,0.0018959302688017488
,,,22175,,0.001705300877802074
,,,22176,,0.0016154068289324641
,,,22177,,0.0016620634123682976
,,,22178,,0.001484472886659205
,,,22179,,0.006384970620274544
,,,22180,,0.007304175291210413
,,,22181,,0.00800787191838026
,,,22182,,0.005963468924164772
,,,22183,,0.0026848912239074707
,,,22184,,0.02260880172252655
,,,22185,,0.004247050732374191
,,,22186,,0.015416290611028671
,,,22187,,0.008003910072147846
,,,22188,,0.00747427623718977
,,,22189,,0.013269342482089996
,,,22190,,0.015708833932876587
,,,22191,,0.01647641696035862
,,,22192,,0.015826653689146042
,,,22193,,0.010222776792943478
,,,22194,,0.017132004722952843
,,,22195,,0.014251834712922573
,,,22196,,0.069487065076828
,,,22197,,0.053535912185907364
,,,22198,,0.04278096556663513
,,,22199,,0.04805940389633179
,,,22200,,0.06919533014297485
,,,22201,,0.038539908826351166
,,,22202,,0.04374481737613678
,,,22203,,0.05746611952781677
,,,22204,,0.041151031851768494
,,,22205,,0.05118287354707718
,,,22206,,0.041761428117752075
,,,22207,,0.04665793478488922
,,,22208,,0.05695945769548416
,,,22209,,0.051976896822452545
,,,22210,,0.04964140057563782
,,,22211,,0.04681951925158501
,,,22212,,0.02421627566218376
96,,,7856,0.009162906557321548,
96,0.00777975982055068,,7856,,
97,,0.0033474070951342583,7859,,
97,,0.006535405293107033,7869,,
97,,0.011604595929384232,7879,,
97,,0.01572854444384575,7889,,
97,,0.00347365764901042,7899,,
97,,0.011037868447601795,7909,,
97,,0.003046169877052307,7919,,
97,,0.009400024078786373,7929,,
,,,22213,,0.0002623666950967163
,,,22214,,0.0002094983501592651
,,,22215,,0.00041271658847108483
,,,22216,,0.00018315033230464906
,,,22217,,0.00037827971391379833
,,,22218,,0.00015361560508608818
,,,22219,,0.0004372638650238514
,,,22220,,0.00015703478129580617
,,,22221,,0.00028476963052526116
,,,22222,,0.000176671746885404
,,,22223,,0.000644381158053875
,,,22224,,0.0006196926697157323
,,,22225,,0.0001861573982750997
,,,22226,,0.00026077241636812687
,,,22227,,0.00042724565719254315
,,,22228,,0.0002411534369457513
,,,22229,,0.0006032984238117933
,,,22230,,0.00043577334145084023
,,,22231,,0.00037853908725082874
,,,22232,,0.0007991741294972599
,,,22233,,0.00022069715487305075
,,,22234,,0.0001872958819149062
,,,22235,,0.00014069388271309435
,,,22236,,0.0005388589343056083
,,,22237,,0.0004639184335246682
,,,22238,,0.0003988900571130216
,,,22239,,0.0003955717838834971
,,,22240,,0.004342506639659405
,,,22241,,0.014105471782386303
,,,22242,,0.0117369145154953
,,,22243,,0.011683864519000053
,,,22244,,0.013008993119001389
,,,22245,,0.011559493839740753
,,,22246,,0.06376971304416656
,,,22247,,0.01975984126329422
,,,22248,,0.009395874105393887
,,,22249,,0.01159796305000782
,,,22250,,0.007583373226225376
,,,22251,,0.004245584364980459
,,,22252,,0.010142268612980843
,,,22253,,0.006173534318804741
,,,22254,,0.004173977300524712
,,,22255,,0.010159512981772423
,,,22256,,0.009146426804363728
,,,22257,,0.004996617324650288
,,,22258,,0.012222640216350555
,,,22259,,0.006148431450128555
,,,22260,,0.002244179602712393
,,,22261,,0.006034601479768753
,,,22262,,0.0037303902208805084
,,,22263,,0.00512795802205801
,,,22264,,0.00670218002051115
,,,22265,,0.0019825566560029984
,,,22266,,0.005191018804907799
,,,22267,,0.004394729621708393
,,,22268,,0.008185405284166336
,,,22269,,0.008067936636507511
,,,22270,,0.0038035018369555473
,,,22271,,0.005793184973299503
,,,22272,,0.003950823098421097
,,,22273,,0.004852079786360264
,,,22274,,0.003931510262191296
,,,22275,,0.0036046206951141357
,,,22276,,0.005031612701714039
,,,22277,,0.0044494448229670525
,,,22278,,0.0024745450355112553
,,,22279,,0.003622516058385372
,,,22280,,0.008089452981948853
,,,22281,,0.0043714107014238834
,,,22282,,0.0025033557321876287
,,,22283,,0.0032408861443400383
,,,22284,,0.0002614256227388978
,,,22285,,0.0006025196053087711
,,,22286,,0.0003994657308794558
,,,22287,,0.0002968287153635174
,,,22288,,0.00028863613260909915
,,,22289,,0.00033350641024298966
,,,22290,,0.00018908522906713188
,,,22291,,0.00031863481854088604
,,,22292,,0.00023737637093290687
,,,22293,,0.000471698644105345
,,,22294,,0.0003331050102133304
,,,22295,,0.0007370347739197314
,,,22296,,0.00041793985292315483
,,,22297,,0.0056061153300106525
,,,22298,,0.006940948311239481
,,,22299,,0.006414537318050861
,,,22300,,0.02065986581146717
,,,22301,,0.014270643703639507
,,,22302,,0.013515997678041458
,,,22303,,0.02284594438970089
,,,22304,,0.021572096273303032
,,,22305,,0.007370096165686846
,,,22306,,0.008170699700713158
,,,22307,,0.008353522047400475
,,,22308,,0.005941111594438553
,,,22309,,0.007106125820428133
,,,22310,,0.00835222378373146
,,,22311,,0.006776734720915556
,,,22312,,0.006813971325755119
,,,22313,,0.0077990032732486725
,,,22314,,0.006744652986526489
,,,22315,,0.005869937129318714
,,,22316,,0.0057350993156433105
,,,22317,,0.007843191735446453
,,,22318,,0.0075947195291519165
,,,22319,,0.00817285105586052
,,,22320,,0.007569396868348122
,,,22321,,0.007107250392436981
,,,22322,,0.009436488151550293
,,,22323,,0.008000677451491356
,,,22324,,0.006132964976131916
,,,22325,,0.007942991331219673
,,,22326,,0.008199281990528107
,,,22327,,0.005852561444044113
,,,22328,,0.005986885633319616
,,,22329,,0.004928738810122013
,,,22330,,0.00720222108066082
,,,22331,,0.006813122425228357
,,,22332,,0.00787917897105217
,,,22333,,0.006140453275293112
,,,22334,,0.006711135618388653
,,,22335,,0.007067137397825718
,,,22336,,0.0067550125531852245
,,,22337,,0.006673781201243401
,,,22338,,0.006848879158496857
,,,22339,,0.005637551657855511
,,,22340,,0.005788728594779968
,,,22341,,0.005987749435007572
,,,22342,,0.008038145489990711
,,,22343,,0.006768329069018364
,,,22344,,0.0077855852432549
,,,22345,,0.007068772800266743
,,,22346,,0.007977494038641453
,,,22347,,0.007428885903209448
,,,22348,,0.007158877793699503
,,,22349,,0.006367939058691263
,,,22350,,0.007457470055669546
,,,22351,,0.005073277745395899
,,,22352,,0.0052176592871546745
,,,22353,,0.004446330480277538
,,,22354,,0.004501457326114178
,,,22355,,0.0046468209475278854
,,,22356,,0.0052534667775034904
,,,22357,,0.004658162593841553
,,,22358,,0.00464241299778223
,,,22359,,0.004434616304934025
,,,22360,,0.004855148494243622
,,,22361,,0.003952430561184883
,,,22362,,0.0038151785265654325
,,,22363,,0.004384295083582401
,,,22364,,0.004712476395070553
,,,22365,,0.004728598520159721
,,,22366,,0.004597201477736235
,,,22367,,0.005189131945371628
,,,22368,,0.00502774165943265
,,,22369,,0.005103610455989838
,,,22370,,0.0044248877093195915
,,,22371,,0.0043740347027778625
,,,22372,,0.005256853066384792
,,,22373,,0.004831260070204735
,,,22374,,0.00540094543248415
,,,22375,,0.006089978385716677
,,,22376,,0.005477882456034422
,,,22377,,0.005926115438342094
,,,22378,,0.005257013253867626
,,,22379,,0.004510506987571716
,,,22380,,0.004865444730967283
,,,22381,,0.0066218324936926365
,,,22382,,0.005521169863641262
,,,22383,,0.004799049347639084
,,,22384,,0.0068979403004050255
,,,22385,,0.0053069437853991985
,,,22386,,0.006618749350309372
,,,22387,,0.0051851095631718636
,,,22388,,0.004990497138351202
,,,22389,,0.005875754170119762
,,,22390,,0.00561594357714057
,,,22391,,0.004782064817845821
,,,22392,,0.006114611402153969
,,,22393,,0.0055135092698037624
,,,22394,,0.005261099897325039
,,,22395,,0.002176303882151842
,,,22396,,0.0017938968958333135
,,,22397,,0.001275284099392593
,,,22398,,0.0013141243252903223
,,,22399,,0.0011712131090462208
,,,22400,,0.0011339643970131874
,,,22401,,0.0014696797588840127
,,,22402,,0.001210434129461646
,,,22403,,0.0018688859418034554
,,,22404,,0.0015717502683401108
,,,22405,,0.0015087418723851442
,,,22406,,0.0015265634283423424
,,,22407,,0.001371482154354453
,,,22408,,0.0062791164964437485
,,,22409,,0.006751779932528734
,,,22410,,0.007580369245260954
,,,22411,,0.005522960796952248
,,,22412,,0.0024662939831614494
,,,22413,,0.022281449288129807
,,,22414,,0.003960373345762491
,,,22415,,0.015182019211351871
,,,22416,,0.00831694807857275
,,,22417,,0.007215105928480625
,,,22418,,0.013381727039813995
,,,22419,,0.015289144590497017
,,,22420,,0.016465913504362106
,,,22421,,0.015348674729466438
,,,22422,,0.00973549671471119
,,,22423,,0.01684902235865593
,,,22424,,0.014062801375985146
,,,22425,,0.06900870054960251
,,,22426,,0.053329311311244965
,,,22427,,0.04249045252799988
,,,22428,,0.047684404999017715
,,,22429,,0.06871055066585541
,,,22430,,0.038602255284786224
,,,22431,,0.043616510927677155
,,,22432,,0.05771508067846298
,,,22433,,0.04035712033510208
,,,22434,,0.05121661350131035
,,,22435,,0.04189465939998627
,,,22436,,0.046093907207250595
,,,22437,,0.056504007428884506
,,,22438,,0.05150340497493744
,,,22439,,0.049785926938056946
,,,22440,,0.047148846089839935
,,,22441,,0.02434629015624523
97,,,7937,0.008979935199022293,
97,0.007663997355848551,,7937,,
98,,0.0061952415853738785,7939,,
98,,0.005086916033178568,7949,,
98,,0.006508638150990009,7959,,
98,,0.007423104718327522,7969,,
98,,0.006419992074370384,7979,,
98,,0.0042205676436424255,7989,,
98,,0.005852275528013706,7999,,
98,,0.004359397105872631,8009,,
,,,22442,,0.0008195220725610852
,,,22443,,0.0007576567586511374
,,,22444,,0.0010197473457083106
,,,22445,,0.0008037466323003173
,,,22446,,0.0010115497279912233
,,,22447,,0.0007954358006827533
,,,22448,,0.0010604721028357744
,,,22449,,0.0006952276453375816
,,,22450,,0.0009049710351973772
,,,22451,,0.0007980680093169212
,,,22452,,0.0012871237704530358
,,,22453,,0.0012002680450677872
,,,22454,,0.0007209772011265159
,,,22455,,0.0009417043183930218
,,,22456,,0.0012121365871280432
,,,22457,,0.0009569649118930101
,,,22458,,0.0012479632860049605
,,,22459,,0.0010798410512506962
,,,22460,,0.0010953140445053577
,,,22461,,0.0015900065191090107
,,,22462,,0.0009383044671267271
,,,22463,,0.0008694406715221703
,,,22464,,0.0008725949446670711
,,,22465,,0.0012372953351587057
,,,22466,,0.0012072904501110315
,,,22467,,0.0009984869975596666
,,,22468,,0.0011087163584306836
,,,22469,,0.004737331531941891
,,,22470,,0.014481953345239162
,,,22471,,0.012145375832915306
,,,22472,,0.012105682864785194
,,,22473,,0.013445927761495113
,,,22474,,0.011908439919352531
,,,22475,,0.06430880725383759
,,,22476,,0.020151251927018166
,,,22477,,0.009786823764443398
,,,22478,,0.011966666206717491
,,,22479,,0.007922280579805374
,,,22480,,0.004579504020512104
,,,22481,,0.010567577555775642
,,,22482,,0.006472934503108263
,,,22483,,0.004376033321022987
,,,22484,,0.010311409831047058
,,,22485,,0.009316897951066494
,,,22486,,0.005091899074614048
,,,22487,,0.012349937111139297
,,,22488,,0.0063377562910318375
,,,22489,,0.0024438477121293545
,,,22490,,0.006245100405067205
,,,22491,,0.00398990698158741
,,,22492,,0.005280773155391216
,,,22493,,0.006824965123087168
,,,22494,,0.00219554640352726
,,,22495,,0.005427583120763302
,,,22496,,0.00498462887480855
,,,22497,,0.008307171985507011
,,,22498,,0.008343403227627277
,,,22499,,0.0041677094995975494
,,,22500,,0.005672107916325331
,,,22501,,0.004064267501235008
,,,22502,,0.005116051994264126
,,,22503,,0.004110894165933132
,,,22504,,0.0037940663751214743
,,,22505,,0.004982037469744682
,,,22506,,0.004476713016629219
,,,22507,,0.0028780766297131777
,,,22508,,0.004361385479569435
,,,22509,,0.008303888142108917
,,,22510,,0.004722193814814091
,,,22511,,0.0029873144812881947
,,,22512,,0.003101564943790436
,,,22513,,0.00053525494877249
,,,22514,,0.0009296328062191606
,,,22515,,0.0011825691908597946
,,,22516,,0.0007917019538581371
,,,22517,,0.0006004738388583064
,,,22518,,0.0006520412280224264
,,,22519,,0.00035328324884176254
,,,22520,,0.0007954111788421869
,,,22521,,0.0004736470873467624
,,,22522,,0.0007569856243208051
,,,22523,,0.000890902359969914
,,,22524,,0.00035513206967152655
,,,22525,,0.0006643958622589707
,,,22526,,0.008006630465388298
,,,22527,,0.00976702943444252
,,,22528,,0.008513565175235271
,,,22529,,0.021447615697979927
,,,22530,,0.015025868080556393
,,,22531,,0.015903575345873833
,,,22532,,0.026787925511598587
,,,22533,,0.02556554414331913
,,,22534,,0.008667334914207458
,,,22535,,0.00943325087428093
,,,22536,,0.00963393785059452
,,,22537,,0.006884032394737005
,,,22538,,0.00808610487729311
,,,22539,,0.009521621279418468
,,,22540,,0.007651843596249819
,,,22541,,0.007675869390368462
,,,22542,,0.00893337931483984
,,,22543,,0.007709150668233633
,,,22544,,0.006690768525004387
,,,22545,,0.006734945811331272
,,,22546,,0.008911943063139915
,,,22547,,0.008776368573307991
,,,22548,,0.009237628430128098
,,,22549,,0.008740793913602829
,,,22550,,0.008247967809438705
,,,22551,,0.010812808759510517
,,,22552,,0.009118064306676388
,,,22553,,0.007054188288748264
,,,22554,,0.009097297675907612
,,,22555,,0.009282625280320644
,,,22556,,0.008692974224686623
,,,22557,,0.008731940761208534
,,,22558,,0.0068542612716555595
,,,22559,,0.008029453456401825
,,,22560,,0.007806448265910149
,,,22561,,0.008763267658650875
,,,22562,,0.006897872779518366
,,,22563,,0.007604874670505524
,,,22564,,0.008025743998587132
,,,22565,,0.00784720666706562
,,,22566,,0.007619438227266073
,,,22567,,0.007618233561515808
,,,22568,,0.006509666331112385
,,,22569,,0.006574870087206364
,,,22570,,0.006903649307787418
,,,22571,,0.009037459269165993
,,,22572,,0.0076519581489264965
,,,22573,,0.008810854516923428
,,,22574,,0.008003909140825272
,,,22575,,0.00884898193180561
,,,22576,,0.008391836658120155
,,,22577,,0.007941031828522682
,,,22578,,0.007204667665064335
,,,22579,,0.00834707822650671
,,,22580,,0.005967391654849052
,,,22581,,0.006428848020732403
,,,22582,,0.005539102479815483
,,,22583,,0.0055651431903243065
,,,22584,,0.005714351311326027
,,,22585,,0.006473197601735592
,,,22586,,0.0058668795973062515
,,,22587,,0.0058404915034770966
,,,22588,,0.005685719195753336
,,,22589,,0.006034993566572666
,,,22590,,0.004836644046008587
,,,22591,,0.004904716741293669
,,,22592,,0.0056249601766467094
,,,22593,,0.005842939019203186
,,,22594,,0.0061305067501962185
,,,22595,,0.005757988430559635
,,,22596,,0.006522770505398512
,,,22597,,0.006283375434577465
,,,22598,,0.006193210370838642
,,,22599,,0.005505787208676338
,,,22600,,0.005547713488340378
,,,22601,,0.0065306369215250015
,,,22602,,0.005217414349317551
,,,22603,,0.005638191010802984
,,,22604,,0.006409341003745794
,,,22605,,0.005737180821597576
,,,22606,,0.006258975714445114
,,,22607,,0.005497280973941088
,,,22608,,0.004722391255199909
,,,22609,,0.00509168766438961
,,,22610,,0.0069358255714178085
,,,22611,,0.005797918885946274
,,,22612,,0.005074855871498585
,,,22613,,0.007166844327002764
,,,22614,,0.005523268133401871
,,,22615,,0.006911522708833218
,,,22616,,0.005434732884168625
,,,22617,,0.0052320389077067375
,,,22618,,0.00616404740139842
,,,22619,,0.005865544080734253
,,,22620,,0.0050233276560902596
,,,22621,,0.006331312004476786
,,,22622,,0.0057911379262804985
,,,22623,,0.005532324314117432
,,,22624,,0.0023540984839200974
,,,22625,,0.0021348297595977783
,,,22626,,0.001611956860870123
,,,22627,,0.0016364131588488817
,,,22628,,0.0015027166809886694
,,,22629,,0.0014117860700935125
,,,22630,,0.0017530735349282622
,,,22631,,0.001520838588476181
,,,22632,,0.002154993824660778
,,,22633,,0.001733638346195221
,,,22634,,0.0017761527560651302
,,,22635,,0.001810409245081246
,,,22636,,0.0017159129492938519
,,,22637,,0.007083036005496979
,,,22638,,0.008036215789616108
,,,22639,,0.008589670993387699
,,,22640,,0.006666514556854963
,,,22641,,0.003567639272660017
,,,22642,,0.024374311789870262
,,,22643,,0.004695880226790905
,,,22644,,0.01721157319843769
,,,22645,,0.008782226592302322
,,,22646,,0.008038058876991272
,,,22647,,0.014633598737418652
,,,22648,,0.017318246886134148
,,,22649,,0.017707549035549164
,,,22650,,0.015856627374887466
,,,22651,,0.011783650144934654
,,,22652,,0.018334705382585526
,,,22653,,0.01528259553015232
,,,22654,,0.06932175159454346
,,,22655,,0.053945936262607574
,,,22656,,0.04370422661304474
,,,22657,,0.04807300865650177
,,,22658,,0.06940815597772598
,,,22659,,0.039255063980817795
,,,22660,,0.04400872439146042
,,,22661,,0.058224596083164215
,,,22662,,0.04131746664643288
,,,22663,,0.051763519644737244
,,,22664,,0.0423850491642952
,,,22665,,0.0466366782784462
,,,22666,,0.056911151856184006
,,,22667,,0.05195855349302292
,,,22668,,0.05001845955848694
,,,22669,,0.047782234847545624
,,,22670,,0.024119537323713303
98,,,8018,0.009718172252178192,
98,0.007620377000421286,,8018,,
99,,0.004796001594513655,8019,,
99,,0.007994653657078743,8029,,
99,,0.0078065586276352406,8039,,
99,,0.007190528325736523,8049,,
99,,0.010200250893831253,8059,,
99,,0.005983961280435324,8069,,
99,,0.010901136323809624,8079,,
99,,0.008310679346323013,8089,,
99,,0.011558960191905499,8099,,
,,,22671,,0.0002750336716417223
,,,22672,,0.00020104317809455097
,,,22673,,0.0004542904207482934
,,,22674,,0.00019156045163981616
,,,22675,,0.0003922403557226062
,,,22676,,0.00016757025150582194
,,,22677,,0.0004227139288559556
,,,22678,,0.00015752518083900213
,,,22679,,0.00028578389901667833
,,,22680,,0.00019507284741848707
,,,22681,,0.0006256249034777284
,,,22682,,0.0006892380770295858
,,,22683,,0.00017911000759340823
,,,22684,,0.0002553034864831716
,,,22685,,0.0004804391646757722
,,,22686,,0.00024190451949834824
,,,22687,,0.0006356119993142784
,,,22688,,0.00043114833533763885
,,,22689,,0.00040128157706931233
,,,22690,,0.0009190092096105218
,,,22691,,0.00023834395688027143
,,,22692,,0.00017537054372951388
,,,22693,,0.00014498949167318642
,,,22694,,0.00059215456712991
,,,22695,,0.0004935084725730121
,,,22696,,0.0003785783192142844
,,,22697,,0.00040817452827468514
,,,22698,,0.004321337677538395
,,,22699,,0.014034107327461243
,,,22700,,0.011700157076120377
,,,22701,,0.01162310503423214
,,,22702,,0.01295588631182909
,,,22703,,0.011539441533386707
,,,22704,,0.06354077160358429
,,,22705,,0.019700724631547928
,,,22706,,0.009327358566224575
,,,22707,,0.011539420112967491
,,,22708,,0.007536132819950581
,,,22709,,0.004199831280857325
,,,22710,,0.010087527334690094
,,,22711,,0.0061114151030778885
,,,22712,,0.00407387875020504
,,,22713,,0.009877904318273067
,,,22714,,0.009062033146619797
,,,22715,,0.004891196731477976
,,,22716,,0.012056933715939522
,,,22717,,0.00606862548738718
,,,22718,,0.0022360896691679955
,,,22719,,0.005979183129966259
,,,22720,,0.003715034807100892
,,,22721,,0.0050588855519890785
,,,22722,,0.006575852632522583
,,,22723,,0.001988575793802738
,,,22724,,0.005162833258509636
,,,22725,,0.004597221501171589
,,,22726,,0.008343590423464775
,,,22727,,0.008409187197685242
,,,22728,,0.003975276835262775
,,,22729,,0.005979198031127453
,,,22730,,0.004097683820873499
,,,22731,,0.005035095382481813
,,,22732,,0.004191779997199774
,,,22733,,0.003685549134388566
,,,22734,,0.005359554663300514
,,,22735,,0.004532902501523495
,,,22736,,0.002463839016854763
,,,22737,,0.00399368442595005
,,,22738,,0.008201918564736843
,,,22739,,0.004517060238867998
,,,22740,,0.0024768621660768986
,,,22741,,0.003277840558439493
,,,22742,,0.00027508288621902466
,,,22743,,0.000627921603154391
,,,22744,,0.0003482708416413516
,,,22745,,0.000320761144394055
,,,22746,,0.0002868255542125553
,,,22747,,0.00033952813828364015
,,,22748,,0.00020774913718923926
,,,22749,,0.0002793981693685055
,,,22750,,0.00023398622579406947
,,,22751,,0.00045773651800118387
,,,22752,,0.0003425926552154124
,,,22753,,0.0008307830430567265
,,,22754,,0.00042127061169594526
,,,22755,,0.005757809616625309
,,,22756,,0.007199260406196117
,,,22757,,0.006587428972125053
,,,22758,,0.020674677565693855
,,,22759,,0.014303004369139671
,,,22760,,0.013758140616118908
,,,22761,,0.02358800172805786
,,,22762,,0.022295132279396057
,,,22763,,0.007349901832640171
,,,22764,,0.008087622001767159
,,,22765,,0.008264973759651184
,,,22766,,0.005794220604002476
,,,22767,,0.006900472100824118
,,,22768,,0.008238947950303555
,,,22769,,0.0065898774191737175
,,,22770,,0.006667850073426962
,,,22771,,0.007660076953470707
,,,22772,,0.0065791914239525795
,,,22773,,0.005710782017558813
,,,22774,,0.005634487606585026
,,,22775,,0.007691643666476011
,,,22776,,0.007443709764629602
,,,22777,,0.00802953727543354
,,,22778,,0.007444559596478939
,,,22779,,0.0069801341742277145
,,,22780,,0.009281842038035393
,,,22781,,0.007856061682105064
,,,22782,,0.005973342806100845
,,,22783,,0.007820915430784225
,,,22784,,0.008038749918341637
,,,22785,,0.005889611784368753
,,,22786,,0.006018936634063721
,,,22787,,0.004916476085782051
,,,22788,,0.00711958110332489
,,,22789,,0.006677818018943071
,,,22790,,0.007703559473156929
,,,22791,,0.005986330099403858
,,,22792,,0.0065503972582519054
,,,22793,,0.006941089406609535
,,,22794,,0.006563818082213402
,,,22795,,0.006538270972669125
,,,22796,,0.006711703259497881
,,,22797,,0.005487332120537758
,,,22798,,0.0056419093161821365
,,,22799,,0.005889163352549076
,,,22800,,0.007843563333153725
,,,22801,,0.006637049838900566
,,,22802,,0.007626386824995279
,,,22803,,0.0069028884172439575
,,,22804,,0.007768840063363314
,,,22805,,0.0072739003226161
,,,22806,,0.006973495241254568
,,,22807,,0.0062508126720786095
,,,22808,,0.007307856343686581
,,,22809,,0.004925720859318972
,,,22810,,0.005150778219103813
,,,22811,,0.004414372146129608
,,,22812,,0.004441644996404648
,,,22813,,0.004566126968711615
,,,22814,,0.005133739672601223
,,,22815,,0.0045183440670371056
,,,22816,,0.004556120373308659
,,,22817,,0.004324247129261494
,,,22818,,0.004669973626732826
,,,22819,,0.0038473487365990877
,,,22820,,0.0037837866693735123
,,,22821,,0.004307207185775042
,,,22822,,0.0046791741624474525
,,,22823,,0.0046329498291015625
,,,22824,,0.004536896478384733
,,,22825,,0.005076688714325428
,,,22826,,0.004940692335367203
,,,22827,,0.005065193399786949
,,,22828,,0.004339441657066345
,,,22829,,0.004308813251554966
,,,22830,,0.005164355505257845
,,,22831,,0.004756849259138107
,,,22832,,0.005290423985570669
,,,22833,,0.006068527698516846
,,,22834,,0.005360065959393978
,,,22835,,0.005865735001862049
,,,22836,,0.005149214528501034
,,,22837,,0.0044222199358046055
,,,22838,,0.004788164049386978
,,,22839,,0.006556223146617413
,,,22840,,0.00547405518591404
,,,22841,,0.004710573703050613
,,,22842,,0.0068023595958948135
,,,22843,,0.005275303963571787
,,,22844,,0.0065160789526999
,,,22845,,0.005079935770481825
,,,22846,,0.004943873733282089
,,,22847,,0.005806927569210529
,,,22848,,0.005565446801483631
,,,22849,,0.004710886627435684
,,,22850,,0.006004305090755224
,,,22851,,0.005441325716674328
,,,22852,,0.005185076966881752
,,,22853,,0.002222358714789152
,,,22854,,0.0018226588144898415
,,,22855,,0.0012883516028523445
,,,22856,,0.0013622385449707508
,,,22857,,0.0012554156128317118
,,,22858,,0.0012029967037960887
,,,22859,,0.001530843204818666
,,,22860,,0.0012517806608229876
,,,22861,,0.0018582601333037019
,,,22862,,0.001660046400502324
,,,22863,,0.0015559939201921225
,,,22864,,0.0015879864804446697
,,,22865,,0.0014336647000163794
,,,22866,,0.006227897480130196
,,,22867,,0.006628171540796757
,,,22868,,0.007638091221451759
,,,22869,,0.005637588910758495
,,,22870,,0.0025556348264217377
,,,22871,,0.022303827106952667
,,,22872,,0.003750869771465659
,,,22873,,0.015596022829413414
,,,22874,,0.00795887690037489
,,,22875,,0.007150937337428331
,,,22876,,0.013300564140081406
,,,22877,,0.015611303970217705
,,,22878,,0.016545049846172333
,,,22879,,0.01523338072001934
,,,22880,,0.010305148549377918
,,,22881,,0.016525138169527054
,,,22882,,0.014035450294613838
,,,22883,,0.06887581944465637
,,,22884,,0.05302918702363968
,,,22885,,0.04243684932589531
,,,22886,,0.04723896086215973
,,,22887,,0.06850983202457428
,,,22888,,0.03799920156598091
,,,22889,,0.04314366728067398
,,,22890,,0.05714485049247742
,,,22891,,0.039812155067920685
,,,22892,,0.05107223987579346
,,,22893,,0.0411132276058197
,,,22894,,0.045546893030405045
,,,22895,,0.05574663355946541
,,,22896,,0.051543451845645905
,,,22897,,0.049685537815093994
,,,22898,,0.046239305287599564
,,,22899,,0.0233845803886652
99,,,8099,0.008928370662033558,
99,0.00772883091121912,,8099,,
,,,0,,0.0002750336716417223
,,,1,,0.00020104317809455097
,,,2,,0.0004542904207482934
,,,3,,0.00019156045163981616
,,,4,,0.0003922403557226062
,,,5,,0.00016757025150582194
,,,6,,0.0004227139288559556
,,,7,,0.00015752518083900213
,,,8,,0.00028578389901667833
,,,9,,0.00019507284741848707
,,,10,,0.0006256249034777284
,,,11,,0.0006892380770295858
,,,12,,0.00017911000759340823
,,,13,,0.0002553034864831716
,,,14,,0.0004804391646757722
,,,15,,0.00024190451949834824
,,,16,,0.0006356119993142784
,,,17,,0.00043114833533763885
,,,18,,0.00040128157706931233
,,,19,,0.0009190092096105218
,,,20,,0.00023834395688027143
,,,21,,0.00017537054372951388
,,,22,,0.00014498949167318642
,,,23,,0.00059215456712991
,,,24,,0.0004935084725730121
,,,25,,0.0003785783192142844
,,,26,,0.00040817452827468514
,,,27,,0.004321337677538395
,,,28,,0.014034107327461243
,,,29,,0.011700157076120377
,,,30,,0.01162310503423214
,,,31,,0.01295588631182909
,,,32,,0.011539441533386707
,,,33,,0.06354077160358429
,,,34,,0.019700724631547928
,,,35,,0.009327358566224575
,,,36,,0.011539420112967491
,,,37,,0.007536132819950581
,,,38,,0.004199831280857325
,,,39,,0.010087527334690094
,,,40,,0.0061114151030778885
,,,41,,0.00407387875020504
,,,42,,0.009877904318273067
,,,43,,0.009062033146619797
,,,44,,0.004891196731477976
,,,45,,0.012056933715939522
,,,46,,0.00606862548738718
,,,47,,0.0022360896691679955
,,,48,,0.005979183129966259
,,,49,,0.003715034807100892
,,,50,,0.0050588855519890785
,,,51,,0.006575852632522583
,,,52,,0.001988575793802738
,,,53,,0.005162833258509636
,,,54,,0.004597221501171589
,,,55,,0.008343590423464775
,,,56,,0.008409187197685242
,,,57,,0.003975276835262775
,,,58,,0.005979198031127453
,,,59,,0.004097683820873499
,,,60,,0.005035095382481813
,,,61,,0.004191779997199774
,,,62,,0.003685549134388566
,,,63,,0.005359554663300514
,,,64,,0.004532902501523495
,,,65,,0.002463839016854763
,,,66,,0.00399368442595005
,,,67,,0.008201918564736843
,,,68,,0.004517060238867998
,,,69,,0.0024768621660768986
,,,70,,0.003277840558439493
,,,71,,0.00027508288621902466
,,,72,,0.000627921603154391
,,,73,,0.0003482708416413516
,,,74,,0.000320761144394055
,,,75,,0.0002868255542125553
,,,76,,0.00033952813828364015
,,,77,,0.00020774913718923926
,,,78,,0.0002793981693685055
,,,79,,0.00023398622579406947
,,,80,,0.00045773651800118387
,,,81,,0.0003425926552154124
,,,82,,0.0008307830430567265
,,,83,,0.00042127061169594526
,,,84,,0.005757809616625309
,,,85,,0.007199260406196117
,,,86,,0.006587428972125053
,,,87,,0.020674677565693855
,,,88,,0.014303004369139671
,,,89,,0.013758140616118908
,,,90,,0.02358800172805786
,,,91,,0.022295132279396057
,,,92,,0.007349901832640171
,,,93,,0.008087622001767159
,,,94,,0.008264973759651184
,,,95,,0.005794220604002476
,,,96,,0.006900472100824118
,,,97,,0.008238947950303555
,,,98,,0.0065898774191737175
,,,99,,0.006667850073426962
,,,100,,0.007660076953470707
,,,101,,0.0065791914239525795
,,,102,,0.005710782017558813
,,,103,,0.005634487606585026
,,,104,,0.007691643666476011
,,,105,,0.007443709764629602
,,,106,,0.00802953727543354
,,,107,,0.007444559596478939
,,,108,,0.0069801341742277145
,,,109,,0.009281842038035393
,,,110,,0.007856061682105064
,,,111,,0.005973342806100845
,,,112,,0.007820915430784225
,,,113,,0.008038749918341637
,,,114,,0.005889611784368753
,,,115,,0.006018936634063721
,,,116,,0.004916476085782051
,,,117,,0.00711958110332489
,,,118,,0.006677818018943071
,,,119,,0.007703559473156929
,,,120,,0.005986330099403858
,,,121,,0.0065503972582519054
,,,122,,0.006941089406609535
,,,123,,0.006563818082213402
,,,124,,0.006538270972669125
,,,125,,0.006711703259497881
,,,126,,0.005487332120537758
,,,127,,0.0056419093161821365
,,,128,,0.005889163352549076
,,,129,,0.007843563333153725
,,,130,,0.006637049838900566
,,,131,,0.007626386824995279
,,,132,,0.0069028884172439575
,,,133,,0.007768840063363314
,,,134,,0.0072739003226161
,,,135,,0.006973495241254568
,,,136,,0.0062508126720786095
,,,137,,0.007307856343686581
,,,138,,0.004925720859318972
,,,139,,0.005150778219103813
,,,140,,0.004414372146129608
,,,141,,0.004441644996404648
,,,142,,0.004566126968711615
,,,143,,0.005133739672601223
,,,144,,0.0045183440670371056
,,,145,,0.004556120373308659
,,,146,,0.004324247129261494
,,,147,,0.004669973626732826
,,,148,,0.0038473487365990877
,,,149,,0.0037837866693735123
,,,150,,0.004307207185775042
,,,151,,0.0046791741624474525
,,,152,,0.0046329498291015625
,,,153,,0.004536896478384733
,,,154,,0.005076688714325428
,,,155,,0.004940692335367203
,,,156,,0.005065193399786949
,,,157,,0.004339441657066345
,,,158,,0.004308813251554966
,,,159,,0.005164355505257845
,,,160,,0.004756849259138107
,,,161,,0.005290423985570669
,,,162,,0.006068527698516846
,,,163,,0.005360065959393978
,,,164,,0.005865735001862049
,,,165,,0.005149214528501034
,,,166,,0.0044222199358046055
,,,167,,0.004788164049386978
,,,168,,0.006556223146617413
,,,169,,0.00547405518591404
,,,170,,0.004710573703050613
,,,171,,0.0068023595958948135
,,,172,,0.005275303963571787
,,,173,,0.0065160789526999
,,,174,,0.005079935770481825
,,,175,,0.004943873733282089
,,,176,,0.005806927569210529
,,,177,,0.005565446801483631
,,,178,,0.004710886627435684
,,,179,,0.006004305090755224
,,,180,,0.005441325716674328
,,,181,,0.005185076966881752
,,,182,,0.002222358714789152
,,,183,,0.0018226588144898415
,,,184,,0.0012883516028523445
,,,185,,0.0013622385449707508
,,,186,,0.0012554156128317118
,,,187,,0.0012029967037960887
,,,188,,0.001530843204818666
,,,189,,0.0012517806608229876
,,,190,,0.0018582601333037019
,,,191,,0.001660046400502324
,,,192,,0.0015559939201921225
,,,193,,0.0015879864804446697
,,,194,,0.0014336647000163794
,,,195,,0.006227897480130196
,,,196,,0.006628171540796757
,,,197,,0.007638091221451759
,,,198,,0.005637588910758495
,,,199,,0.0025556348264217377
,,,200,,0.022303827106952667
,,,201,,0.003750869771465659
,,,202,,0.015596022829413414
,,,203,,0.00795887690037489
,,,204,,0.007150937337428331
,,,205,,0.013300564140081406
,,,206,,0.015611303970217705
,,,207,,0.016545049846172333
,,,208,,0.01523338072001934
,,,209,,0.010305148549377918
,,,210,,0.016525138169527054
,,,211,,0.014035450294613838
,,,212,,0.06887581944465637
,,,213,,0.05302918702363968
,,,214,,0.04243684932589531
,,,215,,0.04723896086215973
,,,216,,0.06850983202457428
,,,217,,0.03799920156598091
,,,218,,0.04314366728067398
,,,219,,0.05714485049247742
,,,220,,0.039812155067920685
,,,221,,0.05107223987579346
,,,222,,0.0411132276058197
,,,223,,0.045546893030405045
,,,224,,0.05574663355946541
,,,225,,0.051543451845645905
,,,226,,0.049685537815093994
,,,227,,0.046239305287599564
,,,228,,0.0233845803886652
100,,,8100,0.008928370662033558,
