epoch,loss_epoch,loss_step,step,val/loss_epoch,val/loss_step
0,,0.5600267648696899,9,,
0,,0.5273061990737915,19,,
0,,0.3147687315940857,29,,
0,,0.2269294559955597,39,,
0,,0.23984643816947937,49,,
0,,0.25828632712364197,59,,
0,,0.15233343839645386,69,,
0,,0.165836364030838,79,,
,,,0,,0.017870362848043442
,,,1,,0.02193990722298622
,,,2,,0.010026471689343452
,,,3,,0.01556685846298933
,,,4,,0.05148184671998024
,,,5,,0.012513313442468643
,,,6,,0.007195096462965012
,,,7,,0.010514986701309681
,,,8,,0.026471508666872978
,,,9,,0.009942757897078991
,,,10,,0.012809381820261478
,,,11,,0.009855469688773155
,,,12,,0.01330379955470562
,,,13,,0.009057162329554558
,,,14,,0.012243151664733887
,,,15,,0.012231390923261642
,,,16,,0.028307169675827026
,,,17,,0.04454965516924858
,,,18,,0.029360847547650337
,,,19,,0.01331137865781784
,,,20,,0.007694682572036982
,,,21,,0.02944847382605076
,,,22,,0.014571014791727066
,,,23,,0.012960895895957947
,,,24,,0.018026139587163925
,,,25,,0.03155898302793503
,,,26,,0.024519924074411392
,,,27,,0.06772439181804657
,,,28,,0.105089470744133
,,,29,,0.09831034392118454
,,,30,,0.09492833912372589
,,,31,,0.10445287078619003
,,,32,,0.08892170339822769
,,,33,,0.19771543145179749
,,,34,,0.11722736805677414
,,,35,,0.08727169781923294
,,,36,,0.08694527298212051
,,,37,,0.07380491495132446
,,,38,,0.07448361814022064
,,,39,,0.0926436185836792
,,,40,,0.0779188796877861
,,,41,,0.10550997406244278
,,,42,,0.13877730071544647
,,,43,,0.13509327173233032
,,,44,,0.08483437448740005
,,,45,,0.17150701582431793
,,,46,,0.13867312669754028
,,,47,,0.08638881146907806
,,,48,,0.1333320438861847
,,,49,,0.06318959593772888
,,,50,,0.07216271758079529
,,,51,,0.0884270966053009
,,,52,,0.060722559690475464
,,,53,,0.08503340184688568
,,,54,,0.09533863514661789
,,,55,,0.12184254825115204
,,,56,,0.14133220911026
,,,57,,0.08400149643421173
,,,58,,0.13122029602527618
,,,59,,0.06878222525119781
,,,60,,0.10275914520025253
,,,61,,0.07597097009420395
,,,62,,0.07123199850320816
,,,63,,0.10681943595409393
,,,64,,0.07741083949804306
,,,65,,0.038153696805238724
,,,66,,0.06528672575950623
,,,67,,0.14412370324134827
,,,68,,0.09419660270214081
,,,69,,0.03242852911353111
,,,70,,0.06307075917720795
,,,71,,0.02045568823814392
,,,72,,0.026533735916018486
,,,73,,0.012556752189993858
,,,74,,0.019749771803617477
,,,75,,0.022963207215070724
,,,76,,0.01821809634566307
,,,77,,0.015974128618836403
,,,78,,0.016350246965885162
,,,79,,0.01214513648301363
,,,80,,0.03329232335090637
,,,81,,0.020853012800216675
,,,82,,0.012510089203715324
,,,83,,0.01676035299897194
,,,84,,0.22963333129882812
,,,85,,0.2783140242099762
,,,86,,0.33292442560195923
,,,87,,0.7472313642501831
,,,88,,0.641623854637146
,,,89,,0.47440603375434875
,,,90,,0.50682532787323
,,,91,,0.4979810118675232
,,,92,,0.28230366110801697
,,,93,,0.2531401515007019
,,,94,,0.26950526237487793
,,,95,,0.2273644506931305
,,,96,,0.23366284370422363
,,,97,,0.23675838112831116
,,,98,,0.24322213232517242
,,,99,,0.23194953799247742
,,,100,,0.24117150902748108
,,,101,,0.25064441561698914
,,,102,,0.2601832449436188
,,,103,,0.21170175075531006
,,,104,,0.26625770330429077
,,,105,,0.23953886330127716
,,,106,,0.2613266706466675
,,,107,,0.2426087111234665
,,,108,,0.23015522956848145
,,,109,,0.26197224855422974
,,,110,,0.24728989601135254
,,,111,,0.21275866031646729
,,,112,,0.24797892570495605
,,,113,,0.24785958230495453
,,,114,,0.38546913862228394
,,,115,,0.38979631662368774
,,,116,,0.29406583309173584
,,,117,,0.1892705261707306
,,,118,,0.20689944922924042
,,,119,,0.21087418496608734
,,,120,,0.18495607376098633
,,,121,,0.19724145531654358
,,,122,,0.20255614817142487
,,,123,,0.19645515084266663
,,,124,,0.20710767805576324
,,,125,,0.2135690599679947
,,,126,,0.17858758568763733
,,,127,,0.20092305541038513
,,,128,,0.20518146455287933
,,,129,,0.21451689302921295
,,,130,,0.19857099652290344
,,,131,,0.2068779319524765
,,,132,,0.22049520909786224
,,,133,,0.21999038755893707
,,,134,,0.2184775173664093
,,,135,,0.20501752197742462
,,,136,,0.2059302031993866
,,,137,,0.205543652176857
,,,138,,0.18595728278160095
,,,139,,0.19117899239063263
,,,140,,0.1869613230228424
,,,141,,0.17591241002082825
,,,142,,0.18083661794662476
,,,143,,0.17971834540367126
,,,144,,0.16755080223083496
,,,145,,0.1902899146080017
,,,146,,0.17569278180599213
,,,147,,0.19404608011245728
,,,148,,0.16359633207321167
,,,149,,0.17438070476055145
,,,150,,0.17965824902057648
,,,151,,0.1933331936597824
,,,152,,0.18856152892112732
,,,153,,0.18805530667304993
,,,154,,0.18652138113975525
,,,155,,0.1795680671930313
,,,156,,0.1882651448249817
,,,157,,0.1783282607793808
,,,158,,0.1842111200094223
,,,159,,0.18390190601348877
,,,160,,0.1941300630569458
,,,161,,0.23267321288585663
,,,162,,0.24964579939842224
,,,163,,0.2205885648727417
,,,164,,0.23509833216667175
,,,165,,0.21655738353729248
,,,166,,0.19572727382183075
,,,167,,0.19947516918182373
,,,168,,0.26981449127197266
,,,169,,0.2337781935930252
,,,170,,0.2006896585226059
,,,171,,0.2478938102722168
,,,172,,0.23045115172863007
,,,173,,0.25995194911956787
,,,174,,0.2209482192993164
,,,175,,0.211475670337677
,,,176,,0.23232877254486084
,,,177,,0.22871562838554382
,,,178,,0.21994885802268982
,,,179,,0.24806441366672516
,,,180,,0.22003525495529175
,,,181,,0.22382886707782745
,,,182,,0.2581421136856079
,,,183,,0.23880033195018768
,,,184,,0.17244139313697815
,,,185,,0.19816158711910248
,,,186,,0.09690307080745697
,,,187,,0.13299046456813812
,,,188,,0.22456896305084229
,,,189,,0.1596347987651825
,,,190,,0.18344195187091827
,,,191,,0.1978326141834259
,,,192,,0.15215890109539032
,,,193,,0.06123965606093407
,,,194,,0.18489035964012146
,,,195,,0.1424804925918579
,,,196,,0.06523319333791733
,,,197,,0.04505884647369385
,,,198,,0.05970950797200203
,,,199,,0.01911560446023941
,,,200,,0.1321522295475006
,,,201,,0.03111889958381653
,,,202,,0.07966382056474686
,,,203,,0.03911399841308594
,,,204,,0.054666850715875626
,,,205,,0.08582809567451477
,,,206,,0.07846178114414215
,,,207,,0.07839266955852509
,,,208,,0.09915606677532196
,,,209,,0.08602380007505417
,,,210,,0.12359248101711273
,,,211,,0.06550067663192749
,,,212,,0.1677940934896469
,,,213,,0.1453809142112732
,,,214,,0.13205337524414062
,,,215,,0.137046217918396
,,,216,,0.17651697993278503
,,,217,,0.12385188788175583
,,,218,,0.12796102464199066
,,,219,,0.16676229238510132
,,,220,,0.1312054991722107
,,,221,,0.15627428889274597
,,,222,,0.1321181356906891
,,,223,,0.14289098978042603
,,,224,,0.1484970599412918
,,,225,,0.14486080408096313
,,,226,,0.14547468721866608
,,,227,,0.14491447806358337
,,,228,,0.08660640567541122
0,,,80,0.15060460567474365,
0,0.3148891031742096,,80,,
1,,0.1149035096168518,89,,
1,,0.09535408765077591,99,,
1,,0.09362878650426865,109,,
1,,0.08158910274505615,119,,
1,,0.06263234466314316,129,,
1,,0.07581119984388351,139,,
1,,0.056875795125961304,149,,
1,,0.07319371402263641,159,,
,,,229,,0.006291736848652363
,,,230,,0.006643687374889851
,,,231,,0.005593235604465008
,,,232,,0.005946129094809294
,,,233,,0.01390125323086977
,,,234,,0.0058589233085513115
,,,235,,0.004732898902148008
,,,236,,0.005053202621638775
,,,237,,0.00877770408987999
,,,238,,0.004753236658871174
,,,239,,0.0055246502161026
,,,240,,0.005429520271718502
,,,241,,0.006506313569843769
,,,242,,0.004536785650998354
,,,243,,0.005655442364513874
,,,244,,0.005148571915924549
,,,245,,0.006664527580142021
,,,246,,0.012169783934950829
,,,247,,0.008628502488136292
,,,248,,0.006593255326151848
,,,249,,0.004210246726870537
,,,250,,0.007299256976693869
,,,251,,0.005410017445683479
,,,252,,0.006090910639613867
,,,253,,0.005940529517829418
,,,254,,0.011849882081151009
,,,255,,0.007021646946668625
,,,256,,0.03330761939287186
,,,257,,0.05819812789559364
,,,258,,0.05425773561000824
,,,259,,0.04985345900058746
,,,260,,0.05371164530515671
,,,261,,0.05140582472085953
,,,262,,0.13427390158176422
,,,263,,0.07255475223064423
,,,264,,0.04987969249486923
,,,265,,0.04782161861658096
,,,266,,0.039884958416223526
,,,267,,0.033630482852458954
,,,268,,0.04921957105398178
,,,269,,0.03635478764772415
,,,270,,0.04787904769182205
,,,271,,0.07720761001110077
,,,272,,0.06617230921983719
,,,273,,0.040523920208215714
,,,274,,0.0943746417760849
,,,275,,0.061712153255939484
,,,276,,0.03316422179341316
,,,277,,0.06947264820337296
,,,278,,0.03504497557878494
,,,279,,0.03497108817100525
,,,280,,0.04434068128466606
,,,281,,0.021136242896318436
,,,282,,0.04410894960165024
,,,283,,0.052019163966178894
,,,284,,0.07869976758956909
,,,285,,0.08495751768350601
,,,286,,0.04782906174659729
,,,287,,0.07116338610649109
,,,288,,0.0404248982667923
,,,289,,0.05854915827512741
,,,290,,0.04063437134027481
,,,291,,0.03955553099513054
,,,292,,0.05467105656862259
,,,293,,0.04649113863706589
,,,294,,0.025109726935625076
,,,295,,0.04088447988033295
,,,296,,0.09067298471927643
,,,297,,0.055169202387332916
,,,298,,0.027819331735372543
,,,299,,0.035989824682474136
,,,300,,0.0069163478910923
,,,301,,0.011331325396895409
,,,302,,0.00565993320196867
,,,303,,0.007391258608549833
,,,304,,0.007788647897541523
,,,305,,0.006669232156127691
,,,306,,0.00553445890545845
,,,307,,0.006112402305006981
,,,308,,0.005095037166029215
,,,309,,0.010984470136463642
,,,310,,0.005811383482068777
,,,311,,0.004845519084483385
,,,312,,0.007361303083598614
,,,313,,0.10224977135658264
,,,314,,0.12384708225727081
,,,315,,0.1790878027677536
,,,316,,0.506747841835022
,,,317,,0.4171963632106781
,,,318,,0.23072531819343567
,,,319,,0.19104251265525818
,,,320,,0.17960435152053833
,,,321,,0.13422901928424835
,,,322,,0.13418535888195038
,,,323,,0.14045152068138123
,,,324,,0.1134858950972557
,,,325,,0.11826664954423904
,,,326,,0.12479103356599808
,,,327,,0.12799736857414246
,,,328,,0.12578970193862915
,,,329,,0.12198522686958313
,,,330,,0.12795425951480865
,,,331,,0.14278544485569
,,,332,,0.10056817531585693
,,,333,,0.1450098156929016
,,,334,,0.11918379366397858
,,,335,,0.1452648639678955
,,,336,,0.1215706318616867
,,,337,,0.11581997573375702
,,,338,,0.13600444793701172
,,,339,,0.12869194149971008
,,,340,,0.10476350039243698
,,,341,,0.12824270129203796
,,,342,,0.12196686863899231
,,,343,,0.093318872153759
,,,344,,0.09544780105352402
,,,345,,0.07910005748271942
,,,346,,0.08986673504114151
,,,347,,0.08343352377414703
,,,348,,0.09172004461288452
,,,349,,0.07189019024372101
,,,350,,0.0830753892660141
,,,351,,0.08536376804113388
,,,352,,0.08877646178007126
,,,353,,0.0810743197798729
,,,354,,0.08486207574605942
,,,355,,0.07606066763401031
,,,356,,0.07890880107879639
,,,357,,0.0756932944059372
,,,358,,0.0937952846288681
,,,359,,0.0827965959906578
,,,360,,0.09741662442684174
,,,361,,0.08454851061105728
,,,362,,0.10043127834796906
,,,363,,0.0946708470582962
,,,364,,0.08609402179718018
,,,365,,0.08256399631500244
,,,366,,0.09208749234676361
,,,367,,0.08142083883285522
,,,368,,0.08154287189245224
,,,369,,0.07337620854377747
,,,370,,0.06473703682422638
,,,371,,0.07807037979364395
,,,372,,0.07454884797334671
,,,373,,0.08034096658229828
,,,374,,0.08392061293125153
,,,375,,0.06712862849235535
,,,376,,0.07482000440359116
,,,377,,0.07903850078582764
,,,378,,0.05769001692533493
,,,379,,0.06518901139497757
,,,380,,0.0658421665430069
,,,381,,0.07515467703342438
,,,382,,0.07726824283599854
,,,383,,0.075520820915699
,,,384,,0.07539904117584229
,,,385,,0.07124081254005432
,,,386,,0.07239250838756561
,,,387,,0.06997959315776825
,,,388,,0.08209463953971863
,,,389,,0.054181091487407684
,,,390,,0.06069302558898926
,,,391,,0.06545469909906387
,,,392,,0.05945616960525513
,,,393,,0.06275473535060883
,,,394,,0.05798719450831413
,,,395,,0.05307503044605255
,,,396,,0.05491727590560913
,,,397,,0.07155188918113708
,,,398,,0.061219338327646255
,,,399,,0.0547974556684494
,,,400,,0.06572713702917099
,,,401,,0.060685671865940094
,,,402,,0.06902343034744263
,,,403,,0.058696676045656204
,,,404,,0.056795261800289154
,,,405,,0.06294141709804535
,,,406,,0.060906700789928436
,,,407,,0.05792219936847687
,,,408,,0.06637656688690186
,,,409,,0.05875657498836517
,,,410,,0.05901123583316803
,,,411,,0.04597058892250061
,,,412,,0.04145852476358414
,,,413,,0.029382791370153427
,,,414,,0.030639754608273506
,,,415,,0.018154725432395935
,,,416,,0.023558959364891052
,,,417,,0.037204571068286896
,,,418,,0.02646869234740734
,,,419,,0.03202862665057182
,,,420,,0.03153851628303528
,,,421,,0.026117781177163124
,,,422,,0.01747029833495617
,,,423,,0.02850327640771866
,,,424,,0.046371255069971085
,,,425,,0.0533653125166893
,,,426,,0.03926371783018112
,,,427,,0.03586854785680771
,,,428,,0.016243016347289085
,,,429,,0.12252572178840637
,,,430,,0.025506533682346344
,,,431,,0.07667513936758041
,,,432,,0.035364240407943726
,,,433,,0.04832219332456589
,,,434,,0.06467936933040619
,,,435,,0.07257907092571259
,,,436,,0.06562048196792603
,,,437,,0.09169062972068787
,,,438,,0.07152332365512848
,,,439,,0.11072435230016708
,,,440,,0.050203464925289154
,,,441,,0.15943917632102966
,,,442,,0.13713453710079193
,,,443,,0.12446027249097824
,,,444,,0.12643836438655853
,,,445,,0.16759657859802246
,,,446,,0.11360103636980057
,,,447,,0.11543170362710953
,,,448,,0.1578800529241562
,,,449,,0.12109053134918213
,,,450,,0.14791610836982727
,,,451,,0.11894442141056061
,,,452,,0.1277783364057541
,,,453,,0.13974003493785858
,,,454,,0.13471926748752594
,,,455,,0.1363648921251297
,,,456,,0.13682878017425537
,,,457,,0.06831200420856476
1,,,161,0.0698297768831253,
1,0.09535727649927139,,161,,
2,,0.055231526494026184,169,,
2,,0.08491350710391998,179,,
2,,0.06280747056007385,189,,
2,,0.060865841805934906,199,,
2,,0.048763468861579895,209,,
2,,0.06903459131717682,219,,
2,,0.06671594083309174,229,,
2,,0.05521542951464653,239,,
,,,458,,0.0029004146344959736
,,,459,,0.0031246799044311047
,,,460,,0.0028991224244236946
,,,461,,0.00288359634578228
,,,462,,0.007657334208488464
,,,463,,0.0030638384632766247
,,,464,,0.002515878528356552
,,,465,,0.0023825254756957293
,,,466,,0.004599110689014196
,,,467,,0.002363181207329035
,,,468,,0.0029997811652719975
,,,469,,0.0030985805206000805
,,,470,,0.0032627913169562817
,,,471,,0.002392304129898548
,,,472,,0.0033371434547007084
,,,473,,0.0027332627214491367
,,,474,,0.0035916250199079514
,,,475,,0.006874953396618366
,,,476,,0.004743967670947313
,,,477,,0.004100434016436338
,,,478,,0.0022151735611259937
,,,479,,0.003595417831093073
,,,480,,0.0028190219309180975
,,,481,,0.0035934916231781244
,,,482,,0.003264207858592272
,,,483,,0.006198619492352009
,,,484,,0.003566157538443804
,,,485,,0.02478444203734398
,,,486,,0.044665127992630005
,,,487,,0.04152679815888405
,,,488,,0.03760439157485962
,,,489,,0.04120251163840294
,,,490,,0.03968191146850586
,,,491,,0.11923133581876755
,,,492,,0.057962894439697266
,,,493,,0.037623245269060135
,,,494,,0.03759130835533142
,,,495,,0.029696568846702576
,,,496,,0.024339981377124786
,,,497,,0.03619203716516495
,,,498,,0.02619742974638939
,,,499,,0.032786574214696884
,,,500,,0.05756811052560806
,,,501,,0.04906138405203819
,,,502,,0.028388045728206635
,,,503,,0.07159491628408432
,,,504,,0.042565491050481796
,,,505,,0.02121589705348015
,,,506,,0.05106186494231224
,,,507,,0.02461962401866913
,,,508,,0.024072853848338127
,,,509,,0.031990859657526016
,,,510,,0.015268923714756966
,,,511,,0.030974585562944412
,,,512,,0.03928198292851448
,,,513,,0.06607936322689056
,,,514,,0.06883491575717926
,,,515,,0.037232302129268646
,,,516,,0.055004678666591644
,,,517,,0.032085515558719635
,,,518,,0.046368468552827835
,,,519,,0.03236878663301468
,,,520,,0.031161896884441376
,,,521,,0.042466551065444946
,,,522,,0.037539806216955185
,,,523,,0.02043529972434044
,,,524,,0.031960468739271164
,,,525,,0.0739319920539856
,,,526,,0.043581172823905945
,,,527,,0.023848164826631546
,,,528,,0.02851061150431633
,,,529,,0.0038646776229143143
,,,530,,0.006763146258890629
,,,531,,0.0034056243021041155
,,,532,,0.004340908490121365
,,,533,,0.004533721134066582
,,,534,,0.0039421734400093555
,,,535,,0.003029409097507596
,,,536,,0.003337341360747814
,,,537,,0.0027510961517691612
,,,538,,0.0060091158375144005
,,,539,,0.003490204457193613
,,,540,,0.0031821795273572206
,,,541,,0.004449054133147001
,,,542,,0.06539297103881836
,,,543,,0.07989385724067688
,,,544,,0.1009032279253006
,,,545,,0.29379159212112427
,,,546,,0.23431016504764557
,,,547,,0.1454547941684723
,,,548,,0.16936689615249634
,,,549,,0.1568969041109085
,,,550,,0.07909347116947174
,,,551,,0.08015656471252441
,,,552,,0.0844346359372139
,,,553,,0.06293413788080215
,,,554,,0.06977061182260513
,,,555,,0.0757737010717392
,,,556,,0.07070928812026978
,,,557,,0.06899777054786682
,,,558,,0.07497815787792206
,,,559,,0.07499432563781738
,,,560,,0.07484433054924011
,,,561,,0.05612427368760109
,,,562,,0.08478543907403946
,,,563,,0.07283102720975876
,,,564,,0.08456702530384064
,,,565,,0.07175193727016449
,,,566,,0.06822135299444199
,,,567,,0.08340895175933838
,,,568,,0.07650697231292725
,,,569,,0.059028398245573044
,,,570,,0.07653921097517014
,,,571,,0.07375998049974442
,,,572,,0.0650777742266655
,,,573,,0.06710570305585861
,,,574,,0.05215897411108017
,,,575,,0.05547147989273071
,,,576,,0.05290795862674713
,,,577,,0.05854147672653198
,,,578,,0.04470166563987732
,,,579,,0.051749423146247864
,,,580,,0.05362981930375099
,,,581,,0.053832415491342545
,,,582,,0.05169808492064476
,,,583,,0.0543736070394516
,,,584,,0.045969437807798386
,,,585,,0.04865240678191185
,,,586,,0.048533737659454346
,,,587,,0.05958261340856552
,,,588,,0.05227065831422806
,,,589,,0.059612855315208435
,,,590,,0.054295748472213745
,,,591,,0.061532143503427505
,,,592,,0.05968977138400078
,,,593,,0.05441717803478241
,,,594,,0.05182083696126938
,,,595,,0.05663046985864639
,,,596,,0.04838380962610245
,,,597,,0.05131601169705391
,,,598,,0.04335305467247963
,,,599,,0.03911728411912918
,,,600,,0.04487866908311844
,,,601,,0.047110408544540405
,,,602,,0.047495219856500626
,,,603,,0.04952699691057205
,,,604,,0.04173017665743828
,,,605,,0.046735670417547226
,,,606,,0.04395614191889763
,,,607,,0.03483995422720909
,,,608,,0.040727801620960236
,,,609,,0.04107875004410744
,,,610,,0.04692325368523598
,,,611,,0.04579750448465347
,,,612,,0.04896106570959091
,,,613,,0.04735572636127472
,,,614,,0.04557480663061142
,,,615,,0.04156319797039032
,,,616,,0.043966151773929596
,,,617,,0.049127042293548584
,,,618,,0.032815106213092804
,,,619,,0.0365295484662056
,,,620,,0.04001540690660477
,,,621,,0.03587254881858826
,,,622,,0.037771910429000854
,,,623,,0.03449220582842827
,,,624,,0.03057248331606388
,,,625,,0.032415904104709625
,,,626,,0.04388565570116043
,,,627,,0.03657924383878708
,,,628,,0.03227442502975464
,,,629,,0.040444567799568176
,,,630,,0.03582978993654251
,,,631,,0.04265325516462326
,,,632,,0.035276420414447784
,,,633,,0.033633504062891006
,,,634,,0.038070522248744965
,,,635,,0.03689100220799446
,,,636,,0.0337749645113945
,,,637,,0.04086919501423836
,,,638,,0.0349370539188385
,,,639,,0.03555203229188919
,,,640,,0.023312577977776527
,,,641,,0.02020277827978134
,,,642,,0.015441938303411007
,,,643,,0.016848303377628326
,,,644,,0.011305001564323902
,,,645,,0.013227446004748344
,,,646,,0.01882150024175644
,,,647,,0.014158319681882858
,,,648,,0.017118871212005615
,,,649,,0.017285022884607315
,,,650,,0.014651482924818993
,,,651,,0.010770712047815323
,,,652,,0.015423169359564781
,,,653,,0.03788386285305023
,,,654,,0.04913624748587608
,,,655,,0.036489397287368774
,,,656,,0.03088546171784401
,,,657,,0.014777877368032932
,,,658,,0.11804422736167908
,,,659,,0.023643409833312035
,,,660,,0.07332155853509903
,,,661,,0.033224109560251236
,,,662,,0.04626242071390152
,,,663,,0.06104335933923721
,,,664,,0.06935755908489227
,,,665,,0.06119760125875473
,,,666,,0.08799351751804352
,,,667,,0.06753115355968475
,,,668,,0.10553416609764099
,,,669,,0.04794515296816826
,,,670,,0.1559380292892456
,,,671,,0.1341194212436676
,,,672,,0.12173382192850113
,,,673,,0.12336702644824982
,,,674,,0.16472822427749634
,,,675,,0.11028464883565903
,,,676,,0.11138772964477539
,,,677,,0.15486139059066772
,,,678,,0.11772938072681427
,,,679,,0.14501801133155823
,,,680,,0.11579379439353943
,,,681,,0.12287589907646179
,,,682,,0.13646218180656433
,,,683,,0.13124462962150574
,,,684,,0.13310867547988892
,,,685,,0.13398140668869019
,,,686,,0.06466261297464371
2,,,242,0.049134232103824615,
2,0.057527970522642136,,242,,
3,,0.04259534552693367,249,,
3,,0.04581167548894882,259,,
3,,0.04289497435092926,269,,
3,,0.04355596750974655,279,,
3,,0.04442023113369942,289,,
3,,0.05623893439769745,299,,
3,,0.030208010226488113,309,,
3,,0.04168015718460083,319,,
,,,687,,0.0023920931853353977
,,,688,,0.00256196316331625
,,,689,,0.002381935715675354
,,,690,,0.0023805901873856783
,,,691,,0.005635391920804977
,,,692,,0.0024334322661161423
,,,693,,0.0021324981935322285
,,,694,,0.001974476734176278
,,,695,,0.0034252151381224394
,,,696,,0.001953663071617484
,,,697,,0.002570720389485359
,,,698,,0.0026413241866976023
,,,699,,0.002526795957237482
,,,700,,0.0021443667355924845
,,,701,,0.002768867649137974
,,,702,,0.0023082131519913673
,,,703,,0.0032092349138110876
,,,704,,0.005132249556481838
,,,705,,0.003743172623217106
,,,706,,0.0035727720241993666
,,,707,,0.0018816168885678053
,,,708,,0.0028600646182894707
,,,709,,0.002229953184723854
,,,710,,0.003103232476860285
,,,711,,0.0028914182912558317
,,,712,,0.004732449073344469
,,,713,,0.0029143374413251877
,,,714,,0.01874854601919651
,,,715,,0.03828838840126991
,,,716,,0.03525613248348236
,,,717,,0.032016318291425705
,,,718,,0.03475770354270935
,,,719,,0.03384677320718765
,,,720,,0.11098551750183105
,,,721,,0.050336696207523346
,,,722,,0.03230399638414383
,,,723,,0.03228062391281128
,,,724,,0.024417756125330925
,,,725,,0.01903364434838295
,,,726,,0.030353400856256485
,,,727,,0.021284526214003563
,,,728,,0.025626279413700104
,,,729,,0.04819563403725624
,,,730,,0.04009527340531349
,,,731,,0.02275105006992817
,,,732,,0.06017616391181946
,,,733,,0.03361556679010391
,,,734,,0.016002580523490906
,,,735,,0.041365258395671844
,,,736,,0.019672822207212448
,,,737,,0.01922203041613102
,,,738,,0.025079868733882904
,,,739,,0.010957514867186546
,,,740,,0.02469712868332863
,,,741,,0.03393319994211197
,,,742,,0.05931616574525833
,,,743,,0.060377087444067
,,,744,,0.033040713518857956
,,,745,,0.04713694378733635
,,,746,,0.028635187074542046
,,,747,,0.04077135771512985
,,,748,,0.029332095757126808
,,,749,,0.02785651385784149
,,,750,,0.037220653146505356
,,,751,,0.03384144604206085
,,,752,,0.01934301108121872
,,,753,,0.028298117220401764
,,,754,,0.0650099515914917
,,,755,,0.0379878468811512
,,,756,,0.022674353793263435
,,,757,,0.02525498904287815
,,,758,,0.003331613028421998
,,,759,,0.005482390522956848
,,,760,,0.0036255321465432644
,,,761,,0.004008702002465725
,,,762,,0.003755156882107258
,,,763,,0.0033069229684770107
,,,764,,0.0026515875943005085
,,,765,,0.003207894740626216
,,,766,,0.002456359099596739
,,,767,,0.004695592448115349
,,,768,,0.003340213792398572
,,,769,,0.002279684180393815
,,,770,,0.0038187839090824127
,,,771,,0.05303722620010376
,,,772,,0.06441956758499146
,,,773,,0.0767747163772583
,,,774,,0.22831261157989502
,,,775,,0.17506888508796692
,,,776,,0.11347740888595581
,,,777,,0.1469135582447052
,,,778,,0.13466981053352356
,,,779,,0.06017318740487099
,,,780,,0.06194277107715607
,,,781,,0.0651751458644867
,,,782,,0.048390038311481476
,,,783,,0.05337275564670563
,,,784,,0.058944765478372574
,,,785,,0.053354598581790924
,,,786,,0.052028462290763855
,,,787,,0.05776220187544823
,,,788,,0.05663780868053436
,,,789,,0.054428040981292725
,,,790,,0.04311235249042511
,,,791,,0.06578964740037918
,,,792,,0.05604872852563858
,,,793,,0.06396876275539398
,,,794,,0.055018480867147446
,,,795,,0.05186713859438896
,,,796,,0.06528062373399734
,,,797,,0.05910918116569519
,,,798,,0.046022798866033554
,,,799,,0.05949988216161728
,,,800,,0.057450175285339355
,,,801,,0.05649018660187721
,,,802,,0.05747180059552193
,,,803,,0.04388686269521713
,,,804,,0.04367724061012268
,,,805,,0.04186759889125824
,,,806,,0.046065762639045715
,,,807,,0.035780273377895355
,,,808,,0.04120015352964401
,,,809,,0.04319166764616966
,,,810,,0.04263667017221451
,,,811,,0.04067502170801163
,,,812,,0.043157242238521576
,,,813,,0.03667812794446945
,,,814,,0.03875619173049927
,,,815,,0.03824186325073242
,,,816,,0.04683035612106323
,,,817,,0.04091641306877136
,,,818,,0.046736180782318115
,,,819,,0.04322665184736252
,,,820,,0.04856060817837715
,,,821,,0.04652110114693642
,,,822,,0.04300094395875931
,,,823,,0.04127998650074005
,,,824,,0.044975295662879944
,,,825,,0.037006258964538574
,,,826,,0.0396881103515625
,,,827,,0.03232124447822571
,,,828,,0.030298780649900436
,,,829,,0.033726535737514496
,,,830,,0.03670576959848404
,,,831,,0.0372946634888649
,,,832,,0.038035765290260315
,,,833,,0.03325832635164261
,,,834,,0.035577476024627686
,,,835,,0.034541163593530655
,,,836,,0.027269601821899414
,,,837,,0.03178329020738602
,,,838,,0.03179279342293739
,,,839,,0.03667279705405235
,,,840,,0.034917544573545456
,,,841,,0.038443200290203094
,,,842,,0.037007398903369904
,,,843,,0.035550542175769806
,,,844,,0.031630370765924454
,,,845,,0.03489704057574272
,,,846,,0.0376797579228878
,,,847,,0.027683407068252563
,,,848,,0.031132085248827934
,,,849,,0.03438316285610199
,,,850,,0.030971813946962357
,,,851,,0.032322272658348083
,,,852,,0.029507096856832504
,,,853,,0.026270687580108643
,,,854,,0.02771500125527382
,,,855,,0.03766072541475296
,,,856,,0.0316062830388546
,,,857,,0.027905065566301346
,,,858,,0.0350148007273674
,,,859,,0.030745401978492737
,,,860,,0.03643639758229256
,,,861,,0.03010253608226776
,,,862,,0.028536777943372726
,,,863,,0.03277212753891945
,,,864,,0.03194081410765648
,,,865,,0.02866975963115692
,,,866,,0.03542829304933548
,,,867,,0.02999209612607956
,,,868,,0.030299603939056396
,,,869,,0.01699811965227127
,,,870,,0.014655688777565956
,,,871,,0.011404206976294518
,,,872,,0.012479676865041256
,,,873,,0.008567246608436108
,,,874,,0.009881662204861641
,,,875,,0.013495725579559803
,,,876,,0.01074657216668129
,,,877,,0.013063513673841953
,,,878,,0.012482162564992905
,,,879,,0.011027035303413868
,,,880,,0.008655998855829239
,,,881,,0.01171914767473936
,,,882,,0.03508076071739197
,,,883,,0.04834383726119995
,,,884,,0.036318082362413406
,,,885,,0.02943217009305954
,,,886,,0.015168650075793266
,,,887,,0.11652053892612457
,,,888,,0.023345381021499634
,,,889,,0.0720985159277916
,,,890,,0.03332085534930229
,,,891,,0.04598899185657501
,,,892,,0.05902518332004547
,,,893,,0.06861235201358795
,,,894,,0.0594945065677166
,,,895,,0.08626001328229904
,,,896,,0.0658239871263504
,,,897,,0.1036888062953949
,,,898,,0.047589000314474106
,,,899,,0.15462690591812134
,,,900,,0.13285456597805023
,,,901,,0.12076333165168762
,,,902,,0.12228754162788391
,,,903,,0.1635374128818512
,,,904,,0.10911001265048981
,,,905,,0.11048682779073715
,,,906,,0.1537322700023651
,,,907,,0.11670951545238495
,,,908,,0.14371910691261292
,,,909,,0.1147855743765831
,,,910,,0.12159477174282074
,,,911,,0.1353747397661209
,,,912,,0.13016843795776367
,,,913,,0.13187620043754578
,,,914,,0.1327713578939438
,,,915,,0.06320484727621078
3,,,323,0.042093221098184586,
3,0.045392777770757675,,323,,
4,,0.03471378609538078,329,,
4,,0.05321790277957916,339,,
4,,0.05782029777765274,349,,
4,,0.04140673577785492,359,,
4,,0.03583066165447235,369,,
4,,0.04396158084273338,379,,
4,,0.03704755753278732,389,,
4,,0.03480733186006546,399,,
,,,916,,0.0014977138489484787
,,,917,,0.0016535078175365925
,,,918,,0.0016250499757006764
,,,919,,0.0016442558262497187
,,,920,,0.004817254841327667
,,,921,,0.001711144344881177
,,,922,,0.0015372664202004671
,,,923,,0.001269207219593227
,,,924,,0.002665073610842228
,,,925,,0.0013476423919200897
,,,926,,0.0019315496319904923
,,,927,,0.001909948536194861
,,,928,,0.0016108740819618106
,,,929,,0.0014688260853290558
,,,930,,0.00206183479167521
,,,931,,0.0015479420544579625
,,,932,,0.002368398243561387
,,,933,,0.004096835386008024
,,,934,,0.0032844410743564367
,,,935,,0.0027198013849556446
,,,936,,0.0012384251458570361
,,,937,,0.0018100219313055277
,,,938,,0.0015011553186923265
,,,939,,0.002249837387353182
,,,940,,0.0019725016318261623
,,,941,,0.003202684922143817
,,,942,,0.0020200496073812246
,,,943,,0.01575290784239769
,,,944,,0.033882856369018555
,,,945,,0.031299326568841934
,,,946,,0.028456266969442368
,,,947,,0.03093138337135315
,,,948,,0.030117036774754524
,,,949,,0.1057574450969696
,,,950,,0.04559193551540375
,,,951,,0.0286080501973629
,,,952,,0.028639547526836395
,,,953,,0.0211825892329216
,,,954,,0.015915829688310623
,,,955,,0.026757460087537766
,,,956,,0.018253657966852188
,,,957,,0.020852085202932358
,,,958,,0.04207571968436241
,,,959,,0.034649066627025604
,,,960,,0.018922723829746246
,,,961,,0.05298122763633728
,,,962,,0.02811567671597004
,,,963,,0.012416141107678413
,,,964,,0.03539014235138893
,,,965,,0.015988141298294067
,,,966,,0.01600509136915207
,,,967,,0.02108423039317131
,,,968,,0.008165345527231693
,,,969,,0.020764607936143875
,,,970,,0.030180426314473152
,,,971,,0.054243527352809906
,,,972,,0.054305654019117355
,,,973,,0.030118655413389206
,,,974,,0.04211888089776039
,,,975,,0.02614997699856758
,,,976,,0.036830127239227295
,,,977,,0.027068626135587692
,,,978,,0.025376182049512863
,,,979,,0.03369013965129852
,,,980,,0.031119072809815407
,,,981,,0.017760319635272026
,,,982,,0.02540373057126999
,,,983,,0.05855877697467804
,,,984,,0.03423934429883957
,,,985,,0.02113957330584526
,,,986,,0.022777538746595383
,,,987,,0.002291027456521988
,,,988,,0.00426891352981329
,,,989,,0.0020594194065779448
,,,990,,0.0027127524372190237
,,,991,,0.0025336523540318012
,,,992,,0.002449743915349245
,,,993,,0.0016167281428351998
,,,994,,0.0018581129843369126
,,,995,,0.0015595110598951578
,,,996,,0.0032214135862886906
,,,997,,0.002140532713383436
,,,998,,0.0019622603431344032
,,,999,,0.0027000154368579388
,,,1000,,0.04533935338258743
,,,1001,,0.05542954057455063
,,,1002,,0.06382198631763458
,,,1003,,0.1942090094089508
,,,1004,,0.15023358166217804
,,,1005,,0.09981879591941833
,,,1006,,0.13292020559310913
,,,1007,,0.1234598159790039
,,,1008,,0.051109105348587036
,,,1009,,0.052314870059490204
,,,1010,,0.054624930024147034
,,,1011,,0.03992500156164169
,,,1012,,0.044470589607954025
,,,1013,,0.05001583322882652
,,,1014,,0.04448268562555313
,,,1015,,0.044089820235967636
,,,1016,,0.04852777346968651
,,,1017,,0.04686839506030083
,,,1018,,0.0438176766037941
,,,1019,,0.03595796227455139
,,,1020,,0.05418040603399277
,,,1021,,0.04702260345220566
,,,1022,,0.05315593630075455
,,,1023,,0.046471670269966125
,,,1024,,0.04331168532371521
,,,1025,,0.05563358962535858
,,,1026,,0.05008874461054802
,,,1027,,0.03844282776117325
,,,1028,,0.05038834735751152
,,,1029,,0.04857638105750084
,,,1030,,0.04446803033351898
,,,1031,,0.04513890668749809
,,,1032,,0.035102479159832
,,,1033,,0.0374419130384922
,,,1034,,0.03579773008823395
,,,1035,,0.03971255570650101
,,,1036,,0.030716080218553543
,,,1037,,0.035470716655254364
,,,1038,,0.03735540807247162
,,,1039,,0.036285802721977234
,,,1040,,0.03452182188630104
,,,1041,,0.03692371025681496
,,,1042,,0.030509501695632935
,,,1043,,0.03294811397790909
,,,1044,,0.03253740072250366
,,,1045,,0.04045422002673149
,,,1046,,0.03529813140630722
,,,1047,,0.039910659193992615
,,,1048,,0.03692582994699478
,,,1049,,0.04218348115682602
,,,1050,,0.03979961574077606
,,,1051,,0.03647182136774063
,,,1052,,0.035202302038669586
,,,1053,,0.03855978697538376
,,,1054,,0.030450403690338135
,,,1055,,0.033057987689971924
,,,1056,,0.027174171060323715
,,,1057,,0.02593463659286499
,,,1058,,0.028111543506383896
,,,1059,,0.03071029856801033
,,,1060,,0.030513077974319458
,,,1061,,0.03149800002574921
,,,1062,,0.02794519253075123
,,,1063,,0.029736939817667007
,,,1064,,0.02800540067255497
,,,1065,,0.023322694003582
,,,1066,,0.02684951201081276
,,,1067,,0.02729351446032524
,,,1068,,0.030604971572756767
,,,1069,,0.029268132522702217
,,,1070,,0.03161817044019699
,,,1071,,0.0309788566082716
,,,1072,,0.030086349695920944
,,,1073,,0.026253148913383484
,,,1074,,0.029481932520866394
,,,1075,,0.03104807808995247
,,,1076,,0.024237144738435745
,,,1077,,0.027247479185461998
,,,1078,,0.03043198026716709
,,,1079,,0.027361702173948288
,,,1080,,0.02835007570683956
,,,1081,,0.025809284299612045
,,,1082,,0.022802595049142838
,,,1083,,0.024363573640584946
,,,1084,,0.03330016881227493
,,,1085,,0.02784550189971924
,,,1086,,0.024600310251116753
,,,1087,,0.03091755509376526
,,,1088,,0.02687588334083557
,,,1089,,0.03256203606724739
,,,1090,,0.026653259992599487
,,,1091,,0.025058306753635406
,,,1092,,0.02896653302013874
,,,1093,,0.028245167806744576
,,,1094,,0.02507568895816803
,,,1095,,0.03147192299365997
,,,1096,,0.026486869901418686
,,,1097,,0.0265519879758358
,,,1098,,0.013434099033474922
,,,1099,,0.011149248108267784
,,,1100,,0.008660759776830673
,,,1101,,0.009497955441474915
,,,1102,,0.006676331628113985
,,,1103,,0.007621114142239094
,,,1104,,0.01046326570212841
,,,1105,,0.008451670408248901
,,,1106,,0.01024702563881874
,,,1107,,0.009841534309089184
,,,1108,,0.008520947769284248
,,,1109,,0.006890299264341593
,,,1110,,0.008864082396030426
,,,1111,,0.03291010484099388
,,,1112,,0.04770747199654579
,,,1113,,0.03488527983427048
,,,1114,,0.029226964339613914
,,,1115,,0.014228545129299164
,,,1116,,0.1140209510922432
,,,1117,,0.02328527346253395
,,,1118,,0.06964084506034851
,,,1119,,0.03263154998421669
,,,1120,,0.045541390776634216
,,,1121,,0.05837910622358322
,,,1122,,0.06701086461544037
,,,1123,,0.05834266543388367
,,,1124,,0.08521095663309097
,,,1125,,0.06533309072256088
,,,1126,,0.10096524655818939
,,,1127,,0.04650476202368736
,,,1128,,0.15263807773590088
,,,1129,,0.1312844157218933
,,,1130,,0.11941921710968018
,,,1131,,0.12153990566730499
,,,1132,,0.16083116829395294
,,,1133,,0.10795927047729492
,,,1134,,0.10989967733621597
,,,1135,,0.1515246331691742
,,,1136,,0.11566372960805893
,,,1137,,0.14130662381649017
,,,1138,,0.11414742469787598
,,,1139,,0.12078540027141571
,,,1140,,0.13359731435775757
,,,1141,,0.12859611213207245
,,,1142,,0.1298675835132599
,,,1143,,0.13070419430732727
,,,1144,,0.06209803745150566
4,,,404,0.037764593958854675,
4,0.039508283138275146,,404,,
5,,0.03178885951638222,409,,
5,,0.01847594417631626,419,,
5,,0.020957710221409798,429,,
5,,0.05295770242810249,439,,
5,,0.052379392087459564,449,,
5,,0.047592684626579285,459,,
5,,0.021097131073474884,469,,
5,,0.016591692343354225,479,,
,,,1145,,0.0014211160596460104
,,,1146,,0.0015063637401908636
,,,1147,,0.0016752281226217747
,,,1148,,0.0014305680524557829
,,,1149,,0.00347520993091166
,,,1150,,0.0015242449007928371
,,,1151,,0.001475358265452087
,,,1152,,0.0011577010154724121
,,,1153,,0.001961846835911274
,,,1154,,0.0012494823895394802
,,,1155,,0.0017772987484931946
,,,1156,,0.001917185727506876
,,,1157,,0.0015256907790899277
,,,1158,,0.001301964744925499
,,,1159,,0.0018740284722298384
,,,1160,,0.001348836813122034
,,,1161,,0.0020562377758324146
,,,1162,,0.0032082826364785433
,,,1163,,0.002334114396944642
,,,1164,,0.0025827144272625446
,,,1165,,0.0011160271242260933
,,,1166,,0.0015425041783601046
,,,1167,,0.0012251620646566153
,,,1168,,0.0021310062147676945
,,,1169,,0.0019065022934228182
,,,1170,,0.0026849128771573305
,,,1171,,0.0017758881440386176
,,,1172,,0.014202501624822617
,,,1173,,0.031565818935632706
,,,1174,,0.02914099581539631
,,,1175,,0.026630215346813202
,,,1176,,0.028777318075299263
,,,1177,,0.02793257124722004
,,,1178,,0.10269126296043396
,,,1179,,0.04271446913480759
,,,1180,,0.026388924568891525
,,,1181,,0.02671566605567932
,,,1182,,0.01959722489118576
,,,1183,,0.01444145105779171
,,,1184,,0.024777919054031372
,,,1185,,0.016831427812576294
,,,1186,,0.018346862867474556
,,,1187,,0.03822743892669678
,,,1188,,0.03161340206861496
,,,1189,,0.0170966275036335
,,,1190,,0.047823481261730194
,,,1191,,0.024942561984062195
,,,1192,,0.011202767491340637
,,,1193,,0.03152377903461456
,,,1194,,0.014297379180788994
,,,1195,,0.014368708245456219
,,,1196,,0.018909648060798645
,,,1197,,0.0075833555310964584
,,,1198,,0.018603695556521416
,,,1199,,0.02816317230463028
,,,1200,,0.04988720268011093
,,,1201,,0.04964509978890419
,,,1202,,0.028386639431118965
,,,1203,,0.0381925031542778
,,,1204,,0.0247766375541687
,,,1205,,0.03413745015859604
,,,1206,,0.026025962084531784
,,,1207,,0.02397867664694786
,,,1208,,0.0314425453543663
,,,1209,,0.029521919786930084
,,,1210,,0.01745188608765602
,,,1211,,0.023900995030999184
,,,1212,,0.05330730974674225
,,,1213,,0.031630728393793106
,,,1214,,0.02086505852639675
,,,1215,,0.02108830213546753
,,,1216,,0.002049582777544856
,,,1217,,0.003641145769506693
,,,1218,,0.0021342344116419554
,,,1219,,0.0023518975358456373
,,,1220,,0.00224096467718482
,,,1221,,0.0021630218252539635
,,,1222,,0.0015276339836418629
,,,1223,,0.0018103581387549639
,,,1224,,0.0014550541527569294
,,,1225,,0.0027550524100661278
,,,1226,,0.0020059519447386265
,,,1227,,0.0017357759643346071
,,,1228,,0.002464525867253542
,,,1229,,0.04062558338046074
,,,1230,,0.049334071576595306
,,,1231,,0.055975668132305145
,,,1232,,0.17291924357414246
,,,1233,,0.1306445598602295
,,,1234,,0.08792705833911896
,,,1235,,0.12381558120250702
,,,1236,,0.11651170253753662
,,,1237,,0.04704775661230087
,,,1238,,0.04698851704597473
,,,1239,,0.048908643424510956
,,,1240,,0.035773564130067825
,,,1241,,0.04025252163410187
,,,1242,,0.04585747793316841
,,,1243,,0.040429338812828064
,,,1244,,0.040063872933387756
,,,1245,,0.043569207191467285
,,,1246,,0.04243290424346924
,,,1247,,0.0402185395359993
,,,1248,,0.032735519111156464
,,,1249,,0.04862485080957413
,,,1250,,0.042821213603019714
,,,1251,,0.04747147113084793
,,,1252,,0.04212486371397972
,,,1253,,0.039112165570259094
,,,1254,,0.0500699058175087
,,,1255,,0.04512612894177437
,,,1256,,0.03522895276546478
,,,1257,,0.04548666626214981
,,,1258,,0.043747007846832275
,,,1259,,0.039248138666152954
,,,1260,,0.03970515355467796
,,,1261,,0.030837561935186386
,,,1262,,0.034116245806217194
,,,1263,,0.032121218740940094
,,,1264,,0.03534282371401787
,,,1265,,0.027755040675401688
,,,1266,,0.031844254583120346
,,,1267,,0.03342559561133385
,,,1268,,0.032794829457998276
,,,1269,,0.030826540663838387
,,,1270,,0.0327739343047142
,,,1271,,0.027462147176265717
,,,1272,,0.029269887134432793
,,,1273,,0.029122067615389824
,,,1274,,0.03634585812687874
,,,1275,,0.03170146048069
,,,1276,,0.03631708770990372
,,,1277,,0.03304494172334671
,,,1278,,0.03756050392985344
,,,1279,,0.03543595224618912
,,,1280,,0.03295972943305969
,,,1281,,0.03133558854460716
,,,1282,,0.03441695123910904
,,,1283,,0.02721398137509823
,,,1284,,0.028927206993103027
,,,1285,,0.02423393540084362
,,,1286,,0.022701028734445572
,,,1287,,0.025266878306865692
,,,1288,,0.02752421796321869
,,,1289,,0.027036096900701523
,,,1290,,0.027860209345817566
,,,1291,,0.024913687258958817
,,,1292,,0.026379156857728958
,,,1293,,0.02477601170539856
,,,1294,,0.020734913647174835
,,,1295,,0.023291276767849922
,,,1296,,0.023820923641324043
,,,1297,,0.026804139837622643
,,,1298,,0.025729844346642494
,,,1299,,0.02784637175500393
,,,1300,,0.027028702199459076
,,,1301,,0.026443857699632645
,,,1302,,0.02332739718258381
,,,1303,,0.025939447805285454
,,,1304,,0.027662454172968864
,,,1305,,0.022351305931806564
,,,1306,,0.025131959468126297
,,,1307,,0.028119053691625595
,,,1308,,0.02538982406258583
,,,1309,,0.026280131191015244
,,,1310,,0.023798460140824318
,,,1311,,0.021094581112265587
,,,1312,,0.02247193083167076
,,,1313,,0.030746379867196083
,,,1314,,0.025744158774614334
,,,1315,,0.022774048149585724
,,,1316,,0.028915897011756897
,,,1317,,0.02493194490671158
,,,1318,,0.0301764328032732
,,,1319,,0.024649687111377716
,,,1320,,0.02315666154026985
,,,1321,,0.026789182797074318
,,,1322,,0.026265453547239304
,,,1323,,0.023211035877466202
,,,1324,,0.028938524425029755
,,,1325,,0.024525539949536324
,,,1326,,0.024496015161275864
,,,1327,,0.011548329144716263
,,,1328,,0.009662100113928318
,,,1329,,0.0077537428587675095
,,,1330,,0.008384144864976406
,,,1331,,0.0059701502323150635
,,,1332,,0.0067251985892653465
,,,1333,,0.009161236695945263
,,,1334,,0.007428573910146952
,,,1335,,0.009023305028676987
,,,1336,,0.008520569652318954
,,,1337,,0.007534582167863846
,,,1338,,0.006140697747468948
,,,1339,,0.007895336486399174
,,,1340,,0.03179704397916794
,,,1341,,0.04698559641838074
,,,1342,,0.03509797155857086
,,,1343,,0.027753189206123352
,,,1344,,0.013891926035284996
,,,1345,,0.11357778310775757
,,,1346,,0.022127360105514526
,,,1347,,0.0694904774427414
,,,1348,,0.03181787580251694
,,,1349,,0.0446275994181633
,,,1350,,0.05681679770350456
,,,1351,,0.06647093594074249
,,,1352,,0.05693250522017479
,,,1353,,0.08400209248065948
,,,1354,,0.06433162093162537
,,,1355,,0.10034112632274628
,,,1356,,0.04579797759652138
,,,1357,,0.15151028335094452
,,,1358,,0.12987485527992249
,,,1359,,0.11779066920280457
,,,1360,,0.11952728033065796
,,,1361,,0.15966057777404785
,,,1362,,0.10603164881467819
,,,1363,,0.107877217233181
,,,1364,,0.15060925483703613
,,,1365,,0.11365251988172531
,,,1366,,0.14033974707126617
,,,1367,,0.1120719388127327
,,,1368,,0.11853058636188507
,,,1369,,0.13188840448856354
,,,1370,,0.12741407752037048
,,,1371,,0.12875717878341675
,,,1372,,0.129400372505188
,,,1373,,0.06016802787780762
5,,,485,0.035287510603666306,
5,0.03668371960520744,,485,,
6,,0.037806570529937744,489,,
6,,0.04418347030878067,499,,
6,,0.02601102739572525,509,,
6,,0.044182803481817245,519,,
6,,0.026955563575029373,529,,
6,,0.04706750810146332,539,,
6,,0.03134826570749283,549,,
6,,0.041032664477825165,559,,
,,,1374,,0.001242266152985394
,,,1375,,0.0013014145661145449
,,,1376,,0.001430717296898365
,,,1377,,0.0013076690956950188
,,,1378,,0.0035412521101534367
,,,1379,,0.0013176884967833757
,,,1380,,0.0013522994704544544
,,,1381,,0.0010533847380429506
,,,1382,,0.001965338597074151
,,,1383,,0.001116826431825757
,,,1384,,0.0016324829775840044
,,,1385,,0.001680451910942793
,,,1386,,0.0012298428919166327
,,,1387,,0.0012793680652976036
,,,1388,,0.0016737398691475391
,,,1389,,0.0011829985305666924
,,,1390,,0.00193556968588382
,,,1391,,0.0029280108865350485
,,,1392,,0.0024771953467279673
,,,1393,,0.0023008319549262524
,,,1394,,0.0009811698691919446
,,,1395,,0.0013147036079317331
,,,1396,,0.0010446575470268726
,,,1397,,0.0019091946305707097
,,,1398,,0.001629374222829938
,,,1399,,0.0022730024065822363
,,,1400,,0.001561865210533142
,,,1401,,0.013056574389338493
,,,1402,,0.02983139082789421
,,,1403,,0.027418803423643112
,,,1404,,0.025044001638889313
,,,1405,,0.02725173532962799
,,,1406,,0.026329945772886276
,,,1407,,0.10044613480567932
,,,1408,,0.04054372012615204
,,,1409,,0.024687431752681732
,,,1410,,0.02523232251405716
,,,1411,,0.01842455007135868
,,,1412,,0.013346850872039795
,,,1413,,0.023344820365309715
,,,1414,,0.01582540199160576
,,,1415,,0.01662633568048477
,,,1416,,0.035332467406988144
,,,1417,,0.029493603855371475
,,,1418,,0.0156105300411582
,,,1419,,0.0439160093665123
,,,1420,,0.022832300513982773
,,,1421,,0.010014845058321953
,,,1422,,0.02866002544760704
,,,1423,,0.013083028607070446
,,,1424,,0.013166531920433044
,,,1425,,0.01744392141699791
,,,1426,,0.00681278295814991
,,,1427,,0.01722824014723301
,,,1428,,0.026216313242912292
,,,1429,,0.0461101271212101
,,,1430,,0.04545355960726738
,,,1431,,0.02654777094721794
,,,1432,,0.03487706556916237
,,,1433,,0.023035291582345963
,,,1434,,0.03147424757480621
,,,1435,,0.024336498230695724
,,,1436,,0.022427069023251534
,,,1437,,0.028850000351667404
,,,1438,,0.027551662176847458
,,,1439,,0.016450097784399986
,,,1440,,0.022221732884645462
,,,1441,,0.04875485599040985
,,,1442,,0.029005160555243492
,,,1443,,0.019955066964030266
,,,1444,,0.019636472687125206
,,,1445,,0.0018905954202637076
,,,1446,,0.0034472867846488953
,,,1447,,0.0018232258735224605
,,,1448,,0.0022983355447649956
,,,1449,,0.0019970007706433535
,,,1450,,0.0019665462896227837
,,,1451,,0.001253466121852398
,,,1452,,0.0015848802868276834
,,,1453,,0.001220562495291233
,,,1454,,0.002388786058872938
,,,1455,,0.0019531473517417908
,,,1456,,0.0014614076353609562
,,,1457,,0.0021070889197289944
,,,1458,,0.037494175136089325
,,,1459,,0.04579596221446991
,,,1460,,0.050881318747997284
,,,1461,,0.15769758820533752
,,,1462,,0.11868999153375626
,,,1463,,0.07919774949550629
,,,1464,,0.11572901904582977
,,,1465,,0.10643713176250458
,,,1466,,0.04165501892566681
,,,1467,,0.042382266372442245
,,,1468,,0.04433697462081909
,,,1469,,0.032286837697029114
,,,1470,,0.03638967126607895
,,,1471,,0.04133855551481247
,,,1472,,0.035871148109436035
,,,1473,,0.03616507351398468
,,,1474,,0.03916628658771515
,,,1475,,0.03773685544729233
,,,1476,,0.03495432436466217
,,,1477,,0.029041185975074768
,,,1478,,0.04321900010108948
,,,1479,,0.038709528744220734
,,,1480,,0.042813390493392944
,,,1481,,0.037778712809085846
,,,1482,,0.03523988276720047
,,,1483,,0.04576708376407623
,,,1484,,0.04082254320383072
,,,1485,,0.0314299575984478
,,,1486,,0.04141106829047203
,,,1487,,0.04000038653612137
,,,1488,,0.03535928949713707
,,,1489,,0.03578149154782295
,,,1490,,0.02835674211382866
,,,1491,,0.03129931911826134
,,,1492,,0.029086753726005554
,,,1493,,0.032135363668203354
,,,1494,,0.025402847677469254
,,,1495,,0.02919505164027214
,,,1496,,0.03049064800143242
,,,1497,,0.02998298779129982
,,,1498,,0.028163235634565353
,,,1499,,0.030100109055638313
,,,1500,,0.025254420936107635
,,,1501,,0.026486661285161972
,,,1502,,0.02618061937391758
,,,1503,,0.03304702788591385
,,,1504,,0.02882533147931099
,,,1505,,0.03276993706822395
,,,1506,,0.029566705226898193
,,,1507,,0.034164201468229294
,,,1508,,0.03235882893204689
,,,1509,,0.02998584881424904
,,,1510,,0.02845737338066101
,,,1511,,0.031674906611442566
,,,1512,,0.023538678884506226
,,,1513,,0.025515280663967133
,,,1514,,0.021101681515574455
,,,1515,,0.02045939303934574
,,,1516,,0.022348036989569664
,,,1517,,0.0238571148365736
,,,1518,,0.02398599684238434
,,,1519,,0.024779964238405228
,,,1520,,0.021494952961802483
,,,1521,,0.023252863436937332
,,,1522,,0.021739240735769272
,,,1523,,0.018376000225543976
,,,1524,,0.02083580754697323
,,,1525,,0.021582018584012985
,,,1526,,0.0240478515625
,,,1527,,0.022947676479816437
,,,1528,,0.025079848244786263
,,,1529,,0.024411460384726524
,,,1530,,0.023661786690354347
,,,1531,,0.020779967308044434
,,,1532,,0.022750135511159897
,,,1533,,0.024673502892255783
,,,1534,,0.020490724593400955
,,,1535,,0.023208174854516983
,,,1536,,0.026182763278484344
,,,1537,,0.023501824587583542
,,,1538,,0.024310626089572906
,,,1539,,0.02202668786048889
,,,1540,,0.019380489364266396
,,,1541,,0.020804718136787415
,,,1542,,0.028442315757274628
,,,1543,,0.023846838623285294
,,,1544,,0.021026238799095154
,,,1545,,0.026766203343868256
,,,1546,,0.023124057799577713
,,,1547,,0.028043530881404877
,,,1548,,0.022676456719636917
,,,1549,,0.021255191415548325
,,,1550,,0.024768173694610596
,,,1551,,0.024420278146862984
,,,1552,,0.021386809647083282
,,,1553,,0.026747507974505424
,,,1554,,0.022706979885697365
,,,1555,,0.02276722714304924
,,,1556,,0.01029646024107933
,,,1557,,0.008392478339374065
,,,1558,,0.006781531497836113
,,,1559,,0.007437237072736025
,,,1560,,0.0054236603900790215
,,,1561,,0.005997965112328529
,,,1562,,0.007965918630361557
,,,1563,,0.006714828312397003
,,,1564,,0.008219461888074875
,,,1565,,0.007581575773656368
,,,1566,,0.006712649017572403
,,,1567,,0.0057874624617397785
,,,1568,,0.007026348263025284
,,,1569,,0.030628053471446037
,,,1570,,0.046412065625190735
,,,1571,,0.03399282693862915
,,,1572,,0.0269339419901371
,,,1573,,0.01359595824033022
,,,1574,,0.11162839829921722
,,,1575,,0.021836189553141594
,,,1576,,0.06824377924203873
,,,1577,,0.03148149698972702
,,,1578,,0.04408036172389984
,,,1579,,0.05590270459651947
,,,1580,,0.06561554968357086
,,,1581,,0.0561973862349987
,,,1582,,0.08312912285327911
,,,1583,,0.06287690252065659
,,,1584,,0.09778062999248505
,,,1585,,0.04469089210033417
,,,1586,,0.14976060390472412
,,,1587,,0.12819212675094604
,,,1588,,0.11620797961950302
,,,1589,,0.118099644780159
,,,1590,,0.15739932656288147
,,,1591,,0.10464584827423096
,,,1592,,0.10659045726060867
,,,1593,,0.14848043024539948
,,,1594,,0.11225641518831253
,,,1595,,0.13812240958213806
,,,1596,,0.11115919053554535
,,,1597,,0.1171155720949173
,,,1598,,0.12996160984039307
,,,1599,,0.125918909907341
,,,1600,,0.1271156668663025
,,,1601,,0.12758031487464905
,,,1602,,0.05899638682603836
6,,,566,0.03315276280045509,
6,0.03395471349358559,,566,,
7,,0.02195790968835354,569,,
7,,0.02672431245446205,579,,
7,,0.029914800077676773,589,,
7,,0.03571370616555214,599,,
7,,0.030714984983205795,609,,
7,,0.06255778670310974,619,,
7,,0.02996020019054413,629,,
7,,0.04867064952850342,639,,
,,,1603,,0.0012772205518558621
,,,1604,,0.0012952479301020503
,,,1605,,0.0014695764984935522
,,,1606,,0.001246364088729024
,,,1607,,0.0029236420523375273
,,,1608,,0.0012391406344249845
,,,1609,,0.0013176357606425881
,,,1610,,0.001024876139126718
,,,1611,,0.0016761019360274076
,,,1612,,0.0010836023138836026
,,,1613,,0.0016452353447675705
,,,1614,,0.0016996776685118675
,,,1615,,0.0012476901756599545
,,,1616,,0.001241618418134749
,,,1617,,0.0016448006499558687
,,,1618,,0.0012036324478685856
,,,1619,,0.0019056473392993212
,,,1620,,0.0027123577892780304
,,,1621,,0.00216947915032506
,,,1622,,0.0023218945134431124
,,,1623,,0.0010062559740617871
,,,1624,,0.0013377201976254582
,,,1625,,0.0010279995622113347
,,,1626,,0.001943129114806652
,,,1627,,0.0017288299277424812
,,,1628,,0.0021520000882446766
,,,1629,,0.0015226042596623302
,,,1630,,0.012282648123800755
,,,1631,,0.02855047397315502
,,,1632,,0.026127967983484268
,,,1633,,0.023914456367492676
,,,1634,,0.02608226239681244
,,,1635,,0.02493588626384735
,,,1636,,0.09840808808803558
,,,1637,,0.03876110166311264
,,,1638,,0.02336256206035614
,,,1639,,0.023983659222722054
,,,1640,,0.017670605331659317
,,,1641,,0.012743822298943996
,,,1642,,0.022236954420804977
,,,1643,,0.01493360660970211
,,,1644,,0.015173065476119518
,,,1645,,0.03296585753560066
,,,1646,,0.027717415243387222
,,,1647,,0.014649922028183937
,,,1648,,0.04053787142038345
,,,1649,,0.021323993802070618
,,,1650,,0.009499158710241318
,,,1651,,0.026221031323075294
,,,1652,,0.012110661715269089
,,,1653,,0.012423928827047348
,,,1654,,0.01638084091246128
,,,1655,,0.006632767617702484
,,,1656,,0.016039345413446426
,,,1657,,0.024759970605373383
,,,1658,,0.042194291949272156
,,,1659,,0.04162195324897766
,,,1660,,0.025041833519935608
,,,1661,,0.03218302130699158
,,,1662,,0.02197202667593956
,,,1663,,0.029313232749700546
,,,1664,,0.023151567205786705
,,,1665,,0.02142994850873947
,,,1666,,0.026941202580928802
,,,1667,,0.02617921493947506
,,,1668,,0.0156478863209486
,,,1669,,0.020809825509786606
,,,1670,,0.044465720653533936
,,,1671,,0.026738062500953674
,,,1672,,0.019323160871863365
,,,1673,,0.01839008741080761
,,,1674,,0.0018721123924478889
,,,1675,,0.003307516220957041
,,,1676,,0.001637832960113883
,,,1677,,0.0021053007803857327
,,,1678,,0.002041559899225831
,,,1679,,0.0021161118056625128
,,,1680,,0.0013958958443254232
,,,1681,,0.0014770599082112312
,,,1682,,0.0013553628232330084
,,,1683,,0.0022937916219234467
,,,1684,,0.0017974842339754105
,,,1685,,0.0021399427205324173
,,,1686,,0.002312690019607544
,,,1687,,0.03450649231672287
,,,1688,,0.04183478653430939
,,,1689,,0.045464105904102325
,,,1690,,0.14078372716903687
,,,1691,,0.10497433692216873
,,,1692,,0.07025954872369766
,,,1693,,0.1059674546122551
,,,1694,,0.09734982252120972
,,,1695,,0.03795040026307106
,,,1696,,0.038733094930648804
,,,1697,,0.04046526551246643
,,,1698,,0.02954508364200592
,,,1699,,0.033244602382183075
,,,1700,,0.037817373871803284
,,,1701,,0.03284473717212677
,,,1702,,0.03332152217626572
,,,1703,,0.03583705425262451
,,,1704,,0.034280817955732346
,,,1705,,0.03191366419196129
,,,1706,,0.026406165212392807
,,,1707,,0.03923657536506653
,,,1708,,0.035233937203884125
,,,1709,,0.03914880007505417
,,,1710,,0.034354012459516525
,,,1711,,0.03221852704882622
,,,1712,,0.04176633059978485
,,,1713,,0.03720422089099884
,,,1714,,0.02842620760202408
,,,1715,,0.03767954558134079
,,,1716,,0.036761753261089325
,,,1717,,0.032924238592386246
,,,1718,,0.033222734928131104
,,,1719,,0.026383809745311737
,,,1720,,0.02900359034538269
,,,1721,,0.02690695784986019
,,,1722,,0.03000624291598797
,,,1723,,0.023702966049313545
,,,1724,,0.0274003017693758
,,,1725,,0.02871152013540268
,,,1726,,0.027926506474614143
,,,1727,,0.02627003751695156
,,,1728,,0.0280325785279274
,,,1729,,0.023379124701023102
,,,1730,,0.024828046560287476
,,,1731,,0.024150008335709572
,,,1732,,0.030769605189561844
,,,1733,,0.02686529979109764
,,,1734,,0.03046293556690216
,,,1735,,0.02745167724788189
,,,1736,,0.03243390470743179
,,,1737,,0.029806800186634064
,,,1738,,0.02771678939461708
,,,1739,,0.026266153901815414
,,,1740,,0.029746055603027344
,,,1741,,0.021362178027629852
,,,1742,,0.023500172421336174
,,,1743,,0.019726218655705452
,,,1744,,0.019223397597670555
,,,1745,,0.02069089561700821
,,,1746,,0.02180153876543045
,,,1747,,0.02149082161486149
,,,1748,,0.022676603868603706
,,,1749,,0.019532810896635056
,,,1750,,0.02175351418554783
,,,1751,,0.020073290914297104
,,,1752,,0.016952181234955788
,,,1753,,0.01937073841691017
,,,1754,,0.02031020075082779
,,,1755,,0.022224677726626396
,,,1756,,0.021390073001384735
,,,1757,,0.02263757213950157
,,,1758,,0.02229711040854454
,,,1759,,0.02194564789533615
,,,1760,,0.01926024630665779
,,,1761,,0.020760633051395416
,,,1762,,0.022620223462581635
,,,1763,,0.019252043217420578
,,,1764,,0.022081585600972176
,,,1765,,0.024748124182224274
,,,1766,,0.022035345435142517
,,,1767,,0.022986074909567833
,,,1768,,0.020673967897892
,,,1769,,0.01847982034087181
,,,1770,,0.019616246223449707
,,,1771,,0.026786671951413155
,,,1772,,0.022539786994457245
,,,1773,,0.019794870167970657
,,,1774,,0.02539192885160446
,,,1775,,0.021911945194005966
,,,1776,,0.02640819177031517
,,,1777,,0.021263251081109047
,,,1778,,0.019991325214505196
,,,1779,,0.023194756358861923
,,,1780,,0.0232015922665596
,,,1781,,0.020179100334644318
,,,1782,,0.025017647072672844
,,,1783,,0.021493040025234222
,,,1784,,0.021486923098564148
,,,1785,,0.009586932137608528
,,,1786,,0.007808373309671879
,,,1787,,0.00668358476832509
,,,1788,,0.007033620961010456
,,,1789,,0.0056127142161130905
,,,1790,,0.005826571956276894
,,,1791,,0.007758419495075941
,,,1792,,0.006461477838456631
,,,1793,,0.007754575926810503
,,,1794,,0.0073013911023736
,,,1795,,0.00657950434833765
,,,1796,,0.005776524543762207
,,,1797,,0.0067864758893847466
,,,1798,,0.030371028929948807
,,,1799,,0.04585394263267517
,,,1800,,0.034519508481025696
,,,1801,,0.02723320573568344
,,,1802,,0.013660569675266743
,,,1803,,0.11125265806913376
,,,1804,,0.021660730242729187
,,,1805,,0.06805984675884247
,,,1806,,0.03104362264275551
,,,1807,,0.04367483779788017
,,,1808,,0.05524982139468193
,,,1809,,0.0653926432132721
,,,1810,,0.05559784919023514
,,,1811,,0.0819193422794342
,,,1812,,0.06312813609838486
,,,1813,,0.09737958014011383
,,,1814,,0.04430289566516876
,,,1815,,0.14794927835464478
,,,1816,,0.12649701535701752
,,,1817,,0.11457671225070953
,,,1818,,0.11628372222185135
,,,1819,,0.15516240894794464
,,,1820,,0.10289275646209717
,,,1821,,0.1048964112997055
,,,1822,,0.14676907658576965
,,,1823,,0.11015048623085022
,,,1824,,0.1363137811422348
,,,1825,,0.10964953899383545
,,,1826,,0.11536244302988052
,,,1827,,0.12786951661109924
,,,1828,,0.12451134622097015
,,,1829,,0.12548434734344482
,,,1830,,0.12535303831100464
,,,1831,,0.05743342265486717
7,,,647,0.03153075650334358,
7,0.03195193409919739,,647,,
8,,0.030407261103391647,649,,
8,,0.02591818943619728,659,,
8,,0.01987217366695404,669,,
8,,0.04639054834842682,679,,
8,,0.03951027989387512,689,,
8,,0.023809967562556267,699,,
8,,0.011333612725138664,709,,
8,,0.0316237136721611,719,,
,,,1832,,0.0010081989457830787
,,,1833,,0.0009839304257184267
,,,1834,,0.001279705436900258
,,,1835,,0.0011011098977178335
,,,1836,,0.0027322941459715366
,,,1837,,0.0010921265929937363
,,,1838,,0.0011862104292958975
,,,1839,,0.0008404539548791945
,,,1840,,0.0015191804850474
,,,1841,,0.0008796018082648516
,,,1842,,0.0015088622458279133
,,,1843,,0.0014362044166773558
,,,1844,,0.0010114980395883322
,,,1845,,0.0011125038145110011
,,,1846,,0.00150614557787776
,,,1847,,0.0010112368036061525
,,,1848,,0.001656858716160059
,,,1849,,0.002423892728984356
,,,1850,,0.0018232485745102167
,,,1851,,0.0021602509077638388
,,,1852,,0.0008736232994124293
,,,1853,,0.0010950445430353284
,,,1854,,0.0008538071997463703
,,,1855,,0.0017813502345234156
,,,1856,,0.0014932561898604035
,,,1857,,0.0018845602171495557
,,,1858,,0.0013975535985082388
,,,1859,,0.011684638448059559
,,,1860,,0.027401216328144073
,,,1861,,0.025028888136148453
,,,1862,,0.02314530499279499
,,,1863,,0.02504613809287548
,,,1864,,0.02384486235678196
,,,1865,,0.09715957939624786
,,,1866,,0.03729978948831558
,,,1867,,0.02236831933259964
,,,1868,,0.023115506395697594
,,,1869,,0.016777057200670242
,,,1870,,0.011902300640940666
,,,1871,,0.02122914046049118
,,,1872,,0.014395601116120815
,,,1873,,0.014278058893978596
,,,1874,,0.03100089356303215
,,,1875,,0.026223842054605484
,,,1876,,0.013677437789738178
,,,1877,,0.03781333938241005
,,,1878,,0.019753094762563705
,,,1879,,0.008931895717978477
,,,1880,,0.024247273802757263
,,,1881,,0.011302195489406586
,,,1882,,0.011621948331594467
,,,1883,,0.015456277877092361
,,,1884,,0.005982611328363419
,,,1885,,0.015104087069630623
,,,1886,,0.023060698062181473
,,,1887,,0.03930482640862465
,,,1888,,0.038690872490406036
,,,1889,,0.02322094887495041
,,,1890,,0.02970051020383835
,,,1891,,0.02053947001695633
,,,1892,,0.027189504355192184
,,,1893,,0.021828319877386093
,,,1894,,0.020042024552822113
,,,1895,,0.025218326598405838
,,,1896,,0.024264607578516006
,,,1897,,0.014694910496473312
,,,1898,,0.019338209182024002
,,,1899,,0.04096627235412598
,,,1900,,0.024605847895145416
,,,1901,,0.01801718771457672
,,,1902,,0.016980817541480064
,,,1903,,0.0015928186476230621
,,,1904,,0.0030816420912742615
,,,1905,,0.0016565162222832441
,,,1906,,0.0018823968712240458
,,,1907,,0.0016734566306695342
,,,1908,,0.0017679145094007254
,,,1909,,0.001118183834478259
,,,1910,,0.001344173215329647
,,,1911,,0.0011645981576293707
,,,1912,,0.0019961174111813307
,,,1913,,0.0016537349438294768
,,,1914,,0.001420153770595789
,,,1915,,0.0018707654671743512
,,,1916,,0.03274841606616974
,,,1917,,0.039617232978343964
,,,1918,,0.04320140182971954
,,,1919,,0.13318410515785217
,,,1920,,0.09970028698444366
,,,1921,,0.06637461483478546
,,,1922,,0.09987903386354446
,,,1923,,0.09193973243236542
,,,1924,,0.03511367738246918
,,,1925,,0.03603892773389816
,,,1926,,0.03770997375249863
,,,1927,,0.027093319222331047
,,,1928,,0.03094159997999668
,,,1929,,0.03589080274105072
,,,1930,,0.03033800795674324
,,,1931,,0.031052790582180023
,,,1932,,0.03336438536643982
,,,1933,,0.031830400228500366
,,,1934,,0.02931472845375538
,,,1935,,0.024905342608690262
,,,1936,,0.036695972084999084
,,,1937,,0.03274223953485489
,,,1938,,0.03632307052612305
,,,1939,,0.03225100412964821
,,,1940,,0.030020106583833694
,,,1941,,0.03928438201546669
,,,1942,,0.03474312648177147
,,,1943,,0.026731859892606735
,,,1944,,0.03527142107486725
,,,1945,,0.03426140919327736
,,,1946,,0.030026674270629883
,,,1947,,0.03050578385591507
,,,1948,,0.023934010416269302
,,,1949,,0.027245845645666122
,,,1950,,0.025022681802511215
,,,1951,,0.027938086539506912
,,,1952,,0.02210303768515587
,,,1953,,0.02526833303272724
,,,1954,,0.02639055624604225
,,,1955,,0.02595149725675583
,,,1956,,0.024342980235815048
,,,1957,,0.02584397792816162
,,,1958,,0.021541476249694824
,,,1959,,0.02271197736263275
,,,1960,,0.02254054695367813
,,,1961,,0.028832077980041504
,,,1962,,0.025034353137016296
,,,1963,,0.0289982371032238
,,,1964,,0.02553693950176239
,,,1965,,0.029791438952088356
,,,1966,,0.028008392080664635
,,,1967,,0.02577725425362587
,,,1968,,0.024378322064876556
,,,1969,,0.027471015229821205
,,,1970,,0.020299138501286507
,,,1971,,0.02227531000971794
,,,1972,,0.018592040985822678
,,,1973,,0.01786605268716812
,,,1974,,0.01948191225528717
,,,1975,,0.0208087470382452
,,,1976,,0.020644251257181168
,,,1977,,0.021721579134464264
,,,1978,,0.018779397010803223
,,,1979,,0.020390987396240234
,,,1980,,0.01885668747127056
,,,1981,,0.016083354130387306
,,,1982,,0.018221672624349594
,,,1983,,0.01914467290043831
,,,1984,,0.02108698897063732
,,,1985,,0.019994685426354408
,,,1986,,0.021822843700647354
,,,1987,,0.021151646971702576
,,,1988,,0.02071121335029602
,,,1989,,0.018064549192786217
,,,1990,,0.019966915249824524
,,,1991,,0.021627653390169144
,,,1992,,0.018373839557170868
,,,1993,,0.02090049721300602
,,,1994,,0.023536965250968933
,,,1995,,0.021016068756580353
,,,1996,,0.021782349795103073
,,,1997,,0.019640611484646797
,,,1998,,0.01744673401117325
,,,1999,,0.01863475888967514
,,,2000,,0.025455396622419357
,,,2001,,0.02132560685276985
,,,2002,,0.018746908754110336
,,,2003,,0.024046801030635834
,,,2004,,0.02068997547030449
,,,2005,,0.025214340537786484
,,,2006,,0.02017832174897194
,,,2007,,0.018962375819683075
,,,2008,,0.022068962454795837
,,,2009,,0.02203875407576561
,,,2010,,0.019101716578006744
,,,2011,,0.023838240653276443
,,,2012,,0.02041170746088028
,,,2013,,0.02036973088979721
,,,2014,,0.00856016855686903
,,,2015,,0.006945122964680195
,,,2016,,0.005715307779610157
,,,2017,,0.006262751761823893
,,,2018,,0.004753445275127888
,,,2019,,0.0050479513593018055
,,,2020,,0.00662730447947979
,,,2021,,0.005635770503431559
,,,2022,,0.007131058722734451
,,,2023,,0.006274998188018799
,,,2024,,0.005709916353225708
,,,2025,,0.005184907000511885
,,,2026,,0.00591080728918314
,,,2027,,0.028885560110211372
,,,2028,,0.045591793954372406
,,,2029,,0.03319013863801956
,,,2030,,0.025945212692022324
,,,2031,,0.013029506430029869
,,,2032,,0.10813675075769424
,,,2033,,0.020983777940273285
,,,2034,,0.06658623367547989
,,,2035,,0.030397683382034302
,,,2036,,0.04241021350026131
,,,2037,,0.05386713892221451
,,,2038,,0.0639294981956482
,,,2039,,0.05464545637369156
,,,2040,,0.08046172559261322
,,,2041,,0.061383601278066635
,,,2042,,0.09430079907178879
,,,2043,,0.042698461562395096
,,,2044,,0.14476662874221802
,,,2045,,0.12347713112831116
,,,2046,,0.11144363135099411
,,,2047,,0.11313125491142273
,,,2048,,0.15094229578971863
,,,2049,,0.10035496950149536
,,,2050,,0.10263298451900482
,,,2051,,0.14211034774780273
,,,2052,,0.10742538422346115
,,,2053,,0.13226577639579773
,,,2054,,0.10745102912187576
,,,2055,,0.1131008043885231
,,,2056,,0.1237538531422615
,,,2057,,0.12161936610937119
,,,2058,,0.12181323766708374
,,,2059,,0.12107905745506287
,,,2060,,0.05475585162639618
8,,,728,0.030022483319044113,
8,0.030624201521277428,,728,,
9,,0.05677446722984314,729,,
9,,0.02555900812149048,739,,
9,,0.04136422276496887,749,,
9,,0.0304548516869545,759,,
9,,0.029952680692076683,769,,
9,,0.014539025723934174,779,,
9,,0.014552580192685127,789,,
9,,0.018712488934397697,799,,
9,,0.02491779252886772,809,,
,,,2061,,0.001159198465757072
,,,2062,,0.001223358791321516
,,,2063,,0.0013497966574504972
,,,2064,,0.0013247877359390259
,,,2065,,0.0027500707656145096
,,,2066,,0.001135361846536398
,,,2067,,0.0012967672664672136
,,,2068,,0.0009971840772777796
,,,2069,,0.0017980709671974182
,,,2070,,0.001002640463411808
,,,2071,,0.0015870286151766777
,,,2072,,0.001592312939465046
,,,2073,,0.0010818454902619123
,,,2074,,0.0012526644859462976
,,,2075,,0.001421141205355525
,,,2076,,0.0010776468552649021
,,,2077,,0.0016505264211446047
,,,2078,,0.002330568851903081
,,,2079,,0.0019740257412195206
,,,2080,,0.0021264543756842613
,,,2081,,0.0008842782117426395
,,,2082,,0.0011525205336511135
,,,2083,,0.0009142544586211443
,,,2084,,0.0017497367225587368
,,,2085,,0.0014237432042136788
,,,2086,,0.0019291872158646584
,,,2087,,0.0014231333043426275
,,,2088,,0.011142857372760773
,,,2089,,0.026591651141643524
,,,2090,,0.024287521839141846
,,,2091,,0.022445090115070343
,,,2092,,0.024281442165374756
,,,2093,,0.023089628666639328
,,,2094,,0.09602037072181702
,,,2095,,0.036160483956336975
,,,2096,,0.021490735933184624
,,,2097,,0.022405315190553665
,,,2098,,0.016190651804208755
,,,2099,,0.011466730386018753
,,,2100,,0.02064868062734604
,,,2101,,0.013988844119012356
,,,2102,,0.013638976030051708
,,,2103,,0.029657121747732162
,,,2104,,0.025271452963352203
,,,2105,,0.013124002143740654
,,,2106,,0.03584106266498566
,,,2107,,0.01897215098142624
,,,2108,,0.0085211880505085
,,,2109,,0.022817352786660194
,,,2110,,0.01085286121815443
,,,2111,,0.011265618726611137
,,,2112,,0.014971994794905186
,,,2113,,0.005885750520974398
,,,2114,,0.014485733583569527
,,,2115,,0.021400831639766693
,,,2116,,0.03614649176597595
,,,2117,,0.03600066900253296
,,,2118,,0.020812027156352997
,,,2119,,0.027685798704624176
,,,2120,,0.019243460148572922
,,,2121,,0.025047197937965393
,,,2122,,0.020357154309749603
,,,2123,,0.018765125423669815
,,,2124,,0.023810239508748055
,,,2125,,0.022458292543888092
,,,2126,,0.013102483004331589
,,,2127,,0.01766088604927063
,,,2128,,0.037641849368810654
,,,2129,,0.022480111569166183
,,,2130,,0.015867887064814568
,,,2131,,0.015673290938138962
,,,2132,,0.001683746580965817
,,,2133,,0.0030446252785623074
,,,2134,,0.002011554315686226
,,,2135,,0.0020546717569231987
,,,2136,,0.0017404214013367891
,,,2137,,0.001796545460820198
,,,2138,,0.0012323751579970121
,,,2139,,0.0016978958155959845
,,,2140,,0.0012876810505986214
,,,2141,,0.0020187930203974247
,,,2142,,0.0018355099018663168
,,,2143,,0.0012147030793130398
,,,2144,,0.001959295477718115
,,,2145,,0.030915148556232452
,,,2146,,0.03743446618318558
,,,2147,,0.03973504155874252
,,,2148,,0.12273957580327988
,,,2149,,0.09058947116136551
,,,2150,,0.06120072305202484
,,,2151,,0.09409822523593903
,,,2152,,0.08683410286903381
,,,2153,,0.03301757946610451
,,,2154,,0.03398857265710831
,,,2155,,0.035638656467199326
,,,2156,,0.025571320205926895
,,,2157,,0.029274150729179382
,,,2158,,0.033806271851062775
,,,2159,,0.028644666075706482
,,,2160,,0.029307693243026733
,,,2161,,0.031525351107120514
,,,2162,,0.029948215931653976
,,,2163,,0.027931012213230133
,,,2164,,0.02349567413330078
,,,2165,,0.034663982689380646
,,,2166,,0.030908573418855667
,,,2167,,0.034340765327215195
,,,2168,,0.030381429940462112
,,,2169,,0.028317971155047417
,,,2170,,0.03713420778512955
,,,2171,,0.03266137093305588
,,,2172,,0.025024116039276123
,,,2173,,0.03332424536347389
,,,2174,,0.03232371062040329
,,,2175,,0.028568416833877563
,,,2176,,0.028964141383767128
,,,2177,,0.02281666174530983
,,,2178,,0.02615177445113659
,,,2179,,0.023706141859292984
,,,2180,,0.02668398804962635
,,,2181,,0.02105874940752983
,,,2182,,0.024049242958426476
,,,2183,,0.025159932672977448
,,,2184,,0.024777311831712723
,,,2185,,0.023190155625343323
,,,2186,,0.024473153054714203
,,,2187,,0.020616507157683372
,,,2188,,0.021622471511363983
,,,2189,,0.021293293684720993
,,,2190,,0.027416903525590897
,,,2191,,0.02378775365650654
,,,2192,,0.02752411924302578
,,,2193,,0.024221844971179962
,,,2194,,0.028345221653580666
,,,2195,,0.026491433382034302
,,,2196,,0.024432487785816193
,,,2197,,0.02306416444480419
,,,2198,,0.026209894567728043
,,,2199,,0.01892159879207611
,,,2200,,0.02086348831653595
,,,2201,,0.017448071390390396
,,,2202,,0.016966236755251884
,,,2203,,0.018536653369665146
,,,2204,,0.019411815330386162
,,,2205,,0.019276855513453484
,,,2206,,0.02033114805817604
,,,2207,,0.01736617460846901
,,,2208,,0.01941605843603611
,,,2209,,0.017762908712029457
,,,2210,,0.01489904522895813
,,,2211,,0.017189566045999527
,,,2212,,0.018075082451105118
,,,2213,,0.01977645978331566
,,,2214,,0.018992817029356956
,,,2215,,0.020616134628653526
,,,2216,,0.019924836233258247
,,,2217,,0.019529111683368683
,,,2218,,0.01722731813788414
,,,2219,,0.018510226160287857
,,,2220,,0.02048293687403202
,,,2221,,0.017812862992286682
,,,2222,,0.020256005227565765
,,,2223,,0.02278190292418003
,,,2224,,0.02045004442334175
,,,2225,,0.021075831726193428
,,,2226,,0.01908094249665737
,,,2227,,0.016931887716054916
,,,2228,,0.018068786710500717
,,,2229,,0.024639805778861046
,,,2230,,0.02066875621676445
,,,2231,,0.018247732892632484
,,,2232,,0.023296596482396126
,,,2233,,0.020063243806362152
,,,2234,,0.02441902458667755
,,,2235,,0.019550491124391556
,,,2236,,0.018458157777786255
,,,2237,,0.02136390656232834
,,,2238,,0.021363962441682816
,,,2239,,0.01850353553891182
,,,2240,,0.023088030517101288
,,,2241,,0.019845329225063324
,,,2242,,0.019810054451227188
,,,2243,,0.008145329542458057
,,,2244,,0.006752416491508484
,,,2245,,0.005795421544462442
,,,2246,,0.006124882027506828
,,,2247,,0.004928807262331247
,,,2248,,0.004977211356163025
,,,2249,,0.006389379967004061
,,,2250,,0.005538220051676035
,,,2251,,0.007004711776971817
,,,2252,,0.006005632691085339
,,,2253,,0.005739323794841766
,,,2254,,0.005287977401167154
,,,2255,,0.0061020804569125175
,,,2256,,0.027731679379940033
,,,2257,,0.04451395571231842
,,,2258,,0.03211955726146698
,,,2259,,0.024967743083834648
,,,2260,,0.012594398111104965
,,,2261,,0.10530989617109299
,,,2262,,0.020533263683319092
,,,2263,,0.06433025747537613
,,,2264,,0.029621919617056847
,,,2265,,0.04041432589292526
,,,2266,,0.05088765174150467
,,,2267,,0.0623963363468647
,,,2268,,0.05373656377196312
,,,2269,,0.0756157785654068
,,,2270,,0.05980558693408966
,,,2271,,0.09020493924617767
,,,2272,,0.04122037813067436
,,,2273,,0.14100776612758636
,,,2274,,0.11937815696001053
,,,2275,,0.10756194591522217
,,,2276,,0.10903443396091461
,,,2277,,0.14583082497119904
,,,2278,,0.09755564481019974
,,,2279,,0.09979143738746643
,,,2280,,0.13605254888534546
,,,2281,,0.10321670025587082
,,,2282,,0.1271006315946579
,,,2283,,0.10395215451717377
,,,2284,,0.10939644277095795
,,,2285,,0.1196528896689415
,,,2286,,0.11774585396051407
,,,2287,,0.11751791834831238
,,,2288,,0.1162424236536026
,,,2289,,0.05286715179681778
9,,,809,0.028694797307252884,
9,0.028834447264671326,,809,,
10,,0.04060019552707672,819,,
10,,0.039236318320035934,829,,
10,,0.018405694514513016,839,,
10,,0.023281821981072426,849,,
10,,0.020860251039266586,859,,
10,,0.04045454412698746,869,,
10,,0.03453608602285385,879,,
10,,0.024972490966320038,889,,
,,,2290,,0.0009800851112231612
,,,2291,,0.000982518307864666
,,,2292,,0.0013147052377462387
,,,2293,,0.0010896476451307535
,,,2294,,0.0024225832894444466
,,,2295,,0.0008745193481445312
,,,2296,,0.001230020308867097
,,,2297,,0.0008409745641984046
,,,2298,,0.0015303785912692547
,,,2299,,0.0008306207600980997
,,,2300,,0.0014681299217045307
,,,2301,,0.001574224210344255
,,,2302,,0.0009518712176941335
,,,2303,,0.0010951492004096508
,,,2304,,0.0012812179047614336
,,,2305,,0.0009296287316828966
,,,2306,,0.0015480818692594767
,,,2307,,0.0020943935960531235
,,,2308,,0.001715399557724595
,,,2309,,0.0019152696477249265
,,,2310,,0.0007187293958850205
,,,2311,,0.0009199234191328287
,,,2312,,0.0007439309847541153
,,,2313,,0.0016434972640126944
,,,2314,,0.0014029834419488907
,,,2315,,0.0015947618521749973
,,,2316,,0.0012953527038916945
,,,2317,,0.010399015620350838
,,,2318,,0.025430843234062195
,,,2319,,0.023157568648457527
,,,2320,,0.02134387567639351
,,,2321,,0.023340418934822083
,,,2322,,0.022065935656428337
,,,2323,,0.09438560158014297
,,,2324,,0.03489437326788902
,,,2325,,0.02029767632484436
,,,2326,,0.02122466079890728
,,,2327,,0.015580855309963226
,,,2328,,0.010990492068231106
,,,2329,,0.019566936418414116
,,,2330,,0.013022114522755146
,,,2331,,0.01247846893966198
,,,2332,,0.027864806354045868
,,,2333,,0.023820970207452774
,,,2334,,0.012065846472978592
,,,2335,,0.033721961081027985
,,,2336,,0.017727063968777657
,,,2337,,0.00742490915581584
,,,2338,,0.02125025913119316
,,,2339,,0.009971406310796738
,,,2340,,0.010525993071496487
,,,2341,,0.014086609706282616
,,,2342,,0.005268169566988945
,,,2343,,0.013449993915855885
,,,2344,,0.019339540973305702
,,,2345,,0.03336654603481293
,,,2346,,0.03303983807563782
,,,2347,,0.01872093603014946
,,,2348,,0.025860467925667763
,,,2349,,0.017821192741394043
,,,2350,,0.02303285337984562
,,,2351,,0.018886364996433258
,,,2352,,0.017574792727828026
,,,2353,,0.022368771955370903
,,,2354,,0.020703908056020737
,,,2355,,0.01180480606853962
,,,2356,,0.01594652235507965
,,,2357,,0.0344560444355011
,,,2358,,0.02069966495037079
,,,2359,,0.013729614205658436
,,,2360,,0.014562562108039856
,,,2361,,0.0014838380739092827
,,,2362,,0.002616089303046465
,,,2363,,0.0011497263330966234
,,,2364,,0.0015221330104395747
,,,2365,,0.0015492020174860954
,,,2366,,0.001695218961685896
,,,2367,,0.001038572401739657
,,,2368,,0.0010578031651675701
,,,2369,,0.0011447243159636855
,,,2370,,0.0017238156870007515
,,,2371,,0.0012616876047104597
,,,2372,,0.001969807781279087
,,,2373,,0.0017483572009950876
,,,2374,,0.02893412858247757
,,,2375,,0.03480223938822746
,,,2376,,0.03672148659825325
,,,2377,,0.11201967298984528
,,,2378,,0.0819145068526268
,,,2379,,0.05713901296257973
,,,2380,,0.08970175683498383
,,,2381,,0.08349141478538513
,,,2382,,0.031170129776000977
,,,2383,,0.032041002064943314
,,,2384,,0.033521346747875214
,,,2385,,0.023983672261238098
,,,2386,,0.02756650187075138
,,,2387,,0.031764447689056396
,,,2388,,0.0271013006567955
,,,2389,,0.027526788413524628
,,,2390,,0.029533270746469498
,,,2391,,0.027886252850294113
,,,2392,,0.02612258866429329
,,,2393,,0.02227935940027237
,,,2394,,0.0325339213013649
,,,2395,,0.029036080464720726
,,,2396,,0.03229736164212227
,,,2397,,0.028540246188640594
,,,2398,,0.026767205446958542
,,,2399,,0.03508145362138748
,,,2400,,0.030718514695763588
,,,2401,,0.023586688563227654
,,,2402,,0.031469546258449554
,,,2403,,0.030592460185289383
,,,2404,,0.026494812220335007
,,,2405,,0.027005981653928757
,,,2406,,0.021306121721863747
,,,2407,,0.024825546890497208
,,,2408,,0.022631583735346794
,,,2409,,0.025754112750291824
,,,2410,,0.020127153024077415
,,,2411,,0.023020658642053604
,,,2412,,0.023981649428606033
,,,2413,,0.023454811424016953
,,,2414,,0.022180024534463882
,,,2415,,0.023471400141716003
,,,2416,,0.01950588822364807
,,,2417,,0.02050783298909664
,,,2418,,0.020190555602312088
,,,2419,,0.02625860832631588
,,,2420,,0.02257625386118889
,,,2421,,0.026346955448389053
,,,2422,,0.023138727992773056
,,,2423,,0.027038253843784332
,,,2424,,0.025189023464918137
,,,2425,,0.02328919619321823
,,,2426,,0.021988606080412865
,,,2427,,0.024851717054843903
,,,2428,,0.018097659572958946
,,,2429,,0.020047731697559357
,,,2430,,0.016605429351329803
,,,2431,,0.01614491641521454
,,,2432,,0.017604876309633255
,,,2433,,0.018389824777841568
,,,2434,,0.018467077985405922
,,,2435,,0.01946146786212921
,,,2436,,0.016815075650811195
,,,2437,,0.018172789365053177
,,,2438,,0.01682930439710617
,,,2439,,0.014139184728264809
,,,2440,,0.01646251603960991
,,,2441,,0.01732861064374447
,,,2442,,0.018851617351174355
,,,2443,,0.01787448860704899
,,,2444,,0.0199598241597414
,,,2445,,0.019156113266944885
,,,2446,,0.01859322562813759
,,,2447,,0.01620015874505043
,,,2448,,0.017567606642842293
,,,2449,,0.01950908452272415
,,,2450,,0.016774345189332962
,,,2451,,0.019091617316007614
,,,2452,,0.02159992605447769
,,,2453,,0.019238296896219254
,,,2454,,0.019900105893611908
,,,2455,,0.017905615270137787
,,,2456,,0.015919243916869164
,,,2457,,0.016935013234615326
,,,2458,,0.023242969065904617
,,,2459,,0.019529692828655243
,,,2460,,0.016911203041672707
,,,2461,,0.022011667490005493
,,,2462,,0.01889529451727867
,,,2463,,0.02311207912862301
,,,2464,,0.018448835238814354
,,,2465,,0.017339302226901054
,,,2466,,0.020120389759540558
,,,2467,,0.020160842686891556
,,,2468,,0.017418403178453445
,,,2469,,0.021717898547649384
,,,2470,,0.01872900500893593
,,,2471,,0.01863390952348709
,,,2472,,0.0076533230021595955
,,,2473,,0.006185400299727917
,,,2474,,0.0051911077462136745
,,,2475,,0.0053724669851362705
,,,2476,,0.0044371141120791435
,,,2477,,0.004575500264763832
,,,2478,,0.006023922935128212
,,,2479,,0.0050286101177334785
,,,2480,,0.00642419746145606
,,,2481,,0.005596961826086044
,,,2482,,0.005182216409593821
,,,2483,,0.004882842767983675
,,,2484,,0.005401124712079763
,,,2485,,0.026310132816433907
,,,2486,,0.04141676425933838
,,,2487,,0.02989109605550766
,,,2488,,0.023923620581626892
,,,2489,,0.01174004003405571
,,,2490,,0.09949889779090881
,,,2491,,0.01964452490210533
,,,2492,,0.06119991093873978
,,,2493,,0.027770452201366425
,,,2494,,0.03716738522052765
,,,2495,,0.04681786894798279
,,,2496,,0.058112092316150665
,,,2497,,0.051354169845581055
,,,2498,,0.06928661465644836
,,,2499,,0.05457998812198639
,,,2500,,0.08132713288068771
,,,2501,,0.03923756629228592
,,,2502,,0.13656477630138397
,,,2503,,0.11381527036428452
,,,2504,,0.10329008847475052
,,,2505,,0.10441385209560394
,,,2506,,0.14124535024166107
,,,2507,,0.09352849423885345
,,,2508,,0.09650479257106781
,,,2509,,0.12939248979091644
,,,2510,,0.0985700935125351
,,,2511,,0.1222454383969307
,,,2512,,0.10026338696479797
,,,2513,,0.10485026240348816
,,,2514,,0.11433152109384537
,,,2515,,0.11290518939495087
,,,2516,,0.11220487207174301
,,,2517,,0.11152780055999756
,,,2518,,0.04992247000336647
10,,,890,0.027100244536995888,
10,0.027791332453489304,,890,,
11,,0.03929127752780914,899,,
11,,0.018609367311000824,909,,
11,,0.029454849660396576,919,,
11,,0.011068070307374,929,,
11,,0.03615090250968933,939,,
11,,0.02866853028535843,949,,
11,,0.026881322264671326,959,,
11,,0.016840804368257523,969,,
,,,2519,,0.0009418845875188708
,,,2520,,0.0009430167847312987
,,,2521,,0.001272635068744421
,,,2522,,0.0010004367213696241
,,,2523,,0.0024932222440838814
,,,2524,,0.0008547286852262914
,,,2525,,0.0011972935171797872
,,,2526,,0.000761480419896543
,,,2527,,0.0015442363219335675
,,,2528,,0.0007775999256409705
,,,2529,,0.001455600606277585
,,,2530,,0.001579034491442144
,,,2531,,0.0008810452418401837
,,,2532,,0.001109808450564742
,,,2533,,0.0012573315761983395
,,,2534,,0.000878557562828064
,,,2535,,0.0014636502601206303
,,,2536,,0.0020846091210842133
,,,2537,,0.001792444847524166
,,,2538,,0.0018869632622227073
,,,2539,,0.0007285504252649844
,,,2540,,0.0008939632680267096
,,,2541,,0.000719335163012147
,,,2542,,0.0015884817112237215
,,,2543,,0.0013138377107679844
,,,2544,,0.0015714399050921202
,,,2545,,0.0012100478634238243
,,,2546,,0.010108426213264465
,,,2547,,0.02494584582746029
,,,2548,,0.022702261805534363
,,,2549,,0.02102210931479931
,,,2550,,0.022778797894716263
,,,2551,,0.02158045396208763
,,,2552,,0.09386354684829712
,,,2553,,0.03414445370435715
,,,2554,,0.019875623285770416
,,,2555,,0.020871691405773163
,,,2556,,0.015048624016344547
,,,2557,,0.010486753657460213
,,,2558,,0.01923269033432007
,,,2559,,0.01283227652311325
,,,2560,,0.012073262594640255
,,,2561,,0.026763368397951126
,,,2562,,0.02295616641640663
,,,2563,,0.011586319655179977
,,,2564,,0.03211211413145065
,,,2565,,0.01696563884615898
,,,2566,,0.007190048694610596
,,,2567,,0.019971013069152832
,,,2568,,0.009602665901184082
,,,2569,,0.010151365771889687
,,,2570,,0.01367038581520319
,,,2571,,0.005183934234082699
,,,2572,,0.012956577353179455
,,,2573,,0.01788906194269657
,,,2574,,0.0314280204474926
,,,2575,,0.031199920922517776
,,,2576,,0.017285145819187164
,,,2577,,0.024092158302664757
,,,2578,,0.016625791788101196
,,,2579,,0.021383441984653473
,,,2580,,0.017820190638303757
,,,2581,,0.016516104340553284
,,,2582,,0.02112959325313568
,,,2583,,0.01933153346180916
,,,2584,,0.011163756251335144
,,,2585,,0.014777511358261108
,,,2586,,0.03216984122991562
,,,2587,,0.019416239112615585
,,,2588,,0.012600860558450222
,,,2589,,0.01361401192843914
,,,2590,,0.0013421785552054644
,,,2591,,0.002519757952541113
,,,2592,,0.001533876871690154
,,,2593,,0.0016086581163108349
,,,2594,,0.0014333897270262241
,,,2595,,0.0014858554350212216
,,,2596,,0.0010116253979504108
,,,2597,,0.0013585141859948635
,,,2598,,0.001080760033801198
,,,2599,,0.0016720412531867623
,,,2600,,0.0014360222266986966
,,,2601,,0.0012355154613032937
,,,2602,,0.001632109866477549
,,,2603,,0.02710040844976902
,,,2604,,0.032732442021369934
,,,2605,,0.034102242439985275
,,,2606,,0.10366974771022797
,,,2607,,0.0758691281080246
,,,2608,,0.053414486348629
,,,2609,,0.08575505018234253
,,,2610,,0.07892017066478729
,,,2611,,0.029634810984134674
,,,2612,,0.03044584020972252
,,,2613,,0.031886979937553406
,,,2614,,0.022817889228463173
,,,2615,,0.026398103684186935
,,,2616,,0.030216816812753677
,,,2617,,0.02564806491136551
,,,2618,,0.02630927599966526
,,,2619,,0.02823413535952568
,,,2620,,0.02667529322206974
,,,2621,,0.024550296366214752
,,,2622,,0.021021757274866104
,,,2623,,0.03069904074072838
,,,2624,,0.02775704860687256
,,,2625,,0.030744872987270355
,,,2626,,0.02715514972805977
,,,2627,,0.025414060801267624
,,,2628,,0.0334467813372612
,,,2629,,0.02929837256669998
,,,2630,,0.02242157608270645
,,,2631,,0.02972542494535446
,,,2632,,0.029070649296045303
,,,2633,,0.025120234116911888
,,,2634,,0.025612689554691315
,,,2635,,0.0203231293708086
,,,2636,,0.023703154176473618
,,,2637,,0.021665917709469795
,,,2638,,0.024467799812555313
,,,2639,,0.019238833338022232
,,,2640,,0.022013122215867043
,,,2641,,0.023168552666902542
,,,2642,,0.022550463676452637
,,,2643,,0.021275166422128677
,,,2644,,0.02254375070333481
,,,2645,,0.018720082938671112
,,,2646,,0.019659005105495453
,,,2647,,0.019279159605503082
,,,2648,,0.024966005235910416
,,,2649,,0.02175271511077881
,,,2650,,0.02508397400379181
,,,2651,,0.022124938666820526
,,,2652,,0.026125192642211914
,,,2653,,0.024014169350266457
,,,2654,,0.022328000515699387
,,,2655,,0.020965274423360825
,,,2656,,0.02405444346368313
,,,2657,,0.017002742737531662
,,,2658,,0.018721744418144226
,,,2659,,0.016034774482250214
,,,2660,,0.015467781573534012
,,,2661,,0.01678851619362831
,,,2662,,0.017568886280059814
,,,2663,,0.01706291176378727
,,,2664,,0.01840701885521412
,,,2665,,0.015701444819569588
,,,2666,,0.0175379179418087
,,,2667,,0.015819527208805084
,,,2668,,0.013637742027640343
,,,2669,,0.01548095140606165
,,,2670,,0.01660129427909851
,,,2671,,0.01779990829527378
,,,2672,,0.017104990780353546
,,,2673,,0.018242813646793365
,,,2674,,0.017794553190469742
,,,2675,,0.01764574646949768
,,,2676,,0.01553400233387947
,,,2677,,0.016541317105293274
,,,2678,,0.018236082047224045
,,,2679,,0.01624813675880432
,,,2680,,0.018493931740522385
,,,2681,,0.02085154317319393
,,,2682,,0.01868395321071148
,,,2683,,0.019293569028377533
,,,2684,,0.01735193096101284
,,,2685,,0.01545768603682518
,,,2686,,0.016456928104162216
,,,2687,,0.022526400163769722
,,,2688,,0.018895722925662994
,,,2689,,0.016546156257390976
,,,2690,,0.021446093916893005
,,,2691,,0.0183415487408638
,,,2692,,0.02237635664641857
,,,2693,,0.017785577103495598
,,,2694,,0.016850728541612625
,,,2695,,0.019485803321003914
,,,2696,,0.019635921344161034
,,,2697,,0.016879241913557053
,,,2698,,0.021007580682635307
,,,2699,,0.01813320629298687
,,,2700,,0.01803937368094921
,,,2701,,0.007258818484842777
,,,2702,,0.005801228806376457
,,,2703,,0.004787436220794916
,,,2704,,0.005274027120321989
,,,2705,,0.004182504490017891
,,,2706,,0.004327460657805204
,,,2707,,0.005478535313159227
,,,2708,,0.004723729565739632
,,,2709,,0.006165417842566967
,,,2710,,0.00527255330234766
,,,2711,,0.004897269420325756
,,,2712,,0.004684805870056152
,,,2713,,0.004972873255610466
,,,2714,,0.024600112810730934
,,,2715,,0.040026284754276276
,,,2716,,0.027273578569293022
,,,2717,,0.022946732118725777
,,,2718,,0.010674876160919666
,,,2719,,0.0900024026632309
,,,2720,,0.018836412578821182
,,,2721,,0.057099901139736176
,,,2722,,0.026548903435468674
,,,2723,,0.033161744475364685
,,,2724,,0.04402323067188263
,,,2725,,0.05269186943769455
,,,2726,,0.047510452568531036
,,,2727,,0.06255052238702774
,,,2728,,0.050325628370046616
,,,2729,,0.07410366833209991
,,,2730,,0.03716929256916046
,,,2731,,0.13302907347679138
,,,2732,,0.10987509042024612
,,,2733,,0.10082566738128662
,,,2734,,0.1005164384841919
,,,2735,,0.13712278008460999
,,,2736,,0.0911746472120285
,,,2737,,0.09485335648059845
,,,2738,,0.123076893389225
,,,2739,,0.09541188180446625
,,,2740,,0.11866439878940582
,,,2741,,0.09763587266206741
,,,2742,,0.10132821649312973
,,,2743,,0.1113700270652771
,,,2744,,0.10918758064508438
,,,2745,,0.10873106867074966
,,,2746,,0.10791334509849548
,,,2747,,0.04787373170256615
11,,,971,0.02586369775235653,
11,0.02668122760951519,,971,,
12,,0.019816100597381592,979,,
12,,0.024601208046078682,989,,
12,,0.01856456883251667,999,,
12,,0.045463718473911285,1009,,
12,,0.018236996605992317,1019,,
12,,0.03091222420334816,1029,,
12,,0.011135835200548172,1039,,
12,,0.019014883786439896,1049,,
,,,2748,,0.0008836028864607215
,,,2749,,0.0008469528402201831
,,,2750,,0.0012183727230876684
,,,2751,,0.0008510901825502515
,,,2752,,0.00205865572206676
,,,2753,,0.0007785719353705645
,,,2754,,0.001134170452132821
,,,2755,,0.0007108568679541349
,,,2756,,0.0013232927303761244
,,,2757,,0.0007435337756760418
,,,2758,,0.0013406772632151842
,,,2759,,0.001435103826224804
,,,2760,,0.0008349176496267319
,,,2761,,0.0009751890320330858
,,,2762,,0.0012107017682865262
,,,2763,,0.0008276669541373849
,,,2764,,0.0014235664857551455
,,,2765,,0.001885813195258379
,,,2766,,0.001448613009415567
,,,2767,,0.0019455291330814362
,,,2768,,0.0006997393793426454
,,,2769,,0.0008604463655501604
,,,2770,,0.0006550941616296768
,,,2771,,0.0016142092645168304
,,,2772,,0.001378196058794856
,,,2773,,0.0014849082799628377
,,,2774,,0.001182392006739974
,,,2775,,0.009639591909945011
,,,2776,,0.02420109510421753
,,,2777,,0.022001173347234726
,,,2778,,0.020359650254249573
,,,2779,,0.022054363042116165
,,,2780,,0.020972564816474915
,,,2781,,0.09286662936210632
,,,2782,,0.033288005739450455
,,,2783,,0.019109372049570084
,,,2784,,0.020190149545669556
,,,2785,,0.014558644033968449
,,,2786,,0.010001333430409431
,,,2787,,0.01854916289448738
,,,2788,,0.012289311736822128
,,,2789,,0.011427062563598156
,,,2790,,0.025754276663064957
,,,2791,,0.022028494626283646
,,,2792,,0.011145202443003654
,,,2793,,0.03092058002948761
,,,2794,,0.016201136633753777
,,,2795,,0.006750720553100109
,,,2796,,0.0190720297396183
,,,2797,,0.009042125195264816
,,,2798,,0.009768073447048664
,,,2799,,0.013193105347454548
,,,2800,,0.004830312915146351
,,,2801,,0.012403501197695732
,,,2802,,0.01703266240656376
,,,2803,,0.029832933098077774
,,,2804,,0.029800061136484146
,,,2805,,0.016380101442337036
,,,2806,,0.02313562110066414
,,,2807,,0.016020964831113815
,,,2808,,0.02032867819070816
,,,2809,,0.016877099871635437
,,,2810,,0.015607866458594799
,,,2811,,0.020382791757583618
,,,2812,,0.018488340079784393
,,,2813,,0.01032561156898737
,,,2814,,0.01415848545730114
,,,2815,,0.030756499618291855
,,,2816,,0.018269335851073265
,,,2817,,0.01159664336591959
,,,2818,,0.012988397851586342
,,,2819,,0.0011898864759132266
,,,2820,,0.002317053033038974
,,,2821,,0.0012420332059264183
,,,2822,,0.0013170999009162188
,,,2823,,0.0012801052071154118
,,,2824,,0.0013877913588657975
,,,2825,,0.0008809090359136462
,,,2826,,0.0010328888893127441
,,,2827,,0.0009667349513620138
,,,2828,,0.001472733449190855
,,,2829,,0.001129720825701952
,,,2830,,0.0014952484052628279
,,,2831,,0.0015178044559434056
,,,2832,,0.02581099607050419
,,,2833,,0.03141186386346817
,,,2834,,0.032516393810510635
,,,2835,,0.10177907347679138
,,,2836,,0.07423759251832962
,,,2837,,0.05104722082614899
,,,2838,,0.08200616389513016
,,,2839,,0.07566339522600174
,,,2840,,0.028953637927770615
,,,2841,,0.029716840013861656
,,,2842,,0.031058913096785545
,,,2843,,0.022186653688549995
,,,2844,,0.025665661320090294
,,,2845,,0.02977268025279045
,,,2846,,0.024974927306175232
,,,2847,,0.025649499148130417
,,,2848,,0.027370745316147804
,,,2849,,0.02616116777062416
,,,2850,,0.02400335669517517
,,,2851,,0.020661860704421997
,,,2852,,0.029911844059824944
,,,2853,,0.026950698345899582
,,,2854,,0.0301283597946167
,,,2855,,0.026604995131492615
,,,2856,,0.024854302406311035
,,,2857,,0.032760895788669586
,,,2858,,0.028488721698522568
,,,2859,,0.021750813350081444
,,,2860,,0.029102180153131485
,,,2861,,0.02826373651623726
,,,2862,,0.02446013316512108
,,,2863,,0.02468600682914257
,,,2864,,0.019462373107671738
,,,2865,,0.02304016798734665
,,,2866,,0.02091451920568943
,,,2867,,0.023780062794685364
,,,2868,,0.018558479845523834
,,,2869,,0.02125980332493782
,,,2870,,0.022187020629644394
,,,2871,,0.02173708565533161
,,,2872,,0.020439747720956802
,,,2873,,0.021595880389213562
,,,2874,,0.01807194948196411
,,,2875,,0.018816933035850525
,,,2876,,0.01876325160264969
,,,2877,,0.02439039945602417
,,,2878,,0.02106151543557644
,,,2879,,0.024491986259818077
,,,2880,,0.021311413496732712
,,,2881,,0.02510814741253853
,,,2882,,0.023435812443494797
,,,2883,,0.021442960947752
,,,2884,,0.02030249685049057
,,,2885,,0.0231541246175766
,,,2886,,0.016910739243030548
,,,2887,,0.01868421584367752
,,,2888,,0.015787847340106964
,,,2889,,0.015042940154671669
,,,2890,,0.01654994487762451
,,,2891,,0.017429254949092865
,,,2892,,0.017073020339012146
,,,2893,,0.018464799970388412
,,,2894,,0.015611862763762474
,,,2895,,0.01734570972621441
,,,2896,,0.015688462182879448
,,,2897,,0.013369245454668999
,,,2898,,0.015302585437893867
,,,2899,,0.016404755413532257
,,,2900,,0.017843814566731453
,,,2901,,0.016902253031730652
,,,2902,,0.01850653812289238
,,,2903,,0.01769300550222397
,,,2904,,0.017512880265712738
,,,2905,,0.015337304212152958
,,,2906,,0.016650384292006493
,,,2907,,0.01821477897465229
,,,2908,,0.015958663076162338
,,,2909,,0.018003731966018677
,,,2910,,0.020413517951965332
,,,2911,,0.018404344096779823
,,,2912,,0.018790630623698235
,,,2913,,0.017143897712230682
,,,2914,,0.015070334076881409
,,,2915,,0.01614195853471756
,,,2916,,0.022014722228050232
,,,2917,,0.018409758806228638
,,,2918,,0.016271404922008514
,,,2919,,0.02085624635219574
,,,2920,,0.017748741433024406
,,,2921,,0.022035688161849976
,,,2922,,0.017516648396849632
,,,2923,,0.016641048714518547
,,,2924,,0.01915747858583927
,,,2925,,0.019087478518486023
,,,2926,,0.016507333144545555
,,,2927,,0.020745132118463516
,,,2928,,0.017645852640271187
,,,2929,,0.017551235854625702
,,,2930,,0.006782878655940294
,,,2931,,0.005413522478193045
,,,2932,,0.0044553279876708984
,,,2933,,0.004748696926981211
,,,2934,,0.0037998517509549856
,,,2935,,0.0038966750726103783
,,,2936,,0.00505977775901556
,,,2937,,0.004281655885279179
,,,2938,,0.0056751868687570095
,,,2939,,0.004794948734343052
,,,2940,,0.00451310258358717
,,,2941,,0.004252247512340546
,,,2942,,0.004627966322004795
,,,2943,,0.023541569709777832
,,,2944,,0.03974554315209389
,,,2945,,0.026058319956064224
,,,2946,,0.02288706600666046
,,,2947,,0.010080654174089432
,,,2948,,0.08302437514066696
,,,2949,,0.018974296748638153
,,,2950,,0.05463462695479393
,,,2951,,0.026525158435106277
,,,2952,,0.03169693797826767
,,,2953,,0.0412413589656353
,,,2954,,0.04853387549519539
,,,2955,,0.045687898993492126
,,,2956,,0.05622575432062149
,,,2957,,0.0446217805147171
,,,2958,,0.06806488335132599
,,,2959,,0.03610137104988098
,,,2960,,0.1282695084810257
,,,2961,,0.10641735047101974
,,,2962,,0.09706157445907593
,,,2963,,0.09624753892421722
,,,2964,,0.13311731815338135
,,,2965,,0.08803299814462662
,,,2966,,0.09121151268482208
,,,2967,,0.11955541372299194
,,,2968,,0.09224897623062134
,,,2969,,0.114210344851017
,,,2970,,0.09375173598527908
,,,2971,,0.09797658026218414
,,,2972,,0.1068820208311081
,,,2973,,0.10515130311250687
,,,2974,,0.10492269694805145
,,,2975,,0.10327737033367157
,,,2976,,0.046925220638513565
12,,,1052,0.02494294010102749,
12,0.025040892884135246,,1052,,
13,,0.018590552732348442,1059,,
13,,0.022993179038167,1069,,
13,,0.026713844388723373,1079,,
13,,0.013838270679116249,1089,,
13,,0.020112818107008934,1099,,
13,,0.012545567005872726,1109,,
13,,0.03259820491075516,1119,,
13,,0.02014293521642685,1129,,
,,,2977,,0.0011961715063080192
,,,2978,,0.001102810027077794
,,,2979,,0.001656966283917427
,,,2980,,0.0012818642426282167
,,,2981,,0.0024296240881085396
,,,2982,,0.0013358418364077806
,,,2983,,0.0016918760957196355
,,,2984,,0.0010718487901613116
,,,2985,,0.001615646993741393
,,,2986,,0.001137610524892807
,,,2987,,0.0018695472972467542
,,,2988,,0.0018721242668107152
,,,2989,,0.001226105960085988
,,,2990,,0.0014588111080229282
,,,2991,,0.0017018542857840657
,,,2992,,0.0012884861789643764
,,,2993,,0.0017623667372390628
,,,2994,,0.002161479089409113
,,,2995,,0.0018836082890629768
,,,2996,,0.0022728380281478167
,,,2997,,0.0012990091927349567
,,,2998,,0.0012889811769127846
,,,2999,,0.001190616050735116
,,,3000,,0.0019110501743853092
,,,3001,,0.0017437170026823878
,,,3002,,0.001724442234262824
,,,3003,,0.0016533758025616407
,,,3004,,0.00971671286970377
,,,3005,,0.023948490619659424
,,,3006,,0.021663907915353775
,,,3007,,0.02023005113005638
,,,3008,,0.021913066506385803
,,,3009,,0.020727571099996567
,,,3010,,0.09225820004940033
,,,3011,,0.03289825841784477
,,,3012,,0.018848592415452003
,,,3013,,0.019948190078139305
,,,3014,,0.014588426798582077
,,,3015,,0.01002158597111702
,,,3016,,0.018410613760352135
,,,3017,,0.012256896123290062
,,,3018,,0.011268850415945053
,,,3019,,0.025155171751976013
,,,3020,,0.02160324901342392
,,,3021,,0.011058077216148376
,,,3022,,0.030093984678387642
,,,3023,,0.015915947034955025
,,,3024,,0.006651380565017462
,,,3025,,0.01864124834537506
,,,3026,,0.008978194557130337
,,,3027,,0.009726710617542267
,,,3028,,0.013191763311624527
,,,3029,,0.004868060350418091
,,,3030,,0.012296369299292564
,,,3031,,0.016452614217996597
,,,3032,,0.028785433620214462
,,,3033,,0.028372356668114662
,,,3034,,0.015895016491413116
,,,3035,,0.022021744400262833
,,,3036,,0.015323709696531296
,,,3037,,0.01950453594326973
,,,3038,,0.01600680500268936
,,,3039,,0.014778068289160728
,,,3040,,0.019399434328079224
,,,3041,,0.017578311264514923
,,,3042,,0.009943487122654915
,,,3043,,0.013715391978621483
,,,3044,,0.029510144144296646
,,,3045,,0.017539089545607567
,,,3046,,0.011098812334239483
,,,3047,,0.012545453384518623
,,,3048,,0.0014785716775804758
,,,3049,,0.0025268944445997477
,,,3050,,0.0010922257788479328
,,,3051,,0.0014677627477794886
,,,3052,,0.0014244664926081896
,,,3053,,0.001682477188296616
,,,3054,,0.0012149205431342125
,,,3055,,0.0010440489277243614
,,,3056,,0.0012578661553561687
,,,3057,,0.001728966599330306
,,,3058,,0.0012192591093480587
,,,3059,,0.0022248211316764355
,,,3060,,0.001723756780847907
,,,3061,,0.025123583152890205
,,,3062,,0.03023616224527359
,,,3063,,0.031201891601085663
,,,3064,,0.09604351222515106
,,,3065,,0.06998592615127563
,,,3066,,0.04827556759119034
,,,3067,,0.07969079911708832
,,,3068,,0.0729660615324974
,,,3069,,0.02789427898824215
,,,3070,,0.02880890667438507
,,,3071,,0.03014986962080002
,,,3072,,0.02152753248810768
,,,3073,,0.025093842297792435
,,,3074,,0.028864961117506027
,,,3075,,0.024197405204176903
,,,3076,,0.024918239563703537
,,,3077,,0.02660408243536949
,,,3078,,0.025364112108945847
,,,3079,,0.023091260343790054
,,,3080,,0.020132634788751602
,,,3081,,0.02896612137556076
,,,3082,,0.0262442734092474
,,,3083,,0.029176563024520874
,,,3084,,0.025721192359924316
,,,3085,,0.024161452427506447
,,,3086,,0.03198108449578285
,,,3087,,0.02768072485923767
,,,3088,,0.021188396960496902
,,,3089,,0.028174974024295807
,,,3090,,0.027589639648795128
,,,3091,,0.023317880928516388
,,,3092,,0.02362930402159691
,,,3093,,0.018802402541041374
,,,3094,,0.022622590884566307
,,,3095,,0.02054499462246895
,,,3096,,0.023409057408571243
,,,3097,,0.018302392214536667
,,,3098,,0.02093721553683281
,,,3099,,0.021780993789434433
,,,3100,,0.021335657685995102
,,,3101,,0.020157132297754288
,,,3102,,0.02142786979675293
,,,3103,,0.017733534798026085
,,,3104,,0.018572911620140076
,,,3105,,0.018461668863892555
,,,3106,,0.02376382052898407
,,,3107,,0.02074660174548626
,,,3108,,0.023957867175340652
,,,3109,,0.021044207736849785
,,,3110,,0.024638237431645393
,,,3111,,0.02305200882256031
,,,3112,,0.021109692752361298
,,,3113,,0.019991710782051086
,,,3114,,0.022786635905504227
,,,3115,,0.016420576721429825
,,,3116,,0.018151648342609406
,,,3117,,0.015449169091880322
,,,3118,,0.014893200248479843
,,,3119,,0.016241054981946945
,,,3120,,0.016897941008210182
,,,3121,,0.016427673399448395
,,,3122,,0.017565827816724777
,,,3123,,0.015235735103487968
,,,3124,,0.016979418694972992
,,,3125,,0.015009673312306404
,,,3126,,0.013093612156808376
,,,3127,,0.01502313558012247
,,,3128,,0.01605679653584957
,,,3129,,0.017143551260232925
,,,3130,,0.016396984457969666
,,,3131,,0.017957612872123718
,,,3132,,0.017140720039606094
,,,3133,,0.017051395028829575
,,,3134,,0.014971044845879078
,,,3135,,0.015904519706964493
,,,3136,,0.017708908766508102
,,,3137,,0.015381911769509315
,,,3138,,0.017404820770025253
,,,3139,,0.019704416394233704
,,,3140,,0.017715713009238243
,,,3141,,0.018193628638982773
,,,3142,,0.016471292823553085
,,,3143,,0.01464675273746252
,,,3144,,0.015559500083327293
,,,3145,,0.021271325647830963
,,,3146,,0.01788816787302494
,,,3147,,0.015590902417898178
,,,3148,,0.020097387954592705
,,,3149,,0.01723654381930828
,,,3150,,0.021191276609897614
,,,3151,,0.01689811237156391
,,,3152,,0.0159415565431118
,,,3153,,0.01836029253900051
,,,3154,,0.018454493954777718
,,,3155,,0.01597883179783821
,,,3156,,0.019915319979190826
,,,3157,,0.017097758129239082
,,,3158,,0.017013773322105408
,,,3159,,0.006732204928994179
,,,3160,,0.005274180322885513
,,,3161,,0.004371577873826027
,,,3162,,0.0046876780688762665
,,,3163,,0.0037743691354990005
,,,3164,,0.003963499795645475
,,,3165,,0.005085545592010021
,,,3166,,0.004293560981750488
,,,3167,,0.005607588216662407
,,,3168,,0.004767345264554024
,,,3169,,0.00446760468184948
,,,3170,,0.004208560101687908
,,,3171,,0.0046102143824100494
,,,3172,,0.02222277969121933
,,,3173,,0.033096034079790115
,,,3174,,0.024376478046178818
,,,3175,,0.02025027945637703
,,,3176,,0.009853385388851166
,,,3177,,0.07975451648235321
,,,3178,,0.017017409205436707
,,,3179,,0.051959965378046036
,,,3180,,0.026036757975816727
,,,3181,,0.029224809259176254
,,,3182,,0.03766629472374916
,,,3183,,0.045247044414281845
,,,3184,,0.04526915028691292
,,,3185,,0.05261761695146561
,,,3186,,0.04097774624824524
,,,3187,,0.059776026755571365
,,,3188,,0.03451383113861084
,,,3189,,0.12477836012840271
,,,3190,,0.10402603447437286
,,,3191,,0.09414030611515045
,,,3192,,0.09384684264659882
,,,3193,,0.1292262077331543
,,,3194,,0.0844469964504242
,,,3195,,0.08855143934488297
,,,3196,,0.11574822664260864
,,,3197,,0.08997687697410583
,,,3198,,0.11044998466968536
,,,3199,,0.09184147417545319
,,,3200,,0.09646406769752502
,,,3201,,0.10452958941459656
,,,3202,,0.10295502096414566
,,,3203,,0.10209265351295471
,,,3204,,0.09954586625099182
,,,3205,,0.04665055125951767
13,,,1133,0.024185577407479286,
13,0.024756548926234245,,1133,,
14,,0.015519997105002403,1139,,
14,,0.01379766408354044,1149,,
14,,0.034098949283361435,1159,,
14,,0.03645419329404831,1169,,
14,,0.017213478684425354,1179,,
14,,0.015998290851712227,1189,,
14,,0.01951347477734089,1199,,
14,,0.04240323230624199,1209,,
,,,3206,,0.0007484460948035121
,,,3207,,0.000703577185049653
,,,3208,,0.00112638040445745
,,,3209,,0.0007769989315420389
,,,3210,,0.002002598252147436
,,,3211,,0.0006932019023224711
,,,3212,,0.0010829913662746549
,,,3213,,0.0006102836923673749
,,,3214,,0.0012905640760436654
,,,3215,,0.0006448968779295683
,,,3216,,0.0012992415577173233
,,,3217,,0.0013890024274587631
,,,3218,,0.0007170808967202902
,,,3219,,0.0009305033599957824
,,,3220,,0.0010742410086095333
,,,3221,,0.0007606196450069547
,,,3222,,0.0012723170220851898
,,,3223,,0.0016337260603904724
,,,3224,,0.0014619047287851572
,,,3225,,0.001691188896074891
,,,3226,,0.0006116180447861552
,,,3227,,0.000694040849339217
,,,3228,,0.0005716852028854191
,,,3229,,0.001375298947095871
,,,3230,,0.0012167921522632241
,,,3231,,0.0012649449054151773
,,,3232,,0.0009956585709005594
,,,3233,,0.009205440059304237
,,,3234,,0.023261133581399918
,,,3235,,0.021015524864196777
,,,3236,,0.019672369584441185
,,,3237,,0.02125549502670765
,,,3238,,0.019963016733527184
,,,3239,,0.09128895401954651
,,,3240,,0.032015733420848846
,,,3241,,0.018145229667425156
,,,3242,,0.01945730485022068
,,,3243,,0.014145094901323318
,,,3244,,0.00957975909113884
,,,3245,,0.017824813723564148
,,,3246,,0.011797508224844933
,,,3247,,0.010736921802163124
,,,3248,,0.024173136800527573
,,,3249,,0.020978715270757675
,,,3250,,0.010671315714716911
,,,3251,,0.02887882851064205
,,,3252,,0.015266924165189266
,,,3253,,0.006475089117884636
,,,3254,,0.01750398613512516
,,,3255,,0.008598513901233673
,,,3256,,0.00934523344039917
,,,3257,,0.01268517691642046
,,,3258,,0.004747139755636454
,,,3259,,0.011708308011293411
,,,3260,,0.015357542783021927
,,,3261,,0.027673941105604172
,,,3262,,0.027407251298427582
,,,3263,,0.015074671246111393
,,,3264,,0.021032795310020447
,,,3265,,0.014693811535835266
,,,3266,,0.018461383879184723
,,,3267,,0.01548504177480936
,,,3268,,0.01427131425589323
,,,3269,,0.018614161759614944
,,,3270,,0.01674165204167366
,,,3271,,0.009475620463490486
,,,3272,,0.013132347725331783
,,,3273,,0.028168991208076477
,,,3274,,0.016847215592861176
,,,3275,,0.010451238602399826
,,,3276,,0.011860804632306099
,,,3277,,0.001139123341999948
,,,3278,,0.002152341417968273
,,,3279,,0.0010348166106268764
,,,3280,,0.0013216984225437045
,,,3281,,0.0011973159853368998
,,,3282,,0.0013406758662313223
,,,3283,,0.0008089881157502532
,,,3284,,0.0008880847599357367
,,,3285,,0.0008288134704343975
,,,3286,,0.001369777601212263
,,,3287,,0.0011351937428116798
,,,3288,,0.0015155331930145621
,,,3289,,0.0013961580116301775
,,,3290,,0.02384059503674507
,,,3291,,0.029122576117515564
,,,3292,,0.029358290135860443
,,,3293,,0.09158961474895477
,,,3294,,0.06673841178417206
,,,3295,,0.04722258448600769
,,,3296,,0.07738238573074341
,,,3297,,0.07133014500141144
,,,3298,,0.026562314480543137
,,,3299,,0.027043500915169716
,,,3300,,0.02824830636382103
,,,3301,,0.020059734582901
,,,3302,,0.0234418623149395
,,,3303,,0.026975154876708984
,,,3304,,0.022644799202680588
,,,3305,,0.02325383946299553
,,,3306,,0.024994727224111557
,,,3307,,0.023545116186141968
,,,3308,,0.02150699868798256
,,,3309,,0.01866801269352436
,,,3310,,0.026982717216014862
,,,3311,,0.024610280990600586
,,,3312,,0.027393752709031105
,,,3313,,0.02414039894938469
,,,3314,,0.022609878331422806
,,,3315,,0.030001835897564888
,,,3316,,0.026000751182436943
,,,3317,,0.019805440679192543
,,,3318,,0.0263836532831192
,,,3319,,0.026006560772657394
,,,3320,,0.02220577374100685
,,,3321,,0.02256232500076294
,,,3322,,0.017676200717687607
,,,3323,,0.021112531423568726
,,,3324,,0.01935059390962124
,,,3325,,0.02207684889435768
,,,3326,,0.01712338998913765
,,,3327,,0.019635792821645737
,,,3328,,0.02051513083279133
,,,3329,,0.020031863823533058
,,,3330,,0.019027138128876686
,,,3331,,0.020119262859225273
,,,3332,,0.016562188044190407
,,,3333,,0.017271894961595535
,,,3334,,0.01719805598258972
,,,3335,,0.022474272176623344
,,,3336,,0.01935809850692749
,,,3337,,0.02264753356575966
,,,3338,,0.019743651151657104
,,,3339,,0.023311391472816467
,,,3340,,0.021522115916013718
,,,3341,,0.01989126205444336
,,,3342,,0.018724609166383743
,,,3343,,0.02144787274301052
,,,3344,,0.015099264681339264
,,,3345,,0.016708437353372574
,,,3346,,0.014165556989610195
,,,3347,,0.013686701655387878
,,,3348,,0.014932572841644287
,,,3349,,0.015565099194645882
,,,3350,,0.01512973289936781
,,,3351,,0.01639995165169239
,,,3352,,0.01401908602565527
,,,3353,,0.015516725368797779
,,,3354,,0.013848934322595596
,,,3355,,0.012003865092992783
,,,3356,,0.01378844864666462
,,,3357,,0.014881506562232971
,,,3358,,0.01588778756558895
,,,3359,,0.015146646648645401
,,,3360,,0.016552502289414406
,,,3361,,0.015881668776273727
,,,3362,,0.015755251049995422
,,,3363,,0.013784551061689854
,,,3364,,0.01464620977640152
,,,3365,,0.016371186822652817
,,,3366,,0.014597045257687569
,,,3367,,0.016488932073116302
,,,3368,,0.018662601709365845
,,,3369,,0.016801390796899796
,,,3370,,0.017250563949346542
,,,3371,,0.015563844703137875
,,,3372,,0.013903053477406502
,,,3373,,0.014723136089742184
,,,3374,,0.020084671676158905
,,,3375,,0.016890767961740494
,,,3376,,0.014853796921670437
,,,3377,,0.019172046333551407
,,,3378,,0.0163147933781147
,,,3379,,0.02012220025062561
,,,3380,,0.01598994806408882
,,,3381,,0.01516471803188324
,,,3382,,0.01746678352355957
,,,3383,,0.017538078129291534
,,,3384,,0.015045659616589546
,,,3385,,0.018866349011659622
,,,3386,,0.01620413362979889
,,,3387,,0.01607920043170452
,,,3388,,0.006432240828871727
,,,3389,,0.005023032892495394
,,,3390,,0.004219329450279474
,,,3391,,0.004482252057641745
,,,3392,,0.0036066058091819286
,,,3393,,0.0037024712655693293
,,,3394,,0.00485625397413969
,,,3395,,0.004069628193974495
,,,3396,,0.005277433432638645
,,,3397,,0.004593334160745144
,,,3398,,0.00429091602563858
,,,3399,,0.003973775077611208
,,,3400,,0.004316017962992191
,,,3401,,0.019427476450800896
,,,3402,,0.03026505932211876
,,,3403,,0.02161145582795143
,,,3404,,0.021178878843784332
,,,3405,,0.008413076400756836
,,,3406,,0.07071133702993393
,,,3407,,0.016032885760068893
,,,3408,,0.05013006925582886
,,,3409,,0.02383216843008995
,,,3410,,0.026230912655591965
,,,3411,,0.03684201091527939
,,,3412,,0.04077376425266266
,,,3413,,0.0401591956615448
,,,3414,,0.04472550004720688
,,,3415,,0.03722076117992401
,,,3416,,0.055587783455848694
,,,3417,,0.032089926302433014
,,,3418,,0.12142825871706009
,,,3419,,0.09986478090286255
,,,3420,,0.09028124809265137
,,,3421,,0.09035205096006393
,,,3422,,0.1255170851945877
,,,3423,,0.08122612535953522
,,,3424,,0.08555100113153458
,,,3425,,0.11084434390068054
,,,3426,,0.0862666442990303
,,,3427,,0.1059376448392868
,,,3428,,0.08811117708683014
,,,3429,,0.0922967791557312
,,,3430,,0.10077431797981262
,,,3431,,0.09935203939676285
,,,3432,,0.09785290062427521
,,,3433,,0.09633415192365646
,,,3434,,0.04481282830238342
14,,,1214,0.022874262183904648,
14,0.0229489766061306,,1214,,
15,,0.02278904616832733,1219,,
15,,0.02275918424129486,1229,,
15,,0.020144585520029068,1239,,
15,,0.031915999948978424,1249,,
15,,0.027195600792765617,1259,,
15,,0.03290160000324249,1269,,
15,,0.02242148667573929,1279,,
15,,0.02368808165192604,1289,,
,,,3435,,0.000725586200132966
,,,3436,,0.0006877814303152263
,,,3437,,0.0011604379396885633
,,,3438,,0.0007486770628020167
,,,3439,,0.001789258560165763
,,,3440,,0.0007030403357930481
,,,3441,,0.0011162785813212395
,,,3442,,0.0005947715835645795
,,,3443,,0.0011215435806661844
,,,3444,,0.0006364132859744132
,,,3445,,0.0012738045770674944
,,,3446,,0.0014371180441230536
,,,3447,,0.0006807480240240693
,,,3448,,0.0008347701514139771
,,,3449,,0.0011083942372351885
,,,3450,,0.0007236647652462125
,,,3451,,0.0013528672279790044
,,,3452,,0.0015133931301534176
,,,3453,,0.0013085238169878721
,,,3454,,0.0017232325626537204
,,,3455,,0.0006159378099255264
,,,3456,,0.0006690361769869924
,,,3457,,0.0005743924411945045
,,,3458,,0.0014006781857460737
,,,3459,,0.001215459080412984
,,,3460,,0.0012296177446842194
,,,3461,,0.001051023369655013
,,,3462,,0.009096791036427021
,,,3463,,0.022986561059951782
,,,3464,,0.020689520984888077
,,,3465,,0.019369877874851227
,,,3466,,0.02098611369729042
,,,3467,,0.019856467843055725
,,,3468,,0.09059120714664459
,,,3469,,0.0316723957657814
,,,3470,,0.01787257194519043
,,,3471,,0.01911773905158043
,,,3472,,0.013939019292593002
,,,3473,,0.009501307271420956
,,,3474,,0.017530351877212524
,,,3475,,0.011672129854559898
,,,3476,,0.010680202394723892
,,,3477,,0.02370106428861618
,,,3478,,0.02048337087035179
,,,3479,,0.01067777257412672
,,,3480,,0.028357047587633133
,,,3481,,0.015039529651403427
,,,3482,,0.006282225251197815
,,,3483,,0.017191726714372635
,,,3484,,0.008573377504944801
,,,3485,,0.009310518391430378
,,,3486,,0.012659703381359577
,,,3487,,0.004652141127735376
,,,3488,,0.011649087071418762
,,,3489,,0.014822982251644135
,,,3490,,0.026846298947930336
,,,3491,,0.02645685337483883
,,,3492,,0.01415335200726986
,,,3493,,0.020406965166330338
,,,3494,,0.014192590489983559
,,,3495,,0.01781497895717621
,,,3496,,0.014528952538967133
,,,3497,,0.013496034778654575
,,,3498,,0.017946843057870865
,,,3499,,0.015767447650432587
,,,3500,,0.008750960230827332
,,,3501,,0.01278021652251482
,,,3502,,0.02723032236099243
,,,3503,,0.015806222334504128
,,,3504,,0.009422944858670235
,,,3505,,0.011188535951077938
,,,3506,,0.0011078552342951298
,,,3507,,0.002057891571894288
,,,3508,,0.000987944775260985
,,,3509,,0.0011682410258799791
,,,3510,,0.0011638747528195381
,,,3511,,0.0013381449971348047
,,,3512,,0.0007935826433822513
,,,3513,,0.0008408395806327462
,,,3514,,0.0008323650690726936
,,,3515,,0.0013776689302176237
,,,3516,,0.0009879849385470152
,,,3517,,0.0015931057278066874
,,,3518,,0.0013835448771715164
,,,3519,,0.023325100541114807
,,,3520,,0.02809789404273033
,,,3521,,0.028539178892970085
,,,3522,,0.08651068061590195
,,,3523,,0.06298157572746277
,,,3524,,0.04437142610549927
,,,3525,,0.0742143765091896
,,,3526,,0.06741639971733093
,,,3527,,0.025540824979543686
,,,3528,,0.02642865851521492
,,,3529,,0.027454903349280357
,,,3530,,0.019641580060124397
,,,3531,,0.02285783737897873
,,,3532,,0.02642069384455681
,,,3533,,0.022058412432670593
,,,3534,,0.0228348970413208
,,,3535,,0.02423306182026863
,,,3536,,0.02285752072930336
,,,3537,,0.02098202332854271
,,,3538,,0.018236102536320686
,,,3539,,0.02623504400253296
,,,3540,,0.023978013545274734
,,,3541,,0.026813413947820663
,,,3542,,0.023576661944389343
,,,3543,,0.021983308717608452
,,,3544,,0.029281534254550934
,,,3545,,0.025406304746866226
,,,3546,,0.019416529685258865
,,,3547,,0.025683678686618805
,,,3548,,0.02533118426799774
,,,3549,,0.021655816584825516
,,,3550,,0.021945498883724213
,,,3551,,0.017371810972690582
,,,3552,,0.0207798071205616
,,,3553,,0.018925070762634277
,,,3554,,0.021489091217517853
,,,3555,,0.016757013276219368
,,,3556,,0.01907997578382492
,,,3557,,0.020105784758925438
,,,3558,,0.019841432571411133
,,,3559,,0.018508195877075195
,,,3560,,0.019483398646116257
,,,3561,,0.016325436532497406
,,,3562,,0.016916587948799133
,,,3563,,0.01679130829870701
,,,3564,,0.021930281072854996
,,,3565,,0.018999755382537842
,,,3566,,0.0221625417470932
,,,3567,,0.019260650500655174
,,,3568,,0.022699233144521713
,,,3569,,0.0211259163916111
,,,3570,,0.019428400322794914
,,,3571,,0.018374325707554817
,,,3572,,0.021143939346075058
,,,3573,,0.014827441424131393
,,,3574,,0.016352200880646706
,,,3575,,0.013861790299415588
,,,3576,,0.01336552482098341
,,,3577,,0.014657150022685528
,,,3578,,0.015349515713751316
,,,3579,,0.014881308190524578
,,,3580,,0.016024447977542877
,,,3581,,0.01363885123282671
,,,3582,,0.015277761965990067
,,,3583,,0.013476498425006866
,,,3584,,0.01174592413008213
,,,3585,,0.013470213860273361
,,,3586,,0.014499038457870483
,,,3587,,0.015547571703791618
,,,3588,,0.014894139021635056
,,,3589,,0.016236532479524612
,,,3590,,0.015525931492447853
,,,3591,,0.015392055734992027
,,,3592,,0.013526340946555138
,,,3593,,0.014367181807756424
,,,3594,,0.016068052500486374
,,,3595,,0.014278128743171692
,,,3596,,0.016060251742601395
,,,3597,,0.018345488235354424
,,,3598,,0.016477689146995544
,,,3599,,0.016836605966091156
,,,3600,,0.015290412120521069
,,,3601,,0.013701277785003185
,,,3602,,0.014448205009102821
,,,3603,,0.019779907539486885
,,,3604,,0.016575749963521957
,,,3605,,0.014538319781422615
,,,3606,,0.01872630976140499
,,,3607,,0.01599210314452648
,,,3608,,0.019712120294570923
,,,3609,,0.015682032331824303
,,,3610,,0.01487672794610262
,,,3611,,0.01711941324174404
,,,3612,,0.017175663262605667
,,,3613,,0.014750618487596512
,,,3614,,0.018467947840690613
,,,3615,,0.015867600217461586
,,,3616,,0.015772374346852303
,,,3617,,0.006374446675181389
,,,3618,,0.005090855062007904
,,,3619,,0.0042963698506355286
,,,3620,,0.0044936565682291985
,,,3621,,0.003642809111624956
,,,3622,,0.003815223928540945
,,,3623,,0.004975649993866682
,,,3624,,0.004099150188267231
,,,3625,,0.005205103661864996
,,,3626,,0.004612713120877743
,,,3627,,0.004365415778011084
,,,3628,,0.00406199274584651
,,,3629,,0.004387565888464451
,,,3630,,0.01956304907798767
,,,3631,,0.027812577784061432
,,,3632,,0.020554110407829285
,,,3633,,0.01825530081987381
,,,3634,,0.007446151226758957
,,,3635,,0.06681318581104279
,,,3636,,0.014560948126018047
,,,3637,,0.046965498477220535
,,,3638,,0.023431120440363884
,,,3639,,0.024878449738025665
,,,3640,,0.03422722592949867
,,,3641,,0.038363344967365265
,,,3642,,0.037320129573345184
,,,3643,,0.04079674184322357
,,,3644,,0.034008271992206573
,,,3645,,0.05048402398824692
,,,3646,,0.03119189664721489
,,,3647,,0.11884097009897232
,,,3648,,0.09766034036874771
,,,3649,,0.08832459151744843
,,,3650,,0.08872054517269135
,,,3651,,0.12304283678531647
,,,3652,,0.07966791093349457
,,,3653,,0.08376763761043549
,,,3654,,0.10925224423408508
,,,3655,,0.08409523963928223
,,,3656,,0.10359063744544983
,,,3657,,0.08626362681388855
,,,3658,,0.09096109122037888
,,,3659,,0.09877056628465652
,,,3660,,0.09733736515045166
,,,3661,,0.09624087810516357
,,,3662,,0.09448102116584778
,,,3663,,0.04362884536385536
15,,,1295,0.022221224382519722,
15,0.0219704732298851,,1295,,
16,,0.02817390114068985,1299,,
16,,0.011829797178506851,1309,,
16,,0.013854244723916054,1319,,
16,,0.03093547374010086,1329,,
16,,0.019036315381526947,1339,,
16,,0.02205592207610607,1349,,
16,,0.017941921949386597,1359,,
16,,0.027837105095386505,1369,,
,,,3664,,0.001710226759314537
,,,3665,,0.0016081356443464756
,,,3666,,0.0020781070925295353
,,,3667,,0.0016483176732435822
,,,3668,,0.0026554830837994814
,,,3669,,0.0015908206114545465
,,,3670,,0.001980505883693695
,,,3671,,0.0014385757967829704
,,,3672,,0.001904081553220749
,,,3673,,0.0015090879751369357
,,,3674,,0.002196233719587326
,,,3675,,0.002230981830507517
,,,3676,,0.0016599732916802168
,,,3677,,0.0018036779947578907
,,,3678,,0.002048084046691656
,,,3679,,0.001746371854096651
,,,3680,,0.0024685717653483152
,,,3681,,0.0024849369656294584
,,,3682,,0.0023746672086417675
,,,3683,,0.002636268502101302
,,,3684,,0.0016910787671804428
,,,3685,,0.001737269340083003
,,,3686,,0.0015638244803994894
,,,3687,,0.002356714801862836
,,,3688,,0.0023018759675323963
,,,3689,,0.0020963989663869143
,,,3690,,0.002016411628574133
,,,3691,,0.009655456058681011
,,,3692,,0.023112617433071136
,,,3693,,0.02081250213086605
,,,3694,,0.019660543650388718
,,,3695,,0.021243799477815628
,,,3696,,0.02012619376182556
,,,3697,,0.090341717004776
,,,3698,,0.031539250165224075
,,,3699,,0.01802801340818405
,,,3700,,0.019302092492580414
,,,3701,,0.014356490224599838
,,,3702,,0.009956147521734238
,,,3703,,0.017812026664614677
,,,3704,,0.012081921100616455
,,,3705,,0.010674961842596531
,,,3706,,0.02322949841618538
,,,3707,,0.02019854262471199
,,,3708,,0.010726157575845718
,,,3709,,0.02767185866832733
,,,3710,,0.014837410300970078
,,,3711,,0.006452417932450771
,,,3712,,0.016890056431293488
,,,3713,,0.008822356350719929
,,,3714,,0.009540639817714691
,,,3715,,0.0127664590254426
,,,3716,,0.004981932230293751
,,,3717,,0.011803936213254929
,,,3718,,0.015096563845872879
,,,3719,,0.025842778384685516
,,,3720,,0.02544436790049076
,,,3721,,0.014314483851194382
,,,3722,,0.019935157150030136
,,,3723,,0.014032376930117607
,,,3724,,0.01763974502682686
,,,3725,,0.014263578690588474
,,,3726,,0.013095598667860031
,,,3727,,0.01782495155930519
,,,3728,,0.015843234956264496
,,,3729,,0.00901923980563879
,,,3730,,0.013041127473115921
,,,3731,,0.02630721963942051
,,,3732,,0.015557273291051388
,,,3733,,0.009866312146186829
,,,3734,,0.011729640886187553
,,,3735,,0.001895963097922504
,,,3736,,0.002714629750698805
,,,3737,,0.0011036675423383713
,,,3738,,0.0017199399881064892
,,,3739,,0.0018479684367775917
,,,3740,,0.002064107684418559
,,,3741,,0.001627834513783455
,,,3742,,0.0012752359034493566
,,,3743,,0.0016959498170763254
,,,3744,,0.0020889926236122847
,,,3745,,0.0014542650897055864
,,,3746,,0.0032225106842815876
,,,3747,,0.0020996846724301577
,,,3748,,0.022966600954532623
,,,3749,,0.028133084997534752
,,,3750,,0.027738530188798904
,,,3751,,0.08136793971061707
,,,3752,,0.05967196822166443
,,,3753,,0.04324638843536377
,,,3754,,0.07166924327611923
,,,3755,,0.0658082664012909
,,,3756,,0.024932004511356354
,,,3757,,0.02563421055674553
,,,3758,,0.02661609649658203
,,,3759,,0.019098743796348572
,,,3760,,0.02219432406127453
,,,3761,,0.025686243548989296
,,,3762,,0.021436240524053574
,,,3763,,0.022159487009048462
,,,3764,,0.023499350994825363
,,,3765,,0.02227514237165451
,,,3766,,0.020323054865002632
,,,3767,,0.017832735553383827
,,,3768,,0.025588344782590866
,,,3769,,0.023413587361574173
,,,3770,,0.02602507174015045
,,,3771,,0.0229580570012331
,,,3772,,0.021530020982027054
,,,3773,,0.028670841827988625
,,,3774,,0.0245940163731575
,,,3775,,0.018816079944372177
,,,3776,,0.025134284049272537
,,,3777,,0.02482021600008011
,,,3778,,0.021418005228042603
,,,3779,,0.021805498749017715
,,,3780,,0.017206069082021713
,,,3781,,0.02040683850646019
,,,3782,,0.018520183861255646
,,,3783,,0.021274175494909286
,,,3784,,0.0165963564068079
,,,3785,,0.018821800127625465
,,,3786,,0.019655579701066017
,,,3787,,0.019368384033441544
,,,3788,,0.01810244843363762
,,,3789,,0.019235098734498024
,,,3790,,0.016127856448292732
,,,3791,,0.016632050275802612
,,,3792,,0.01650996319949627
,,,3793,,0.021700220182538033
,,,3794,,0.01871197298169136
,,,3795,,0.02170063741505146
,,,3796,,0.01888560876250267
,,,3797,,0.022358816117048264
,,,3798,,0.020721931010484695
,,,3799,,0.018986042588949203
,,,3800,,0.017987119033932686
,,,3801,,0.02060663141310215
,,,3802,,0.014584743417799473
,,,3803,,0.01620461791753769
,,,3804,,0.013739615678787231
,,,3805,,0.013235921040177345
,,,3806,,0.014386284165084362
,,,3807,,0.015084234066307545
,,,3808,,0.014655392616987228
,,,3809,,0.0158727765083313
,,,3810,,0.013623181730508804
,,,3811,,0.014927106909453869
,,,3812,,0.013377400115132332
,,,3813,,0.011640671640634537
,,,3814,,0.013301589526236057
,,,3815,,0.014375098049640656
,,,3816,,0.015438644215464592
,,,3817,,0.014596258290112019
,,,3818,,0.016095273196697235
,,,3819,,0.015274294652044773
,,,3820,,0.015152029693126678
,,,3821,,0.01328754611313343
,,,3822,,0.014063909649848938
,,,3823,,0.01581394113600254
,,,3824,,0.014347003772854805
,,,3825,,0.015980461612343788
,,,3826,,0.018130652606487274
,,,3827,,0.016442613676190376
,,,3828,,0.01676304265856743
,,,3829,,0.015276674181222916
,,,3830,,0.013744428753852844
,,,3831,,0.014508865773677826
,,,3832,,0.01948118954896927
,,,3833,,0.016447309404611588
,,,3834,,0.014520665630698204
,,,3835,,0.018662620335817337
,,,3836,,0.015910128131508827
,,,3837,,0.01956997811794281
,,,3838,,0.01567649468779564
,,,3839,,0.014892500825226307
,,,3840,,0.01706213504076004
,,,3841,,0.017049258574843407
,,,3842,,0.014779699966311455
,,,3843,,0.01826779730618
,,,3844,,0.0158623568713665
,,,3845,,0.01569438725709915
,,,3846,,0.0064120544120669365
,,,3847,,0.004957595840096474
,,,3848,,0.004142679739743471
,,,3849,,0.0044329361990094185
,,,3850,,0.003776045050472021
,,,3851,,0.003900974290445447
,,,3852,,0.004655699711292982
,,,3853,,0.004164627753198147
,,,3854,,0.005279929377138615
,,,3855,,0.004595180973410606
,,,3856,,0.004336286801844835
,,,3857,,0.004337141755968332
,,,3858,,0.004177308175712824
,,,3859,,0.01814955845475197
,,,3860,,0.028326639905571938
,,,3861,,0.021033182740211487
,,,3862,,0.019898992031812668
,,,3863,,0.008618641644716263
,,,3864,,0.0644749104976654
,,,3865,,0.01572299376130104
,,,3866,,0.045901697129011154
,,,3867,,0.022571587935090065
,,,3868,,0.02505357190966606
,,,3869,,0.03391629830002785
,,,3870,,0.037543945014476776
,,,3871,,0.0371314212679863
,,,3872,,0.04131409525871277
,,,3873,,0.03492676094174385
,,,3874,,0.05015528202056885
,,,3875,,0.030938968062400818
,,,3876,,0.1173468753695488
,,,3877,,0.09596407413482666
,,,3878,,0.08694334328174591
,,,3879,,0.0872948095202446
,,,3880,,0.12093552947044373
,,,3881,,0.07832731306552887
,,,3882,,0.0822916105389595
,,,3883,,0.10661079734563828
,,,3884,,0.08298119902610779
,,,3885,,0.1024162620306015
,,,3886,,0.08448618650436401
,,,3887,,0.08895016461610794
,,,3888,,0.09758368134498596
,,,3889,,0.09639851748943329
,,,3890,,0.09429924190044403
,,,3891,,0.09146641194820404
,,,3892,,0.042082302272319794
16,,,1376,0.02206338569521904,
16,0.021845342591404915,,1376,,
17,,0.01909775286912918,1379,,
17,,0.030026299878954887,1389,,
17,,0.017247572541236877,1399,,
17,,0.028239889070391655,1409,,
17,,0.012971004471182823,1419,,
17,,0.03004048392176628,1429,,
17,,0.022993940860033035,1439,,
17,,0.032706283032894135,1449,,
,,,3893,,0.0010100103681907058
,,,3894,,0.0009713710169307888
,,,3895,,0.0013263941509649158
,,,3896,,0.001010294770821929
,,,3897,,0.001974264159798622
,,,3898,,0.0009854126255959272
,,,3899,,0.0012775678187608719
,,,3900,,0.0008385375840589404
,,,3901,,0.0013690449995920062
,,,3902,,0.0009498699801042676
,,,3903,,0.0015123086050152779
,,,3904,,0.0015408532926812768
,,,3905,,0.0009613059228286147
,,,3906,,0.0011502683628350496
,,,3907,,0.0013232463970780373
,,,3908,,0.00099983683321625
,,,3909,,0.0015802052803337574
,,,3910,,0.0016758108977228403
,,,3911,,0.0015745466807857156
,,,3912,,0.001909721875563264
,,,3913,,0.0009143623756244779
,,,3914,,0.000925891101360321
,,,3915,,0.0008445812854915857
,,,3916,,0.0016396656865254045
,,,3917,,0.001506964908912778
,,,3918,,0.0013357328716665506
,,,3919,,0.001268357620574534
,,,3920,,0.009090755134820938
,,,3921,,0.02251625247299671
,,,3922,,0.020225729793310165
,,,3923,,0.019006770104169846
,,,3924,,0.020594164729118347
,,,3925,,0.019472172483801842
,,,3926,,0.08948545902967453
,,,3927,,0.03091854602098465
,,,3928,,0.01744767650961876
,,,3929,,0.018831200897693634
,,,3930,,0.013761388137936592
,,,3931,,0.009351423010230064
,,,3932,,0.017339760437607765
,,,3933,,0.011633111163973808
,,,3934,,0.010366945527493954
,,,3935,,0.022613242268562317
,,,3936,,0.01953037641942501
,,,3937,,0.010233597829937935
,,,3938,,0.026896577328443527
,,,3939,,0.014309920370578766
,,,3940,,0.006055772304534912
,,,3941,,0.01620381698012352
,,,3942,,0.00833309069275856
,,,3943,,0.009208831936120987
,,,3944,,0.012349247932434082
,,,3945,,0.00467344094067812
,,,3946,,0.011232243850827217
,,,3947,,0.013814764097332954
,,,3948,,0.024868331849575043
,,,3949,,0.024695985019207
,,,3950,,0.013466937467455864
,,,3951,,0.018882881850004196
,,,3952,,0.013637415133416653
,,,3953,,0.016661597415804863
,,,3954,,0.013747500255703926
,,,3955,,0.012878196313977242
,,,3956,,0.016861438751220703
,,,3957,,0.01487828977406025
,,,3958,,0.008427000604569912
,,,3959,,0.01200568675994873
,,,3960,,0.025136111304163933
,,,3961,,0.014979315921664238
,,,3962,,0.009379653260111809
,,,3963,,0.010602964088320732
,,,3964,,0.0013361682649701834
,,,3965,,0.002191613195464015
,,,3966,,0.0010171361500397325
,,,3967,,0.0013683123979717493
,,,3968,,0.0013990628067404032
,,,3969,,0.0015417918330058455
,,,3970,,0.0010646601440384984
,,,3971,,0.000939250981900841
,,,3972,,0.001034269342198968
,,,3973,,0.0015098671428859234
,,,3974,,0.0011875738855451345
,,,3975,,0.0021908895578235388
,,,3976,,0.0016076418105512857
,,,3977,,0.02192261815071106
,,,3978,,0.026373323053121567
,,,3979,,0.026346923783421516
,,,3980,,0.07841417193412781
,,,3981,,0.057058900594711304
,,,3982,,0.04097525030374527
,,,3983,,0.06901916861534119
,,,3984,,0.06363889575004578
,,,3985,,0.02380945160984993
,,,3986,,0.024721212685108185
,,,3987,,0.02559286169707775
,,,3988,,0.018405526876449585
,,,3989,,0.021326879039406776
,,,3990,,0.024706106632947922
,,,3991,,0.02054707519710064
,,,3992,,0.02126428857445717
,,,3993,,0.022700607776641846
,,,3994,,0.02139158919453621
,,,3995,,0.019489385187625885
,,,3996,,0.017053214833140373
,,,3997,,0.024527031928300858
,,,3998,,0.022494617849588394
,,,3999,,0.025049064308404922
,,,4000,,0.02207503840327263
,,,4001,,0.020619086921215057
,,,4002,,0.027649754658341408
,,,4003,,0.0237557552754879
,,,4004,,0.018054455518722534
,,,4005,,0.02412903495132923
,,,4006,,0.02388061210513115
,,,4007,,0.021004652604460716
,,,4008,,0.021229304373264313
,,,4009,,0.01668069139122963
,,,4010,,0.019449319690465927
,,,4011,,0.017946241423487663
,,,4012,,0.020494289696216583
,,,4013,,0.01588301546871662
,,,4014,,0.018061114475131035
,,,4015,,0.0191199891269207
,,,4016,,0.01876365765929222
,,,4017,,0.01759801059961319
,,,4018,,0.018589051440358162
,,,4019,,0.015308655798435211
,,,4020,,0.01604759693145752
,,,4021,,0.015995102003216743
,,,4022,,0.020847691223025322
,,,4023,,0.01797310821712017
,,,4024,,0.0209079347550869
,,,4025,,0.01832345314323902
,,,4026,,0.021557651460170746
,,,4027,,0.01989908516407013
,,,4028,,0.01840173825621605
,,,4029,,0.017336798831820488
,,,4030,,0.02002602443099022
,,,4031,,0.013886733911931515
,,,4032,,0.015369263477623463
,,,4033,,0.013319892808794975
,,,4034,,0.01292456779628992
,,,4035,,0.013765733689069748
,,,4036,,0.014469340443611145
,,,4037,,0.013784784823656082
,,,4038,,0.015020953491330147
,,,4039,,0.013055069372057915
,,,4040,,0.014271927997469902
,,,4041,,0.01279345154762268
,,,4042,,0.011296916753053665
,,,4043,,0.012738378718495369
,,,4044,,0.013940074481070042
,,,4045,,0.014564799144864082
,,,4046,,0.014096993952989578
,,,4047,,0.015042850747704506
,,,4048,,0.014488661661744118
,,,4049,,0.014577490277588367
,,,4050,,0.01272655837237835
,,,4051,,0.013506886549293995
,,,4052,,0.01509154960513115
,,,4053,,0.01342383585870266
,,,4054,,0.015094302594661713
,,,4055,,0.017248589545488358
,,,4056,,0.015475289896130562
,,,4057,,0.015871291980147362
,,,4058,,0.01439806167036295
,,,4059,,0.01290206704288721
,,,4060,,0.013568722642958164
,,,4061,,0.01858314871788025
,,,4062,,0.015636246651411057
,,,4063,,0.013598877936601639
,,,4064,,0.01779324933886528
,,,4065,,0.015047227963805199
,,,4066,,0.018529146909713745
,,,4067,,0.014772024936974049
,,,4068,,0.013980764895677567
,,,4069,,0.01603292115032673
,,,4070,,0.016134697943925858
,,,4071,,0.013920925557613373
,,,4072,,0.01730741187930107
,,,4073,,0.015042069368064404
,,,4074,,0.014962758868932724
,,,4075,,0.006086352281272411
,,,4076,,0.0049447668716311455
,,,4077,,0.004042468033730984
,,,4078,,0.004259862937033176
,,,4079,,0.003727681003510952
,,,4080,,0.0038112839683890343
,,,4081,,0.0046559665352106094
,,,4082,,0.003998868633061647
,,,4083,,0.004971847869455814
,,,4084,,0.004492882639169693
,,,4085,,0.004219548776745796
,,,4086,,0.004292202647775412
,,,4087,,0.004213475622236729
,,,4088,,0.01789843663573265
,,,4089,,0.026359492912888527
,,,4090,,0.01933174952864647
,,,4091,,0.018760673701763153
,,,4092,,0.007063661701977253
,,,4093,,0.06231152266263962
,,,4094,,0.014058113098144531
,,,4095,,0.04408591613173485
,,,4096,,0.022069232538342476
,,,4097,,0.023302221670746803
,,,4098,,0.031389594078063965
,,,4099,,0.033190853893756866
,,,4100,,0.03412483632564545
,,,4101,,0.036173589527606964
,,,4102,,0.03200942277908325
,,,4103,,0.04703185707330704
,,,4104,,0.029565762728452682
,,,4105,,0.11496566981077194
,,,4106,,0.09367168694734573
,,,4107,,0.08477067947387695
,,,4108,,0.08551566302776337
,,,4109,,0.11813554167747498
,,,4110,,0.07682795822620392
,,,4111,,0.08021010458469391
,,,4112,,0.10449633002281189
,,,4113,,0.08101098239421844
,,,4114,,0.09874044358730316
,,,4115,,0.0820201113820076
,,,4116,,0.0871511772274971
,,,4117,,0.09579095244407654
,,,4118,,0.09396090358495712
,,,4119,,0.09263049066066742
,,,4120,,0.08999668806791306
,,,4121,,0.041684702038764954
17,,,1457,0.021126193925738335,
17,0.021412139758467674,,1457,,
18,,0.012433506548404694,1459,,
18,,0.018486998975276947,1469,,
18,,0.031554993242025375,1479,,
18,,0.024137385189533234,1489,,
18,,0.009917638264596462,1499,,
18,,0.022281721234321594,1509,,
18,,0.018207872286438942,1519,,
18,,0.010837124660611153,1529,,
,,,4122,,0.000807069125585258
,,,4123,,0.0007997963111847639
,,,4124,,0.001246850355528295
,,,4125,,0.0008001060923561454
,,,4126,,0.0016057502944022417
,,,4127,,0.0007326282211579382
,,,4128,,0.0011359084164723754
,,,4129,,0.000689044944010675
,,,4130,,0.001098580309189856
,,,4131,,0.0007270564092323184
,,,4132,,0.001327814650721848
,,,4133,,0.001449718838557601
,,,4134,,0.0007740271394141018
,,,4135,,0.0008624210022389889
,,,4136,,0.0010841470211744308
,,,4137,,0.0007947915000841022
,,,4138,,0.0013493612641468644
,,,4139,,0.0013700972776859999
,,,4140,,0.001243366627022624
,,,4141,,0.0017195760738104582
,,,4142,,0.0006700938101857901
,,,4143,,0.0006921400781720877
,,,4144,,0.000641650753095746
,,,4145,,0.001464725355617702
,,,4146,,0.0012648969423025846
,,,4147,,0.0011753120925277472
,,,4148,,0.0010112066520377994
,,,4149,,0.009378870949149132
,,,4150,,0.02272438444197178
,,,4151,,0.0207502581179142
,,,4152,,0.01949917897582054
,,,4153,,0.0210091732442379
,,,4154,,0.019666707143187523
,,,4155,,0.08973539620637894
,,,4156,,0.0310356505215168
,,,4157,,0.017774326726794243
,,,4158,,0.019202664494514465
,,,4159,,0.013996796682476997
,,,4160,,0.009592846035957336
,,,4161,,0.01760874316096306
,,,4162,,0.012116868980228901
,,,4163,,0.010695833712816238
,,,4164,,0.022789929062128067
,,,4165,,0.020148644223809242
,,,4166,,0.010691152885556221
,,,4167,,0.026750897988677025
,,,4168,,0.014631342142820358
,,,4169,,0.006890295073390007
,,,4170,,0.016273241490125656
,,,4171,,0.008821023628115654
,,,4172,,0.009691101498901844
,,,4173,,0.01291033998131752
,,,4174,,0.005452966317534447
,,,4175,,0.011751954443752766
,,,4176,,0.013837693259119987
,,,4177,,0.024067796766757965
,,,4178,,0.023826265707612038
,,,4179,,0.012863129377365112
,,,4180,,0.01851304993033409
,,,4181,,0.013198388740420341
,,,4182,,0.016112424433231354
,,,4183,,0.013248972594738007
,,,4184,,0.01243194006383419
,,,4185,,0.016557708382606506
,,,4186,,0.014587515965104103
,,,4187,,0.008098533377051353
,,,4188,,0.012136673554778099
,,,4189,,0.02445858344435692
,,,4190,,0.014186061918735504
,,,4191,,0.008728568442165852
,,,4192,,0.010315393097698689
,,,4193,,0.0012003427837044
,,,4194,,0.0022088689729571342
,,,4195,,0.001488532405346632
,,,4196,,0.00148460129275918
,,,4197,,0.0012776176445186138
,,,4198,,0.001346420031040907
,,,4199,,0.0010336795821785927
,,,4200,,0.0013664523139595985
,,,4201,,0.0010493816807866096
,,,4202,,0.0014735227450728416
,,,4203,,0.0013754876563325524
,,,4204,,0.0013021095655858517
,,,4205,,0.0014950872864574194
,,,4206,,0.021003521978855133
,,,4207,,0.02574322000145912
,,,4208,,0.025119930505752563
,,,4209,,0.07495363056659698
,,,4210,,0.05447688698768616
,,,4211,,0.03912867233157158
,,,4212,,0.06553305685520172
,,,4213,,0.06043021380901337
,,,4214,,0.02287840098142624
,,,4215,,0.024101149290800095
,,,4216,,0.025182479992508888
,,,4217,,0.017895877361297607
,,,4218,,0.020960211753845215
,,,4219,,0.024150647222995758
,,,4220,,0.020017720758914948
,,,4221,,0.020685728639364243
,,,4222,,0.022226696833968163
,,,4223,,0.020809002220630646
,,,4224,,0.018993517383933067
,,,4225,,0.016749000176787376
,,,4226,,0.023890063166618347
,,,4227,,0.021821310743689537
,,,4228,,0.02445269748568535
,,,4229,,0.02160957083106041
,,,4230,,0.020157601684331894
,,,4231,,0.027099721133708954
,,,4232,,0.022999145090579987
,,,4233,,0.01766970381140709
,,,4234,,0.02366078831255436
,,,4235,,0.023218637332320213
,,,4236,,0.020158253610134125
,,,4237,,0.02047496847808361
,,,4238,,0.016039973124861717
,,,4239,,0.019169552251696587
,,,4240,,0.017482707276940346
,,,4241,,0.019944198429584503
,,,4242,,0.015517065301537514
,,,4243,,0.017527034506201744
,,,4244,,0.018573544919490814
,,,4245,,0.018108222633600235
,,,4246,,0.01707496866583824
,,,4247,,0.018119417130947113
,,,4248,,0.014903021045029163
,,,4249,,0.015532692894339561
,,,4250,,0.015572413802146912
,,,4251,,0.020273981615900993
,,,4252,,0.017498742789030075
,,,4253,,0.020375564694404602
,,,4254,,0.017821935936808586
,,,4255,,0.020959649235010147
,,,4256,,0.019533338025212288
,,,4257,,0.017903756350278854
,,,4258,,0.016906794160604477
,,,4259,,0.019434789195656776
,,,4260,,0.013508747331798077
,,,4261,,0.0148384477943182
,,,4262,,0.012751670554280281
,,,4263,,0.012376871891319752
,,,4264,,0.013394506648182869
,,,4265,,0.014108365401625633
,,,4266,,0.013403380289673805
,,,4267,,0.0144207663834095
,,,4268,,0.012507578358054161
,,,4269,,0.013911277055740356
,,,4270,,0.012105115689337254
,,,4271,,0.010786635801196098
,,,4272,,0.012357097119092941
,,,4273,,0.01324479840695858
,,,4274,,0.01405823603272438
,,,4275,,0.013531921431422234
,,,4276,,0.014643814414739609
,,,4277,,0.014144955202937126
,,,4278,,0.014055008068680763
,,,4279,,0.012328697368502617
,,,4280,,0.01290204655379057
,,,4281,,0.014669233933091164
,,,4282,,0.012992585077881813
,,,4283,,0.014820415526628494
,,,4284,,0.01689007878303528
,,,4285,,0.015109160915017128
,,,4286,,0.015504851937294006
,,,4287,,0.014032568782567978
,,,4288,,0.012544574216008186
,,,4289,,0.01321110688149929
,,,4290,,0.01817084103822708
,,,4291,,0.015228964388370514
,,,4292,,0.013266813941299915
,,,4293,,0.017391037195920944
,,,4294,,0.014661073684692383
,,,4295,,0.018165843561291695
,,,4296,,0.014366257935762405
,,,4297,,0.013663779944181442
,,,4298,,0.015700191259384155
,,,4299,,0.01569821871817112
,,,4300,,0.013532496988773346
,,,4301,,0.016983162611722946
,,,4302,,0.014669585973024368
,,,4303,,0.014609197154641151
,,,4304,,0.006184827536344528
,,,4305,,0.004931423347443342
,,,4306,,0.0041978806257247925
,,,4307,,0.004553948529064655
,,,4308,,0.003792612347751856
,,,4309,,0.003766134614124894
,,,4310,,0.004621323198080063
,,,4311,,0.004030030220746994
,,,4312,,0.005299641750752926
,,,4313,,0.004515061620622873
,,,4314,,0.004316588863730431
,,,4315,,0.004143567755818367
,,,4316,,0.004262521862983704
,,,4317,,0.014693577773869038
,,,4318,,0.02371979132294655
,,,4319,,0.01788986474275589
,,,4320,,0.016273856163024902
,,,4321,,0.006694448180496693
,,,4322,,0.05979694798588753
,,,4323,,0.013613519258797169
,,,4324,,0.043486058712005615
,,,4325,,0.021369395777583122
,,,4326,,0.021444089710712433
,,,4327,,0.03056514449417591
,,,4328,,0.03362288326025009
,,,4329,,0.030429884791374207
,,,4330,,0.035702407360076904
,,,4331,,0.03123033046722412
,,,4332,,0.04274760186672211
,,,4333,,0.02914787083864212
,,,4334,,0.1132485494017601
,,,4335,,0.09067262709140778
,,,4336,,0.08299872279167175
,,,4337,,0.08339869976043701
,,,4338,,0.11715488135814667
,,,4339,,0.07478281855583191
,,,4340,,0.07907398045063019
,,,4341,,0.10274024307727814
,,,4342,,0.07941092550754547
,,,4343,,0.09742549061775208
,,,4344,,0.07963119447231293
,,,4345,,0.08552400022745132
,,,4346,,0.0933351069688797
,,,4347,,0.09238599985837936
,,,4348,,0.09024675190448761
,,,4349,,0.08796831220388412
,,,4350,,0.04080510511994362
18,,,1538,0.02059979923069477,
18,0.01997058093547821,,1538,,
19,,0.014833131805062294,1539,,
19,,0.01825491152703762,1549,,
19,,0.00990578718483448,1559,,
19,,0.008015848696231842,1569,,
19,,0.013891799375414848,1579,,
19,,0.01769879460334778,1589,,
19,,0.024680722504854202,1599,,
19,,0.02045217715203762,1609,,
19,,0.0382445752620697,1619,,
,,,4351,,0.0007171155884861946
,,,4352,,0.0006722552352584898
,,,4353,,0.0010487685212865472
,,,4354,,0.0007183628040365875
,,,4355,,0.0015234005404636264
,,,4356,,0.0006643140222877264
,,,4357,,0.0009828723268583417
,,,4358,,0.00056804483756423
,,,4359,,0.0010207188315689564
,,,4360,,0.000627874571364373
,,,4361,,0.0012082855682820082
,,,4362,,0.0012872815132141113
,,,4363,,0.0006978679448366165
,,,4364,,0.000792400911450386
,,,4365,,0.001017441158182919
,,,4366,,0.000692928209900856
,,,4367,,0.0012762906262651086
,,,4368,,0.001344477292150259
,,,4369,,0.0012206195387989283
,,,4370,,0.001665748655796051
,,,4371,,0.0005972475046291947
,,,4372,,0.0006258921348489821
,,,4373,,0.0005466426955536008
,,,4374,,0.001356614870019257
,,,4375,,0.001186417997814715
,,,4376,,0.0010640971595421433
,,,4377,,0.0009645995451137424
,,,4378,,0.008399579674005508
,,,4379,,0.02157541923224926
,,,4380,,0.019361257553100586
,,,4381,,0.01817801408469677
,,,4382,,0.019724957644939423
,,,4383,,0.018510786816477776
,,,4384,,0.08797898888587952
,,,4385,,0.029660556465387344
,,,4386,,0.016536634415388107
,,,4387,,0.017927315086126328
,,,4388,,0.012992571108043194
,,,4389,,0.008576312102377415
,,,4390,,0.01644328236579895
,,,4391,,0.010838090442121029
,,,4392,,0.009325049817562103
,,,4393,,0.02116386592388153
,,,4394,,0.018349796533584595
,,,4395,,0.009385686367750168
,,,4396,,0.02509315311908722
,,,4397,,0.013185817748308182
,,,4398,,0.005356328561902046
,,,4399,,0.014838920906186104
,,,4400,,0.007560412399470806
,,,4401,,0.008387977257370949
,,,4402,,0.011423410847783089
,,,4403,,0.003963944036513567
,,,4404,,0.010331101715564728
,,,4405,,0.012319372966885567
,,,4406,,0.02280753292143345
,,,4407,,0.022603198885917664
,,,4408,,0.01159551553428173
,,,4409,,0.01695903390645981
,,,4410,,0.011847945861518383
,,,4411,,0.014783036895096302
,,,4412,,0.011907847598195076
,,,4413,,0.011003561317920685
,,,4414,,0.014926305040717125
,,,4415,,0.0131630664691329
,,,4416,,0.007132295053452253
,,,4417,,0.010856600478291512
,,,4418,,0.023091617971658707
,,,4419,,0.01298576220870018
,,,4420,,0.007636466063559055
,,,4421,,0.009651588276028633
,,,4422,,0.0010655504884198308
,,,4423,,0.0018631394486874342
,,,4424,,0.0007525017717853189
,,,4425,,0.0010634807404130697
,,,4426,,0.0010784714249894023
,,,4427,,0.0012534605339169502
,,,4428,,0.000840856577269733
,,,4429,,0.0007295825053006411
,,,4430,,0.0008825086406432092
,,,4431,,0.0012958889128640294
,,,4432,,0.0008855441119521856
,,,4433,,0.0019235683139413595
,,,4434,,0.0013088234700262547
,,,4435,,0.019525714218616486
,,,4436,,0.02414165437221527
,,,4437,,0.024671200662851334
,,,4438,,0.07601813971996307
,,,4439,,0.057857487350702286
,,,4440,,0.0408913791179657
,,,4441,,0.06256692111492157
,,,4442,,0.057799991220235825
,,,4443,,0.02216971106827259
,,,4444,,0.023197805508971214
,,,4445,,0.0239451564848423
,,,4446,,0.017241541296243668
,,,4447,,0.020133182406425476
,,,4448,,0.023207949474453926
,,,4449,,0.01940804161131382
,,,4450,,0.019946135580539703
,,,4451,,0.021470418199896812
,,,4452,,0.02004467323422432
,,,4453,,0.01819799095392227
,,,4454,,0.015996482223272324
,,,4455,,0.0229201503098011
,,,4456,,0.02106758952140808
,,,4457,,0.023509783670306206
,,,4458,,0.020757900550961494
,,,4459,,0.01940319314599037
,,,4460,,0.025987081229686737
,,,4461,,0.022229254245758057
,,,4462,,0.01691484823822975
,,,4463,,0.022542066872119904
,,,4464,,0.022463109344244003
,,,4465,,0.01882116310298443
,,,4466,,0.019017565995454788
,,,4467,,0.015166044235229492
,,,4468,,0.018508385866880417
,,,4469,,0.016935931518673897
,,,4470,,0.0194864384829998
,,,4471,,0.015100098215043545
,,,4472,,0.01714499667286873
,,,4473,,0.018044428899884224
,,,4474,,0.017649250105023384
,,,4475,,0.016585182398557663
,,,4476,,0.017676565796136856
,,,4477,,0.01454663835465908
,,,4478,,0.015143492259085178
,,,4479,,0.015051431953907013
,,,4480,,0.01970754750072956
,,,4481,,0.01709834858775139
,,,4482,,0.019742101430892944
,,,4483,,0.017314743250608444
,,,4484,,0.020515847951173782
,,,4485,,0.018911857157945633
,,,4486,,0.017459755763411522
,,,4487,,0.016427233815193176
,,,4488,,0.019041378051042557
,,,4489,,0.013081793673336506
,,,4490,,0.014365052804350853
,,,4491,,0.012550650164484978
,,,4492,,0.012011080980300903
,,,4493,,0.013002579100430012
,,,4494,,0.013653188943862915
,,,4495,,0.012755604460835457
,,,4496,,0.014009189791977406
,,,4497,,0.012167342007160187
,,,4498,,0.0134138073772192
,,,4499,,0.011698640882968903
,,,4500,,0.010492285713553429
,,,4501,,0.011894632130861282
,,,4502,,0.012957224622368813
,,,4503,,0.01356995664536953
,,,4504,,0.013121388852596283
,,,4505,,0.01399752963334322
,,,4506,,0.013531899079680443
,,,4507,,0.013610785827040672
,,,4508,,0.011945310980081558
,,,4509,,0.012485677376389503
,,,4510,,0.014093182981014252
,,,4511,,0.012485252693295479
,,,4512,,0.014074280858039856
,,,4513,,0.01605333387851715
,,,4514,,0.014454498887062073
,,,4515,,0.014715326018631458
,,,4516,,0.013384263031184673
,,,4517,,0.011933457106351852
,,,4518,,0.012578358873724937
,,,4519,,0.017280753701925278
,,,4520,,0.014475147239863873
,,,4521,,0.012631578370928764
,,,4522,,0.016711734235286713
,,,4523,,0.013954687863588333
,,,4524,,0.01739761233329773
,,,4525,,0.013731304556131363
,,,4526,,0.01301723811775446
,,,4527,,0.01497633010149002
,,,4528,,0.014933545142412186
,,,4529,,0.012939211912453175
,,,4530,,0.016092371195554733
,,,4531,,0.013906528241932392
,,,4532,,0.013815157115459442
,,,4533,,0.005669282749295235
,,,4534,,0.004518927074968815
,,,4535,,0.003492542542517185
,,,4536,,0.0037934458814561367
,,,4537,,0.003087495919317007
,,,4538,,0.0032174629159271717
,,,4539,,0.004003203473985195
,,,4540,,0.003427821444347501
,,,4541,,0.004598277620971203
,,,4542,,0.003996973857283592
,,,4543,,0.0036916108801960945
,,,4544,,0.00361003540456295
,,,4545,,0.003674793988466263
,,,4546,,0.014696651138365269
,,,4547,,0.022011445835232735
,,,4548,,0.016986779868602753
,,,4549,,0.014522595331072807
,,,4550,,0.006199195049703121
,,,4551,,0.05479607358574867
,,,4552,,0.012654341757297516
,,,4553,,0.04081234335899353
,,,4554,,0.020610682666301727
,,,4555,,0.02095988020300865
,,,4556,,0.030293097719550133
,,,4557,,0.029871108010411263
,,,4558,,0.028355412185192108
,,,4559,,0.03248631954193115
,,,4560,,0.025935299694538116
,,,4561,,0.03893858939409256
,,,4562,,0.02891329489648342
,,,4563,,0.11100868135690689
,,,4564,,0.0899391919374466
,,,4565,,0.08159089088439941
,,,4566,,0.08253652602434158
,,,4567,,0.11458806693553925
,,,4568,,0.07330067455768585
,,,4569,,0.07764141261577606
,,,4570,,0.10031349211931229
,,,4571,,0.07802371680736542
,,,4572,,0.0948203057050705
,,,4573,,0.07802441716194153
,,,4574,,0.08522088825702667
,,,4575,,0.0920557826757431
,,,4576,,0.09092926234006882
,,,4577,,0.08895322680473328
,,,4578,,0.08640016615390778
,,,4579,,0.040882647037506104
19,,,1619,0.019765160977840424,
19,0.019716881215572357,,1619,,
20,,0.017703164368867874,1629,,
20,,0.01985546573996544,1639,,
20,,0.015690183266997337,1649,,
20,,0.015224268659949303,1659,,
20,,0.019495951011776924,1669,,
20,,0.015748146921396255,1679,,
20,,0.010489663109183311,1689,,
20,,0.021154578775167465,1699,,
,,,4580,,0.0014104649890214205
,,,4581,,0.0013614548370242119
,,,4582,,0.0018364173592999578
,,,4583,,0.0014660139568150043
,,,4584,,0.0021553230471909046
,,,4585,,0.0015176355373114347
,,,4586,,0.0017642099410295486
,,,4587,,0.0013174191117286682
,,,4588,,0.00175720383413136
,,,4589,,0.0014447234570980072
,,,4590,,0.0019566789269447327
,,,4591,,0.00205599726177752
,,,4592,,0.0013305608881637454
,,,4593,,0.0015278967330232263
,,,4594,,0.0018604252254590392
,,,4595,,0.001480146893300116
,,,4596,,0.0018655707826837897
,,,4597,,0.0019803910981863737
,,,4598,,0.001710651908069849
,,,4599,,0.0024138742592185736
,,,4600,,0.0014252192340791225
,,,4601,,0.001424731221050024
,,,4602,,0.0013707524631172419
,,,4603,,0.002035236917436123
,,,4604,,0.0018699190113693476
,,,4605,,0.0017790761776268482
,,,4606,,0.0017371885478496552
,,,4607,,0.008248290978372097
,,,4608,,0.021227430552244186
,,,4609,,0.019066404551267624
,,,4610,,0.017882099375128746
,,,4611,,0.019350431859493256
,,,4612,,0.018101386725902557
,,,4613,,0.0876614898443222
,,,4614,,0.02921523153781891
,,,4615,,0.016180070117115974
,,,4616,,0.017655152827501297
,,,4617,,0.012661519460380077
,,,4618,,0.008325967006385326
,,,4619,,0.01625894010066986
,,,4620,,0.010683535598218441
,,,4621,,0.009170962497591972
,,,4622,,0.02096720039844513
,,,4623,,0.01811039075255394
,,,4624,,0.00921101775020361
,,,4625,,0.02463340200483799
,,,4626,,0.012910876423120499
,,,4627,,0.005240070633590221
,,,4628,,0.014440173283219337
,,,4629,,0.007321349810808897
,,,4630,,0.008256559260189533
,,,4631,,0.011335013434290886
,,,4632,,0.00397199671715498
,,,4633,,0.01013055071234703
,,,4634,,0.012889096513390541
,,,4635,,0.02233252301812172
,,,4636,,0.022146373987197876
,,,4637,,0.011636298149824142
,,,4638,,0.016300473362207413
,,,4639,,0.012027492746710777
,,,4640,,0.014609785750508308
,,,4641,,0.011724685318768024
,,,4642,,0.010975034907460213
,,,4643,,0.014471967704594135
,,,4644,,0.01307721994817257
,,,4645,,0.007928650826215744
,,,4646,,0.011974097229540348
,,,4647,,0.022774631157517433
,,,4648,,0.01289265789091587
,,,4649,,0.008447629399597645
,,,4650,,0.009160671383142471
,,,4651,,0.0012028214987367392
,,,4652,,0.0020628832280635834
,,,4653,,0.001916276291012764
,,,4654,,0.0014933981001377106
,,,4655,,0.0013385647907853127
,,,4656,,0.0014151667710393667
,,,4657,,0.0009969722013920546
,,,4658,,0.001457995967939496
,,,4659,,0.001009712927043438
,,,4660,,0.001549712847918272
,,,4661,,0.0014917915686964989
,,,4662,,0.0010016483720391989
,,,4663,,0.0015184982912614942
,,,4664,,0.019623734056949615
,,,4665,,0.024396784603595734
,,,4666,,0.023291368037462234
,,,4667,,0.0705268532037735
,,,4668,,0.05158509314060211
,,,4669,,0.03770129755139351
,,,4670,,0.06260726600885391
,,,4671,,0.05814078822731972
,,,4672,,0.022196142002940178
,,,4673,,0.022966569289565086
,,,4674,,0.02384709194302559
,,,4675,,0.017007146030664444
,,,4676,,0.020008046180009842
,,,4677,,0.022815365344285965
,,,4678,,0.019051963463425636
,,,4679,,0.019752824679017067
,,,4680,,0.02111431397497654
,,,4681,,0.01988578587770462
,,,4682,,0.017928596585989
,,,4683,,0.015928134322166443
,,,4684,,0.022551145404577255
,,,4685,,0.020786946639418602
,,,4686,,0.023314453661441803
,,,4687,,0.020475022494792938
,,,4688,,0.019232669845223427
,,,4689,,0.02568623051047325
,,,4690,,0.02196483686566353
,,,4691,,0.016758065670728683
,,,4692,,0.02238192781805992
,,,4693,,0.021997537463903427
,,,4694,,0.0185149647295475
,,,4695,,0.018755201250314713
,,,4696,,0.014973330311477184
,,,4697,,0.0185328908264637
,,,4698,,0.01682467572391033
,,,4699,,0.019305478781461716
,,,4700,,0.015081466175615788
,,,4701,,0.017140381038188934
,,,4702,,0.018108654767274857
,,,4703,,0.017651457339525223
,,,4704,,0.01665515825152397
,,,4705,,0.01766432449221611
,,,4706,,0.014574733562767506
,,,4707,,0.01507071778178215
,,,4708,,0.015003915876150131
,,,4709,,0.01961914449930191
,,,4710,,0.01698913238942623
,,,4711,,0.019572122022509575
,,,4712,,0.017074977979063988
,,,4713,,0.02047879621386528
,,,4714,,0.018819643184542656
,,,4715,,0.01738712191581726
,,,4716,,0.016358710825443268
,,,4717,,0.018975481390953064
,,,4718,,0.012842398136854172
,,,4719,,0.013951843604445457
,,,4720,,0.012278254143893719
,,,4721,,0.011806721799075603
,,,4722,,0.012696219608187675
,,,4723,,0.01332778763025999
,,,4724,,0.012555520050227642
,,,4725,,0.013712204992771149
,,,4726,,0.011909810826182365
,,,4727,,0.012996631674468517
,,,4728,,0.011384731158614159
,,,4729,,0.010228730738162994
,,,4730,,0.011626922525465488
,,,4731,,0.012616869993507862
,,,4732,,0.013210000470280647
,,,4733,,0.012856653891503811
,,,4734,,0.01361955888569355
,,,4735,,0.013294985517859459
,,,4736,,0.013338502496480942
,,,4737,,0.011646837927401066
,,,4738,,0.01216152124106884
,,,4739,,0.013796882703900337
,,,4740,,0.012773388996720314
,,,4741,,0.01445445790886879
,,,4742,,0.016388658434152603
,,,4743,,0.014788626693189144
,,,4744,,0.015076620504260063
,,,4745,,0.013765690848231316
,,,4746,,0.012404335662722588
,,,4747,,0.012971499934792519
,,,4748,,0.01754978857934475
,,,4749,,0.014832969754934311
,,,4750,,0.012921564280986786
,,,4751,,0.016973061487078667
,,,4752,,0.01433112844824791
,,,4753,,0.017601624131202698
,,,4754,,0.014070283621549606
,,,4755,,0.013398697599768639
,,,4756,,0.015268241986632347
,,,4757,,0.01529494859278202
,,,4758,,0.013254841789603233
,,,4759,,0.016317298635840416
,,,4760,,0.014337354339659214
,,,4761,,0.014056356623768806
,,,4762,,0.005300063174217939
,,,4763,,0.004097079858183861
,,,4764,,0.003317390801385045
,,,4765,,0.003594635520130396
,,,4766,,0.0029757660813629627
,,,4767,,0.0029833547305315733
,,,4768,,0.0037207058630883694
,,,4769,,0.003209996037185192
,,,4770,,0.00433753989636898
,,,4771,,0.003660935442894697
,,,4772,,0.0034703039564192295
,,,4773,,0.0033850744366645813
,,,4774,,0.0034246579743921757
,,,4775,,0.014483155682682991
,,,4776,,0.02207016572356224
,,,4777,,0.017376769334077835
,,,4778,,0.016810234636068344
,,,4779,,0.0067476676777005196
,,,4780,,0.053522784262895584
,,,4781,,0.01284724660217762
,,,4782,,0.03925171494483948
,,,4783,,0.02043776586651802
,,,4784,,0.020159423351287842
,,,4785,,0.0279388464987278
,,,4786,,0.030357250943779945
,,,4787,,0.029508009552955627
,,,4788,,0.03138827160000801
,,,4789,,0.02566089853644371
,,,4790,,0.03856610134243965
,,,4791,,0.02833626978099346
,,,4792,,0.11014453321695328
,,,4793,,0.08879145979881287
,,,4794,,0.07971688359975815
,,,4795,,0.08044207841157913
,,,4796,,0.1131860688328743
,,,4797,,0.0724063441157341
,,,4798,,0.07638753205537796
,,,4799,,0.09881368279457092
,,,4800,,0.07585577666759491
,,,4801,,0.09317498654127121
,,,4802,,0.076546810567379
,,,4803,,0.08268091827630997
,,,4804,,0.09043516963720322
,,,4805,,0.08904070407152176
,,,4806,,0.08670822530984879
,,,4807,,0.08497703820466995
,,,4808,,0.040141500532627106
20,,,1700,0.01959676295518875,
20,0.01912304386496544,,1700,,
21,,0.025714367628097534,1709,,
21,,0.019859379157423973,1719,,
21,,0.019834548234939575,1729,,
21,,0.01707082986831665,1739,,
21,,0.011502833105623722,1749,,
21,,0.011626048013567924,1759,,
21,,0.019643928855657578,1769,,
21,,0.018481381237506866,1779,,
,,,4809,,0.0015693292953073978
,,,4810,,0.0015290207229554653
,,,4811,,0.0017371360445395112
,,,4812,,0.0016385398339480162
,,,4813,,0.002384871244430542
,,,4814,,0.0014078017557039857
,,,4815,,0.001718804007396102
,,,4816,,0.0014490929897874594
,,,4817,,0.0019006193615496159
,,,4818,,0.0013767960481345654
,,,4819,,0.0020408788695931435
,,,4820,,0.0019518494373187423
,,,4821,,0.0014858851209282875
,,,4822,,0.0015990238171070814
,,,4823,,0.001835960429161787
,,,4824,,0.001618704292923212
,,,4825,,0.002185121178627014
,,,4826,,0.0020700127352029085
,,,4827,,0.0021692607551813126
,,,4828,,0.0024018229451030493
,,,4829,,0.0014321835478767753
,,,4830,,0.00149643630720675
,,,4831,,0.0014047019649297
,,,4832,,0.0021452491637319326
,,,4833,,0.002096329815685749
,,,4834,,0.0019242546986788511
,,,4835,,0.0017449785955250263
,,,4836,,0.008519717492163181
,,,4837,,0.021393198519945145
,,,4838,,0.019178085029125214
,,,4839,,0.018077541142702103
,,,4840,,0.019660193473100662
,,,4841,,0.018307924270629883
,,,4842,,0.08717545866966248
,,,4843,,0.029262149706482887
,,,4844,,0.016332795843482018
,,,4845,,0.01774495467543602
,,,4846,,0.013031033799052238
,,,4847,,0.008736327290534973
,,,4848,,0.016426052898168564
,,,4849,,0.010753639042377472
,,,4850,,0.00922852847725153
,,,4851,,0.020471103489398956
,,,4852,,0.017886921763420105
,,,4853,,0.009367221966385841
,,,4854,,0.024149086326360703
,,,4855,,0.01289096474647522
,,,4856,,0.005381558556109667
,,,4857,,0.014184026047587395
,,,4858,,0.007547966204583645
,,,4859,,0.008354650810360909
,,,4860,,0.011453820392489433
,,,4861,,0.0041364869102835655
,,,4862,,0.010226975195109844
,,,4863,,0.012412054464221
,,,4864,,0.022184137254953384
,,,4865,,0.022047752514481544
,,,4866,,0.011676277033984661
,,,4867,,0.016442466527223587
,,,4868,,0.011723268777132034
,,,4869,,0.014685118570923805
,,,4870,,0.012023131363093853
,,,4871,,0.011135338805615902
,,,4872,,0.014727774076163769
,,,4873,,0.01302383840084076
,,,4874,,0.007533747237175703
,,,4875,,0.011557916179299355
,,,4876,,0.022489601746201515
,,,4877,,0.012918968684971333
,,,4878,,0.008108061738312244
,,,4879,,0.009852135553956032
,,,4880,,0.0017179783899337053
,,,4881,,0.002621483290567994
,,,4882,,0.0012390445917844772
,,,4883,,0.0016315503744408488
,,,4884,,0.0016943258233368397
,,,4885,,0.0019154888577759266
,,,4886,,0.0015771115431562066
,,,4887,,0.0012450385838747025
,,,4888,,0.001526286592707038
,,,4889,,0.001969233388081193
,,,4890,,0.0014150362694635987
,,,4891,,0.002850837539881468
,,,4892,,0.002059417776763439
,,,4893,,0.01837727427482605
,,,4894,,0.02214226871728897
,,,4895,,0.021886292845010757
,,,4896,,0.06575162708759308
,,,4897,,0.04777788370847702
,,,4898,,0.03657159209251404
,,,4899,,0.06286408007144928
,,,4900,,0.057509683072566986
,,,4901,,0.021862007677555084
,,,4902,,0.022467676550149918
,,,4903,,0.023044604808092117
,,,4904,,0.0167047418653965
,,,4905,,0.019442040473222733
,,,4906,,0.02214287966489792
,,,4907,,0.0187288299202919
,,,4908,,0.01929195038974285
,,,4909,,0.02082081325352192
,,,4910,,0.019420111551880836
,,,4911,,0.01762910932302475
,,,4912,,0.015175589360296726
,,,4913,,0.022012244910001755
,,,4914,,0.02045585960149765
,,,4915,,0.022783417254686356
,,,4916,,0.01994265615940094
,,,4917,,0.01873440481722355
,,,4918,,0.025051841512322426
,,,4919,,0.02157435193657875
,,,4920,,0.016383962705731392
,,,4921,,0.02176683023571968
,,,4922,,0.021598368883132935
,,,4923,,0.01809052564203739
,,,4924,,0.01812824048101902
,,,4925,,0.01482533011585474
,,,4926,,0.01846241019666195
,,,4927,,0.01684909127652645
,,,4928,,0.0192490853369236
,,,4929,,0.014945359900593758
,,,4930,,0.01715679280459881
,,,4931,,0.018264351412653923
,,,4932,,0.01773536391556263
,,,4933,,0.016470039263367653
,,,4934,,0.0177255030721426
,,,4935,,0.014485594816505909
,,,4936,,0.015141296200454235
,,,4937,,0.014863481745123863
,,,4938,,0.01933041214942932
,,,4939,,0.017052670940756798
,,,4940,,0.019465995952486992
,,,4941,,0.017080768942832947
,,,4942,,0.020523712038993835
,,,4943,,0.018773632124066353
,,,4944,,0.01742900162935257
,,,4945,,0.01623937115073204
,,,4946,,0.019166961312294006
,,,4947,,0.012770252302289009
,,,4948,,0.013909059576690197
,,,4949,,0.012326158583164215
,,,4950,,0.01178588904440403
,,,4951,,0.012666158378124237
,,,4952,,0.013407294638454914
,,,4953,,0.012438593432307243
,,,4954,,0.01355951651930809
,,,4955,,0.011849483475089073
,,,4956,,0.012997666373848915
,,,4957,,0.011632951907813549
,,,4958,,0.010258981958031654
,,,4959,,0.0115136057138443
,,,4960,,0.012501566670835018
,,,4961,,0.013093668967485428
,,,4962,,0.012870254926383495
,,,4963,,0.013192006386816502
,,,4964,,0.013142608106136322
,,,4965,,0.013236643746495247
,,,4966,,0.011580417864024639
,,,4967,,0.012089414522051811
,,,4968,,0.013715146109461784
,,,4969,,0.012109971605241299
,,,4970,,0.01363420020788908
,,,4971,,0.015616677701473236
,,,4972,,0.014003124088048935
,,,4973,,0.014310824684798717
,,,4974,,0.012937360443174839
,,,4975,,0.011654814705252647
,,,4976,,0.012260176241397858
,,,4977,,0.016898522153496742
,,,4978,,0.014208797365427017
,,,4979,,0.012170701287686825
,,,4980,,0.016287824138998985
,,,4981,,0.013548668473958969
,,,4982,,0.016713924705982208
,,,4983,,0.013374516740441322
,,,4984,,0.012556768953800201
,,,4985,,0.014427587389945984
,,,4986,,0.014458510093390942
,,,4987,,0.012605935335159302
,,,4988,,0.015680186450481415
,,,4989,,0.013610943220555782
,,,4990,,0.0134392399340868
,,,4991,,0.005650077946484089
,,,4992,,0.0044320328161120415
,,,4993,,0.0035796151496469975
,,,4994,,0.0038601967971771955
,,,4995,,0.003264462808147073
,,,4996,,0.003309010062366724
,,,4997,,0.004035350866615772
,,,4998,,0.0035512461327016354
,,,4999,,0.004618554841727018
,,,5000,,0.004080459475517273
,,,5001,,0.003790724091231823
,,,5002,,0.0036949864588677883
,,,5003,,0.0036772291641682386
,,,5004,,0.01403072476387024
,,,5005,,0.019680015742778778
,,,5006,,0.015684429556131363
,,,5007,,0.015873171389102936
,,,5008,,0.006586802192032337
,,,5009,,0.05022839456796646
,,,5010,,0.012251388281583786
,,,5011,,0.03600665181875229
,,,5012,,0.019536824896931648
,,,5013,,0.019505919888615608
,,,5014,,0.027735967189073563
,,,5015,,0.02862367033958435
,,,5016,,0.026774009689688683
,,,5017,,0.030022408813238144
,,,5018,,0.025545712560415268
,,,5019,,0.03602147474884987
,,,5020,,0.02823256328701973
,,,5021,,0.1075795590877533
,,,5022,,0.08801175653934479
,,,5023,,0.07887062430381775
,,,5024,,0.07948958873748779
,,,5025,,0.11129423975944519
,,,5026,,0.07082466036081314
,,,5027,,0.07465551793575287
,,,5028,,0.09693469107151031
,,,5029,,0.07548490166664124
,,,5030,,0.0909804180264473
,,,5031,,0.07516829669475555
,,,5032,,0.08103948831558228
,,,5033,,0.08951760828495026
,,,5034,,0.08774103224277496
,,,5035,,0.08646895736455917
,,,5036,,0.0825260728597641
,,,5037,,0.03923971951007843
21,,,1781,0.019252557307481766,
21,0.018742145970463753,,1781,,
22,,0.01994365081191063,1789,,
22,,0.03259504586458206,1799,,
22,,0.009541204199194908,1809,,
22,,0.026220832020044327,1819,,
22,,0.021199211478233337,1829,,
22,,0.02462691441178322,1839,,
22,,0.02593832090497017,1849,,
22,,0.010113160125911236,1859,,
,,,5038,,0.0009477338753640652
,,,5039,,0.0009003984741866589
,,,5040,,0.0012668590061366558
,,,5041,,0.0008933150093071163
,,,5042,,0.0015987271908670664
,,,5043,,0.0008277092128992081
,,,5044,,0.0011489895405247808
,,,5045,,0.0007835148135200143
,,,5046,,0.0011085534933954477
,,,5047,,0.0008317159954458475
,,,5048,,0.0013738344423472881
,,,5049,,0.0014690314419567585
,,,5050,,0.000893576885573566
,,,5051,,0.000947758206166327
,,,5052,,0.0012181975180283189
,,,5053,,0.000893184682354331
,,,5054,,0.001490347902290523
,,,5055,,0.0013923745136708021
,,,5056,,0.0012485384941101074
,,,5057,,0.0018807889427989721
,,,5058,,0.000813676742836833
,,,5059,,0.0008282990311272442
,,,5060,,0.0007552565657533705
,,,5061,,0.001577669521793723
,,,5062,,0.001418249448761344
,,,5063,,0.0012100385501980782
,,,5064,,0.0011399580398574471
,,,5065,,0.008099878206849098
,,,5066,,0.020946422591805458
,,,5067,,0.018670493736863136
,,,5068,,0.0176262017339468
,,,5069,,0.019093986600637436
,,,5070,,0.017893001437187195
,,,5071,,0.08667199313640594
,,,5072,,0.02875431440770626
,,,5073,,0.01590864360332489
,,,5074,,0.017370019108057022
,,,5075,,0.012645838782191277
,,,5076,,0.008309269323945045
,,,5077,,0.01597505435347557
,,,5078,,0.01055105123668909
,,,5079,,0.008994792588055134
,,,5080,,0.02012629806995392
,,,5081,,0.017625760287046432
,,,5082,,0.009059714153409004
,,,5083,,0.023764844983816147
,,,5084,,0.012511306442320347
,,,5085,,0.005112119484692812
,,,5086,,0.01395441684871912
,,,5087,,0.007279271725565195
,,,5088,,0.008206977508962154
,,,5089,,0.011151017621159554
,,,5090,,0.003952689468860626
,,,5091,,0.009898489341139793
,,,5092,,0.011448088102042675
,,,5093,,0.02104196697473526
,,,5094,,0.02098957635462284
,,,5095,,0.01085488498210907
,,,5096,,0.015356773510575294
,,,5097,,0.010763317346572876
,,,5098,,0.013692759908735752
,,,5099,,0.010881894268095493
,,,5100,,0.010047908872365952
,,,5101,,0.013561153784394264
,,,5102,,0.011804758571088314
,,,5103,,0.006556399166584015
,,,5104,,0.010307593271136284
,,,5105,,0.021443767473101616
,,,5106,,0.012076523154973984
,,,5107,,0.007180623710155487
,,,5108,,0.00883905403316021
,,,5109,,0.0011347383260726929
,,,5110,,0.0019134586909785867
,,,5111,,0.0007896798779256642
,,,5112,,0.0010869691614061594
,,,5113,,0.0011339472839608788
,,,5114,,0.0013332937378436327
,,,5115,,0.0010112865129485726
,,,5116,,0.0007883500074967742
,,,5117,,0.0009990185499191284
,,,5118,,0.0013794749975204468
,,,5119,,0.0009210918215103447
,,,5120,,0.0021639475598931313
,,,5121,,0.001417233725078404
,,,5122,,0.018598046153783798
,,,5123,,0.022527936846017838
,,,5124,,0.021727725863456726
,,,5125,,0.06228587031364441
,,,5126,,0.044885195791721344
,,,5127,,0.03357844427227974
,,,5128,,0.056867510080337524
,,,5129,,0.05261020362377167
,,,5130,,0.02012046054005623
,,,5131,,0.02138357236981392
,,,5132,,0.021999968215823174
,,,5133,,0.01592559739947319
,,,5134,,0.018565885722637177
,,,5135,,0.021298954263329506
,,,5136,,0.01791551150381565
,,,5137,,0.01841459423303604
,,,5138,,0.019619787111878395
,,,5139,,0.018304497003555298
,,,5140,,0.016587723046541214
,,,5141,,0.014790881425142288
,,,5142,,0.020964328199625015
,,,5143,,0.019455745816230774
,,,5144,,0.021712083369493484
,,,5145,,0.019160769879817963
,,,5146,,0.017952565103769302
,,,5147,,0.024028629064559937
,,,5148,,0.020476635545492172
,,,5149,,0.01565813645720482
,,,5150,,0.020831044763326645
,,,5151,,0.02075115591287613
,,,5152,,0.018251638859510422
,,,5153,,0.01842859387397766
,,,5154,,0.014515012502670288
,,,5155,,0.017397034913301468
,,,5156,,0.01583084464073181
,,,5157,,0.018169615417718887
,,,5158,,0.01412082277238369
,,,5159,,0.015963425859808922
,,,5160,,0.016788840293884277
,,,5161,,0.016595035791397095
,,,5162,,0.015523798763751984
,,,5163,,0.016296429559588432
,,,5164,,0.01374058797955513
,,,5165,,0.014044584706425667
,,,5166,,0.014000197872519493
,,,5167,,0.018450800329446793
,,,5168,,0.015938209369778633
,,,5169,,0.018461840227246284
,,,5170,,0.01607624813914299
,,,5171,,0.01902279257774353
,,,5172,,0.01763456128537655
,,,5173,,0.016289591789245605
,,,5174,,0.015363721176981926
,,,5175,,0.017833180725574493
,,,5176,,0.012280389666557312
,,,5177,,0.013387260027229786
,,,5178,,0.01151809561997652
,,,5179,,0.01099935732781887
,,,5180,,0.011960353702306747
,,,5181,,0.012645195238292217
,,,5182,,0.012091271579265594
,,,5183,,0.013165943324565887
,,,5184,,0.011409619823098183
,,,5185,,0.012270365841686726
,,,5186,,0.010862485505640507
,,,5187,,0.009777199476957321
,,,5188,,0.010993249714374542
,,,5189,,0.012025303207337856
,,,5190,,0.012741804122924805
,,,5191,,0.012220889329910278
,,,5192,,0.013301357626914978
,,,5193,,0.012632280588150024
,,,5194,,0.0125800259411335
,,,5195,,0.011060738936066628
,,,5196,,0.01165014412254095
,,,5197,,0.013162242248654366
,,,5198,,0.011699171736836433
,,,5199,,0.013105176389217377
,,,5200,,0.014997495338320732
,,,5201,,0.013520883396267891
,,,5202,,0.013809900730848312
,,,5203,,0.012493450194597244
,,,5204,,0.011200528591871262
,,,5205,,0.011752387508749962
,,,5206,,0.016236260533332825
,,,5207,,0.013613536953926086
,,,5208,,0.011759145185351372
,,,5209,,0.01569274254143238
,,,5210,,0.012944076210260391
,,,5211,,0.01624944433569908
,,,5212,,0.012931965291500092
,,,5213,,0.012164302170276642
,,,5214,,0.013970738276839256
,,,5215,,0.013887438923120499
,,,5216,,0.012057812884449959
,,,5217,,0.015096367336809635
,,,5218,,0.013044790364801884
,,,5219,,0.012922573834657669
,,,5220,,0.0051165078766644
,,,5221,,0.004112009424716234
,,,5222,,0.003316462505608797
,,,5223,,0.003533837851136923
,,,5224,,0.0030694075394421816
,,,5225,,0.0030648934189230204
,,,5226,,0.003767881076782942
,,,5227,,0.003218598198145628
,,,5228,,0.004141961224377155
,,,5229,,0.0036584543995559216
,,,5230,,0.0035079449880868196
,,,5231,,0.0034868496004492044
,,,5232,,0.003454881254583597
,,,5233,,0.012354858219623566
,,,5234,,0.018808331340551376
,,,5235,,0.014889463782310486
,,,5236,,0.013822715729475021
,,,5237,,0.0055369115434587
,,,5238,,0.04638294875621796
,,,5239,,0.011379742994904518
,,,5240,,0.036635637283325195
,,,5241,,0.01854841783642769
,,,5242,,0.01816636323928833
,,,5243,,0.026169519871473312
,,,5244,,0.026622455567121506
,,,5245,,0.025649510324001312
,,,5246,,0.026422182098031044
,,,5247,,0.023511230945587158
,,,5248,,0.03466581553220749
,,,5249,,0.02628667652606964
,,,5250,,0.1047566682100296
,,,5251,,0.08585626631975174
,,,5252,,0.07598155736923218
,,,5253,,0.07755251228809357
,,,5254,,0.10854793339967728
,,,5255,,0.06923915445804596
,,,5256,,0.07286381721496582
,,,5257,,0.0938759595155716
,,,5258,,0.07218719273805618
,,,5259,,0.08859239518642426
,,,5260,,0.07262086868286133
,,,5261,,0.07935164868831635
,,,5262,,0.08684949576854706
,,,5263,,0.08569750189781189
,,,5264,,0.08428461104631424
,,,5265,,0.07974556088447571
,,,5266,,0.03827357292175293
22,,,1862,0.018339267000555992,
22,0.018213391304016113,,1862,,
23,,0.023021670058369637,1869,,
23,,0.024702105671167374,1879,,
23,,0.011384155601263046,1889,,
23,,0.025416407734155655,1899,,
23,,0.014953158795833588,1909,,
23,,0.02338803932070732,1919,,
23,,0.017457515001296997,1929,,
23,,0.014212416484951973,1939,,
,,,5267,,0.0009707752615213394
,,,5268,,0.0009511977550573647
,,,5269,,0.0012977666920050979
,,,5270,,0.0010222145356237888
,,,5271,,0.0017534999642521143
,,,5272,,0.0009843416046351194
,,,5273,,0.0012281239032745361
,,,5274,,0.0008738144533708692
,,,5275,,0.0013041225029155612
,,,5276,,0.0009557018638588488
,,,5277,,0.0015215091407299042
,,,5278,,0.0015175426378846169
,,,5279,,0.0008969675400294363
,,,5280,,0.001094233593903482
,,,5281,,0.0013857256853953004
,,,5282,,0.0011112882057204843
,,,5283,,0.0016209094319492579
,,,5284,,0.001585428137332201
,,,5285,,0.0015251445583999157
,,,5286,,0.0019338666461408138
,,,5287,,0.0009784973226487637
,,,5288,,0.001005563186481595
,,,5289,,0.0009709432488307357
,,,5290,,0.0016433518612757325
,,,5291,,0.0014856907073408365
,,,5292,,0.001331712119281292
,,,5293,,0.001302819699048996
,,,5294,,0.007913628593087196
,,,5295,,0.020619481801986694
,,,5296,,0.018465373665094376
,,,5297,,0.017406851053237915
,,,5298,,0.018842492252588272
,,,5299,,0.01756051555275917
,,,5300,,0.08612348139286041
,,,5301,,0.028307199478149414
,,,5302,,0.015645889565348625
,,,5303,,0.01721716672182083
,,,5304,,0.012279277667403221
,,,5305,,0.007974091917276382
,,,5306,,0.015661299228668213
,,,5307,,0.010305002331733704
,,,5308,,0.008602211251854897
,,,5309,,0.019713878631591797
,,,5310,,0.017287392169237137
,,,5311,,0.008966903202235699
,,,5312,,0.02312074415385723
,,,5313,,0.012249983847141266
,,,5314,,0.005094142630696297
,,,5315,,0.013382047414779663
,,,5316,,0.0070987893268466
,,,5317,,0.008002359420061111
,,,5318,,0.010931727476418018
,,,5319,,0.0038388120010495186
,,,5320,,0.009694616310298443
,,,5321,,0.011789532378315926
,,,5322,,0.020778566598892212
,,,5323,,0.020411156117916107
,,,5324,,0.010979196056723595
,,,5325,,0.01524527370929718
,,,5326,,0.011094466783106327
,,,5327,,0.013388732448220253
,,,5328,,0.01142524927854538
,,,5329,,0.010750551708042622
,,,5330,,0.01381361298263073
,,,5331,,0.012665459886193275
,,,5332,,0.007498163729906082
,,,5333,,0.01035994291305542
,,,5334,,0.020791463553905487
,,,5335,,0.011878294870257378
,,,5336,,0.007767053321003914
,,,5337,,0.008692553266882896
,,,5338,,0.001054904656484723
,,,5339,,0.0018928302451968193
,,,5340,,0.001768479123711586
,,,5341,,0.0014009198639541864
,,,5342,,0.0011763256043195724
,,,5343,,0.0012317673536017537
,,,5344,,0.0008427098509855568
,,,5345,,0.0013091472210362554
,,,5346,,0.0008995893294923007
,,,5347,,0.0013638094533234835
,,,5348,,0.0014476116048172116
,,,5349,,0.0007446812815032899
,,,5350,,0.0012997454032301903
,,,5351,,0.017323382198810577
,,,5352,,0.021479852497577667
,,,5353,,0.020349305123090744
,,,5354,,0.06159402057528496
,,,5355,,0.044382743537425995
,,,5356,,0.03243076801300049
,,,5357,,0.05528408661484718
,,,5358,,0.050753042101860046
,,,5359,,0.019715040922164917
,,,5360,,0.021158240735530853
,,,5361,,0.02170196734368801
,,,5362,,0.015567177906632423
,,,5363,,0.01834256201982498
,,,5364,,0.02128048986196518
,,,5365,,0.017364000901579857
,,,5366,,0.018127527087926865
,,,5367,,0.01939288154244423
,,,5368,,0.01809660717844963
,,,5369,,0.01628362573683262
,,,5370,,0.014487323351204395
,,,5371,,0.020652398467063904
,,,5372,,0.019201703369617462
,,,5373,,0.021366985514760017
,,,5374,,0.01887507736682892
,,,5375,,0.01769091561436653
,,,5376,,0.023889482021331787
,,,5377,,0.020312070846557617
,,,5378,,0.01547974068671465
,,,5379,,0.020618092268705368
,,,5380,,0.02033485844731331
,,,5381,,0.01670919544994831
,,,5382,,0.01690252497792244
,,,5383,,0.013353560119867325
,,,5384,,0.016901636496186256
,,,5385,,0.015435604378581047
,,,5386,,0.017675025388598442
,,,5387,,0.01372610218822956
,,,5388,,0.015517807565629482
,,,5389,,0.016534022986888885
,,,5390,,0.016165800392627716
,,,5391,,0.015130316838622093
,,,5392,,0.015999585390090942
,,,5393,,0.013090965338051319
,,,5394,,0.013718120753765106
,,,5395,,0.013766244053840637
,,,5396,,0.018044201657176018
,,,5397,,0.015553010627627373
,,,5398,,0.018048260360956192
,,,5399,,0.015831708908081055
,,,5400,,0.018633540719747543
,,,5401,,0.017262378707528114
,,,5402,,0.015917625278234482
,,,5403,,0.014892861247062683
,,,5404,,0.017481200397014618
,,,5405,,0.011819969862699509
,,,5406,,0.012972217053174973
,,,5407,,0.01119210198521614
,,,5408,,0.010737722739577293
,,,5409,,0.011680197902023792
,,,5410,,0.01247939933091402
,,,5411,,0.01158134825527668
,,,5412,,0.012496428564190865
,,,5413,,0.010907052084803581
,,,5414,,0.012122854590415955
,,,5415,,0.010372440330684185
,,,5416,,0.009380951523780823
,,,5417,,0.010659541003406048
,,,5418,,0.01154014840722084
,,,5419,,0.012139476835727692
,,,5420,,0.011868119239807129
,,,5421,,0.012668799608945847
,,,5422,,0.012278647162020206
,,,5423,,0.012245884165167809
,,,5424,,0.010811591520905495
,,,5425,,0.01119630690664053
,,,5426,,0.012837105430662632
,,,5427,,0.011550955474376678
,,,5428,,0.013014893978834152
,,,5429,,0.014825521036982536
,,,5430,,0.0133652463555336
,,,5431,,0.013640666380524635
,,,5432,,0.012380440719425678
,,,5433,,0.011094868183135986
,,,5434,,0.011697670444846153
,,,5435,,0.015980929136276245
,,,5436,,0.013392474502325058
,,,5437,,0.011622533202171326
,,,5438,,0.015541878528892994
,,,5439,,0.012844559736549854
,,,5440,,0.01595979742705822
,,,5441,,0.012659978121519089
,,,5442,,0.012051532976329327
,,,5443,,0.013824660331010818
,,,5444,,0.01380116492509842
,,,5445,,0.011996111832559109
,,,5446,,0.014827370643615723
,,,5447,,0.013011937029659748
,,,5448,,0.012795118615031242
,,,5449,,0.005022526253014803
,,,5450,,0.004006941802799702
,,,5451,,0.003307156963273883
,,,5452,,0.003574511269107461
,,,5453,,0.0029234271496534348
,,,5454,,0.0029032339807599783
,,,5455,,0.0036999518051743507
,,,5456,,0.003103785216808319
,,,5457,,0.004143574740737677
,,,5458,,0.0035490060690790415
,,,5459,,0.0034095377195626497
,,,5460,,0.0031780083663761616
,,,5461,,0.003368985839188099
,,,5462,,0.013022318482398987
,,,5463,,0.017356310039758682
,,,5464,,0.014326822943985462
,,,5465,,0.013447263278067112
,,,5466,,0.005655872169882059
,,,5467,,0.04807661846280098
,,,5468,,0.011698171496391296
,,,5469,,0.03579973429441452
,,,5470,,0.0189333688467741
,,,5471,,0.01857762783765793
,,,5472,,0.026016786694526672
,,,5473,,0.026962056756019592
,,,5474,,0.028004372492432594
,,,5475,,0.028137892484664917
,,,5476,,0.023977793753147125
,,,5477,,0.034837931394577026
,,,5478,,0.02607116475701332
,,,5479,,0.10326045006513596
,,,5480,,0.08456546068191528
,,,5481,,0.07532178610563278
,,,5482,,0.07621192932128906
,,,5483,,0.10741021484136581
,,,5484,,0.06759066134691238
,,,5485,,0.07248519361019135
,,,5486,,0.09336990118026733
,,,5487,,0.0708930641412735
,,,5488,,0.08758176118135452
,,,5489,,0.07147961854934692
,,,5490,,0.07713191211223602
,,,5491,,0.08583281189203262
,,,5492,,0.08370929956436157
,,,5493,,0.08190908282995224
,,,5494,,0.07894293963909149
,,,5495,,0.03820421174168587
23,,,1943,0.018084732815623283,
23,0.01796867325901985,,1943,,
24,,0.010931853204965591,1949,,
24,,0.016368933022022247,1959,,
24,,0.01785883866250515,1969,,
24,,0.013221261091530323,1979,,
24,,0.012618816457688808,1989,,
24,,0.011762624606490135,1999,,
24,,0.019630715250968933,2009,,
24,,0.010112475603818893,2019,,
,,,5496,,0.0009895875118672848
,,,5497,,0.000980519107542932
,,,5498,,0.0012989442329853773
,,,5499,,0.0009694264153949916
,,,5500,,0.0015906309708952904
,,,5501,,0.0008895131759345531
,,,5502,,0.0011417724890634418
,,,5503,,0.000875305850058794
,,,5504,,0.0011779803317040205
,,,5505,,0.0008943766006268561
,,,5506,,0.0014435052871704102
,,,5507,,0.0014874495100229979
,,,5508,,0.0008701873011887074
,,,5509,,0.0010407664813101292
,,,5510,,0.0013402909971773624
,,,5511,,0.0010573477484285831
,,,5512,,0.0015460842987522483
,,,5513,,0.0014710548566654325
,,,5514,,0.001439157873392105
,,,5515,,0.0019134222529828548
,,,5516,,0.0009092516847886145
,,,5517,,0.0009146421798504889
,,,5518,,0.0008736521122045815
,,,5519,,0.0016068639233708382
,,,5520,,0.0014817174524068832
,,,5521,,0.0013318517012521625
,,,5522,,0.0012698945356532931
,,,5523,,0.008088822476565838
,,,5524,,0.02061125822365284
,,,5525,,0.018523983657360077
,,,5526,,0.017501337453722954
,,,5527,,0.018945347517728806
,,,5528,,0.01761639676988125
,,,5529,,0.08586075156927109
,,,5530,,0.02821638435125351
,,,5531,,0.01566603034734726
,,,5532,,0.017328165471553802
,,,5533,,0.012343721464276314
,,,5534,,0.008127551525831223
,,,5535,,0.015721550211310387
,,,5536,,0.010537750087678432
,,,5537,,0.008743565529584885
,,,5538,,0.01957765594124794
,,,5539,,0.017236147075891495
,,,5540,,0.00915447250008583
,,,5541,,0.022860132157802582
,,,5542,,0.012256466783583164
,,,5543,,0.005278920754790306
,,,5544,,0.013316735625267029
,,,5545,,0.007269221358001232
,,,5546,,0.008204750716686249
,,,5547,,0.011160721071064472
,,,5548,,0.004192744381725788
,,,5549,,0.00983983650803566
,,,5550,,0.010853827930986881
,,,5551,,0.0197773315012455
,,,5552,,0.01974385790526867
,,,5553,,0.010305977426469326
,,,5554,,0.014741793274879456
,,,5555,,0.010271573439240456
,,,5556,,0.012644786387681961
,,,5557,,0.010548172518610954
,,,5558,,0.009810011833906174
,,,5559,,0.013306641019880772
,,,5560,,0.011548472568392754
,,,5561,,0.006765999831259251
,,,5562,,0.009840743616223335
,,,5563,,0.02014760486781597
,,,5564,,0.011332174763083458
,,,5565,,0.006713678129017353
,,,5566,,0.008130460046231747
,,,5567,,0.0013783614849671721
,,,5568,,0.002118503674864769
,,,5569,,0.002220908412709832
,,,5570,,0.0017989608459174633
,,,5571,,0.0015759735833853483
,,,5572,,0.0015362710691988468
,,,5573,,0.0011410282459110022
,,,5574,,0.0017626797780394554
,,,5575,,0.0012035710969939828
,,,5576,,0.0016605237033218145
,,,5577,,0.001864454010501504
,,,5578,,0.000925003900192678
,,,5579,,0.001543428748846054
,,,5580,,0.016963955014944077
,,,5581,,0.020943280309438705
,,,5582,,0.019700011238455772
,,,5583,,0.058656394481658936
,,,5584,,0.042318761348724365
,,,5585,,0.031795382499694824
,,,5586,,0.05437780171632767
,,,5587,,0.050029754638671875
,,,5588,,0.0193165373057127
,,,5589,,0.020910140126943588
,,,5590,,0.02162463590502739
,,,5591,,0.015513988211750984
,,,5592,,0.01827787235379219
,,,5593,,0.02092311903834343
,,,5594,,0.017378710210323334
,,,5595,,0.01790521666407585
,,,5596,,0.019325774163007736
,,,5597,,0.017790814861655235
,,,5598,,0.016115523874759674
,,,5599,,0.01451581809669733
,,,5600,,0.020404770970344543
,,,5601,,0.01909993216395378
,,,5602,,0.021218931302428246
,,,5603,,0.01880740188062191
,,,5604,,0.01768318936228752
,,,5605,,0.02361147478222847
,,,5606,,0.020020291209220886
,,,5607,,0.015416993759572506
,,,5608,,0.02040642872452736
,,,5609,,0.020134542137384415
,,,5610,,0.016454234719276428
,,,5611,,0.016651790589094162
,,,5612,,0.01325176376849413
,,,5613,,0.016779379919171333
,,,5614,,0.015537339262664318
,,,5615,,0.017660655081272125
,,,5616,,0.013804204761981964
,,,5617,,0.015568062663078308
,,,5618,,0.016518965363502502
,,,5619,,0.01613624393939972
,,,5620,,0.015309425070881844
,,,5621,,0.016008228063583374
,,,5622,,0.013232307508587837
,,,5623,,0.01374335028231144
,,,5624,,0.01393846981227398
,,,5625,,0.01810283213853836
,,,5626,,0.015524705871939659
,,,5627,,0.017980553209781647
,,,5628,,0.01591290533542633
,,,5629,,0.018575433641672134
,,,5630,,0.017275270074605942
,,,5631,,0.016025742515921593
,,,5632,,0.015119722113013268
,,,5633,,0.017388833686709404
,,,5634,,0.011841749772429466
,,,5635,,0.012951614335179329
,,,5636,,0.011199604719877243
,,,5637,,0.010895960964262486
,,,5638,,0.01166747510433197
,,,5639,,0.01244957186281681
,,,5640,,0.011635864153504372
,,,5641,,0.012395882047712803
,,,5642,,0.011120693758130074
,,,5643,,0.012044290080666542
,,,5644,,0.010287242010235786
,,,5645,,0.009630018845200539
,,,5646,,0.010843206197023392
,,,5647,,0.011693017557263374
,,,5648,,0.012114131823182106
,,,5649,,0.011887037195265293
,,,5650,,0.012757362797856331
,,,5651,,0.0123068168759346
,,,5652,,0.012314090505242348
,,,5653,,0.010807630605995655
,,,5654,,0.01126488670706749
,,,5655,,0.012875418178737164
,,,5656,,0.011539009399712086
,,,5657,,0.012997548095881939
,,,5658,,0.014757263474166393
,,,5659,,0.013391861692070961
,,,5660,,0.013567278161644936
,,,5661,,0.012415524572134018
,,,5662,,0.01109388843178749
,,,5663,,0.011668974533677101
,,,5664,,0.0158766470849514
,,,5665,,0.013306406326591969
,,,5666,,0.011701136827468872
,,,5667,,0.015451734885573387
,,,5668,,0.012796777300536633
,,,5669,,0.015968061983585358
,,,5670,,0.012682205066084862
,,,5671,,0.012056896463036537
,,,5672,,0.01383602898567915
,,,5673,,0.013762789778411388
,,,5674,,0.011916650459170341
,,,5675,,0.014817412942647934
,,,5676,,0.012989054434001446
,,,5677,,0.01276187039911747
,,,5678,,0.005335204303264618
,,,5679,,0.004355940502136946
,,,5680,,0.003605634206905961
,,,5681,,0.0038284112233668566
,,,5682,,0.003209414193406701
,,,5683,,0.0032022360246628523
,,,5684,,0.0039459047839045525
,,,5685,,0.0034111137501895428
,,,5686,,0.004587317351251841
,,,5687,,0.0038537275977432728
,,,5688,,0.003750938456505537
,,,5689,,0.003557254560291767
,,,5690,,0.0037171661388128996
,,,5691,,0.012179742567241192
,,,5692,,0.017379797995090485
,,,5693,,0.0142670888453722
,,,5694,,0.013224761933088303
,,,5695,,0.005314209032803774
,,,5696,,0.04495271295309067
,,,5697,,0.010880055837333202
,,,5698,,0.033983927220106125
,,,5699,,0.018464628607034683
,,,5700,,0.01796405389904976
,,,5701,,0.024500694125890732
,,,5702,,0.025395307689905167
,,,5703,,0.02530623972415924
,,,5704,,0.025585375726222992
,,,5705,,0.02190617099404335
,,,5706,,0.033633068203926086
,,,5707,,0.0253007709980011
,,,5708,,0.10182739049196243
,,,5709,,0.08225787431001663
,,,5710,,0.07340998947620392
,,,5711,,0.07507932186126709
,,,5712,,0.10460683703422546
,,,5713,,0.06582136452198029
,,,5714,,0.07075928151607513
,,,5715,,0.08993728458881378
,,,5716,,0.0696309357881546
,,,5717,,0.08485908806324005
,,,5718,,0.07002029567956924
,,,5719,,0.07638514041900635
,,,5720,,0.08478555083274841
,,,5721,,0.08320630341768265
,,,5722,,0.0804852619767189
,,,5723,,0.07776182889938354
,,,5724,,0.036405932158231735
24,,,2024,0.017806941643357277,
24,0.01691330596804619,,2024,,
25,,0.016260219737887383,2029,,
25,,0.023386051878333092,2039,,
25,,0.011258026584982872,2049,,
25,,0.007172887213528156,2059,,
25,,0.013550677336752415,2069,,
25,,0.019375605508685112,2079,,
25,,0.01781926304101944,2089,,
25,,0.01520330086350441,2099,,
,,,5725,,0.0006700921803712845
,,,5726,,0.0006711583700962365
,,,5727,,0.0009668993297964334
,,,5728,,0.0006129959365352988
,,,5729,,0.0012376697268337011
,,,5730,,0.0005368235288187861
,,,5731,,0.0008054710342548788
,,,5732,,0.0005208805669099092
,,,5733,,0.0008302131900563836
,,,5734,,0.0005708335665985942
,,,5735,,0.0010595519561320543
,,,5736,,0.0011336524039506912
,,,5737,,0.0005609760992228985
,,,5738,,0.0007012736750766635
,,,5739,,0.0008823555544950068
,,,5740,,0.0006311453762464225
,,,5741,,0.001152808079496026
,,,5742,,0.0011294670403003693
,,,5743,,0.0009313034825026989
,,,5744,,0.001586331520229578
,,,5745,,0.0005138192209415138
,,,5746,,0.0005754536250606179
,,,5747,,0.0004580641398206353
,,,5748,,0.0012740852544084191
,,,5749,,0.001117208506911993
,,,5750,,0.0009536604629829526
,,,5751,,0.000871218100655824
,,,5752,,0.0076024155132472515
,,,5753,,0.020143689587712288
,,,5754,,0.017993930727243423
,,,5755,,0.01700756326317787
,,,5756,,0.018446505069732666
,,,5757,,0.01710333675146103
,,,5758,,0.08507576584815979
,,,5759,,0.027700940147042274
,,,5760,,0.015146376565098763
,,,5761,,0.01678609848022461
,,,5762,,0.011918201111257076
,,,5763,,0.007635701913386583
,,,5764,,0.015263255685567856
,,,5765,,0.010096617043018341
,,,5766,,0.008287623524665833
,,,5767,,0.01902197301387787
,,,5768,,0.01664205640554428
,,,5769,,0.00864284485578537
,,,5770,,0.022204343229532242
,,,5771,,0.011688771657645702
,,,5772,,0.004840340465307236
,,,5773,,0.012712737545371056
,,,5774,,0.0068703703582286835
,,,5775,,0.007830614224076271
,,,5776,,0.010688025504350662
,,,5777,,0.003816720098257065
,,,5778,,0.009334176778793335
,,,5779,,0.010109791532158852
,,,5780,,0.01876836270093918
,,,5781,,0.018653493374586105
,,,5782,,0.009309702552855015
,,,5783,,0.01351138949394226
,,,5784,,0.009210104122757912
,,,5785,,0.011793629266321659
,,,5786,,0.009504790417850018
,,,5787,,0.008931435644626617
,,,5788,,0.011960724368691444
,,,5789,,0.010542524047195911
,,,5790,,0.005776245146989822
,,,5791,,0.008991825394332409
,,,5792,,0.019064735621213913
,,,5793,,0.0104498490691185
,,,5794,,0.006134795490652323
,,,5795,,0.0074435207061469555
,,,5796,,0.0008222826290875673
,,,5797,,0.0015831994824111462
,,,5798,,0.0012769170571118593
,,,5799,,0.0011437053326517344
,,,5800,,0.000967057014349848
,,,5801,,0.0009619327029213309
,,,5802,,0.0006097909645177424
,,,5803,,0.0010204275604337454
,,,5804,,0.0006571471458300948
,,,5805,,0.0010793603723868728
,,,5806,,0.0011819147039204836
,,,5807,,0.0007513422751799226
,,,5808,,0.0010092128068208694
,,,5809,,0.016345739364624023
,,,5810,,0.02044176682829857
,,,5811,,0.019270986318588257
,,,5812,,0.05823679268360138
,,,5813,,0.04255852848291397
,,,5814,,0.032022543251514435
,,,5815,,0.05337607115507126
,,,5816,,0.049358218908309937
,,,5817,,0.018777646124362946
,,,5818,,0.019947772845625877
,,,5819,,0.02046363800764084
,,,5820,,0.014744202606379986
,,,5821,,0.017275208607316017
,,,5822,,0.019908510148525238
,,,5823,,0.01635099947452545
,,,5824,,0.017001140862703323
,,,5825,,0.0182034969329834
,,,5826,,0.01688222587108612
,,,5827,,0.015202345326542854
,,,5828,,0.013704312965273857
,,,5829,,0.01938391476869583
,,,5830,,0.018122052773833275
,,,5831,,0.02016577497124672
,,,5832,,0.0178200826048851
,,,5833,,0.0166771300137043
,,,5834,,0.022486742585897446
,,,5835,,0.019044779241085052
,,,5836,,0.014497089199721813
,,,5837,,0.0194251649081707
,,,5838,,0.019141988828778267
,,,5839,,0.016259687021374702
,,,5840,,0.016465619206428528
,,,5841,,0.012925758957862854
,,,5842,,0.01603407971560955
,,,5843,,0.014645219780504704
,,,5844,,0.016816485673189163
,,,5845,,0.013116098940372467
,,,5846,,0.014744062907993793
,,,5847,,0.01568153128027916
,,,5848,,0.01537761464715004
,,,5849,,0.014464490115642548
,,,5850,,0.015232352539896965
,,,5851,,0.012602116912603378
,,,5852,,0.012949468567967415
,,,5853,,0.01314634457230568
,,,5854,,0.017138460651040077
,,,5855,,0.014797646552324295
,,,5856,,0.017179837450385094
,,,5857,,0.01496310904622078
,,,5858,,0.017659461125731468
,,,5859,,0.016396336257457733
,,,5860,,0.015144829638302326
,,,5861,,0.014253182336688042
,,,5862,,0.016567973420023918
,,,5863,,0.01120787300169468
,,,5864,,0.012295093387365341
,,,5865,,0.010617569088935852
,,,5866,,0.010218517854809761
,,,5867,,0.01102491281926632
,,,5868,,0.01178241241723299
,,,5869,,0.010893048718571663
,,,5870,,0.011784249916672707
,,,5871,,0.01041647233068943
,,,5872,,0.01140710897743702
,,,5873,,0.009754901751875877
,,,5874,,0.00897800549864769
,,,5875,,0.010151192545890808
,,,5876,,0.011003718711435795
,,,5877,,0.011538932099938393
,,,5878,,0.011241973377764225
,,,5879,,0.011988706886768341
,,,5880,,0.011594547890126705
,,,5881,,0.011602581478655338
,,,5882,,0.010219752788543701
,,,5883,,0.010618907399475574
,,,5884,,0.01206890121102333
,,,5885,,0.010835876688361168
,,,5886,,0.01222149096429348
,,,5887,,0.013976993039250374
,,,5888,,0.012674347497522831
,,,5889,,0.012860567308962345
,,,5890,,0.011741489171981812
,,,5891,,0.010433996096253395
,,,5892,,0.010980891063809395
,,,5893,,0.015099836513400078
,,,5894,,0.012566391378641129
,,,5895,,0.011026762425899506
,,,5896,,0.014749845489859581
,,,5897,,0.012089012190699577
,,,5898,,0.015162324532866478
,,,5899,,0.011921907775104046
,,,5900,,0.011297577060759068
,,,5901,,0.013088323175907135
,,,5902,,0.012965414673089981
,,,5903,,0.011201485060155392
,,,5904,,0.014045757241547108
,,,5905,,0.012241620570421219
,,,5906,,0.01207028143107891
,,,5907,,0.004841504152864218
,,,5908,,0.0037603804375976324
,,,5909,,0.0031190284062176943
,,,5910,,0.0034368904307484627
,,,5911,,0.0027482917066663504
,,,5912,,0.002803686074912548
,,,5913,,0.0034937760792672634
,,,5914,,0.002996463095769286
,,,5915,,0.0040669734589755535
,,,5916,,0.003452520351856947
,,,5917,,0.003243058454245329
,,,5918,,0.003116027684882283
,,,5919,,0.0031865928322076797
,,,5920,,0.01195765845477581
,,,5921,,0.01626306027173996
,,,5922,,0.013794852420687675
,,,5923,,0.012363193556666374
,,,5924,,0.005431824363768101
,,,5925,,0.04522460699081421
,,,5926,,0.010444095358252525
,,,5927,,0.03291679173707962
,,,5928,,0.016801724210381508
,,,5929,,0.01642586477100849
,,,5930,,0.02501687780022621
,,,5931,,0.026032214984297752
,,,5932,,0.025497140362858772
,,,5933,,0.02695169672369957
,,,5934,,0.02263743430376053
,,,5935,,0.03259243816137314
,,,5936,,0.02501671575009823
,,,5937,,0.09963124990463257
,,,5938,,0.08206801861524582
,,,5939,,0.07216716557741165
,,,5940,,0.07340855896472931
,,,5941,,0.1034165769815445
,,,5942,,0.0650038868188858
,,,5943,,0.06864073872566223
,,,5944,,0.08841297030448914
,,,5945,,0.06846874952316284
,,,5946,,0.08299946784973145
,,,5947,,0.06830030679702759
,,,5948,,0.07412680983543396
,,,5949,,0.08347904682159424
,,,5950,,0.08188967406749725
,,,5951,,0.07946471869945526
,,,5952,,0.07566748559474945
,,,5953,,0.037669241428375244
25,,,2105,0.017127562314271927,
25,0.016779601573944092,,2105,,
26,,0.01733502186834812,2109,,
26,,0.030615726485848427,2119,,
26,,0.016413355246186256,2129,,
26,,0.01643967442214489,2139,,
26,,0.009706375189125538,2149,,
26,,0.01229896955192089,2159,,
26,,0.016360430046916008,2169,,
26,,0.026532914489507675,2179,,
,,,5954,,0.000955876661464572
,,,5955,,0.0010105726541951299
,,,5956,,0.0013025877997279167
,,,5957,,0.0008070197654888034
,,,5958,,0.0014237153809517622
,,,5959,,0.0007402191404253244
,,,5960,,0.001004735822789371
,,,5961,,0.0008066411828622222
,,,5962,,0.000923304760362953
,,,5963,,0.0007531556184403598
,,,5964,,0.0013006769586354494
,,,5965,,0.0014976863749325275
,,,5966,,0.0009359951363876462
,,,5967,,0.0008430468151345849
,,,5968,,0.0010716981487348676
,,,5969,,0.0007848944514989853
,,,5970,,0.0014504921855404973
,,,5971,,0.0012865958269685507
,,,5972,,0.0010572981555014849
,,,5973,,0.0017974006477743387
,,,5974,,0.000739509763661772
,,,5975,,0.0008249671664088964
,,,5976,,0.000678328622598201
,,,5977,,0.0014650319935753942
,,,5978,,0.001299535040743649
,,,5979,,0.0013120968360453844
,,,5980,,0.001118978951126337
,,,5981,,0.008540606126189232
,,,5982,,0.02069437876343727
,,,5983,,0.018338017165660858
,,,5984,,0.01759342849254608
,,,5985,,0.019076848402619362
,,,5986,,0.01767892763018608
,,,5987,,0.08514934778213501
,,,5988,,0.028218356892466545
,,,5989,,0.015675023198127747
,,,5990,,0.017497016116976738
,,,5991,,0.012821964919567108
,,,5992,,0.008714038878679276
,,,5993,,0.015980182215571404
,,,5994,,0.01090907771140337
,,,5995,,0.009353503584861755
,,,5996,,0.019496198743581772
,,,5997,,0.01735883392393589
,,,5998,,0.009699619375169277
,,,5999,,0.022971628233790398
,,,6000,,0.012503430247306824
,,,6001,,0.005864633247256279
,,,6002,,0.013464562594890594
,,,6003,,0.00764309661462903
,,,6004,,0.00881560891866684
,,,6005,,0.011632615700364113
,,,6006,,0.004599123261868954
,,,6007,,0.010050702840089798
,,,6008,,0.010679756291210651
,,,6009,,0.019351404160261154
,,,6010,,0.019049562513828278
,,,6011,,0.009791374206542969
,,,6012,,0.014584574848413467
,,,6013,,0.010076094418764114
,,,6014,,0.01265124324709177
,,,6015,,0.01004650630056858
,,,6016,,0.00950025487691164
,,,6017,,0.012864152900874615
,,,6018,,0.011617257259786129
,,,6019,,0.006217862945050001
,,,6020,,0.009577589109539986
,,,6021,,0.019370198249816895
,,,6022,,0.010755786672234535
,,,6023,,0.006688340567052364
,,,6024,,0.00835849903523922
,,,6025,,0.0014414412435144186
,,,6026,,0.00189125444740057
,,,6027,,0.0008864311967045069
,,,6028,,0.0014265780337154865
,,,6029,,0.0014670854434370995
,,,6030,,0.0015128063969314098
,,,6031,,0.001041460083797574
,,,6032,,0.0010069753043353558
,,,6033,,0.00098925840575248
,,,6034,,0.001492016133852303
,,,6035,,0.0012343920534476638
,,,6036,,0.0023877816274762154
,,,6037,,0.001540882745757699
,,,6038,,0.017207562923431396
,,,6039,,0.02067130245268345
,,,6040,,0.020759044215083122
,,,6041,,0.06195478513836861
,,,6042,,0.045925065875053406
,,,6043,,0.03439762443304062
,,,6044,,0.05509515106678009
,,,6045,,0.050931427627801895
,,,6046,,0.01982879638671875
,,,6047,,0.020291868597269058
,,,6048,,0.02075370028614998
,,,6049,,0.01541651040315628
,,,6050,,0.01780857890844345
,,,6051,,0.019959259778261185
,,,6052,,0.017035624012351036
,,,6053,,0.01759394258260727
,,,6054,,0.018639663234353065
,,,6055,,0.01759854517877102
,,,6056,,0.015939898788928986
,,,6057,,0.014008836820721626
,,,6058,,0.01988479122519493
,,,6059,,0.01855514757335186
,,,6060,,0.020618515089154243
,,,6061,,0.018190981820225716
,,,6062,,0.017094898968935013
,,,6063,,0.02269004099071026
,,,6064,,0.01952650025486946
,,,6065,,0.015135601162910461
,,,6066,,0.019655484706163406
,,,6067,,0.01966247335076332
,,,6068,,0.017550107091665268
,,,6069,,0.017467934638261795
,,,6070,,0.01420976035296917
,,,6071,,0.01664908230304718
,,,6072,,0.015105058439075947
,,,6073,,0.017519554123282433
,,,6074,,0.013753293082118034
,,,6075,,0.015528540126979351
,,,6076,,0.01653338223695755
,,,6077,,0.016195574775338173
,,,6078,,0.015016925521194935
,,,6079,,0.015973109751939774
,,,6080,,0.013373833149671555
,,,6081,,0.01358921080827713
,,,6082,,0.013610133901238441
,,,6083,,0.017612019553780556
,,,6084,,0.015310835093259811
,,,6085,,0.017571374773979187
,,,6086,,0.01531249564141035
,,,6087,,0.018440773710608482
,,,6088,,0.01686970144510269
,,,6089,,0.01589425839483738
,,,6090,,0.014739979058504105
,,,6091,,0.017341315746307373
,,,6092,,0.011631963774561882
,,,6093,,0.012603286653757095
,,,6094,,0.011303242295980453
,,,6095,,0.010757748037576675
,,,6096,,0.011509960517287254
,,,6097,,0.012151520699262619
,,,6098,,0.011249776929616928
,,,6099,,0.012234021909534931
,,,6100,,0.010840902104973793
,,,6101,,0.011761294677853584
,,,6102,,0.01056668721139431
,,,6103,,0.009354998357594013
,,,6104,,0.010502971708774567
,,,6105,,0.011320149526000023
,,,6106,,0.011827133595943451
,,,6107,,0.011698167771100998
,,,6108,,0.011942775920033455
,,,6109,,0.011872710660099983
,,,6110,,0.012047452852129936
,,,6111,,0.010637009516358376
,,,6112,,0.010840384289622307
,,,6113,,0.012381969019770622
,,,6114,,0.011271195486187935
,,,6115,,0.01267076376825571
,,,6116,,0.014369276352226734
,,,6117,,0.012978996150195599
,,,6118,,0.013310852460563183
,,,6119,,0.012072409503161907
,,,6120,,0.01083260029554367
,,,6121,,0.011430683545768261
,,,6122,,0.015558949671685696
,,,6123,,0.013171492144465446
,,,6124,,0.011328897438943386
,,,6125,,0.015117581933736801
,,,6126,,0.012506113387644291
,,,6127,,0.01540614478290081
,,,6128,,0.012370585463941097
,,,6129,,0.011690604500472546
,,,6130,,0.01343157421797514
,,,6131,,0.013404086232185364
,,,6132,,0.011720329523086548
,,,6133,,0.014443164691329002
,,,6134,,0.012726576067507267
,,,6135,,0.012440265156328678
,,,6136,,0.005371380597352982
,,,6137,,0.004297616425901651
,,,6138,,0.0033924083691090345
,,,6139,,0.003608308732509613
,,,6140,,0.0030401544645428658
,,,6141,,0.0031543252989649773
,,,6142,,0.003863441525027156
,,,6143,,0.003405755152925849
,,,6144,,0.004307029768824577
,,,6145,,0.004039907827973366
,,,6146,,0.003696384374052286
,,,6147,,0.003539864905178547
,,,6148,,0.00349640566855669
,,,6149,,0.011910880915820599
,,,6150,,0.01676890067756176
,,,6151,,0.013460737653076649
,,,6152,,0.012521849945187569
,,,6153,,0.004573455546051264
,,,6154,,0.042507633566856384
,,,6155,,0.010183298960328102
,,,6156,,0.03318542242050171
,,,6157,,0.01712217554450035
,,,6158,,0.01634923368692398
,,,6159,,0.022962726652622223
,,,6160,,0.0249733105301857
,,,6161,,0.023888150230050087
,,,6162,,0.025193922221660614
,,,6163,,0.020474515855312347
,,,6164,,0.03279964625835419
,,,6165,,0.024011580273509026
,,,6166,,0.09939921647310257
,,,6167,,0.0801297202706337
,,,6168,,0.07195187360048294
,,,6169,,0.07396048307418823
,,,6170,,0.10200586169958115
,,,6171,,0.06399060040712357
,,,6172,,0.06885972619056702
,,,6173,,0.08777254819869995
,,,6174,,0.06781139224767685
,,,6175,,0.08330889791250229
,,,6176,,0.06767240166664124
,,,6177,,0.07414066791534424
,,,6178,,0.08223415911197662
,,,6179,,0.08151160925626755
,,,6180,,0.07924751192331314
,,,6181,,0.07576890289783478
,,,6182,,0.037377532571554184
26,,,2186,0.017511708661913872,
26,0.016334684565663338,,2186,,
27,,0.029111647978425026,2189,,
27,,0.014273179695010185,2199,,
27,,0.015752406790852547,2209,,
27,,0.023301761597394943,2219,,
27,,0.01712597906589508,2229,,
27,,0.012895539402961731,2239,,
27,,0.012893840670585632,2249,,
27,,0.016767926514148712,2259,,
,,,6183,,0.0006901511223986745
,,,6184,,0.0006679854122921824
,,,6185,,0.0008898224332369864
,,,6186,,0.0007566878921352327
,,,6187,,0.0015702053206041455
,,,6188,,0.0005789110437035561
,,,6189,,0.0008799888892099261
,,,6190,,0.0005582499434240162
,,,6191,,0.0011079179821535945
,,,6192,,0.0005844674305990338
,,,6193,,0.0011673897970467806
,,,6194,,0.0011144585441797972
,,,6195,,0.0005922940908931196
,,,6196,,0.0007950752624310553
,,,6197,,0.0008877136278897524
,,,6198,,0.0006787719903513789
,,,6199,,0.00121205672621727
,,,6200,,0.0011918196687474847
,,,6201,,0.0011719583999365568
,,,6202,,0.001452916068956256
,,,6203,,0.0005388306453824043
,,,6204,,0.0005704635987058282
,,,6205,,0.0005297367461025715
,,,6206,,0.001160759711638093
,,,6207,,0.0010402309708297253
,,,6208,,0.0009505974594503641
,,,6209,,0.0008526839083060622
,,,6210,,0.007585947401821613
,,,6211,,0.020107083022594452
,,,6212,,0.01774745248258114
,,,6213,,0.016833044588565826
,,,6214,,0.018286649137735367
,,,6215,,0.0170929953455925
,,,6216,,0.08460772037506104
,,,6217,,0.027577653527259827
,,,6218,,0.015058057382702827
,,,6219,,0.016671091318130493
,,,6220,,0.01198514737188816
,,,6221,,0.007721775211393833
,,,6222,,0.015239615924656391
,,,6223,,0.009948216378688812
,,,6224,,0.008423523977398872
,,,6225,,0.018908986821770668
,,,6226,,0.016674216836690903
,,,6227,,0.008590437471866608
,,,6228,,0.02219283953309059
,,,6229,,0.01192387193441391
,,,6230,,0.004878400359302759
,,,6231,,0.012926450930535793
,,,6232,,0.006833181716501713
,,,6233,,0.007815037854015827
,,,6234,,0.010721644386649132
,,,6235,,0.003612387226894498
,,,6236,,0.009256196208298206
,,,6237,,0.010216285474598408
,,,6238,,0.018453996628522873
,,,6239,,0.01828034594655037
,,,6240,,0.009346074424684048
,,,6241,,0.013724606484174728
,,,6242,,0.009415976703166962
,,,6243,,0.011769620701670647
,,,6244,,0.009440449997782707
,,,6245,,0.008802587166428566
,,,6246,,0.012128899805247784
,,,6247,,0.010726071894168854
,,,6248,,0.005849670618772507
,,,6249,,0.008990190923213959
,,,6250,,0.01855645328760147
,,,6251,,0.010217107832431793
,,,6252,,0.005999148357659578
,,,6253,,0.007678212597966194
,,,6254,,0.000899048987776041
,,,6255,,0.0016657295636832714
,,,6256,,0.0006853246013633907
,,,6257,,0.0009459178545512259
,,,6258,,0.0008977948455139995
,,,6259,,0.0010640423279255629
,,,6260,,0.0007175779319368303
,,,6261,,0.0006380578270182014
,,,6262,,0.000712001696228981
,,,6263,,0.001142519642598927
,,,6264,,0.0008463815902359784
,,,6265,,0.0016544745303690434
,,,6266,,0.0011420954251661897
,,,6267,,0.01621135324239731
,,,6268,,0.019961096346378326
,,,6269,,0.019369881600141525
,,,6270,,0.06131995841860771
,,,6271,,0.04438004642724991
,,,6272,,0.03584987297654152
,,,6273,,0.0655677318572998
,,,6274,,0.060867778956890106
,,,6275,,0.020026741549372673
,,,6276,,0.019444122910499573
,,,6277,,0.019954798743128777
,,,6278,,0.014337882399559021
,,,6279,,0.016837332397699356
,,,6280,,0.01934649422764778
,,,6281,,0.016065094619989395
,,,6282,,0.01657135784626007
,,,6283,,0.01771276816725731
,,,6284,,0.016368810087442398
,,,6285,,0.014703487977385521
,,,6286,,0.01313578151166439
,,,6287,,0.018887225538492203
,,,6288,,0.017586223781108856
,,,6289,,0.01969035156071186
,,,6290,,0.017345916479825974
,,,6291,,0.01629243791103363
,,,6292,,0.02186637371778488
,,,6293,,0.018524594604969025
,,,6294,,0.014139777049422264
,,,6295,,0.01881103217601776
,,,6296,,0.018753334879875183
,,,6297,,0.016383090987801552
,,,6298,,0.016589883714914322
,,,6299,,0.012985201552510262
,,,6300,,0.01577402651309967
,,,6301,,0.014362812042236328
,,,6302,,0.01656968519091606
,,,6303,,0.012835809960961342
,,,6304,,0.014529777690768242
,,,6305,,0.015336595475673676
,,,6306,,0.015132875181734562
,,,6307,,0.014127736911177635
,,,6308,,0.014949684962630272
,,,6309,,0.012441257014870644
,,,6310,,0.01271694153547287
,,,6311,,0.01275020744651556
,,,6312,,0.016705449670553207
,,,6313,,0.01455647498369217
,,,6314,,0.016783960163593292
,,,6315,,0.014590493403375149
,,,6316,,0.017342550680041313
,,,6317,,0.016106627881526947
,,,6318,,0.014889510348439217
,,,6319,,0.013911908492445946
,,,6320,,0.01632428728044033
,,,6321,,0.010903086513280869
,,,6322,,0.011974863708019257
,,,6323,,0.010374408215284348
,,,6324,,0.009994443506002426
,,,6325,,0.01077725738286972
,,,6326,,0.011468250304460526
,,,6327,,0.010668504051864147
,,,6328,,0.011367717757821083
,,,6329,,0.010196255519986153
,,,6330,,0.011240852996706963
,,,6331,,0.009558510966598988
,,,6332,,0.008722109720110893
,,,6333,,0.009940939024090767
,,,6334,,0.010661197826266289
,,,6335,,0.011252906173467636
,,,6336,,0.011004794389009476
,,,6337,,0.011702438816428185
,,,6338,,0.011334065347909927
,,,6339,,0.011286057531833649
,,,6340,,0.00989663414657116
,,,6341,,0.010202277451753616
,,,6342,,0.011699290946125984
,,,6343,,0.010652336291968822
,,,6344,,0.011953584849834442
,,,6345,,0.013609927147626877
,,,6346,,0.012309783138334751
,,,6347,,0.012563378550112247
,,,6348,,0.011491790413856506
,,,6349,,0.0101641695946455
,,,6350,,0.010791614651679993
,,,6351,,0.01469271071255207
,,,6352,,0.012313496321439743
,,,6353,,0.010778628289699554
,,,6354,,0.014439407736063004
,,,6355,,0.011742597445845604
,,,6356,,0.014693547040224075
,,,6357,,0.011720341630280018
,,,6358,,0.011187603697180748
,,,6359,,0.01278478093445301
,,,6360,,0.012576013803482056
,,,6361,,0.010917779058218002
,,,6362,,0.013769401237368584
,,,6363,,0.011961023323237896
,,,6364,,0.011753514409065247
,,,6365,,0.0048764534294605255
,,,6366,,0.0037464869674295187
,,,6367,,0.0028991063591092825
,,,6368,,0.0031440788879990578
,,,6369,,0.0025912639684975147
,,,6370,,0.002667933702468872
,,,6371,,0.0033785407431423664
,,,6372,,0.002901522908359766
,,,6373,,0.0038935740012675524
,,,6374,,0.003530465764924884
,,,6375,,0.0031537350732833147
,,,6376,,0.0031446984503418207
,,,6377,,0.0030453461222350597
,,,6378,,0.010951059870421886
,,,6379,,0.015366185456514359
,,,6380,,0.012988061644136906
,,,6381,,0.012588448822498322
,,,6382,,0.004786426201462746
,,,6383,,0.041190795600414276
,,,6384,,0.009778935462236404
,,,6385,,0.031231366097927094
,,,6386,,0.01617339253425598
,,,6387,,0.01574673131108284
,,,6388,,0.022665590047836304
,,,6389,,0.024452008306980133
,,,6390,,0.0223848856985569
,,,6391,,0.022519586607813835
,,,6392,,0.02035808563232422
,,,6393,,0.030425213277339935
,,,6394,,0.023466525599360466
,,,6395,,0.09802617132663727
,,,6396,,0.07878337800502777
,,,6397,,0.06912119686603546
,,,6398,,0.07183801382780075
,,,6399,,0.09969473630189896
,,,6400,,0.06234070286154747
,,,6401,,0.06725297123193741
,,,6402,,0.08565293997526169
,,,6403,,0.06522221118211746
,,,6404,,0.0805581584572792
,,,6405,,0.06622646749019623
,,,6406,,0.07181684672832489
,,,6407,,0.08075490593910217
,,,6408,,0.07876740396022797
,,,6409,,0.07658649981021881
,,,6410,,0.0729517936706543
,,,6411,,0.03527558967471123
27,,,2267,0.016831953078508377,
27,0.017463713884353638,,2267,,
28,,0.008892901241779327,2269,,
28,,0.011588623747229576,2279,,
28,,0.015847675502300262,2289,,
28,,0.018738064914941788,2299,,
28,,0.013904286548495293,2309,,
28,,0.01770247146487236,2319,,
28,,0.014329885132610798,2329,,
28,,0.018125083297491074,2339,,
,,,6412,,0.0009601112687960267
,,,6413,,0.0008652505930513144
,,,6414,,0.0012834505178034306
,,,6415,,0.000879468338098377
,,,6416,,0.00139985594432801
,,,6417,,0.0008247330551967025
,,,6418,,0.0011702468618750572
,,,6419,,0.0008079631952568889
,,,6420,,0.0010335866827517748
,,,6421,,0.0008437865180894732
,,,6422,,0.0013560386141762137
,,,6423,,0.0015407679602503777
,,,6424,,0.0009035529801622033
,,,6425,,0.001002123230136931
,,,6426,,0.0012830651830881834
,,,6427,,0.0009638791088946164
,,,6428,,0.0014787378022447228
,,,6429,,0.0014011061284691095
,,,6430,,0.0011851281160488725
,,,6431,,0.00195209716912359
,,,6432,,0.000937108532525599
,,,6433,,0.0009162471396848559
,,,6434,,0.0008485409198328853
,,,6435,,0.001598226372152567
,,,6436,,0.0014541186392307281
,,,6437,,0.0012370862532407045
,,,6438,,0.0011921264231204987
,,,6439,,0.007240107282996178
,,,6440,,0.0195375494658947
,,,6441,,0.017253465950489044
,,,6442,,0.016353901475667953
,,,6443,,0.01781223714351654
,,,6444,,0.01653265953063965
,,,6445,,0.08370095491409302
,,,6446,,0.026933003216981888
,,,6447,,0.01452283188700676
,,,6448,,0.016180330887436867
,,,6449,,0.011562804691493511
,,,6450,,0.007289126515388489
,,,6451,,0.01471218466758728
,,,6452,,0.00960836373269558
,,,6453,,0.007839038968086243
,,,6454,,0.01803669147193432
,,,6455,,0.015922509133815765
,,,6456,,0.00811469741165638
,,,6457,,0.021194670349359512
,,,6458,,0.011127550154924393
,,,6459,,0.00441171508282423
,,,6460,,0.01204877533018589
,,,6461,,0.006386089138686657
,,,6462,,0.00744201522320509
,,,6463,,0.010192564688622952
,,,6464,,0.0033497936092317104
,,,6465,,0.00876694731414318
,,,6466,,0.009538078680634499
,,,6467,,0.018104106187820435
,,,6468,,0.017910098657011986
,,,6469,,0.008934123441576958
,,,6470,,0.013228571973741055
,,,6471,,0.009064365178346634
,,,6472,,0.011590704321861267
,,,6473,,0.009001650847494602
,,,6474,,0.008505038917064667
,,,6475,,0.01159695629030466
,,,6476,,0.010186468251049519
,,,6477,,0.005490207113325596
,,,6478,,0.00896594487130642
,,,6479,,0.018247604370117188
,,,6480,,0.010012106969952583
,,,6481,,0.005934982560575008
,,,6482,,0.0076006194576621056
,,,6483,,0.0010324673494324088
,,,6484,,0.0016031407285481691
,,,6485,,0.0006114477291703224
,,,6486,,0.0009855367243289948
,,,6487,,0.001062902738340199
,,,6488,,0.0011910288594663143
,,,6489,,0.0008767982944846153
,,,6490,,0.0006552331615239382
,,,6491,,0.0008309482946060598
,,,6492,,0.0011873755138367414
,,,6493,,0.0008463467238470912
,,,6494,,0.0022066528908908367
,,,6495,,0.0012789752800017595
,,,6496,,0.015067756175994873
,,,6497,,0.018523627892136574
,,,6498,,0.017756517976522446
,,,6499,,0.05523534491658211
,,,6500,,0.039747994393110275
,,,6501,,0.030794335529208183
,,,6502,,0.05280904471874237
,,,6503,,0.04866223782300949
,,,6504,,0.01819625496864319
,,,6505,,0.019004136323928833
,,,6506,,0.019534261897206306
,,,6507,,0.014043280854821205
,,,6508,,0.01650417223572731
,,,6509,,0.018987033516168594
,,,6510,,0.015637587755918503
,,,6511,,0.016274254769086838
,,,6512,,0.017563125118613243
,,,6513,,0.016317764297127724
,,,6514,,0.014360160566866398
,,,6515,,0.013053626753389835
,,,6516,,0.018554288893938065
,,,6517,,0.017292726784944534
,,,6518,,0.019149087369441986
,,,6519,,0.016995349898934364
,,,6520,,0.015971824526786804
,,,6521,,0.021556129679083824
,,,6522,,0.0182497538626194
,,,6523,,0.01395559310913086
,,,6524,,0.01849515736103058
,,,6525,,0.018319852650165558
,,,6526,,0.01488606259226799
,,,6527,,0.014905250631272793
,,,6528,,0.012049759738147259
,,,6529,,0.015400824137032032
,,,6530,,0.01422406267374754
,,,6531,,0.016465388238430023
,,,6532,,0.012760760262608528
,,,6533,,0.014352116733789444
,,,6534,,0.015231823548674583
,,,6535,,0.014886856079101562
,,,6536,,0.014029190875589848
,,,6537,,0.014940590597689152
,,,6538,,0.012206759303808212
,,,6539,,0.012666615657508373
,,,6540,,0.012823754921555519
,,,6541,,0.01657985895872116
,,,6542,,0.014422526583075523
,,,6543,,0.016566140577197075
,,,6544,,0.014638865366578102
,,,6545,,0.017189105972647667
,,,6546,,0.016040589660406113
,,,6547,,0.014747876673936844
,,,6548,,0.013866255059838295
,,,6549,,0.016124829649925232
,,,6550,,0.010936147533357143
,,,6551,,0.011899420991539955
,,,6552,,0.010567647404968739
,,,6553,,0.010038983076810837
,,,6554,,0.010698951780796051
,,,6555,,0.01147427223622799
,,,6556,,0.010384730994701385
,,,6557,,0.011354085057973862
,,,6558,,0.010218268260359764
,,,6559,,0.011166144162416458
,,,6560,,0.009391598403453827
,,,6561,,0.008867455646395683
,,,6562,,0.009881909005343914
,,,6563,,0.010843641124665737
,,,6564,,0.011047984473407269
,,,6565,,0.0108748534694314
,,,6566,,0.011525812558829784
,,,6567,,0.011121059767901897
,,,6568,,0.01136745698750019
,,,6569,,0.009997008368372917
,,,6570,,0.010282710194587708
,,,6571,,0.011603271588683128
,,,6572,,0.0105469711124897
,,,6573,,0.011937655508518219
,,,6574,,0.013485737144947052
,,,6575,,0.012257500551640987
,,,6576,,0.01239536888897419
,,,6577,,0.01138327270746231
,,,6578,,0.01010219193994999
,,,6579,,0.010632221587002277
,,,6580,,0.014568516984581947
,,,6581,,0.012290994636714458
,,,6582,,0.01065647229552269
,,,6583,,0.014336913824081421
,,,6584,,0.011604906991124153
,,,6585,,0.014602988958358765
,,,6586,,0.011612506583333015
,,,6587,,0.010944470763206482
,,,6588,,0.012599272653460503
,,,6589,,0.01245671883225441
,,,6590,,0.010848652571439743
,,,6591,,0.01354752667248249
,,,6592,,0.011864244006574154
,,,6593,,0.011595631018280983
,,,6594,,0.004579712636768818
,,,6595,,0.0035572871565818787
,,,6596,,0.0027727445121854544
,,,6597,,0.002938563469797373
,,,6598,,0.0024860261473804712
,,,6599,,0.002513497369363904
,,,6600,,0.003168392926454544
,,,6601,,0.002706830855458975
,,,6602,,0.0036085662432014942
,,,6603,,0.0032614818774163723
,,,6604,,0.0030093765817582607
,,,6605,,0.002951991744339466
,,,6606,,0.0028635181952267885
,,,6607,,0.010762602090835571
,,,6608,,0.01549091748893261
,,,6609,,0.012519699521362782
,,,6610,,0.011732609942555428
,,,6611,,0.0049623847007751465
,,,6612,,0.04130315035581589
,,,6613,,0.009844683110713959
,,,6614,,0.03104579448699951
,,,6615,,0.01619022712111473
,,,6616,,0.015139481984078884
,,,6617,,0.022484324872493744
,,,6618,,0.024858366698026657
,,,6619,,0.022158175706863403
,,,6620,,0.02197338454425335
,,,6621,,0.01991625502705574
,,,6622,,0.029396463185548782
,,,6623,,0.02360054850578308
,,,6624,,0.09616410732269287
,,,6625,,0.0786261260509491
,,,6626,,0.06851775199174881
,,,6627,,0.07096774131059647
,,,6628,,0.09842788428068161
,,,6629,,0.0611889474093914
,,,6630,,0.0666520968079567
,,,6631,,0.08447572588920593
,,,6632,,0.06458981335163116
,,,6633,,0.07868760079145432
,,,6634,,0.06555572897195816
,,,6635,,0.07099977880716324
,,,6636,,0.08018109202384949
,,,6637,,0.07759002596139908
,,,6638,,0.07569115608930588
,,,6639,,0.07193176448345184
,,,6640,,0.03590935468673706
28,,,2348,0.01640607789158821,
28,0.015759892761707306,,2348,,
29,,0.015275084413588047,2349,,
29,,0.01505504734814167,2359,,
29,,0.01411576196551323,2369,,
29,,0.015580661594867706,2379,,
29,,0.01406867429614067,2389,,
29,,0.01156616024672985,2399,,
29,,0.015918752178549767,2409,,
29,,0.01721600815653801,2419,,
29,,0.007564684841781855,2429,,
,,,6641,,0.0005861763493157923
,,,6642,,0.0005670356331393123
,,,6643,,0.0008753674919717014
,,,6644,,0.0005836050258949399
,,,6645,,0.0011515209916979074
,,,6646,,0.00046299491077661514
,,,6647,,0.000741274212487042
,,,6648,,0.0004470617859624326
,,,6649,,0.00080519774928689
,,,6650,,0.0004853818682022393
,,,6651,,0.0009832880459725857
,,,6652,,0.0010613370686769485
,,,6653,,0.00046070542884990573
,,,6654,,0.0005901377880945802
,,,6655,,0.0008200139855034649
,,,6656,,0.0005793292075395584
,,,6657,,0.0011100124102085829
,,,6658,,0.0009463668102398515
,,,6659,,0.0010206209262833
,,,6660,,0.0013992429012432694
,,,6661,,0.0004654623626265675
,,,6662,,0.0004809393431060016
,,,6663,,0.0004418286553118378
,,,6664,,0.0011221927125006914
,,,6665,,0.0009927648352459073
,,,6666,,0.0008373766904696822
,,,6667,,0.0007862403290346265
,,,6668,,0.007151658181101084
,,,6669,,0.019241850823163986
,,,6670,,0.016982071101665497
,,,6671,,0.016188455745577812
,,,6672,,0.01751042902469635
,,,6673,,0.016251610592007637
,,,6674,,0.08318591862916946
,,,6675,,0.026552453637123108
,,,6676,,0.014294368214905262
,,,6677,,0.0159384086728096
,,,6678,,0.01121749822050333
,,,6679,,0.007107744924724102
,,,6680,,0.014522655867040157
,,,6681,,0.009385954588651657
,,,6682,,0.00758967362344265
,,,6683,,0.01767197623848915
,,,6684,,0.015528243035078049
,,,6685,,0.008014385588467121
,,,6686,,0.020694665610790253
,,,6687,,0.010807188227772713
,,,6688,,0.004232087172567844
,,,6689,,0.011605087667703629
,,,6690,,0.0062462883070111275
,,,6691,,0.007287738379091024
,,,6692,,0.01000199094414711
,,,6693,,0.0032484696712344885
,,,6694,,0.008558593690395355
,,,6695,,0.009163273498415947
,,,6696,,0.01726190745830536
,,,6697,,0.017104431986808777
,,,6698,,0.008310379460453987
,,,6699,,0.012255308218300343
,,,6700,,0.008301638066768646
,,,6701,,0.010736935772001743
,,,6702,,0.008444593288004398
,,,6703,,0.007963020354509354
,,,6704,,0.010748839005827904
,,,6705,,0.009460993111133575
,,,6706,,0.005163928493857384
,,,6707,,0.008398172445595264
,,,6708,,0.017365049570798874
,,,6709,,0.009318394586443901
,,,6710,,0.005520053673535585
,,,6711,,0.006680849939584732
,,,6712,,0.0007154833292588592
,,,6713,,0.0013552882010117173
,,,6714,,0.0010258392430841923
,,,6715,,0.0009431246435269713
,,,6716,,0.000815954408608377
,,,6717,,0.0008513713255524635
,,,6718,,0.0005123559385538101
,,,6719,,0.0007953543099574745
,,,6720,,0.0005507716559804976
,,,6721,,0.000974181923083961
,,,6722,,0.0009406277094967663
,,,6723,,0.0008718802710063756
,,,6724,,0.0008990981732495129
,,,6725,,0.014316566288471222
,,,6726,,0.01771688461303711
,,,6727,,0.0167449489235878
,,,6728,,0.051077548414468765
,,,6729,,0.036587346345186234
,,,6730,,0.029312074184417725
,,,6731,,0.05079906806349754
,,,6732,,0.04754651337862015
,,,6733,,0.01750853843986988
,,,6734,,0.018301401287317276
,,,6735,,0.018677715212106705
,,,6736,,0.013437963090837002
,,,6737,,0.015954891219735146
,,,6738,,0.018376003950834274
,,,6739,,0.01518761646002531
,,,6740,,0.01556372083723545
,,,6741,,0.01671985723078251
,,,6742,,0.015200015157461166
,,,6743,,0.013785379007458687
,,,6744,,0.012560764327645302
,,,6745,,0.017768900841474533
,,,6746,,0.016638584434986115
,,,6747,,0.01844758167862892
,,,6748,,0.01643463969230652
,,,6749,,0.015463510528206825
,,,6750,,0.020664233714342117
,,,6751,,0.01752207987010479
,,,6752,,0.013276981189846992
,,,6753,,0.0179123654961586
,,,6754,,0.017671998590230942
,,,6755,,0.01425491739064455
,,,6756,,0.014308607205748558
,,,6757,,0.011442240327596664
,,,6758,,0.015009831637144089
,,,6759,,0.013673752546310425
,,,6760,,0.01590212993323803
,,,6761,,0.012173060327768326
,,,6762,,0.013874247670173645
,,,6763,,0.014497541822493076
,,,6764,,0.014250447042286396
,,,6765,,0.013505935668945312
,,,6766,,0.014171011745929718
,,,6767,,0.011845652014017105
,,,6768,,0.011977418325841427
,,,6769,,0.012151017785072327
,,,6770,,0.016046445816755295
,,,6771,,0.01378361415117979
,,,6772,,0.016033845022320747
,,,6773,,0.013923777267336845
,,,6774,,0.016513515263795853
,,,6775,,0.01530950702726841
,,,6776,,0.014115776866674423
,,,6777,,0.013297379948198795
,,,6778,,0.015367874875664711
,,,6779,,0.010385971516370773
,,,6780,,0.011378375813364983
,,,6781,,0.009726136922836304
,,,6782,,0.009417267516255379
,,,6783,,0.010160882025957108
,,,6784,,0.01083205733448267
,,,6785,,0.01021377369761467
,,,6786,,0.010694345459342003
,,,6787,,0.009731397032737732
,,,6788,,0.01046999916434288
,,,6789,,0.008853999897837639
,,,6790,,0.008138390257954597
,,,6791,,0.009416227228939533
,,,6792,,0.01002504862844944
,,,6793,,0.010608742013573647
,,,6794,,0.010308314114809036
,,,6795,,0.011229481548070908
,,,6796,,0.010852816514670849
,,,6797,,0.010708633810281754
,,,6798,,0.009298809804022312
,,,6799,,0.009554723277688026
,,,6800,,0.011323105543851852
,,,6801,,0.009976508095860481
,,,6802,,0.011182520538568497
,,,6803,,0.012773968279361725
,,,6804,,0.011539296247065067
,,,6805,,0.011790696531534195
,,,6806,,0.010700020007789135
,,,6807,,0.009458236396312714
,,,6808,,0.010028825141489506
,,,6809,,0.013878220692276955
,,,6810,,0.01153186708688736
,,,6811,,0.00997332762926817
,,,6812,,0.01361319050192833
,,,6813,,0.01095557026565075
,,,6814,,0.013843478634953499
,,,6815,,0.010960806161165237
,,,6816,,0.010368943214416504
,,,6817,,0.011966272257268429
,,,6818,,0.011726069264113903
,,,6819,,0.010232687927782536
,,,6820,,0.012833699584007263
,,,6821,,0.011220619082450867
,,,6822,,0.011015352793037891
,,,6823,,0.004116604570299387
,,,6824,,0.0032744205091148615
,,,6825,,0.0026168711483478546
,,,6826,,0.0028083091601729393
,,,6827,,0.002353518269956112
,,,6828,,0.0023097051307559013
,,,6829,,0.0029798042960464954
,,,6830,,0.002435213653370738
,,,6831,,0.0033620186150074005
,,,6832,,0.0028532613068819046
,,,6833,,0.0027701540384441614
,,,6834,,0.002662310376763344
,,,6835,,0.002699315780773759
,,,6836,,0.009935043752193451
,,,6837,,0.013809211552143097
,,,6838,,0.012098184786736965
,,,6839,,0.011093152686953545
,,,6840,,0.004305816255509853
,,,6841,,0.038213446736335754
,,,6842,,0.009127598255872726
,,,6843,,0.030423220247030258
,,,6844,,0.01585420034825802
,,,6845,,0.013950895518064499
,,,6846,,0.02138308808207512
,,,6847,,0.02349158003926277
,,,6848,,0.020921414718031883
,,,6849,,0.02081093192100525
,,,6850,,0.019339870661497116
,,,6851,,0.028569411486387253
,,,6852,,0.022833917289972305
,,,6853,,0.09391319006681442
,,,6854,,0.07589109241962433
,,,6855,,0.0663524717092514
,,,6856,,0.06922455132007599
,,,6857,,0.09588268399238586
,,,6858,,0.059188246726989746
,,,6859,,0.06395800411701202
,,,6860,,0.08207794278860092
,,,6861,,0.0627024918794632
,,,6862,,0.076443612575531
,,,6863,,0.06323105096817017
,,,6864,,0.06873200833797455
,,,6865,,0.07789839059114456
,,,6866,,0.07561609894037247
,,,6867,,0.07325197756290436
,,,6868,,0.06959693878889084
,,,6869,,0.034318722784519196
29,,,2429,0.015703793615102768,
29,0.01545393094420433,,2429,,
30,,0.008343222551047802,2439,,
30,,0.015337248332798481,2449,,
30,,0.020809128880500793,2459,,
30,,0.024430176243185997,2469,,
30,,0.01149811688810587,2479,,
30,,0.01427757740020752,2489,,
30,,0.016530543565750122,2499,,
30,,0.011496033519506454,2509,,
,,,6870,,0.0005835728952661157
,,,6871,,0.0005383840762078762
,,,6872,,0.0008539988193660975
,,,6873,,0.0005447875009849668
,,,6874,,0.0010190323228016496
,,,6875,,0.0004768860526382923
,,,6876,,0.0007225392619147897
,,,6877,,0.0004525526601355523
,,,6878,,0.0007028395775705576
,,,6879,,0.00047982227988541126
,,,6880,,0.0009955682326108217
,,,6881,,0.001038264250382781
,,,6882,,0.0005081322742626071
,,,6883,,0.0006033984827809036
,,,6884,,0.0008742116624489427
,,,6885,,0.0005721206543967128
,,,6886,,0.0010844445787370205
,,,6887,,0.0009640880743972957
,,,6888,,0.000842010835185647
,,,6889,,0.0015210886485874653
,,,6890,,0.0005249278037808836
,,,6891,,0.0005083871074020863
,,,6892,,0.0004444435180630535
,,,6893,,0.0011584390886127949
,,,6894,,0.0010178047232329845
,,,6895,,0.0008453323389403522
,,,6896,,0.0007961759110912681
,,,6897,,0.00703838188201189
,,,6898,,0.019221488386392593
,,,6899,,0.016963783651590347
,,,6900,,0.01609664596617222
,,,6901,,0.017498793080449104
,,,6902,,0.016207637265324593
,,,6903,,0.08274532854557037
,,,6904,,0.026462435722351074
,,,6905,,0.01424393430352211
,,,6906,,0.015933379530906677
,,,6907,,0.011237898841500282
,,,6908,,0.0070465379394590855
,,,6909,,0.014381811022758484
,,,6910,,0.00930056907236576
,,,6911,,0.007414520252496004
,,,6912,,0.0174460019916296
,,,6913,,0.015303942374885082
,,,6914,,0.008094120770692825
,,,6915,,0.020310431718826294
,,,6916,,0.01068468764424324
,,,6917,,0.004315737634897232
,,,6918,,0.01133820228278637
,,,6919,,0.006249919533729553
,,,6920,,0.007265226915478706
,,,6921,,0.009937326423823833
,,,6922,,0.0033090906217694283
,,,6923,,0.00849989615380764
,,,6924,,0.008888485841453075
,,,6925,,0.01674887165427208
,,,6926,,0.01673988625407219
,,,6927,,0.007964080199599266
,,,6928,,0.011892848648130894
,,,6929,,0.008229132741689682
,,,6930,,0.010533975437283516
,,,6931,,0.008163821883499622
,,,6932,,0.007631467189639807
,,,6933,,0.01042284443974495
,,,6934,,0.009183015674352646
,,,6935,,0.004882287234067917
,,,6936,,0.008049817755818367
,,,6937,,0.017117999494075775
,,,6938,,0.009000207297503948
,,,6939,,0.005196944810450077
,,,6940,,0.006607748568058014
,,,6941,,0.0006783482385799289
,,,6942,,0.0012928799260407686
,,,6943,,0.0007987449644133449
,,,6944,,0.0007903830846771598
,,,6945,,0.0007529162685386837
,,,6946,,0.0008321591885760427
,,,6947,,0.0005334924208000302
,,,6948,,0.0006592953577637672
,,,6949,,0.0005554953240789473
,,,6950,,0.00093978235963732
,,,6951,,0.0007615617359988391
,,,6952,,0.001203904626891017
,,,6953,,0.0009095764835365117
,,,6954,,0.013887753710150719
,,,6955,,0.0170801542699337
,,,6956,,0.016201578080654144
,,,6957,,0.04950103163719177
,,,6958,,0.03584554046392441
,,,6959,,0.02776312455534935
,,,6960,,0.047644540667533875
,,,6961,,0.04412306100130081
,,,6962,,0.016689008101820946
,,,6963,,0.017800334841012955
,,,6964,,0.018215561285614967
,,,6965,,0.013060064055025578
,,,6966,,0.015453347936272621
,,,6967,,0.017725516110658646
,,,6968,,0.014695224352180958
,,,6969,,0.015170928090810776
,,,6970,,0.016359930858016014
,,,6971,,0.014934897422790527
,,,6972,,0.013436516746878624
,,,6973,,0.012105059809982777
,,,6974,,0.01722921058535576
,,,6975,,0.01605045236647129
,,,6976,,0.018020227551460266
,,,6977,,0.015934767201542854
,,,6978,,0.01493475865572691
,,,6979,,0.020090404897928238
,,,6980,,0.017072893679142
,,,6981,,0.012915464118123055
,,,6982,,0.017383882775902748
,,,6983,,0.01709187962114811
,,,6984,,0.013920020312070847
,,,6985,,0.013944612815976143
,,,6986,,0.011249948292970657
,,,6987,,0.014641150832176208
,,,6988,,0.013335349038243294
,,,6989,,0.015502462163567543
,,,6990,,0.011964889243245125
,,,6991,,0.013519927859306335
,,,6992,,0.014411738142371178
,,,6993,,0.014039500616490841
,,,6994,,0.013178907334804535
,,,6995,,0.014024671167135239
,,,6996,,0.01150444708764553
,,,6997,,0.011816342361271381
,,,6998,,0.011930909007787704
,,,6999,,0.015578372403979301
,,,7000,,0.013558564707636833
,,,7001,,0.015628796070814133
,,,7002,,0.013658681884407997
,,,7003,,0.016268959268927574
,,,7004,,0.015025395900011063
,,,7005,,0.013892970979213715
,,,7006,,0.01298804022371769
,,,7007,,0.015178028494119644
,,,7008,,0.010078513994812965
,,,7009,,0.010904466733336449
,,,7010,,0.009577222168445587
,,,7011,,0.009128710255026817
,,,7012,,0.009802235290408134
,,,7013,,0.010552851483225822
,,,7014,,0.009645016863942146
,,,7015,,0.010442523285746574
,,,7016,,0.009328681044280529
,,,7017,,0.01013080682605505
,,,7018,,0.00863431766629219
,,,7019,,0.007965106517076492
,,,7020,,0.009008392691612244
,,,7021,,0.009785635396838188
,,,7022,,0.010202989913523197
,,,7023,,0.00999967660754919
,,,7024,,0.010580163449048996
,,,7025,,0.010303985327482224
,,,7026,,0.010397814214229584
,,,7027,,0.00906599685549736
,,,7028,,0.009381229989230633
,,,7029,,0.010843226686120033
,,,7030,,0.009730501100420952
,,,7031,,0.01097123697400093
,,,7032,,0.012500837445259094
,,,7033,,0.011353742331266403
,,,7034,,0.011526420712471008
,,,7035,,0.010482154786586761
,,,7036,,0.00928725115954876
,,,7037,,0.009835833683609962
,,,7038,,0.013601076789200306
,,,7039,,0.011316126212477684
,,,7040,,0.009813494049012661
,,,7041,,0.01336795836687088
,,,7042,,0.010729664005339146
,,,7043,,0.013519089668989182
,,,7044,,0.010736559517681599
,,,7045,,0.010068628937005997
,,,7046,,0.011703583411872387
,,,7047,,0.011470342054963112
,,,7048,,0.010007365606725216
,,,7049,,0.012582136318087578
,,,7050,,0.01103971153497696
,,,7051,,0.010781075805425644
,,,7052,,0.004141069017350674
,,,7053,,0.0032525784336030483
,,,7054,,0.002572390716522932
,,,7055,,0.0027815885841846466
,,,7056,,0.0023092019837349653
,,,7057,,0.00230202148668468
,,,7058,,0.002942007966339588
,,,7059,,0.002437375485897064
,,,7060,,0.003397637978196144
,,,7061,,0.0029069529846310616
,,,7062,,0.0027552677784115076
,,,7063,,0.0026228821370750666
,,,7064,,0.0026426950935274363
,,,7065,,0.01027629803866148
,,,7066,,0.014345455914735794
,,,7067,,0.012106556445360184
,,,7068,,0.011759215965867043
,,,7069,,0.004373729228973389
,,,7070,,0.03673791512846947
,,,7071,,0.008948082104325294
,,,7072,,0.030218273401260376
,,,7073,,0.015269387513399124
,,,7074,,0.014529094099998474
,,,7075,,0.020954802632331848
,,,7076,,0.0225756224244833
,,,7077,,0.0203804150223732
,,,7078,,0.02108684927225113
,,,7079,,0.018077395856380463
,,,7080,,0.029103141278028488
,,,7081,,0.02281102165579796
,,,7082,,0.09314671158790588
,,,7083,,0.07562370598316193
,,,7084,,0.065125972032547
,,,7085,,0.06886095553636551
,,,7086,,0.09473433345556259
,,,7087,,0.058806225657463074
,,,7088,,0.06337504088878632
,,,7089,,0.08166937530040741
,,,7090,,0.06158582493662834
,,,7091,,0.07559845596551895
,,,7092,,0.06309360265731812
,,,7093,,0.06843957304954529
,,,7094,,0.07755310833454132
,,,7095,,0.07517336308956146
,,,7096,,0.07172609865665436
,,,7097,,0.06873224675655365
,,,7098,,0.03375823795795441
30,,,2510,0.015424123033881187,
30,0.015037172473967075,,2510,,
31,,0.013534633442759514,2519,,
31,,0.014353219419717789,2529,,
31,,0.008565633557736874,2539,,
31,,0.015593570657074451,2549,,
31,,0.009449572302401066,2559,,
31,,0.013365494087338448,2569,,
31,,0.022160671651363373,2579,,
31,,0.011201886460185051,2589,,
,,,7099,,0.0006041107699275017
,,,7100,,0.000595622172113508
,,,7101,,0.0008349445415660739
,,,7102,,0.0005603020545095205
,,,7103,,0.0010465369559824467
,,,7104,,0.00046982947969809175
,,,7105,,0.0007142957765609026
,,,7106,,0.0004613588680513203
,,,7107,,0.0007365290075540543
,,,7108,,0.0004954696632921696
,,,7109,,0.0010168584994971752
,,,7110,,0.0010110227158293128
,,,7111,,0.0005044781137257814
,,,7112,,0.0006373856449499726
,,,7113,,0.0008651382522657514
,,,7114,,0.0006242848467081785
,,,7115,,0.0011058914242312312
,,,7116,,0.0010295896790921688
,,,7117,,0.0009347856976091862
,,,7118,,0.00147629261482507
,,,7119,,0.0005382111994549632
,,,7120,,0.0005736424936912954
,,,7121,,0.00046769759501330554
,,,7122,,0.001157271908596158
,,,7123,,0.0010419669561088085
,,,7124,,0.0008955398807302117
,,,7125,,0.0008472072659060359
,,,7126,,0.007193362805992365
,,,7127,,0.019194215536117554
,,,7128,,0.016906090080738068
,,,7129,,0.016184628009796143
,,,7130,,0.017498675733804703
,,,7131,,0.01621146686375141
,,,7132,,0.0826970785856247
,,,7133,,0.026469174772500992
,,,7134,,0.014207001775503159
,,,7135,,0.01597956381738186
,,,7136,,0.011202494613826275
,,,7137,,0.007107625715434551
,,,7138,,0.014454441145062447
,,,7139,,0.009520027786493301
,,,7140,,0.0077080680057406425
,,,7141,,0.017605645582079887
,,,7142,,0.015608345158398151
,,,7143,,0.00835498794913292
,,,7144,,0.0205501988530159
,,,7145,,0.010902276262640953
,,,7146,,0.004585159011185169
,,,7147,,0.011515755206346512
,,,7148,,0.006382170133292675
,,,7149,,0.0075469184666872025
,,,7150,,0.01015571691095829
,,,7151,,0.003612666390836239
,,,7152,,0.008683841675519943
,,,7153,,0.008798247203230858
,,,7154,,0.01667315512895584
,,,7155,,0.016465339809656143
,,,7156,,0.008089842274785042
,,,7157,,0.011760281398892403
,,,7158,,0.007965223863720894
,,,7159,,0.010419728234410286
,,,7160,,0.008164016529917717
,,,7161,,0.007695657201111317
,,,7162,,0.010298384353518486
,,,7163,,0.00897693820297718
,,,7164,,0.0049860505387187
,,,7165,,0.008035161532461643
,,,7166,,0.016943544149398804
,,,7167,,0.009200770407915115
,,,7168,,0.005480173043906689
,,,7169,,0.006444471888244152
,,,7170,,0.0006944973720237613
,,,7171,,0.0014261838514357805
,,,7172,,0.001094153500162065
,,,7173,,0.0008916974766179919
,,,7174,,0.000805562362074852
,,,7175,,0.0008463372942060232
,,,7176,,0.0005303688813000917
,,,7177,,0.0008593604434281588
,,,7178,,0.0005942111602053046
,,,7179,,0.000985743128694594
,,,7180,,0.0009024681057780981
,,,7181,,0.000796538544818759
,,,7182,,0.0009497866267338395
,,,7183,,0.014153092168271542
,,,7184,,0.01736859418451786
,,,7185,,0.016598667949438095
,,,7186,,0.05123624578118324
,,,7187,,0.037183258682489395
,,,7188,,0.028430480509996414
,,,7189,,0.047468289732933044
,,,7190,,0.044396936893463135
,,,7191,,0.016860198229551315
,,,7192,,0.018205344676971436
,,,7193,,0.018678203225135803
,,,7194,,0.0133863165974617
,,,7195,,0.01577250100672245
,,,7196,,0.018108226358890533
,,,7197,,0.01500767096877098
,,,7198,,0.01553378812968731
,,,7199,,0.016586806625127792
,,,7200,,0.015126446262001991
,,,7201,,0.013792850077152252
,,,7202,,0.01260620728135109
,,,7203,,0.01756403036415577
,,,7204,,0.016525933519005775
,,,7205,,0.01839292421936989
,,,7206,,0.016337817534804344
,,,7207,,0.015340080484747887
,,,7208,,0.02054990828037262
,,,7209,,0.017355792224407196
,,,7210,,0.013238875195384026
,,,7211,,0.017864009365439415
,,,7212,,0.017475686967372894
,,,7213,,0.014254799112677574
,,,7214,,0.014224305748939514
,,,7215,,0.01125979982316494
,,,7216,,0.014731107279658318
,,,7217,,0.01340356282889843
,,,7218,,0.01554975938051939
,,,7219,,0.01197509840130806
,,,7220,,0.013551011681556702
,,,7221,,0.014269704930484295
,,,7222,,0.01408236101269722
,,,7223,,0.013380948454141617
,,,7224,,0.013766637071967125
,,,7225,,0.011605450883507729
,,,7226,,0.011793720535933971
,,,7227,,0.012017514556646347
,,,7228,,0.01580362394452095
,,,7229,,0.013530876487493515
,,,7230,,0.015780724585056305
,,,7231,,0.01367161888629198
,,,7232,,0.016092516481876373
,,,7233,,0.015075679868459702
,,,7234,,0.013871530070900917
,,,7235,,0.013141093775629997
,,,7236,,0.015094907954335213
,,,7237,,0.01022723875939846
,,,7238,,0.011147091165184975
,,,7239,,0.0095650814473629
,,,7240,,0.009358739480376244
,,,7241,,0.009979791939258575
,,,7242,,0.010568985715508461
,,,7243,,0.010032537393271923
,,,7244,,0.010507330298423767
,,,7245,,0.00956123135983944
,,,7246,,0.010160641744732857
,,,7247,,0.008789628744125366
,,,7248,,0.008107919245958328
,,,7249,,0.009298594668507576
,,,7250,,0.009902825579047203
,,,7251,,0.010446841828525066
,,,7252,,0.01013602688908577
,,,7253,,0.010941723361611366
,,,7254,,0.010652830824255943
,,,7255,,0.010543331503868103
,,,7256,,0.00914524681866169
,,,7257,,0.00947626493871212
,,,7258,,0.011094743385910988
,,,7259,,0.00985803734511137
,,,7260,,0.01103399321436882
,,,7261,,0.01255971658974886
,,,7262,,0.011417608708143234
,,,7263,,0.011655937880277634
,,,7264,,0.010628551244735718
,,,7265,,0.009398207068443298
,,,7266,,0.009934899397194386
,,,7267,,0.01370295137166977
,,,7268,,0.01133684441447258
,,,7269,,0.009931324049830437
,,,7270,,0.013444438576698303
,,,7271,,0.010819809511303902
,,,7272,,0.013612793758511543
,,,7273,,0.01088846568018198
,,,7274,,0.010196062736213207
,,,7275,,0.011901894584298134
,,,7276,,0.011657070368528366
,,,7277,,0.010114005766808987
,,,7278,,0.012676700949668884
,,,7279,,0.01112249493598938
,,,7280,,0.01079561747610569
,,,7281,,0.004072976298630238
,,,7282,,0.003325996221974492
,,,7283,,0.002678505377843976
,,,7284,,0.0029153856448829174
,,,7285,,0.002425610087811947
,,,7286,,0.0024508689530193806
,,,7287,,0.003183856140822172
,,,7288,,0.0025318751577287912
,,,7289,,0.003411718178540468
,,,7290,,0.0028585311956703663
,,,7291,,0.0028091352432966232
,,,7292,,0.002571040764451027
,,,7293,,0.002821718342602253
,,,7294,,0.010707909241318703
,,,7295,,0.014402678236365318
,,,7296,,0.012041788548231125
,,,7297,,0.011364474892616272
,,,7298,,0.0042518191039562225
,,,7299,,0.03989146649837494
,,,7300,,0.008747970685362816
,,,7301,,0.028072534129023552
,,,7302,,0.016034970059990883
,,,7303,,0.014820050448179245
,,,7304,,0.021979112178087234
,,,7305,,0.0239097997546196
,,,7306,,0.022740734741091728
,,,7307,,0.021862022578716278
,,,7308,,0.019246811047196388
,,,7309,,0.030855346471071243
,,,7310,,0.02237376943230629
,,,7311,,0.09222415834665298
,,,7312,,0.07458492368459702
,,,7313,,0.06480062007904053
,,,7314,,0.06766251474618912
,,,7315,,0.09446966648101807
,,,7316,,0.05792427808046341
,,,7317,,0.06322723627090454
,,,7318,,0.08118964731693268
,,,7319,,0.06133796274662018
,,,7320,,0.07543022930622101
,,,7321,,0.062448542565107346
,,,7322,,0.06750127673149109
,,,7323,,0.07723648101091385
,,,7324,,0.07417206466197968
,,,7325,,0.07115045189857483
,,,7326,,0.06826683133840561
,,,7327,,0.03348374739289284
31,,,2591,0.015533746220171452,
31,0.014983713626861572,,2591,,
32,,0.015848608687520027,2599,,
32,,0.011992557905614376,2609,,
32,,0.008785538375377655,2619,,
32,,0.012541755102574825,2629,,
32,,0.012724582105875015,2639,,
32,,0.011670701205730438,2649,,
32,,0.015997925773262978,2659,,
32,,0.010831497609615326,2669,,
,,,7328,,0.0007214474026113749
,,,7329,,0.0006537532899528742
,,,7330,,0.0009580570622347295
,,,7331,,0.0007273394148796797
,,,7332,,0.0011631303932517767
,,,7333,,0.0006614144658669829
,,,7334,,0.0009174355072900653
,,,7335,,0.0006059525767341256
,,,7336,,0.0008524605073034763
,,,7337,,0.0006340713007375598
,,,7338,,0.0011720681795850396
,,,7339,,0.001197196077555418
,,,7340,,0.0006896171835251153
,,,7341,,0.0007483056397177279
,,,7342,,0.0009512293618172407
,,,7343,,0.0006695803604088724
,,,7344,,0.001126366201788187
,,,7345,,0.0009905145270749927
,,,7346,,0.0009287161519750953
,,,7347,,0.0015252374578267336
,,,7348,,0.0006635828176513314
,,,7349,,0.0006171543500386178
,,,7350,,0.0005829233559779823
,,,7351,,0.0011678515002131462
,,,7352,,0.0010849549435079098
,,,7353,,0.0009272401221096516
,,,7354,,0.0009131421102210879
,,,7355,,0.00729827955365181
,,,7356,,0.019274773076176643
,,,7357,,0.016923150047659874
,,,7358,,0.01616397686302662
,,,7359,,0.01749665103852749
,,,7360,,0.01627235859632492
,,,7361,,0.08264760673046112
,,,7362,,0.026481708511710167
,,,7363,,0.014239821583032608
,,,7364,,0.015947535634040833
,,,7365,,0.011526855640113354
,,,7366,,0.007304606959223747
,,,7367,,0.014618909917771816
,,,7368,,0.00955016165971756
,,,7369,,0.007770671509206295
,,,7370,,0.017329324036836624
,,,7371,,0.015405813232064247
,,,7372,,0.008203934878110886
,,,7373,,0.020347796380519867
,,,7374,,0.010816330090165138
,,,7375,,0.004578076768666506
,,,7376,,0.011564217507839203
,,,7377,,0.006436844356358051
,,,7378,,0.0075773438438773155
,,,7379,,0.010206451639533043
,,,7380,,0.0035493425093591213
,,,7381,,0.008701616898179054
,,,7382,,0.008644521236419678
,,,7383,,0.01612330973148346
,,,7384,,0.015982603654265404
,,,7385,,0.00788034126162529
,,,7386,,0.011450828053057194
,,,7387,,0.007818052545189857
,,,7388,,0.009987452998757362
,,,7389,,0.007774964906275272
,,,7390,,0.007402805145829916
,,,7391,,0.010063674300909042
,,,7392,,0.008899783715605736
,,,7393,,0.00497660506516695
,,,7394,,0.008005616255104542
,,,7395,,0.016335170716047287
,,,7396,,0.00873906072229147
,,,7397,,0.0052135419100522995
,,,7398,,0.006496488116681576
,,,7399,,0.0008870675228536129
,,,7400,,0.00142912776209414
,,,7401,,0.0005441946559585631
,,,7402,,0.0008507386082783341
,,,7403,,0.0008608940988779068
,,,7404,,0.0010251093190163374
,,,7405,,0.0007687798934057355
,,,7406,,0.0005968805635347962
,,,7407,,0.0007634307257831097
,,,7408,,0.001075357897207141
,,,7409,,0.0007240292616188526
,,,7410,,0.0019695786759257317
,,,7411,,0.0011069757165387273
,,,7412,,0.014387208968400955
,,,7413,,0.01735459826886654
,,,7414,,0.01709946244955063
,,,7415,,0.050042785704135895
,,,7416,,0.036682773381471634
,,,7417,,0.027956156060099602
,,,7418,,0.04584084078669548
,,,7419,,0.04234440252184868
,,,7420,,0.016408201307058334
,,,7421,,0.017428161576390266
,,,7422,,0.017756015062332153
,,,7423,,0.012894567102193832
,,,7424,,0.01511666551232338
,,,7425,,0.0173722505569458
,,,7426,,0.014424670487642288
,,,7427,,0.014916679821908474
,,,7428,,0.0159309059381485
,,,7429,,0.014716197736561298
,,,7430,,0.013228606432676315
,,,7431,,0.011968119069933891
,,,7432,,0.01691337302327156
,,,7433,,0.015770811587572098
,,,7434,,0.017585769295692444
,,,7435,,0.015582231804728508
,,,7436,,0.014579550363123417
,,,7437,,0.01963692158460617
,,,7438,,0.016692765057086945
,,,7439,,0.012713951990008354
,,,7440,,0.016990352421998978
,,,7441,,0.016794072464108467
,,,7442,,0.01415090262889862
,,,7443,,0.014218264259397984
,,,7444,,0.01135502103716135
,,,7445,,0.014287754893302917
,,,7446,,0.012967010028660297
,,,7447,,0.015202008187770844
,,,7448,,0.011787427589297295
,,,7449,,0.013171537779271603
,,,7450,,0.013960366137325764
,,,7451,,0.013703523203730583
,,,7452,,0.01287958212196827
,,,7453,,0.013566549867391586
,,,7454,,0.01137632317841053
,,,7455,,0.011497865431010723
,,,7456,,0.011720605194568634
,,,7457,,0.015292469412088394
,,,7458,,0.013256186619400978
,,,7459,,0.01531158946454525
,,,7460,,0.013310772366821766
,,,7461,,0.015816934406757355
,,,7462,,0.014694608747959137
,,,7463,,0.013564595952630043
,,,7464,,0.012730671092867851
,,,7465,,0.01485813781619072
,,,7466,,0.009954061359167099
,,,7467,,0.01067802868783474
,,,7468,,0.009293731302022934
,,,7469,,0.008914398960769176
,,,7470,,0.009572768583893776
,,,7471,,0.010234729386866093
,,,7472,,0.009557658806443214
,,,7473,,0.01033509150147438
,,,7474,,0.009142297320067883
,,,7475,,0.009855542331933975
,,,7476,,0.008520607836544514
,,,7477,,0.007797168102115393
,,,7478,,0.008811643347144127
,,,7479,,0.009619253687560558
,,,7480,,0.010096115991473198
,,,7481,,0.009778196923434734
,,,7482,,0.010420736856758595
,,,7483,,0.010063396766781807
,,,7484,,0.0101259034126997
,,,7485,,0.008927468210458755
,,,7486,,0.009184258058667183
,,,7487,,0.010558578185737133
,,,7488,,0.009945079684257507
,,,7489,,0.011237280443310738
,,,7490,,0.012640058994293213
,,,7491,,0.01158444955945015
,,,7492,,0.011713448911905289
,,,7493,,0.01083933562040329
,,,7494,,0.009643415920436382
,,,7495,,0.01014164462685585
,,,7496,,0.013717543333768845
,,,7497,,0.011581353843212128
,,,7498,,0.010098293423652649
,,,7499,,0.013564681634306908
,,,7500,,0.010939756408333778
,,,7501,,0.013669485226273537
,,,7502,,0.011034341529011726
,,,7503,,0.010366756469011307
,,,7504,,0.011970583349466324
,,,7505,,0.011754517443478107
,,,7506,,0.01030554436147213
,,,7507,,0.012830222025513649
,,,7508,,0.011325070634484291
,,,7509,,0.010823861695826054
,,,7510,,0.0041028885170817375
,,,7511,,0.0032644590828567743
,,,7512,,0.0025886171497404575
,,,7513,,0.0028744549490511417
,,,7514,,0.0023923031985759735
,,,7515,,0.0024278946220874786
,,,7516,,0.00304669002071023
,,,7517,,0.002534159692004323
,,,7518,,0.003324823221191764
,,,7519,,0.002934172051027417
,,,7520,,0.0027874272782355547
,,,7521,,0.002754869405180216
,,,7522,,0.0027442357968539
,,,7523,,0.0099257230758667
,,,7524,,0.013733913190662861
,,,7525,,0.011581488884985447
,,,7526,,0.01116875745356083
,,,7527,,0.004448022693395615
,,,7528,,0.035951174795627594
,,,7529,,0.008555394597351551
,,,7530,,0.027771733701229095
,,,7531,,0.014565025456249714
,,,7532,,0.013640079647302628
,,,7533,,0.01999175176024437
,,,7534,,0.021956810727715492
,,,7535,,0.021262094378471375
,,,7536,,0.019876476377248764
,,,7537,,0.01702306419610977
,,,7538,,0.029123611748218536
,,,7539,,0.02159988135099411
,,,7540,,0.08977926522493362
,,,7541,,0.07287129759788513
,,,7542,,0.0630103051662445
,,,7543,,0.0658450722694397
,,,7544,,0.09141127020120621
,,,7545,,0.05623452365398407
,,,7546,,0.06126780807971954
,,,7547,,0.07875720411539078
,,,7548,,0.05907449871301651
,,,7549,,0.07312734425067902
,,,7550,,0.06018736958503723
,,,7551,,0.06565523147583008
,,,7552,,0.07469988614320755
,,,7553,,0.07194464653730392
,,,7554,,0.06964774429798126
,,,7555,,0.06655869632959366
,,,7556,,0.032924067229032516
32,,,2672,0.01514783501625061,
32,0.014196746982634068,,2672,,
33,,0.009846159256994724,2679,,
33,,0.016149412840604782,2689,,
33,,0.016763215884566307,2699,,
33,,0.008898457512259483,2709,,
33,,0.0076374756172299385,2719,,
33,,0.013575172051787376,2729,,
33,,0.01697729341685772,2739,,
33,,0.016304615885019302,2749,,
,,,7557,,0.0006700816447846591
,,,7558,,0.0006889064097777009
,,,7559,,0.0008721524500288069
,,,7560,,0.0006604188238270581
,,,7561,,0.0011441960232332349
,,,7562,,0.0005423641414381564
,,,7563,,0.0007780009182170033
,,,7564,,0.0005472890334203839
,,,7565,,0.0008407326531596482
,,,7566,,0.000577080762013793
,,,7567,,0.0010929402196779847
,,,7568,,0.001055948669090867
,,,7569,,0.0005744225345551968
,,,7570,,0.0006706254789605737
,,,7571,,0.0009613048750907183
,,,7572,,0.0006953002884984016
,,,7573,,0.0011992237996309996
,,,7574,,0.001043157186359167
,,,7575,,0.0010577838402241468
,,,7576,,0.0015544670168310404
,,,7577,,0.0006069507799111307
,,,7578,,0.0005866486462764442
,,,7579,,0.0005442457040771842
,,,7580,,0.0012419333215802908
,,,7581,,0.0010615207720547915
,,,7582,,0.0009390047052875161
,,,7583,,0.0009028913336805999
,,,7584,,0.00699960021302104
,,,7585,,0.018998436629772186
,,,7586,,0.016776803880929947
,,,7587,,0.015960201621055603
,,,7588,,0.01745866797864437
,,,7589,,0.016056740656495094
,,,7590,,0.08198102563619614
,,,7591,,0.026188911870121956
,,,7592,,0.014013288542628288
,,,7593,,0.015753038227558136
,,,7594,,0.011083432473242283
,,,7595,,0.00704127037897706
,,,7596,,0.014260299503803253
,,,7597,,0.009337724186480045
,,,7598,,0.007362912409007549
,,,7599,,0.016994714736938477
,,,7600,,0.015079676173627377
,,,7601,,0.008078144863247871
,,,7602,,0.01978805847465992
,,,7603,,0.010525340214371681
,,,7604,,0.004367408342659473
,,,7605,,0.01106234546750784
,,,7606,,0.006262911017984152
,,,7607,,0.00732545368373394
,,,7608,,0.009897774085402489
,,,7609,,0.00338697899132967
,,,7610,,0.008466153405606747
,,,7611,,0.008867848664522171
,,,7612,,0.015998326241970062
,,,7613,,0.015813853591680527
,,,7614,,0.00780349038541317
,,,7615,,0.011264162138104439
,,,7616,,0.007778828032314777
,,,7617,,0.010006963275372982
,,,7618,,0.007892105728387833
,,,7619,,0.0073753041215240955
,,,7620,,0.009938014671206474
,,,7621,,0.008729399181902409
,,,7622,,0.005025066435337067
,,,7623,,0.007920793257653713
,,,7624,,0.016282616183161736
,,,7625,,0.008625758811831474
,,,7626,,0.00528681930154562
,,,7627,,0.006142912898212671
,,,7628,,0.0007826526998542249
,,,7629,,0.0014854144537821412
,,,7630,,0.0013288641348481178
,,,7631,,0.0010478333570063114
,,,7632,,0.0009215030586346984
,,,7633,,0.0009155664592981339
,,,7634,,0.0006262671668082476
,,,7635,,0.0010620986577123404
,,,7636,,0.000714839668944478
,,,7637,,0.0010512976441532373
,,,7638,,0.0010777758434414864
,,,7639,,0.0006567829987034202
,,,7640,,0.0010000283364206553
,,,7641,,0.01316000521183014
,,,7642,,0.01629454456269741
,,,7643,,0.015117792412638664
,,,7644,,0.04548513889312744
,,,7645,,0.0324874222278595
,,,7646,,0.026186088100075722
,,,7647,,0.04495857656002045
,,,7648,,0.042117878794670105
,,,7649,,0.016039226204156876
,,,7650,,0.017122451215982437
,,,7651,,0.017375946044921875
,,,7652,,0.012765578925609589
,,,7653,,0.014906622469425201
,,,7654,,0.017111655324697495
,,,7655,,0.014210195280611515
,,,7656,,0.014560077339410782
,,,7657,,0.015715496614575386
,,,7658,,0.014265701174736023
,,,7659,,0.012891334481537342
,,,7660,,0.011737806722521782
,,,7661,,0.016610996797680855
,,,7662,,0.015472633764147758
,,,7663,,0.017166705802083015
,,,7664,,0.015396429225802422
,,,7665,,0.014473426155745983
,,,7666,,0.019238684326410294
,,,7667,,0.01638096570968628
,,,7668,,0.012593968771398067
,,,7669,,0.016628243029117584
,,,7670,,0.016561437398195267
,,,7671,,0.013233181089162827
,,,7672,,0.013377079740166664
,,,7673,,0.010766850784420967
,,,7674,,0.01426401361823082
,,,7675,,0.012979550287127495
,,,7676,,0.01508826669305563
,,,7677,,0.011695971712470055
,,,7678,,0.013166570104658604
,,,7679,,0.013929132372140884
,,,7680,,0.013620140962302685
,,,7681,,0.012897469103336334
,,,7682,,0.013489714823663235
,,,7683,,0.01128450408577919
,,,7684,,0.011468688026070595
,,,7685,,0.011637095361948013
,,,7686,,0.015222696587443352
,,,7687,,0.013172533363103867
,,,7688,,0.01517473068088293
,,,7689,,0.013263978995382786
,,,7690,,0.015703264623880386
,,,7691,,0.014520665630698204
,,,7692,,0.013560689054429531
,,,7693,,0.012675680220127106
,,,7694,,0.01472991332411766
,,,7695,,0.00993944052606821
,,,7696,,0.010690702125430107
,,,7697,,0.009254109114408493
,,,7698,,0.008990672416985035
,,,7699,,0.00966724008321762
,,,7700,,0.010329699143767357
,,,7701,,0.00963338278234005
,,,7702,,0.010163415223360062
,,,7703,,0.009254837408661842
,,,7704,,0.009864561259746552
,,,7705,,0.008442620746791363
,,,7706,,0.007930280640721321
,,,7707,,0.008820772171020508
,,,7708,,0.009523062966763973
,,,7709,,0.009964728727936745
,,,7710,,0.00978332944214344
,,,7711,,0.010461746715009212
,,,7712,,0.01019528042525053
,,,7713,,0.010214624926447868
,,,7714,,0.008856004104018211
,,,7715,,0.009146601893007755
,,,7716,,0.010671768337488174
,,,7717,,0.009590916335582733
,,,7718,,0.010675118304789066
,,,7719,,0.012095069512724876
,,,7720,,0.011008013039827347
,,,7721,,0.011323226615786552
,,,7722,,0.010311401449143887
,,,7723,,0.009145266376435757
,,,7724,,0.00964617170393467
,,,7725,,0.013161525130271912
,,,7726,,0.01100333034992218
,,,7727,,0.009687197394669056
,,,7728,,0.013082106597721577
,,,7729,,0.010477671399712563
,,,7730,,0.013051696121692657
,,,7731,,0.010496433824300766
,,,7732,,0.009894506074488163
,,,7733,,0.011501281522214413
,,,7734,,0.011233613826334476
,,,7735,,0.009785537607967854
,,,7736,,0.012220431119203568
,,,7737,,0.010786375030875206
,,,7738,,0.010455022566020489
,,,7739,,0.003931007813662291
,,,7740,,0.00334842293523252
,,,7741,,0.0028045494109392166
,,,7742,,0.0028958788607269526
,,,7743,,0.0025569358840584755
,,,7744,,0.002479203976690769
,,,7745,,0.0032659396529197693
,,,7746,,0.0024732970632612705
,,,7747,,0.0034073065035045147
,,,7748,,0.002883210778236389
,,,7749,,0.0029077259823679924
,,,7750,,0.002696982119232416
,,,7751,,0.0028953244909644127
,,,7752,,0.010191120207309723
,,,7753,,0.013813302852213383
,,,7754,,0.011356313712894917
,,,7755,,0.010592710226774216
,,,7756,,0.004092125687748194
,,,7757,,0.03559328243136406
,,,7758,,0.007841411046683788
,,,7759,,0.027731450274586678
,,,7760,,0.013385813683271408
,,,7761,,0.013280344195663929
,,,7762,,0.02098919078707695
,,,7763,,0.022163957357406616
,,,7764,,0.02072979137301445
,,,7765,,0.02048506587743759
,,,7766,,0.017856314778327942
,,,7767,,0.028732452541589737
,,,7768,,0.02198106423020363
,,,7769,,0.08947840332984924
,,,7770,,0.07254993170499802
,,,7771,,0.06175275146961212
,,,7772,,0.06544455885887146
,,,7773,,0.0909021645784378
,,,7774,,0.05522892251610756
,,,7775,,0.06107289344072342
,,,7776,,0.07806842029094696
,,,7777,,0.05880171060562134
,,,7778,,0.07181642949581146
,,,7779,,0.058859437704086304
,,,7780,,0.06514301896095276
,,,7781,,0.0736086517572403
,,,7782,,0.07138169556856155
,,,7783,,0.06812126934528351
,,,7784,,0.06524679064750671
,,,7785,,0.03289562091231346
33,,,2753,0.014888224191963673,
33,0.014389093033969402,,2753,,
34,,0.020559996366500854,2759,,
34,,0.015340305864810944,2769,,
34,,0.011682897806167603,2779,,
34,,0.016291415318846703,2789,,
34,,0.015432972460985184,2799,,
34,,0.013896073214709759,2809,,
34,,0.007738557178527117,2819,,
34,,0.01561127882450819,2829,,
,,,7786,,0.0006721590179949999
,,,7787,,0.0006412204238586128
,,,7788,,0.0008689145324751735
,,,7789,,0.0006746822036802769
,,,7790,,0.0012927398784086108
,,,7791,,0.0005237283185124397
,,,7792,,0.0008166108164004982
,,,7793,,0.0005353173473849893
,,,7794,,0.0008491738699376583
,,,7795,,0.0005837504286319017
,,,7796,,0.0010416493751108646
,,,7797,,0.0010577732464298606
,,,7798,,0.0005706299562007189
,,,7799,,0.0006946177454665303
,,,7800,,0.0008668858208693564
,,,7801,,0.0006347981397993863
,,,7802,,0.0011166137410327792
,,,7803,,0.001006646896712482
,,,7804,,0.0009993537096306682
,,,7805,,0.0014690705575048923
,,,7806,,0.0005172748351469636
,,,7807,,0.0005273835267871618
,,,7808,,0.00048729003174230456
,,,7809,,0.0011575730750337243
,,,7810,,0.0010271721985191107
,,,7811,,0.0008624478941783309
,,,7812,,0.0008331605931743979
,,,7813,,0.007046430837363005
,,,7814,,0.01886698603630066
,,,7815,,0.016533387824892998
,,,7816,,0.015840012580156326
,,,7817,,0.017218759283423424
,,,7818,,0.01592447981238365
,,,7819,,0.08190979808568954
,,,7820,,0.025979338213801384
,,,7821,,0.013898801058530807
,,,7822,,0.0155783761292696
,,,7823,,0.011092262342572212
,,,7824,,0.006936829537153244
,,,7825,,0.014222128316760063
,,,7826,,0.009364410303533077
,,,7827,,0.007530035451054573
,,,7828,,0.016980528831481934
,,,7829,,0.015130685642361641
,,,7830,,0.007938530296087265
,,,7831,,0.019842516630887985
,,,7832,,0.010520294308662415
,,,7833,,0.004358112812042236
,,,7834,,0.011206623166799545
,,,7835,,0.00625249557197094
,,,7836,,0.007369255647063255
,,,7837,,0.00993124209344387
,,,7838,,0.0034541217610239983
,,,7839,,0.008501938544213772
,,,7840,,0.009088559076189995
,,,7841,,0.016187472268939018
,,,7842,,0.01602347008883953
,,,7843,,0.00783903244882822
,,,7844,,0.011348872445523739
,,,7845,,0.007734349463135004
,,,7846,,0.010155783966183662
,,,7847,,0.007842585444450378
,,,7848,,0.007399320136755705
,,,7849,,0.009946130216121674
,,,7850,,0.008596118539571762
,,,7851,,0.004955553449690342
,,,7852,,0.008452451787889004
,,,7853,,0.01638941839337349
,,,7854,,0.008735154755413532
,,,7855,,0.005386269185692072
,,,7856,,0.006391266360878944
,,,7857,,0.000773595820646733
,,,7858,,0.0014337354805320501
,,,7859,,0.00073995505226776
,,,7860,,0.0008200773736461997
,,,7861,,0.0008170615183189511
,,,7862,,0.0009365202276967466
,,,7863,,0.0006629028939642012
,,,7864,,0.0006746731232851744
,,,7865,,0.0006887458730489016
,,,7866,,0.0010320027358829975
,,,7867,,0.0007465365342795849
,,,7868,,0.001355587737634778
,,,7869,,0.0010292271617799997
,,,7870,,0.01333417184650898
,,,7871,,0.01632285676896572
,,,7872,,0.015363607555627823
,,,7873,,0.04647297412157059
,,,7874,,0.0332060232758522
,,,7875,,0.025932181626558304
,,,7876,,0.044647715985774994
,,,7877,,0.04154933989048004
,,,7878,,0.0156683512032032
,,,7879,,0.01665073074400425
,,,7880,,0.0169578418135643
,,,7881,,0.012341445311903954
,,,7882,,0.014540402218699455
,,,7883,,0.016527436673641205
,,,7884,,0.013818452134728432
,,,7885,,0.014169352129101753
,,,7886,,0.015304301865398884
,,,7887,,0.01401711069047451
,,,7888,,0.012439952231943607
,,,7889,,0.01143613737076521
,,,7890,,0.016182109713554382
,,,7891,,0.015143333934247494
,,,7892,,0.016704896464943886
,,,7893,,0.014969360083341599
,,,7894,,0.014080167748034
,,,7895,,0.018869813531637192
,,,7896,,0.016025200486183167
,,,7897,,0.012123242020606995
,,,7898,,0.016199547797441483
,,,7899,,0.01618422567844391
,,,7900,,0.013563139364123344
,,,7901,,0.013679109513759613
,,,7902,,0.010982895269989967
,,,7903,,0.013819260522723198
,,,7904,,0.012707464396953583
,,,7905,,0.01483506802469492
,,,7906,,0.01149051170796156
,,,7907,,0.012894958257675171
,,,7908,,0.013606186956167221
,,,7909,,0.013317229226231575
,,,7910,,0.012682223692536354
,,,7911,,0.013259891420602798
,,,7912,,0.011060512624680996
,,,7913,,0.011249973438680172
,,,7914,,0.011461596935987473
,,,7915,,0.01494731567800045
,,,7916,,0.012982433661818504
,,,7917,,0.014831818640232086
,,,7918,,0.013009261339902878
,,,7919,,0.01543652918189764
,,,7920,,0.014245947822928429
,,,7921,,0.013261491432785988
,,,7922,,0.01239855121821165
,,,7923,,0.014351019635796547
,,,7924,,0.009691435843706131
,,,7925,,0.010312733240425587
,,,7926,,0.008964836597442627
,,,7927,,0.00861232727766037
,,,7928,,0.009184295311570168
,,,7929,,0.009848607704043388
,,,7930,,0.009193933568894863
,,,7931,,0.009896277450025082
,,,7932,,0.008970770984888077
,,,7933,,0.009433932602405548
,,,7934,,0.00802701711654663
,,,7935,,0.007632623426616192
,,,7936,,0.008563175797462463
,,,7937,,0.00928054004907608
,,,7938,,0.009681043215095997
,,,7939,,0.009398844093084335
,,,7940,,0.010178759694099426
,,,7941,,0.009777910076081753
,,,7942,,0.009838245809078217
,,,7943,,0.008474385365843773
,,,7944,,0.008806988596916199
,,,7945,,0.010175921954214573
,,,7946,,0.009356066584587097
,,,7947,,0.010495261289179325
,,,7948,,0.011918995529413223
,,,7949,,0.01082564890384674
,,,7950,,0.011115919798612595
,,,7951,,0.010086444206535816
,,,7952,,0.008844864554703236
,,,7953,,0.009391408413648605
,,,7954,,0.012928780168294907
,,,7955,,0.010897170752286911
,,,7956,,0.009389057755470276
,,,7957,,0.012858046218752861
,,,7958,,0.01022263988852501
,,,7959,,0.012903019785881042
,,,7960,,0.01026315800845623
,,,7961,,0.009662074968218803
,,,7962,,0.011260895058512688
,,,7963,,0.010947704315185547
,,,7964,,0.00958305411040783
,,,7965,,0.01197587326169014
,,,7966,,0.01054404117166996
,,,7967,,0.010255121625959873
,,,7968,,0.004166476894170046
,,,7969,,0.003355870023369789
,,,7970,,0.0025787190534174442
,,,7971,,0.0027904401067644358
,,,7972,,0.0023391402792185545
,,,7973,,0.002414060290902853
,,,7974,,0.0029916460625827312
,,,7975,,0.0025388477370142937
,,,7976,,0.0034200921654701233
,,,7977,,0.0029355520382523537
,,,7978,,0.0027955775149166584
,,,7979,,0.0028097606264054775
,,,7980,,0.0027795599307864904
,,,7981,,0.010803752578794956
,,,7982,,0.01437964104115963
,,,7983,,0.011819383129477501
,,,7984,,0.01108936034142971
,,,7985,,0.004280425608158112
,,,7986,,0.036557313054800034
,,,7987,,0.008694497868418694
,,,7988,,0.02867450937628746
,,,7989,,0.014375366270542145
,,,7990,,0.014273415319621563
,,,7991,,0.020747873932123184
,,,7992,,0.021739203482866287
,,,7993,,0.021100474521517754
,,,7994,,0.021995872259140015
,,,7995,,0.01878396049141884
,,,7996,,0.028167858719825745
,,,7997,,0.021761924028396606
,,,7998,,0.08913005888462067
,,,7999,,0.0720180869102478
,,,8000,,0.0620846226811409
,,,8001,,0.06550818681716919
,,,8002,,0.09063529968261719
,,,8003,,0.055404502898454666
,,,8004,,0.06083197146654129
,,,8005,,0.07746531069278717
,,,8006,,0.05870020389556885
,,,8007,,0.07234160602092743
,,,8008,,0.05869800224900246
,,,8009,,0.0644538402557373
,,,8010,,0.07379861176013947
,,,8011,,0.07120221853256226
,,,8012,,0.06884274631738663
,,,8013,,0.06584834307432175
,,,8014,,0.033506739884614944
34,,,2834,0.014804068952798843,
34,0.014120346866548061,,2834,,
35,,0.013274521566927433,2839,,
35,,0.021092509850859642,2849,,
35,,0.02355143055319786,2859,,
35,,0.014599999412894249,2869,,
35,,0.018649529665708542,2879,,
35,,0.02439773455262184,2889,,
35,,0.013911857269704342,2899,,
35,,0.010363072156906128,2909,,
,,,8015,,0.0006138735334388912
,,,8016,,0.000617532292380929
,,,8017,,0.0008120413986034691
,,,8018,,0.00049819634296
,,,8019,,0.0008937600068747997
,,,8020,,0.0004753534449264407
,,,8021,,0.0006717357318848372
,,,8022,,0.000497362285386771
,,,8023,,0.0005883589619770646
,,,8024,,0.0004906358662992716
,,,8025,,0.0009708198485895991
,,,8026,,0.0010460378834977746
,,,8027,,0.0005505369044840336
,,,8028,,0.000582387438043952
,,,8029,,0.0008716767770238221
,,,8030,,0.0005464245332404971
,,,8031,,0.0010631675831973553
,,,8032,,0.0009308719309046865
,,,8033,,0.000706539663951844
,,,8034,,0.0015296912752091885
,,,8035,,0.0005306284874677658
,,,8036,,0.0005512329516932368
,,,8037,,0.00040780071867629886
,,,8038,,0.001182133099064231
,,,8039,,0.0010046844836324453
,,,8040,,0.0008726619416847825
,,,8041,,0.0007770403753966093
,,,8042,,0.006590276025235653
,,,8043,,0.01845329813659191
,,,8044,,0.01615620218217373
,,,8045,,0.015428518876433372
,,,8046,,0.016831696033477783
,,,8047,,0.015482587739825249
,,,8048,,0.08120477199554443
,,,8049,,0.02554503083229065
,,,8050,,0.013502877205610275
,,,8051,,0.015269013121724129
,,,8052,,0.010690072551369667
,,,8053,,0.006579713895916939
,,,8054,,0.01375317107886076
,,,8055,,0.008826445788145065
,,,8056,,0.006827192381024361
,,,8057,,0.016337670385837555
,,,8058,,0.014432176016271114
,,,8059,,0.0075620440766215324
,,,8060,,0.019077081233263016
,,,8061,,0.009923995472490788
,,,8062,,0.0039029745385050774
,,,8063,,0.010474776849150658
,,,8064,,0.005748424679040909
,,,8065,,0.006858146283775568
,,,8066,,0.0093902088701725
,,,8067,,0.00305170938372612
,,,8068,,0.007910283282399178
,,,8069,,0.007905226200819016
,,,8070,,0.015556772239506245
,,,8071,,0.015308501198887825
,,,8072,,0.007284482009708881
,,,8073,,0.011077731847763062
,,,8074,,0.007447742857038975
,,,8075,,0.009706098586320877
,,,8076,,0.007435347884893417
,,,8077,,0.006981282494962215
,,,8078,,0.009593470022082329
,,,8079,,0.008253112435340881
,,,8080,,0.00445000734180212
,,,8081,,0.007479250431060791
,,,8082,,0.015869949012994766
,,,8083,,0.00829251203685999
,,,8084,,0.004736864008009434
,,,8085,,0.00602573249489069
,,,8086,,0.0006476317066699266
,,,8087,,0.0012881914153695107
,,,8088,,0.0008653312106616795
,,,8089,,0.0006938527803868055
,,,8090,,0.0007364951306954026
,,,8091,,0.0008027509320527315
,,,8092,,0.0006113150157034397
,,,8093,,0.0007272908696904778
,,,8094,,0.0005785743705928326
,,,8095,,0.0009440488065592945
,,,8096,,0.0006994598661549389
,,,8097,,0.0010574832558631897
,,,8098,,0.0009410844650119543
,,,8099,,0.012617544271051884
,,,8100,,0.015516750514507294
,,,8101,,0.014689299277961254
,,,8102,,0.04559122025966644
,,,8103,,0.03332673758268356
,,,8104,,0.025509849190711975
,,,8105,,0.042209818959236145
,,,8106,,0.03926892578601837
,,,8107,,0.015082663856446743
,,,8108,,0.01625543273985386
,,,8109,,0.016579842194914818
,,,8110,,0.012099405750632286
,,,8111,,0.014230361208319664
,,,8112,,0.016139095649123192
,,,8113,,0.01347975991666317
,,,8114,,0.013833473436534405
,,,8115,,0.014977730810642242
,,,8116,,0.013676260598003864
,,,8117,,0.012158853933215141
,,,8118,,0.011068644002079964
,,,8119,,0.015720458701252937
,,,8120,,0.01480113435536623
,,,8121,,0.016461219638586044
,,,8122,,0.014653351157903671
,,,8123,,0.013737957924604416
,,,8124,,0.01838589832186699
,,,8125,,0.01564422994852066
,,,8126,,0.011885846965014935
,,,8127,,0.01578589528799057
,,,8128,,0.015713101252913475
,,,8129,,0.012684091925621033
,,,8130,,0.01267085038125515
,,,8131,,0.01021110825240612
,,,8132,,0.013410745188593864
,,,8133,,0.012330221012234688
,,,8134,,0.014361998066306114
,,,8135,,0.011084377765655518
,,,8136,,0.01250409334897995
,,,8137,,0.01336655206978321
,,,8138,,0.012939611449837685
,,,8139,,0.01229066401720047
,,,8140,,0.012948375195264816
,,,8141,,0.0107398247346282
,,,8142,,0.010942395776510239
,,,8143,,0.011111697182059288
,,,8144,,0.014487761072814465
,,,8145,,0.012518900446593761
,,,8146,,0.014539187774062157
,,,8147,,0.012658841907978058
,,,8148,,0.015023895539343357
,,,8149,,0.01388613786548376
,,,8150,,0.0130079947412014
,,,8151,,0.012026423588395119
,,,8152,,0.014086935669183731
,,,8153,,0.0093731340020895
,,,8154,,0.010009882971644402
,,,8155,,0.008681260049343109
,,,8156,,0.008358345367014408
,,,8157,,0.00892138946801424
,,,8158,,0.00968871358782053
,,,8159,,0.008801690302789211
,,,8160,,0.009434476494789124
,,,8161,,0.008611630648374557
,,,8162,,0.0092429518699646
,,,8163,,0.00794222578406334
,,,8164,,0.007329284213483334
,,,8165,,0.008214188739657402
,,,8166,,0.008943465538322926
,,,8167,,0.009264834225177765
,,,8168,,0.009121284820139408
,,,8169,,0.009601032361388206
,,,8170,,0.009402768686413765
,,,8171,,0.009583871811628342
,,,8172,,0.008325574919581413
,,,8173,,0.008547212928533554
,,,8174,,0.00987435132265091
,,,8175,,0.008999178186058998
,,,8176,,0.010102711617946625
,,,8177,,0.011503463611006737
,,,8178,,0.010427683591842651
,,,8179,,0.010739333927631378
,,,8180,,0.009724855422973633
,,,8181,,0.008489049971103668
,,,8182,,0.009114695712924004
,,,8183,,0.012574979104101658
,,,8184,,0.010470776818692684
,,,8185,,0.009061204269528389
,,,8186,,0.012500504031777382
,,,8187,,0.009916731156408787
,,,8188,,0.012436535209417343
,,,8189,,0.009893277660012245
,,,8190,,0.009232754819095135
,,,8191,,0.010892920196056366
,,,8192,,0.010624934919178486
,,,8193,,0.009221229702234268
,,,8194,,0.01156672090291977
,,,8195,,0.010236662812530994
,,,8196,,0.009894369170069695
,,,8197,,0.003655172884464264
,,,8198,,0.0030814073979854584
,,,8199,,0.0025252646300941706
,,,8200,,0.0026721740141510963
,,,8201,,0.002238095737993717
,,,8202,,0.0022625618148595095
,,,8203,,0.0029418240301311016
,,,8204,,0.002259991131722927
,,,8205,,0.0030950873624533415
,,,8206,,0.0026804935187101364
,,,8207,,0.002640847582370043
,,,8208,,0.0023626447655260563
,,,8209,,0.0025802182499319315
,,,8210,,0.009249255061149597
,,,8211,,0.01202067919075489
,,,8212,,0.010610275901854038
,,,8213,,0.009440301917493343
,,,8214,,0.0037216374184936285
,,,8215,,0.034608930349349976
,,,8216,,0.007523396518081427
,,,8217,,0.02596290409564972
,,,8218,,0.012866778299212456
,,,8219,,0.012346532195806503
,,,8220,,0.0191208329051733
,,,8221,,0.021764863282442093
,,,8222,,0.01920931413769722
,,,8223,,0.019135180860757828
,,,8224,,0.01796533726155758
,,,8225,,0.02649659290909767
,,,8226,,0.02039012685418129
,,,8227,,0.08658043295145035
,,,8228,,0.06961749494075775
,,,8229,,0.05940871685743332
,,,8230,,0.06266458332538605
,,,8231,,0.0873335599899292
,,,8232,,0.05284198373556137
,,,8233,,0.05872568115592003
,,,8234,,0.07508878409862518
,,,8235,,0.056293658912181854
,,,8236,,0.06898388266563416
,,,8237,,0.057010602205991745
,,,8238,,0.0625198483467102
,,,8239,,0.07166475057601929
,,,8240,,0.0688680037856102
,,,8241,,0.06650793552398682
,,,8242,,0.06280847638845444
,,,8243,,0.03114240989089012
35,,,2915,0.014203454367816448,
35,0.013505643233656883,,2915,,
36,,0.017729628831148148,2919,,
36,,0.016645563766360283,2929,,
36,,0.014072360470890999,2939,,
36,,0.011392442509531975,2949,,
36,,0.015539605170488358,2959,,
36,,0.01598895713686943,2969,,
36,,0.014462370425462723,2979,,
36,,0.015455576591193676,2989,,
,,,8244,,0.0006687130080536008
,,,8245,,0.000624332926236093
,,,8246,,0.0008614956168457866
,,,8247,,0.0005908716702833772
,,,8248,,0.0010874683503061533
,,,8249,,0.0005686125950887799
,,,8250,,0.0008366245310753584
,,,8251,,0.0005512956995517015
,,,8252,,0.0007816918077878654
,,,8253,,0.0005976315587759018
,,,8254,,0.0010467470856383443
,,,8255,,0.0011048833839595318
,,,8256,,0.0006645917892456055
,,,8257,,0.0007579540833830833
,,,8258,,0.0009627263643778861
,,,8259,,0.0006490459782071412
,,,8260,,0.0011671941028907895
,,,8261,,0.001003919169306755
,,,8262,,0.0008455651113763452
,,,8263,,0.001589607447385788
,,,8264,,0.0006554577848874032
,,,8265,,0.0006218913476914167
,,,8266,,0.0005696515436284244
,,,8267,,0.0011610935907810926
,,,8268,,0.0010585745330899954
,,,8269,,0.0009144906071014702
,,,8270,,0.0008266008226200938
,,,8271,,0.006593114696443081
,,,8272,,0.01834872178733349
,,,8273,,0.016003470867872238
,,,8274,,0.015459898859262466
,,,8275,,0.016763869673013687
,,,8276,,0.015463677234947681
,,,8277,,0.08072464168071747
,,,8278,,0.025304295122623444
,,,8279,,0.013406926766037941
,,,8280,,0.015119515359401703
,,,8281,,0.01062400545924902
,,,8282,,0.006490909494459629
,,,8283,,0.0136606115847826
,,,8284,,0.008844733238220215
,,,8285,,0.006884530186653137
,,,8286,,0.016105584800243378
,,,8287,,0.014322254806756973
,,,8288,,0.007476882077753544
,,,8289,,0.018942618742585182
,,,8290,,0.009919075295329094
,,,8291,,0.003916653338819742
,,,8292,,0.010486877523362637
,,,8293,,0.005828247405588627
,,,8294,,0.00689733074977994
,,,8295,,0.00943666510283947
,,,8296,,0.003052151296287775
,,,8297,,0.007969297468662262
,,,8298,,0.007923338562250137
,,,8299,,0.01515595056116581
,,,8300,,0.015075616538524628
,,,8301,,0.007739288732409477
,,,8302,,0.011047769337892532
,,,8303,,0.007846753112971783
,,,8304,,0.00963016040623188
,,,8305,,0.00759152602404356
,,,8306,,0.007181741762906313
,,,8307,,0.009694930166006088
,,,8308,,0.008447748608887196
,,,8309,,0.004689261317253113
,,,8310,,0.0076428730972111225
,,,8311,,0.015396187081933022
,,,8312,,0.008398033678531647
,,,8313,,0.004957673139870167
,,,8314,,0.00615263544023037
,,,8315,,0.0007033786969259381
,,,8316,,0.001249136170372367
,,,8317,,0.0005456343642435968
,,,8318,,0.0006828596815466881
,,,8319,,0.0007099707145243883
,,,8320,,0.0008324382361024618
,,,8321,,0.0006206050748005509
,,,8322,,0.0005439204978756607
,,,8323,,0.0006456211558543146
,,,8324,,0.0009443851886317134
,,,8325,,0.0006272387108765543
,,,8326,,0.0015860713319852948
,,,8327,,0.000930482055991888
,,,8328,,0.012392790988087654
,,,8329,,0.015125120989978313
,,,8330,,0.014240263029932976
,,,8331,,0.043347544968128204
,,,8332,,0.030879046767950058
,,,8333,,0.024804193526506424
,,,8334,,0.042298171669244766
,,,8335,,0.03923506289720535
,,,8336,,0.014868955127894878
,,,8337,,0.016057603061199188
,,,8338,,0.016335105523467064
,,,8339,,0.011796845123171806
,,,8340,,0.013901958242058754
,,,8341,,0.01600114442408085
,,,8342,,0.013188120909035206
,,,8343,,0.013684896752238274
,,,8344,,0.01473233662545681
,,,8345,,0.013331309892237186
,,,8346,,0.011898542754352093
,,,8347,,0.01096583716571331
,,,8348,,0.015443122945725918
,,,8349,,0.014577791094779968
,,,8350,,0.016173508018255234
,,,8351,,0.01438867300748825
,,,8352,,0.013503903523087502
,,,8353,,0.018189188092947006
,,,8354,,0.015423276461660862
,,,8355,,0.011650281958281994
,,,8356,,0.015647539868950844
,,,8357,,0.015440784394741058
,,,8358,,0.012420203536748886
,,,8359,,0.012436695396900177
,,,8360,,0.010090721771121025
,,,8361,,0.013113155961036682
,,,8362,,0.01204892061650753
,,,8363,,0.01407877542078495
,,,8364,,0.010831034742295742
,,,8365,,0.012250407598912716
,,,8366,,0.012980492785573006
,,,8367,,0.012686128728091717
,,,8368,,0.012018810957670212
,,,8369,,0.012546082027256489
,,,8370,,0.010500095784664154
,,,8371,,0.010634321719408035
,,,8372,,0.010900793597102165
,,,8373,,0.014222065918147564
,,,8374,,0.012262492440640926
,,,8375,,0.014204569160938263
,,,8376,,0.012428570538759232
,,,8377,,0.014639701694250107
,,,8378,,0.013619482517242432
,,,8379,,0.012644557282328606
,,,8380,,0.01178131066262722
,,,8381,,0.013778083957731724
,,,8382,,0.0093028973788023
,,,8383,,0.009958682581782341
,,,8384,,0.008777308277785778
,,,8385,,0.008368469774723053
,,,8386,,0.008951171301305294
,,,8387,,0.009634191170334816
,,,8388,,0.008786503225564957
,,,8389,,0.009466251358389854
,,,8390,,0.008489825762808323
,,,8391,,0.009235275909304619
,,,8392,,0.007928561419248581
,,,8393,,0.007239774335175753
,,,8394,,0.008168937638401985
,,,8395,,0.008878355845808983
,,,8396,,0.009206956252455711
,,,8397,,0.009146997705101967
,,,8398,,0.009498246014118195
,,,8399,,0.009298132732510567
,,,8400,,0.009538131766021252
,,,8401,,0.00833987444639206
,,,8402,,0.008509057573974133
,,,8403,,0.009861909784376621
,,,8404,,0.009006542153656483
,,,8405,,0.0100800059735775
,,,8406,,0.011557729914784431
,,,8407,,0.010399921797215939
,,,8408,,0.010710122063755989
,,,8409,,0.009775146842002869
,,,8410,,0.008524533361196518
,,,8411,,0.009149042889475822
,,,8412,,0.012547682039439678
,,,8413,,0.010542886331677437
,,,8414,,0.009091182611882687
,,,8415,,0.012404853478074074
,,,8416,,0.009913953021168709
,,,8417,,0.012406447902321815
,,,8418,,0.009964494034647942
,,,8419,,0.009278181940317154
,,,8420,,0.010876680724322796
,,,8421,,0.01059635542333126
,,,8422,,0.009252915158867836
,,,8423,,0.011531836353242397
,,,8424,,0.01028364896774292
,,,8425,,0.009851416572928429
,,,8426,,0.0038659279234707355
,,,8427,,0.003059330163523555
,,,8428,,0.002368437359109521
,,,8429,,0.0026110894978046417
,,,8430,,0.0020877309143543243
,,,8431,,0.002194544766098261
,,,8432,,0.0027216305024921894
,,,8433,,0.002376554999500513
,,,8434,,0.0031757268588989973
,,,8435,,0.0027841771952807903
,,,8436,,0.0025439721066504717
,,,8437,,0.0025495397858321667
,,,8438,,0.002429080195724964
,,,8439,,0.010006391443312168
,,,8440,,0.012643730267882347
,,,8441,,0.01084615383297205
,,,8442,,0.009519929066300392
,,,8443,,0.0042007118463516235
,,,8444,,0.034887101501226425
,,,8445,,0.007653340697288513
,,,8446,,0.025432489812374115
,,,8447,,0.012988408096134663
,,,8448,,0.012498099356889725
,,,8449,,0.021328138187527657
,,,8450,,0.02268732339143753
,,,8451,,0.021313678473234177
,,,8452,,0.01874704286456108
,,,8453,,0.017029091715812683
,,,8454,,0.02706381492316723
,,,8455,,0.02167036198079586
,,,8456,,0.0866643413901329
,,,8457,,0.0702829360961914
,,,8458,,0.05981423705816269
,,,8459,,0.06314457952976227
,,,8460,,0.08858432620763779
,,,8461,,0.053265489637851715
,,,8462,,0.058863162994384766
,,,8463,,0.07561105489730835
,,,8464,,0.05652787536382675
,,,8465,,0.07022725045681
,,,8466,,0.05773681774735451
,,,8467,,0.062442630529403687
,,,8468,,0.07172064483165741
,,,8469,,0.06893717497587204
,,,8470,,0.06654348969459534
,,,8471,,0.06312603503465652
,,,8472,,0.03098532371222973
36,,,2996,0.01419234648346901,
36,0.013367045670747757,,2996,,
37,,0.0140762934461236,2999,,
37,,0.014433455653488636,3009,,
37,,0.00938824750483036,3019,,
37,,0.02233942225575447,3029,,
37,,0.01323944702744484,3039,,
37,,0.006209596060216427,3049,,
37,,0.015167046338319778,3059,,
37,,0.01408209465444088,3069,,
,,,8473,,0.0005136445397511125
,,,8474,,0.00047007924877107143
,,,8475,,0.0007910600397735834
,,,8476,,0.00041772332042455673
,,,8477,,0.0008394664619117975
,,,8478,,0.0003757727099582553
,,,8479,,0.0006143628270365298
,,,8480,,0.00035977785591967404
,,,8481,,0.0005152624216862023
,,,8482,,0.000406204373575747
,,,8483,,0.0008618033025413752
,,,8484,,0.0010496611939743161
,,,8485,,0.0004804401542060077
,,,8486,,0.0005170807125978172
,,,8487,,0.0007990710437297821
,,,8488,,0.0004679227131418884
,,,8489,,0.001064704149030149
,,,8490,,0.0008376868208870292
,,,8491,,0.000652391230687499
,,,8492,,0.0014807740226387978
,,,8493,,0.00047298226854763925
,,,8494,,0.000459339062217623
,,,8495,,0.00038539039087481797
,,,8496,,0.001111730933189392
,,,8497,,0.0009460710571147501
,,,8498,,0.0007888273103162646
,,,8499,,0.0007139971130527556
,,,8500,,0.006383380852639675
,,,8501,,0.01808955706655979
,,,8502,,0.015740785747766495
,,,8503,,0.015111692249774933
,,,8504,,0.016482103615999222
,,,8505,,0.015163525007665157
,,,8506,,0.08024061471223831
,,,8507,,0.025043729692697525
,,,8508,,0.013140054419636726
,,,8509,,0.01489744707942009
,,,8510,,0.010456331074237823
,,,8511,,0.006288832984864712
,,,8512,,0.013426479883491993
,,,8513,,0.008609856478869915
,,,8514,,0.006637722719460726
,,,8515,,0.015830891206860542
,,,8516,,0.014012938365340233
,,,8517,,0.007244821172207594
,,,8518,,0.01851644180715084
,,,8519,,0.009571939706802368
,,,8520,,0.003687141928821802
,,,8521,,0.010141884908080101
,,,8522,,0.005599897354841232
,,,8523,,0.006697821896523237
,,,8524,,0.009183911606669426
,,,8525,,0.002860552165657282
,,,8526,,0.007686211261898279
,,,8527,,0.007388915866613388
,,,8528,,0.014463631436228752
,,,8529,,0.014279425144195557
,,,8530,,0.006860876455903053
,,,8531,,0.010134534910321236
,,,8532,,0.0069998945109546185
,,,8533,,0.008807871490716934
,,,8534,,0.006991417612880468
,,,8535,,0.006391806527972221
,,,8536,,0.008789297193288803
,,,8537,,0.007548681925982237
,,,8538,,0.00404870742931962
,,,8539,,0.006949136964976788
,,,8540,,0.014643918722867966
,,,8541,,0.0076356492936611176
,,,8542,,0.00439178291708231
,,,8543,,0.00564216123893857
,,,8544,,0.0006044208421371877
,,,8545,,0.001102871960029006
,,,8546,,0.000488770252559334
,,,8547,,0.0006080394377931952
,,,8548,,0.0006257311906665564
,,,8549,,0.0007224199362099171
,,,8550,,0.0004939257632941008
,,,8551,,0.0004711541114374995
,,,8552,,0.0005037356168031693
,,,8553,,0.0008394498145207763
,,,8554,,0.0005696184816770256
,,,8555,,0.001379488268867135
,,,8556,,0.0007997773354873061
,,,8557,,0.011972444131970406
,,,8558,,0.01481309998780489
,,,8559,,0.01404009573161602
,,,8560,,0.04322446137666702
,,,8561,,0.030880017206072807
,,,8562,,0.02451792173087597
,,,8563,,0.04140166938304901
,,,8564,,0.03838157653808594
,,,8565,,0.014466100372374058
,,,8566,,0.015552107244729996
,,,8567,,0.015829207375645638
,,,8568,,0.011417319998145103
,,,8569,,0.013475185260176659
,,,8570,,0.015500152483582497
,,,8571,,0.012817921116948128
,,,8572,,0.01316580455750227
,,,8573,,0.014258157461881638
,,,8574,,0.012905647978186607
,,,8575,,0.011524410918354988
,,,8576,,0.010639997199177742
,,,8577,,0.015017794445157051
,,,8578,,0.014119536615908146
,,,8579,,0.015679001808166504
,,,8580,,0.013965306803584099
,,,8581,,0.01312941499054432
,,,8582,,0.017582379281520844
,,,8583,,0.01494823768734932
,,,8584,,0.01129712164402008
,,,8585,,0.015148282051086426
,,,8586,,0.015003565698862076
,,,8587,,0.011963152326643467
,,,8588,,0.012067930772900581
,,,8589,,0.009727571159601212
,,,8590,,0.012813017703592777
,,,8591,,0.011773544363677502
,,,8592,,0.013809158466756344
,,,8593,,0.010598339140415192
,,,8594,,0.011941016651690006
,,,8595,,0.012566706165671349
,,,8596,,0.01231294684112072
,,,8597,,0.01175755262374878
,,,8598,,0.012215659022331238
,,,8599,,0.01024793554097414
,,,8600,,0.01033422164618969
,,,8601,,0.010631020180881023
,,,8602,,0.013836182653903961
,,,8603,,0.011932305991649628
,,,8604,,0.013880273327231407
,,,8605,,0.0120581965893507
,,,8606,,0.014243064448237419
,,,8607,,0.013280688785016537
,,,8608,,0.012325266376137733
,,,8609,,0.011525126174092293
,,,8610,,0.013375993818044662
,,,8611,,0.008928949944674969
,,,8612,,0.009526710025966167
,,,8613,,0.00825798511505127
,,,8614,,0.007957328110933304
,,,8615,,0.008486166596412659
,,,8616,,0.009135491214692593
,,,8617,,0.00847918726503849
,,,8618,,0.009038515388965607
,,,8619,,0.008180875331163406
,,,8620,,0.008719546720385551
,,,8621,,0.0074002682231366634
,,,8622,,0.00690957996994257
,,,8623,,0.007885225117206573
,,,8624,,0.008531095460057259
,,,8625,,0.008858401328325272
,,,8626,,0.00867767259478569
,,,8627,,0.009295283816754818
,,,8628,,0.00900361780077219
,,,8629,,0.009142446331679821
,,,8630,,0.007852062582969666
,,,8631,,0.008112216368317604
,,,8632,,0.009441656991839409
,,,8633,,0.008700460195541382
,,,8634,,0.00982123427093029
,,,8635,,0.01113167591392994
,,,8636,,0.010160084813833237
,,,8637,,0.010420387610793114
,,,8638,,0.009477626532316208
,,,8639,,0.008288964629173279
,,,8640,,0.00882183387875557
,,,8641,,0.01223653182387352
,,,8642,,0.010185761377215385
,,,8643,,0.008791539818048477
,,,8644,,0.012132884003221989
,,,8645,,0.009593364782631397
,,,8646,,0.012158185243606567
,,,8647,,0.009661838412284851
,,,8648,,0.008961383253335953
,,,8649,,0.010547099635004997
,,,8650,,0.010332539677619934
,,,8651,,0.008940941654145718
,,,8652,,0.011199476197361946
,,,8653,,0.00993732362985611
,,,8654,,0.009582185186445713
,,,8655,,0.003343339078128338
,,,8656,,0.0027482816949486732
,,,8657,,0.0021278532221913338
,,,8658,,0.002288402756676078
,,,8659,,0.0019284014124423265
,,,8660,,0.0019043629290536046
,,,8661,,0.002496891189366579
,,,8662,,0.0019903017673641443
,,,8663,,0.0027608030941337347
,,,8664,,0.002365909982472658
,,,8665,,0.0023010261356830597
,,,8666,,0.002207624027505517
,,,8667,,0.002202142495661974
,,,8668,,0.008678230457007885
,,,8669,,0.011308431625366211
,,,8670,,0.010600253939628601
,,,8671,,0.009947402402758598
,,,8672,,0.003861895762383938
,,,8673,,0.032684195786714554
,,,8674,,0.0073245251551270485
,,,8675,,0.02532186731696129
,,,8676,,0.013437841087579727
,,,8677,,0.012396125122904778
,,,8678,,0.017824765294790268
,,,8679,,0.02096717804670334
,,,8680,,0.01957380212843418
,,,8681,,0.018965473398566246
,,,8682,,0.01590428128838539
,,,8683,,0.02583499625325203
,,,8684,,0.02008351869881153
,,,8685,,0.0843845009803772
,,,8686,,0.06828337907791138
,,,8687,,0.058259833604097366
,,,8688,,0.06164814531803131
,,,8689,,0.08598992973566055
,,,8690,,0.05156049132347107
,,,8691,,0.05737362802028656
,,,8692,,0.07384561747312546
,,,8693,,0.05510759353637695
,,,8694,,0.06781880557537079
,,,8695,,0.05569534748792648
,,,8696,,0.06097112223505974
,,,8697,,0.07006831467151642
,,,8698,,0.0672764778137207
,,,8699,,0.06464676558971405
,,,8700,,0.06173910200595856
,,,8701,,0.031138556078076363
37,,,3077,0.013707628473639488,
37,0.013042083010077477,,3077,,
38,,0.008267701603472233,3079,,
38,,0.012703310698270798,3089,,
38,,0.01118825376033783,3099,,
38,,0.009493493475019932,3109,,
38,,0.00447449553757906,3119,,
38,,0.02415355294942856,3129,,
38,,0.013522198423743248,3139,,
38,,0.01236436702311039,3149,,
,,,8702,,0.0005300351185724139
,,,8703,,0.000489165133330971
,,,8704,,0.0007653376087546349
,,,8705,,0.00046244155964814126
,,,8706,,0.0009463054593652487
,,,8707,,0.0004064234672114253
,,,8708,,0.0006381931016221642
,,,8709,,0.0003909589722752571
,,,8710,,0.0005900516407564282
,,,8711,,0.0004292862140573561
,,,8712,,0.0008924650610424578
,,,8713,,0.0010064149973914027
,,,8714,,0.00046889015357010067
,,,8715,,0.0005068824393674731
,,,8716,,0.0007257331162691116
,,,8717,,0.0004920302308164537
,,,8718,,0.0009753842023201287
,,,8719,,0.0007943296805024147
,,,8720,,0.0007560569210909307
,,,8721,,0.00131074374075979
,,,8722,,0.0004198630340397358
,,,8723,,0.0004435017181094736
,,,8724,,0.0003688214928843081
,,,8725,,0.0009933990659192204
,,,8726,,0.0008660935563966632
,,,8727,,0.0007524968823418021
,,,8728,,0.0007305948529392481
,,,8729,,0.006712381727993488
,,,8730,,0.018373578786849976
,,,8731,,0.015934249386191368
,,,8732,,0.01534962560981512
,,,8733,,0.01672986149787903
,,,8734,,0.015435317531228065
,,,8735,,0.08031857013702393
,,,8736,,0.02528458833694458
,,,8737,,0.013365034945309162
,,,8738,,0.01515589002519846
,,,8739,,0.010787341743707657
,,,8740,,0.0066174669191241264
,,,8741,,0.013751632533967495
,,,8742,,0.008964098058640957
,,,8743,,0.006986209191381931
,,,8744,,0.015931129455566406
,,,8745,,0.01415600348263979
,,,8746,,0.007548002526164055
,,,8747,,0.01862126775085926
,,,8748,,0.009761696681380272
,,,8749,,0.003993392921984196
,,,8750,,0.010357463732361794
,,,8751,,0.005920669995248318
,,,8752,,0.007043699733912945
,,,8753,,0.00952921062707901
,,,8754,,0.0031988583505153656
,,,8755,,0.007993588224053383
,,,8756,,0.00806905422359705
,,,8757,,0.014942722395062447
,,,8758,,0.014590843580663204
,,,8759,,0.006957370787858963
,,,8760,,0.010462777689099312
,,,8761,,0.006979782599955797
,,,8762,,0.009041652083396912
,,,8763,,0.007221261505037546
,,,8764,,0.006711647845804691
,,,8765,,0.008947638794779778
,,,8766,,0.007906831800937653
,,,8767,,0.0042298948392271996
,,,8768,,0.007497910410165787
,,,8769,,0.015112788416445255
,,,8770,,0.00777897983789444
,,,8771,,0.004620089195668697
,,,8772,,0.005956273525953293
,,,8773,,0.0007390323444269598
,,,8774,,0.001235682750120759
,,,8775,,0.0005333947483450174
,,,8776,,0.0007197459926828742
,,,8777,,0.0007676912355236709
,,,8778,,0.0008599275024607778
,,,8779,,0.0005989737110212445
,,,8780,,0.0005287216627039015
,,,8781,,0.0005633123801089823
,,,8782,,0.0009255217155441642
,,,8783,,0.0006670959992334247
,,,8784,,0.0015534369740635157
,,,8785,,0.0009362518321722746
,,,8786,,0.01222648099064827
,,,8787,,0.014909572899341583
,,,8788,,0.013827556744217873
,,,8789,,0.04134012758731842
,,,8790,,0.029424265027046204
,,,8791,,0.02340339869260788
,,,8792,,0.04011138901114464
,,,8793,,0.03750171512365341
,,,8794,,0.014425305649638176
,,,8795,,0.015500403009355068
,,,8796,,0.01571323350071907
,,,8797,,0.011474790051579475
,,,8798,,0.013544877991080284
,,,8799,,0.015373792499303818
,,,8800,,0.012837771326303482
,,,8801,,0.013212261721491814
,,,8802,,0.014204028993844986
,,,8803,,0.01301540993154049
,,,8804,,0.011577511206269264
,,,8805,,0.010555331595242023
,,,8806,,0.014951147139072418
,,,8807,,0.014012600295245647
,,,8808,,0.01563166081905365
,,,8809,,0.013921484351158142
,,,8810,,0.013088960200548172
,,,8811,,0.01758154109120369
,,,8812,,0.014890034683048725
,,,8813,,0.01134277693927288
,,,8814,,0.015045259147882462
,,,8815,,0.014936288818717003
,,,8816,,0.011706027202308178
,,,8817,,0.011814846657216549
,,,8818,,0.009648322127759457
,,,8819,,0.01281038299202919
,,,8820,,0.011704712174832821
,,,8821,,0.013721421360969543
,,,8822,,0.010628016665577888
,,,8823,,0.011908050626516342
,,,8824,,0.012675815261900425
,,,8825,,0.012327983044087887
,,,8826,,0.011669021099805832
,,,8827,,0.012229951098561287
,,,8828,,0.010229766368865967
,,,8829,,0.010337148793041706
,,,8830,,0.010542847216129303
,,,8831,,0.013764292001724243
,,,8832,,0.011900106444954872
,,,8833,,0.013724101707339287
,,,8834,,0.011990247294306755
,,,8835,,0.014251431450247765
,,,8836,,0.013197788968682289
,,,8837,,0.012358633801341057
,,,8838,,0.011449774727225304
,,,8839,,0.013332825154066086
,,,8840,,0.008943544700741768
,,,8841,,0.009549170732498169
,,,8842,,0.008277825079858303
,,,8843,,0.007900470867753029
,,,8844,,0.00849275104701519
,,,8845,,0.009118329733610153
,,,8846,,0.008494332432746887
,,,8847,,0.009159764274954796
,,,8848,,0.008125179447233677
,,,8849,,0.008765452541410923
,,,8850,,0.007586387451738119
,,,8851,,0.00691560935229063
,,,8852,,0.0078246109187603
,,,8853,,0.008516929112374783
,,,8854,,0.008952444419264793
,,,8855,,0.008643019944429398
,,,8856,,0.009304074570536613
,,,8857,,0.008973625488579273
,,,8858,,0.009041397832334042
,,,8859,,0.007987255230545998
,,,8860,,0.00813848152756691
,,,8861,,0.009403582662343979
,,,8862,,0.0089102266356349
,,,8863,,0.010043131187558174
,,,8864,,0.01134190708398819
,,,8865,,0.010334834456443787
,,,8866,,0.010577239096164703
,,,8867,,0.009679101407527924
,,,8868,,0.008483584970235825
,,,8869,,0.009031583555042744
,,,8870,,0.012359586544334888
,,,8871,,0.010433807969093323
,,,8872,,0.00906047411262989
,,,8873,,0.012293657287955284
,,,8874,,0.009832718409597874
,,,8875,,0.012301221489906311
,,,8876,,0.009897047653794289
,,,8877,,0.009121845476329327
,,,8878,,0.010704655200242996
,,,8879,,0.010513431392610073
,,,8880,,0.009148062206804752
,,,8881,,0.011303916573524475
,,,8882,,0.010125773958861828
,,,8883,,0.009653092361986637
,,,8884,,0.0036082277074456215
,,,8885,,0.0029247072525322437
,,,8886,,0.0023132110945880413
,,,8887,,0.0024668173864483833
,,,8888,,0.0021490079816430807
,,,8889,,0.0021294369362294674
,,,8890,,0.002619370585307479
,,,8891,,0.002246333286166191
,,,8892,,0.0030260474886745214
,,,8893,,0.0026243040338158607
,,,8894,,0.002560177817940712
,,,8895,,0.002605658257380128
,,,8896,,0.0023846204858273268
,,,8897,,0.009249797090888023
,,,8898,,0.011475971899926662
,,,8899,,0.010319744236767292
,,,8900,,0.009600113146007061
,,,8901,,0.003642558353021741
,,,8902,,0.03171810507774353
,,,8903,,0.0068551329895854
,,,8904,,0.02601436898112297
,,,8905,,0.012665357440710068
,,,8906,,0.011591257527470589
,,,8907,,0.017619872465729713
,,,8908,,0.02016730234026909
,,,8909,,0.018980011343955994
,,,8910,,0.018690887838602066
,,,8911,,0.01558256521821022
,,,8912,,0.02525457739830017
,,,8913,,0.019914403557777405
,,,8914,,0.08497835695743561
,,,8915,,0.06817563623189926
,,,8916,,0.057785410434007645
,,,8917,,0.06142513453960419
,,,8918,,0.08549436926841736
,,,8919,,0.05209576338529587
,,,8920,,0.05727763473987579
,,,8921,,0.07395116239786148
,,,8922,,0.05494769662618637
,,,8923,,0.06798860430717468
,,,8924,,0.055603936314582825
,,,8925,,0.061496369540691376
,,,8926,,0.0697578638792038
,,,8927,,0.06661110371351242
,,,8928,,0.0643719732761383
,,,8929,,0.06199181079864502
,,,8930,,0.030591296032071114
38,,,3158,0.013734469190239906,
38,0.012825194746255875,,3158,,
39,,0.010818859562277794,3159,,
39,,0.014474309049546719,3169,,
39,,0.00786631554365158,3179,,
39,,0.02638738788664341,3189,,
39,,0.01527596265077591,3199,,
39,,0.01497639063745737,3209,,
39,,0.015380891039967537,3219,,
39,,0.01674850657582283,3229,,
39,,0.009296825155615807,3239,,
,,,8931,,0.0004383818304631859
,,,8932,,0.00039037398528307676
,,,8933,,0.0006860195426270366
,,,8934,,0.00034500681795179844
,,,8935,,0.0006897206767462194
,,,8936,,0.000307172944303602
,,,8937,,0.0005304067162796855
,,,8938,,0.0003059790760744363
,,,8939,,0.0004449260886758566
,,,8940,,0.0003414886014070362
,,,8941,,0.000775823020376265
,,,8942,,0.000964944891165942
,,,8943,,0.0003595708403736353
,,,8944,,0.00041005710954777896
,,,8945,,0.0006670134607702494
,,,8946,,0.00038423528894782066
,,,8947,,0.0008634822443127632
,,,8948,,0.0007107153651304543
,,,8949,,0.0005877502262592316
,,,8950,,0.0012491620145738125
,,,8951,,0.0003568587126210332
,,,8952,,0.00034050148678943515
,,,8953,,0.0002628617803566158
,,,8954,,0.0009305189596489072
,,,8955,,0.0007837794255465269
,,,8956,,0.0006280145607888699
,,,8957,,0.0005857714568264782
,,,8958,,0.006261200178414583
,,,8959,,0.017846716567873955
,,,8960,,0.01550254225730896
,,,8961,,0.014888354577124119
,,,8962,,0.016230182722210884
,,,8963,,0.01489727571606636
,,,8964,,0.07949657738208771
,,,8965,,0.02470318228006363
,,,8966,,0.012839807197451591
,,,8967,,0.01469053328037262
,,,8968,,0.010281474329531193
,,,8969,,0.006180482916533947
,,,8970,,0.01327874418348074
,,,8971,,0.008472972549498081
,,,8972,,0.006378202699124813
,,,8973,,0.015292125754058361
,,,8974,,0.013661559671163559
,,,8975,,0.007070932537317276
,,,8976,,0.01800190471112728
,,,8977,,0.009259610436856747
,,,8978,,0.003556737909093499
,,,8979,,0.009788785129785538
,,,8980,,0.005439326632767916
,,,8981,,0.006536430679261684
,,,8982,,0.009021712467074394
,,,8983,,0.0028710816986858845
,,,8984,,0.007506108842790127
,,,8985,,0.007333565503358841
,,,8986,,0.01414555124938488
,,,8987,,0.013941345736384392
,,,8988,,0.0065003433264791965
,,,8989,,0.00979997031390667
,,,8990,,0.0065123033709824085
,,,8991,,0.00862211175262928
,,,8992,,0.006714789196848869
,,,8993,,0.006175577640533447
,,,8994,,0.008435196243226528
,,,8995,,0.007226392161101103
,,,8996,,0.003900232259184122
,,,8997,,0.0068460325710475445
,,,8998,,0.01431230828166008
,,,8999,,0.00740040373057127
,,,9000,,0.004179636016488075
,,,9001,,0.005362401250749826
,,,9002,,0.0004880555788986385
,,,9003,,0.0010315501131117344
,,,9004,,0.0006035541882738471
,,,9005,,0.0005451120086945593
,,,9006,,0.0005470355390571058
,,,9007,,0.0006265302654355764
,,,9008,,0.00037487203371711075
,,,9009,,0.0004890737473033369
,,,9010,,0.0003876559785567224
,,,9011,,0.0007160622626543045
,,,9012,,0.0005252796690911055
,,,9013,,0.000990211614407599
,,,9014,,0.0007101477822288871
,,,9015,,0.011732656508684158
,,,9016,,0.01438884437084198
,,,9017,,0.013719651848077774
,,,9018,,0.04154721647500992
,,,9019,,0.03063194826245308
,,,9020,,0.024425912648439407
,,,9021,,0.041506730020046234
,,,9022,,0.038743458688259125
,,,9023,,0.014048390090465546
,,,9024,,0.014958173967897892
,,,9025,,0.015195261687040329
,,,9026,,0.010943222790956497
,,,9027,,0.012996558099985123
,,,9028,,0.014880284667015076
,,,9029,,0.012321285903453827
,,,9030,,0.012613315135240555
,,,9031,,0.01375609077513218
,,,9032,,0.012402420863509178
,,,9033,,0.010998757556080818
,,,9034,,0.010201262310147285
,,,9035,,0.014446206390857697
,,,9036,,0.0135148074477911
,,,9037,,0.01504095271229744
,,,9038,,0.013464972376823425
,,,9039,,0.012630977667868137
,,,9040,,0.016983188688755035
,,,9041,,0.01432870514690876
,,,9042,,0.010923014022409916
,,,9043,,0.014544449746608734
,,,9044,,0.014391841366887093
,,,9045,,0.011583336628973484
,,,9046,,0.011631473898887634
,,,9047,,0.009300163015723228
,,,9048,,0.012416886165738106
,,,9049,,0.011386411264538765
,,,9050,,0.013354566879570484
,,,9051,,0.010248122736811638
,,,9052,,0.01151755079627037
,,,9053,,0.012199439108371735
,,,9054,,0.011929178610444069
,,,9055,,0.01146119087934494
,,,9056,,0.011845210567116737
,,,9057,,0.00988480169326067
,,,9058,,0.009972935542464256
,,,9059,,0.01023026928305626
,,,9060,,0.013433659449219704
,,,9061,,0.011606883257627487
,,,9062,,0.013443941250443459
,,,9063,,0.01166723482310772
,,,9064,,0.013787802308797836
,,,9065,,0.01283055730164051
,,,9066,,0.011980932205915451
,,,9067,,0.01112070120871067
,,,9068,,0.012925596907734871
,,,9069,,0.00865545030683279
,,,9070,,0.009214858524501324
,,,9071,,0.007963042706251144
,,,9072,,0.007682334631681442
,,,9073,,0.008201059885323048
,,,9074,,0.008885160088539124
,,,9075,,0.008141005411744118
,,,9076,,0.008717725984752178
,,,9077,,0.007926524616777897
,,,9078,,0.008435272611677647
,,,9079,,0.007169097196310759
,,,9080,,0.006695892661809921
,,,9081,,0.007617107592523098
,,,9082,,0.008252176456153393
,,,9083,,0.008583590388298035
,,,9084,,0.008362170308828354
,,,9085,,0.008960926905274391
,,,9086,,0.008718995377421379
,,,9087,,0.0088517339900136
,,,9088,,0.007633002009242773
,,,9089,,0.007853942923247814
,,,9090,,0.00916808657348156
,,,9091,,0.008377939462661743
,,,9092,,0.009401808492839336
,,,9093,,0.010723337531089783
,,,9094,,0.009718507528305054
,,,9095,,0.010124001652002335
,,,9096,,0.009135432541370392
,,,9097,,0.00801638700067997
,,,9098,,0.00847973208874464
,,,9099,,0.011724554002285004
,,,9100,,0.009800329804420471
,,,9101,,0.00848734937608242
,,,9102,,0.011726020835340023
,,,9103,,0.009292109869420528
,,,9104,,0.011621171608567238
,,,9105,,0.009256971068680286
,,,9106,,0.008669178932905197
,,,9107,,0.01018703542649746
,,,9108,,0.009955663233995438
,,,9109,,0.008595012128353119
,,,9110,,0.01081676222383976
,,,9111,,0.009563591331243515
,,,9112,,0.009232372976839542
,,,9113,,0.0032852895092219114
,,,9114,,0.002695741131901741
,,,9115,,0.002009596209973097
,,,9116,,0.0021532748360186815
,,,9117,,0.0018230745336040854
,,,9118,,0.0017983588622882962
,,,9119,,0.0023688524961471558
,,,9120,,0.0019172132015228271
,,,9121,,0.0026842847000807524
,,,9122,,0.0022865640930831432
,,,9123,,0.0022149793803691864
,,,9124,,0.0021390006877481937
,,,9125,,0.0021078800782561302
,,,9126,,0.008304040879011154
,,,9127,,0.010576733388006687
,,,9128,,0.009670911356806755
,,,9129,,0.00850081630051136
,,,9130,,0.0034390657674521208
,,,9131,,0.030825743451714516
,,,9132,,0.006459762342274189
,,,9133,,0.023269833996891975
,,,9134,,0.012236434035003185
,,,9135,,0.01100124977529049
,,,9136,,0.01732255145907402
,,,9137,,0.0195720624178648
,,,9138,,0.019530557096004486
,,,9139,,0.016830313950777054
,,,9140,,0.014830661937594414
,,,9141,,0.023501291871070862
,,,9142,,0.019743353128433228
,,,9143,,0.08350786566734314
,,,9144,,0.0667036920785904
,,,9145,,0.05659356713294983
,,,9146,,0.0606001652777195
,,,9147,,0.08387488126754761
,,,9148,,0.050712794065475464
,,,9149,,0.05552986264228821
,,,9150,,0.0717720091342926
,,,9151,,0.05360822752118111
,,,9152,,0.06674027442932129
,,,9153,,0.05448472127318382
,,,9154,,0.059189967811107635
,,,9155,,0.06884101033210754
,,,9156,,0.06570717692375183
,,,9157,,0.06331855058670044
,,,9158,,0.060530200600624084
,,,9159,,0.029883626848459244
39,,,3239,0.013281847350299358,
39,0.012627526186406612,,3239,,
40,,0.008526182733476162,3249,,
40,,0.01057430449873209,3259,,
40,,0.01314536388963461,3269,,
40,,0.007492495700716972,3279,,
40,,0.02295013889670372,3289,,
40,,0.007273159921169281,3299,,
40,,0.006716636475175619,3309,,
40,,0.010696589946746826,3319,,
,,,9160,,0.0007046599057503045
,,,9161,,0.0006603415822610259
,,,9162,,0.0008271841215901077
,,,9163,,0.0006870881770737469
,,,9164,,0.0011230924865230918
,,,9165,,0.0005512287025339901
,,,9166,,0.0008312975405715406
,,,9167,,0.0005641362513415515
,,,9168,,0.0007888937834650278
,,,9169,,0.0005901303375139832
,,,9170,,0.001059279777109623
,,,9171,,0.0010113895405083895
,,,9172,,0.0006206082180142403
,,,9173,,0.0007571171736344695
,,,9174,,0.0008973679505288601
,,,9175,,0.0007353461114689708
,,,9176,,0.0011968468315899372
,,,9177,,0.0009903865866363049
,,,9178,,0.0010473657166585326
,,,9179,,0.00144994689617306
,,,9180,,0.0006336624501273036
,,,9181,,0.0006410260102711618
,,,9182,,0.0006022941088303924
,,,9183,,0.001145251328125596
,,,9184,,0.0010809758678078651
,,,9185,,0.0009041585144586861
,,,9186,,0.0009222378139384091
,,,9187,,0.006368041038513184
,,,9188,,0.01799316145479679
,,,9189,,0.015606125816702843
,,,9190,,0.014969928190112114
,,,9191,,0.01631125621497631
,,,9192,,0.015051070600748062
,,,9193,,0.07934930920600891
,,,9194,,0.024781277403235435
,,,9195,,0.012983405962586403
,,,9196,,0.014745121821761131
,,,9197,,0.010386228561401367
,,,9198,,0.006258727051317692
,,,9199,,0.013341017998754978
,,,9200,,0.008553325198590755
,,,9201,,0.006603714544326067
,,,9202,,0.015444766730070114
,,,9203,,0.013843869790434837
,,,9204,,0.007225546054542065
,,,9205,,0.01819784939289093
,,,9206,,0.009519219398498535
,,,9207,,0.003737357910722494
,,,9208,,0.010025578550994396
,,,9209,,0.005744807422161102
,,,9210,,0.006680747959762812
,,,9211,,0.00913265347480774
,,,9212,,0.0030955797992646694
,,,9213,,0.007771722041070461
,,,9214,,0.00750685716047883
,,,9215,,0.01392821129411459
,,,9216,,0.013836830854415894
,,,9217,,0.0066051604226231575
,,,9218,,0.009797394275665283
,,,9219,,0.006659580394625664
,,,9220,,0.0085489172488451
,,,9221,,0.006646575406193733
,,,9222,,0.006218574475497007
,,,9223,,0.00838974118232727
,,,9224,,0.0073400940746068954
,,,9225,,0.004037901759147644
,,,9226,,0.006947950925678015
,,,9227,,0.014128743670880795
,,,9228,,0.007320876233279705
,,,9229,,0.0044761658646166325
,,,9230,,0.005597419571131468
,,,9231,,0.0007077140617184341
,,,9232,,0.0012589436955749989
,,,9233,,0.0004952271119691432
,,,9234,,0.0006930438103154302
,,,9235,,0.0007127249846234918
,,,9236,,0.0008340178756043315
,,,9237,,0.0006345976726152003
,,,9238,,0.0005281775956973433
,,,9239,,0.0006586508825421333
,,,9240,,0.0009587304666638374
,,,9241,,0.0006358057726174593
,,,9242,,0.001613563159480691
,,,9243,,0.000951395311858505
,,,9244,,0.01147894561290741
,,,9245,,0.013965590856969357
,,,9246,,0.013207895681262016
,,,9247,,0.04020317643880844
,,,9248,,0.029222220182418823
,,,9249,,0.02321448177099228
,,,9250,,0.03943522274494171
,,,9251,,0.036526650190353394
,,,9252,,0.013680744916200638
,,,9253,,0.014877790585160255
,,,9254,,0.015170106664299965
,,,9255,,0.010880870744585991
,,,9256,,0.012967515736818314
,,,9257,,0.014817392453551292
,,,9258,,0.012249202467501163
,,,9259,,0.012590941973030567
,,,9260,,0.013734576292335987
,,,9261,,0.012318216264247894
,,,9262,,0.011083577759563923
,,,9263,,0.010124942287802696
,,,9264,,0.01432226411998272
,,,9265,,0.013391916640102863
,,,9266,,0.014991935342550278
,,,9267,,0.013376329094171524
,,,9268,,0.012567229568958282
,,,9269,,0.01691378280520439
,,,9270,,0.014301776885986328
,,,9271,,0.010877704247832298
,,,9272,,0.014546276070177555
,,,9273,,0.014379928819835186
,,,9274,,0.011612877249717712
,,,9275,,0.011710958555340767
,,,9276,,0.00942499004304409
,,,9277,,0.012295464985072613
,,,9278,,0.011337458156049252
,,,9279,,0.013159233145415783
,,,9280,,0.010157362557947636
,,,9281,,0.011495698243379593
,,,9282,,0.012054180726408958
,,,9283,,0.01175801269710064
,,,9284,,0.01128351129591465
,,,9285,,0.011707169935107231
,,,9286,,0.009760814718902111
,,,9287,,0.009860898368060589
,,,9288,,0.010171014815568924
,,,9289,,0.013301780447363853
,,,9290,,0.011440879665315151
,,,9291,,0.013286473229527473
,,,9292,,0.011654146015644073
,,,9293,,0.01369246281683445
,,,9294,,0.012666940689086914
,,,9295,,0.011892970651388168
,,,9296,,0.01107728574424982
,,,9297,,0.012780819088220596
,,,9298,,0.008509478531777859
,,,9299,,0.009113735519349575
,,,9300,,0.007894030772149563
,,,9301,,0.007579054217785597
,,,9302,,0.008113345131278038
,,,9303,,0.008739776909351349
,,,9304,,0.008109495043754578
,,,9305,,0.008674749173223972
,,,9306,,0.007818135432898998
,,,9307,,0.008322929963469505
,,,9308,,0.007054513320326805
,,,9309,,0.006645572371780872
,,,9310,,0.00747050391510129
,,,9311,,0.008135916665196419
,,,9312,,0.008476737886667252
,,,9313,,0.00827273353934288
,,,9314,,0.008900216780602932
,,,9315,,0.008618650957942009
,,,9316,,0.008724555373191833
,,,9317,,0.007554329466074705
,,,9318,,0.007712085265666246
,,,9319,,0.00907476432621479
,,,9320,,0.008247981779277325
,,,9321,,0.009226864203810692
,,,9322,,0.010588282719254494
,,,9323,,0.009551119059324265
,,,9324,,0.009913511574268341
,,,9325,,0.008932361379265785
,,,9326,,0.00782326702028513
,,,9327,,0.008351381868124008
,,,9328,,0.011621689423918724
,,,9329,,0.009710115380585194
,,,9330,,0.008290223777294159
,,,9331,,0.011552486568689346
,,,9332,,0.009121393784880638
,,,9333,,0.011484185233712196
,,,9334,,0.009110648185014725
,,,9335,,0.00850033387541771
,,,9336,,0.010030572302639484
,,,9337,,0.0097593879327178
,,,9338,,0.008516996167600155
,,,9339,,0.01068669743835926
,,,9340,,0.009443392045795918
,,,9341,,0.009113408625125885
,,,9342,,0.003436934668570757
,,,9343,,0.0027722949162125587
,,,9344,,0.002170944819226861
,,,9345,,0.0023285415954887867
,,,9346,,0.0019505758536979556
,,,9347,,0.001999160274863243
,,,9348,,0.0024580531753599644
,,,9349,,0.0021162712946534157
,,,9350,,0.0029096512589603662
,,,9351,,0.0025254387874156237
,,,9352,,0.002351667732000351
,,,9353,,0.002396478783339262
,,,9354,,0.0022116941399872303
,,,9355,,0.009138256311416626
,,,9356,,0.011828551068902016
,,,9357,,0.010641545057296753
,,,9358,,0.00916900485754013
,,,9359,,0.003933659754693508
,,,9360,,0.032387956976890564
,,,9361,,0.0072325714863836765
,,,9362,,0.02447637915611267
,,,9363,,0.01219848357141018
,,,9364,,0.011622924357652664
,,,9365,,0.0176226869225502
,,,9366,,0.020983390510082245
,,,9367,,0.020359721034765244
,,,9368,,0.018867913633584976
,,,9369,,0.01603786274790764
,,,9370,,0.02446874976158142
,,,9371,,0.020314998924732208
,,,9372,,0.08342862129211426
,,,9373,,0.06722139567136765
,,,9374,,0.057000961154699326
,,,9375,,0.0605766698718071
,,,9376,,0.08445124328136444
,,,9377,,0.05026561766862869
,,,9378,,0.05691730976104736
,,,9379,,0.07179580628871918
,,,9380,,0.05337154492735863
,,,9381,,0.06602806597948074
,,,9382,,0.05546199157834053
,,,9383,,0.06048261746764183
,,,9384,,0.06945370137691498
,,,9385,,0.06612381339073181
,,,9386,,0.06326504051685333
,,,9387,,0.06061965972185135
,,,9388,,0.030084338039159775
40,,,3320,0.013363925740122795,
40,0.012516188435256481,,3320,,
41,,0.010036628693342209,3329,,
41,,0.004717758856713772,3339,,
41,,0.018677067011594772,3349,,
41,,0.014120249077677727,3359,,
41,,0.007295889314264059,3369,,
41,,0.01557029876857996,3379,,
41,,0.008476650342345238,3389,,
41,,0.009939497336745262,3399,,
,,,9389,,0.000574032252188772
,,,9390,,0.0005607472267001867
,,,9391,,0.0009040734730660915
,,,9392,,0.0005108439945615828
,,,9393,,0.0009404768934473395
,,,9394,,0.0004492888692766428
,,,9395,,0.0007594006601721048
,,,9396,,0.00044494733447209
,,,9397,,0.0006269280565902591
,,,9398,,0.0004936190671287477
,,,9399,,0.0009752233745530248
,,,9400,,0.0011859319638460875
,,,9401,,0.0005063602002337575
,,,9402,,0.0005742504145018756
,,,9403,,0.0008083062712103128
,,,9404,,0.0005442185793071985
,,,9405,,0.0010655343066900969
,,,9406,,0.0008855727501213551
,,,9407,,0.0008259857422672212
,,,9408,,0.0014207280473783612
,,,9409,,0.0004934651078656316
,,,9410,,0.00047632146743126214
,,,9411,,0.00041742483153939247
,,,9412,,0.0010777286952361465
,,,9413,,0.0009155176230706275
,,,9414,,0.0007823476335033774
,,,9415,,0.0007464070222340524
,,,9416,,0.006333507131785154
,,,9417,,0.017867304384708405
,,,9418,,0.015463493764400482
,,,9419,,0.014932934194803238
,,,9420,,0.016251884400844574
,,,9421,,0.014994801953434944
,,,9422,,0.07902465015649796
,,,9423,,0.02461928501725197
,,,9424,,0.01286894828081131
,,,9425,,0.014738328754901886
,,,9426,,0.010334234684705734
,,,9427,,0.00617680000141263
,,,9428,,0.013251939788460732
,,,9429,,0.008526459336280823
,,,9430,,0.006450128275901079
,,,9431,,0.015228090807795525
,,,9432,,0.013631844893097878
,,,9433,,0.007080103736370802
,,,9434,,0.01790318638086319
,,,9435,,0.009342454373836517
,,,9436,,0.0036623897030949593
,,,9437,,0.00980573520064354
,,,9438,,0.00556965684518218
,,,9439,,0.006667634472250938
,,,9440,,0.009074700996279716
,,,9441,,0.0029246341437101364
,,,9442,,0.007582547143101692
,,,9443,,0.007588833570480347
,,,9444,,0.013921663165092468
,,,9445,,0.013764624483883381
,,,9446,,0.006979997269809246
,,,9447,,0.010003411211073399
,,,9448,,0.0068236468359827995
,,,9449,,0.008766871877014637
,,,9450,,0.007074742112308741
,,,9451,,0.006604747846722603
,,,9452,,0.008844193071126938
,,,9453,,0.007770426571369171
,,,9454,,0.004369073547422886
,,,9455,,0.006817658431828022
,,,9456,,0.01410631649196148
,,,9457,,0.0075867632403969765
,,,9458,,0.004588441923260689
,,,9459,,0.005565594416111708
,,,9460,,0.0006342618726193905
,,,9461,,0.001206933637149632
,,,9462,,0.000825923983938992
,,,9463,,0.000735634530428797
,,,9464,,0.0007065984536893666
,,,9465,,0.0007524836109951138
,,,9466,,0.00047060352517291903
,,,9467,,0.000637288554571569
,,,9468,,0.0005049464525654912
,,,9469,,0.0008332903380505741
,,,9470,,0.0007331941742449999
,,,9471,,0.0009487594943493605
,,,9472,,0.0008657160215079784
,,,9473,,0.011227034032344818
,,,9474,,0.013882172293961048
,,,9475,,0.013048645108938217
,,,9476,,0.04044593125581741
,,,9477,,0.029038581997156143
,,,9478,,0.022681713104248047
,,,9479,,0.03813277557492256
,,,9480,,0.03529081493616104
,,,9481,,0.013555064797401428
,,,9482,,0.014800800010561943
,,,9483,,0.015127716585993767
,,,9484,,0.010894187726080418
,,,9485,,0.0129292793571949
,,,9486,,0.014671685174107552
,,,9487,,0.012170246802270412
,,,9488,,0.012459466233849525
,,,9489,,0.013676965609192848
,,,9490,,0.012463144958019257
,,,9491,,0.010932590812444687
,,,9492,,0.01018144004046917
,,,9493,,0.014295432716608047
,,,9494,,0.013465103693306446
,,,9495,,0.014786461368203163
,,,9496,,0.013329146429896355
,,,9497,,0.012519781477749348
,,,9498,,0.01681305095553398
,,,9499,,0.014242134988307953
,,,9500,,0.010833673179149628
,,,9501,,0.01438478659838438
,,,9502,,0.01432181429117918
,,,9503,,0.01114837545901537
,,,9504,,0.011240608990192413
,,,9505,,0.009162547998130322
,,,9506,,0.012351552955806255
,,,9507,,0.011443202383816242
,,,9508,,0.013407256454229355
,,,9509,,0.010344922542572021
,,,9510,,0.011506471782922745
,,,9511,,0.012111224234104156
,,,9512,,0.011773908510804176
,,,9513,,0.011418611742556095
,,,9514,,0.01187034323811531
,,,9515,,0.009920503944158554
,,,9516,,0.010059298947453499
,,,9517,,0.010358791798353195
,,,9518,,0.013334505259990692
,,,9519,,0.011623183265328407
,,,9520,,0.013240290805697441
,,,9521,,0.011757267639040947
,,,9522,,0.013862263411283493
,,,9523,,0.012833235785365105
,,,9524,,0.01197016704827547
,,,9525,,0.011167434975504875
,,,9526,,0.012913452461361885
,,,9527,,0.008777210488915443
,,,9528,,0.00933157466351986
,,,9529,,0.008072779513895512
,,,9530,,0.0077864015474915504
,,,9531,,0.008276431821286678
,,,9532,,0.008972177281975746
,,,9533,,0.008181760087609291
,,,9534,,0.008754877373576164
,,,9535,,0.007980475202202797
,,,9536,,0.008706655353307724
,,,9537,,0.00718355318531394
,,,9538,,0.006808954756706953
,,,9539,,0.007719012442976236
,,,9540,,0.008397798985242844
,,,9541,,0.008730825036764145
,,,9542,,0.008425906300544739
,,,9543,,0.009112508967518806
,,,9544,,0.008747742511332035
,,,9545,,0.008895192295312881
,,,9546,,0.007726001553237438
,,,9547,,0.007938029244542122
,,,9548,,0.00914443377405405
,,,9549,,0.008288719691336155
,,,9550,,0.009286288172006607
,,,9551,,0.010549066588282585
,,,9552,,0.00956052541732788
,,,9553,,0.009907854720950127
,,,9554,,0.00894349254667759
,,,9555,,0.007780255284160376
,,,9556,,0.008369825780391693
,,,9557,,0.011568520218133926
,,,9558,,0.009707225486636162
,,,9559,,0.008282776921987534
,,,9560,,0.011513669975101948
,,,9561,,0.009059455245733261
,,,9562,,0.011448254808783531
,,,9563,,0.009129488840699196
,,,9564,,0.008547069504857063
,,,9565,,0.010006537660956383
,,,9566,,0.009704578667879105
,,,9567,,0.008463227190077305
,,,9568,,0.010586902499198914
,,,9569,,0.009367628954350948
,,,9570,,0.009098947048187256
,,,9571,,0.0034979754127562046
,,,9572,,0.0028978302143514156
,,,9573,,0.0021910658106207848
,,,9574,,0.0023999770637601614
,,,9575,,0.001976720057427883
,,,9576,,0.0020049293525516987
,,,9577,,0.0025277871172875166
,,,9578,,0.0021555908024311066
,,,9579,,0.0030511512886732817
,,,9580,,0.0025608784053474665
,,,9581,,0.0023713763803243637
,,,9582,,0.002457435242831707
,,,9583,,0.0023157154209911823
,,,9584,,0.009614959359169006
,,,9585,,0.011179117485880852
,,,9586,,0.00992711540311575
,,,9587,,0.009098276495933533
,,,9588,,0.0035586957819759846
,,,9589,,0.03245139122009277
,,,9590,,0.006951157934963703
,,,9591,,0.023518361151218414
,,,9592,,0.012456320226192474
,,,9593,,0.011305497959256172
,,,9594,,0.017660584300756454
,,,9595,,0.020775916054844856
,,,9596,,0.01953827776014805
,,,9597,,0.01733068935573101
,,,9598,,0.01504894532263279
,,,9599,,0.025452449917793274
,,,9600,,0.020100561901926994
,,,9601,,0.08197884261608124
,,,9602,,0.06663209944963455
,,,9603,,0.05602339655160904
,,,9604,,0.059988293796777725
,,,9605,,0.08293455839157104
,,,9606,,0.04957810044288635
,,,9607,,0.05581624060869217
,,,9608,,0.07190562039613724
,,,9609,,0.05309638753533363
,,,9610,,0.06612849235534668
,,,9611,,0.05411306768655777
,,,9612,,0.05880028009414673
,,,9613,,0.06817874312400818
,,,9614,,0.06462055444717407
,,,9615,,0.06230737268924713
,,,9616,,0.06050713360309601
,,,9617,,0.029954180121421814
41,,,3401,0.013265966437757015,
41,0.012511075474321842,,3401,,
42,,0.0140388710424304,3409,,
42,,0.016347326338291168,3419,,
42,,0.009173027239739895,3429,,
42,,0.011965157464146614,3439,,
42,,0.014965079724788666,3449,,
42,,0.012365768663585186,3459,,
42,,0.009776045568287373,3469,,
42,,0.015821047127246857,3479,,
,,,9618,,0.0007367830257862806
,,,9619,,0.0006358306854963303
,,,9620,,0.0011053427588194609
,,,9621,,0.000683306367136538
,,,9622,,0.0010796638671308756
,,,9623,,0.0007089553400874138
,,,9624,,0.000989596708677709
,,,9625,,0.0006061336025595665
,,,9626,,0.0007639833493158221
,,,9627,,0.0006983304629102349
,,,9628,,0.0011584508465602994
,,,9629,,0.0013500105123966932
,,,9630,,0.0007147339638322592
,,,9631,,0.0008611715165898204
,,,9632,,0.001201392151415348
,,,9633,,0.0008550916099920869
,,,9634,,0.0012870302889496088
,,,9635,,0.0011667553335428238
,,,9636,,0.00110274413600564
,,,9637,,0.0016755772521719337
,,,9638,,0.000927806191612035
,,,9639,,0.0008738409960642457
,,,9640,,0.0008244074997492135
,,,9641,,0.0013117818161845207
,,,9642,,0.0012376997619867325
,,,9643,,0.0010524974204599857
,,,9644,,0.0011005997657775879
,,,9645,,0.006154685281217098
,,,9646,,0.017577506601810455
,,,9647,,0.015203284099698067
,,,9648,,0.014642372727394104
,,,9649,,0.016040410846471786
,,,9650,,0.014674318954348564
,,,9651,,0.07863040268421173
,,,9652,,0.024352971464395523
,,,9653,,0.012629669159650803
,,,9654,,0.01442751195281744
,,,9655,,0.010054709389805794
,,,9656,,0.005949296988546848
,,,9657,,0.012982401065528393
,,,9658,,0.008231554180383682
,,,9659,,0.0063066123984754086
,,,9660,,0.015018535777926445
,,,9661,,0.01342522632330656
,,,9662,,0.006958514917641878
,,,9663,,0.017647314816713333
,,,9664,,0.00918910838663578
,,,9665,,0.0035508950240910053
,,,9666,,0.009637974202632904
,,,9667,,0.005399627611041069
,,,9668,,0.0065203215926885605
,,,9669,,0.008979011327028275
,,,9670,,0.002913982141762972
,,,9671,,0.007420496083796024
,,,9672,,0.007809183094650507
,,,9673,,0.015212524682283401
,,,9674,,0.014717405661940575
,,,9675,,0.00757313147187233
,,,9676,,0.011108994483947754
,,,9677,,0.008080795407295227
,,,9678,,0.009810741059482098
,,,9679,,0.00810493715107441
,,,9680,,0.0074016619473695755
,,,9681,,0.009750382974743843
,,,9682,,0.008217673748731613
,,,9683,,0.004947371780872345
,,,9684,,0.006850420963019133
,,,9685,,0.015082098543643951
,,,9686,,0.008528285659849644
,,,9687,,0.005135060288012028
,,,9688,,0.006337663624435663
,,,9689,,0.0006744195125065744
,,,9690,,0.001161703490652144
,,,9691,,0.000442065647803247
,,,9692,,0.0006462001474574208
,,,9693,,0.0006669035647064447
,,,9694,,0.0007957643829286098
,,,9695,,0.0006124330102466047
,,,9696,,0.000434866757132113
,,,9697,,0.0005441703833639622
,,,9698,,0.0008625659975223243
,,,9699,,0.0005689742392860353
,,,9700,,0.0016669448232278228
,,,9701,,0.000867480062879622
,,,9702,,0.012201241217553616
,,,9703,,0.01468568667769432
,,,9704,,0.014945998787879944
,,,9705,,0.04767962172627449
,,,9706,,0.03605252876877785
,,,9707,,0.026443250477313995
,,,9708,,0.03838666155934334
,,,9709,,0.035368118435144424
,,,9710,,0.013617071323096752
,,,9711,,0.014875992201268673
,,,9712,,0.015098953619599342
,,,9713,,0.010950829833745956
,,,9714,,0.013008331879973412
,,,9715,,0.014824206940829754
,,,9716,,0.012299166060984135
,,,9717,,0.012525249272584915
,,,9718,,0.013752548955380917
,,,9719,,0.012584289535880089
,,,9720,,0.010932432487607002
,,,9721,,0.010288827121257782
,,,9722,,0.014439224265515804
,,,9723,,0.013528795912861824
,,,9724,,0.014683367684483528
,,,9725,,0.013348901644349098
,,,9726,,0.012632280588150024
,,,9727,,0.01690628007054329
,,,9728,,0.014280888251960278
,,,9729,,0.010885383933782578
,,,9730,,0.014442391693592072
,,,9731,,0.014315654523670673
,,,9732,,0.011046202853322029
,,,9733,,0.01113956794142723
,,,9734,,0.00910579040646553
,,,9735,,0.01237411517649889
,,,9736,,0.011548778042197227
,,,9737,,0.013480796478688717
,,,9738,,0.010487830266356468
,,,9739,,0.011633213609457016
,,,9740,,0.012272672727704048
,,,9741,,0.011822116561233997
,,,9742,,0.011581476777791977
,,,9743,,0.012049809098243713
,,,9744,,0.009963815100491047
,,,9745,,0.01017733383923769
,,,9746,,0.010529122315347195
,,,9747,,0.013507701456546783
,,,9748,,0.011744853109121323
,,,9749,,0.013380207121372223
,,,9750,,0.011989900842308998
,,,9751,,0.013854188844561577
,,,9752,,0.012906033545732498
,,,9753,,0.012088354676961899
,,,9754,,0.011290842667222023
,,,9755,,0.013003641739487648
,,,9756,,0.008918475359678268
,,,9757,,0.009588483721017838
,,,9758,,0.008490416221320629
,,,9759,,0.008005489595234394
,,,9760,,0.008546808734536171
,,,9761,,0.009319012984633446
,,,9762,,0.008287912234663963
,,,9763,,0.009115366265177727
,,,9764,,0.008253000676631927
,,,9765,,0.00885127205401659
,,,9766,,0.007257206831127405
,,,9767,,0.007079737260937691
,,,9768,,0.007839432917535305
,,,9769,,0.008677910082042217
,,,9770,,0.008906674571335316
,,,9771,,0.008659333921968937
,,,9772,,0.009286968037486076
,,,9773,,0.008975714445114136
,,,9774,,0.009182712063193321
,,,9775,,0.007927019149065018
,,,9776,,0.008277250453829765
,,,9777,,0.009377935901284218
,,,9778,,0.008548285812139511
,,,9779,,0.009469764307141304
,,,9780,,0.010871660895645618
,,,9781,,0.00986485742032528
,,,9782,,0.010176549665629864
,,,9783,,0.00927218608558178
,,,9784,,0.008055978454649448
,,,9785,,0.00859982892870903
,,,9786,,0.011915975250303745
,,,9787,,0.010009920224547386
,,,9788,,0.008535170927643776
,,,9789,,0.011858131736516953
,,,9790,,0.009335708804428577
,,,9791,,0.011723315343260765
,,,9792,,0.009362269192934036
,,,9793,,0.008754009380936623
,,,9794,,0.010313138365745544
,,,9795,,0.010087613947689533
,,,9796,,0.008727533742785454
,,,9797,,0.01097499392926693
,,,9798,,0.009662638418376446
,,,9799,,0.009239698760211468
,,,9800,,0.003233360592275858
,,,9801,,0.0027308259159326553
,,,9802,,0.0020703994669020176
,,,9803,,0.0021497721318155527
,,,9804,,0.0018632360734045506
,,,9805,,0.0018390690675005317
,,,9806,,0.0024340795353055
,,,9807,,0.0019096765900030732
,,,9808,,0.0027494453825056553
,,,9809,,0.0023183482699096203
,,,9810,,0.0022106822580099106
,,,9811,,0.002151142107322812
,,,9812,,0.002103718463331461
,,,9813,,0.009004042483866215
,,,9814,,0.01277234684675932
,,,9815,,0.011605088599026203
,,,9816,,0.009789889678359032
,,,9817,,0.004670275840908289
,,,9818,,0.033367741852998734
,,,9819,,0.007968577556312084
,,,9820,,0.025304853916168213
,,,9821,,0.013366296887397766
,,,9822,,0.01252544391900301
,,,9823,,0.019045738503336906
,,,9824,,0.023123476654291153
,,,9825,,0.021600600332021713
,,,9826,,0.020715922117233276
,,,9827,,0.01752622239291668
,,,9828,,0.02540004253387451
,,,9829,,0.021274439990520477
,,,9830,,0.08252089470624924
,,,9831,,0.06724140048027039
,,,9832,,0.05578075721859932
,,,9833,,0.06046862155199051
,,,9834,,0.08335745334625244
,,,9835,,0.05042768642306328
,,,9836,,0.05613500624895096
,,,9837,,0.07089122384786606
,,,9838,,0.052578046917915344
,,,9839,,0.06611963361501694
,,,9840,,0.05368190258741379
,,,9841,,0.05887509882450104
,,,9842,,0.06898064911365509
,,,9843,,0.06460025906562805
,,,9844,,0.0626535713672638
,,,9845,,0.06025651842355728
,,,9846,,0.030267398804426193
42,,,3482,0.013589763082563877,
42,0.01262699719518423,,3482,,
43,,0.006950118113309145,3489,,
43,,0.012418835423886776,3499,,
43,,0.011844517663121223,3509,,
43,,0.014531150460243225,3519,,
43,,0.014020118862390518,3529,,
43,,0.009110691025853157,3539,,
43,,0.006624523550271988,3549,,
43,,0.009714402258396149,3559,,
,,,9847,,0.00042655860306695104
,,,9848,,0.0004069264978170395
,,,9849,,0.0005783961387351155
,,,9850,,0.0004117657954338938
,,,9851,,0.0009110055398195982
,,,9852,,0.00029752071714028716
,,,9853,,0.000583432731218636
,,,9854,,0.0003103655471932143
,,,9855,,0.000566542730666697
,,,9856,,0.00032697978895157576
,,,9857,,0.0007988471770659089
,,,9858,,0.0007707423064857721
,,,9859,,0.00032874898170121014
,,,9860,,0.00044610133045352995
,,,9861,,0.0006270621670410037
,,,9862,,0.0003899752045981586
,,,9863,,0.0008783583180047572
,,,9864,,0.0007169219898059964
,,,9865,,0.0007918752380646765
,,,9866,,0.0011103188153356314
,,,9867,,0.00033963669557124376
,,,9868,,0.0003196034813299775
,,,9869,,0.000293899851385504
,,,9870,,0.0008104231092147529
,,,9871,,0.0007006735540926456
,,,9872,,0.0006499678129330277
,,,9873,,0.0006111860857345164
,,,9874,,0.006014155223965645
,,,9875,,0.017449432983994484
,,,9876,,0.01510578766465187
,,,9877,,0.014584950171411037
,,,9878,,0.015915777534246445
,,,9879,,0.014577268622815609
,,,9880,,0.0782267302274704
,,,9881,,0.024175062775611877
,,,9882,,0.012477638199925423
,,,9883,,0.014301620423793793
,,,9884,,0.009900035336613655
,,,9885,,0.005910155829042196
,,,9886,,0.012846989557147026
,,,9887,,0.008151864632964134
,,,9888,,0.006059642415493727
,,,9889,,0.014671983197331429
,,,9890,,0.013102643191814423
,,,9891,,0.006855740211904049
,,,9892,,0.01730284094810486
,,,9893,,0.008961750194430351
,,,9894,,0.0034396559931337833
,,,9895,,0.009263873100280762
,,,9896,,0.005309651140123606
,,,9897,,0.006389652844518423
,,,9898,,0.008717639371752739
,,,9899,,0.0027333730831742287
,,,9900,,0.007282408885657787
,,,9901,,0.006736693903803825
,,,9902,,0.013286346569657326
,,,9903,,0.013060802593827248
,,,9904,,0.006220962852239609
,,,9905,,0.009245301596820354
,,,9906,,0.006061481311917305
,,,9907,,0.008099363185465336
,,,9908,,0.006313569378107786
,,,9909,,0.005841501988470554
,,,9910,,0.007974976673722267
,,,9911,,0.006848021876066923
,,,9912,,0.0037872877437621355
,,,9913,,0.006263792514801025
,,,9914,,0.013437042012810707
,,,9915,,0.007047875784337521
,,,9916,,0.004039632622152567
,,,9917,,0.005098328925669193
,,,9918,,0.0004950371221639216
,,,9919,,0.0010826950892806053
,,,9920,,0.0006164435762912035
,,,9921,,0.0005891937180422246
,,,9922,,0.0005738726467825472
,,,9923,,0.0006195481983013451
,,,9924,,0.00036911587812937796
,,,9925,,0.0005307073006406426
,,,9926,,0.000455253291875124
,,,9927,,0.0007651349296793342
,,,9928,,0.0005849417648278177
,,,9929,,0.0008986464818008244
,,,9930,,0.0007007588865235448
,,,9931,,0.010775421746075153
,,,9932,,0.01333548128604889
,,,9933,,0.013431932777166367
,,,9934,,0.043850041925907135
,,,9935,,0.03294289484620094
,,,9936,,0.024858077988028526
,,,9937,,0.03769785910844803
,,,9938,,0.03501296043395996
,,,9939,,0.013458650559186935
,,,9940,,0.014407163485884666
,,,9941,,0.014678692445158958
,,,9942,,0.010694939643144608
,,,9943,,0.01262948289513588
,,,9944,,0.014287305995821953
,,,9945,,0.011991523206233978
,,,9946,,0.012247341684997082
,,,9947,,0.013362064957618713
,,,9948,,0.012219265103340149
,,,9949,,0.010721372440457344
,,,9950,,0.009823904372751713
,,,9951,,0.013994031585752964
,,,9952,,0.013110565021634102
,,,9953,,0.014509242959320545
,,,9954,,0.01302671991288662
,,,9955,,0.012211404740810394
,,,9956,,0.0163433775305748
,,,9957,,0.013930383138358593
,,,9958,,0.01058395765721798
,,,9959,,0.013968821614980698
,,,9960,,0.0139926727861166
,,,9961,,0.010686593130230904
,,,9962,,0.010745972394943237
,,,9963,,0.008843955583870411
,,,9964,,0.012010554783046246
,,,9965,,0.011078482493758202
,,,9966,,0.013055087998509407
,,,9967,,0.010056823492050171
,,,9968,,0.01124867144972086
,,,9969,,0.011927857995033264
,,,9970,,0.011589327827095985
,,,9971,,0.011124618351459503
,,,9972,,0.011682474054396152
,,,9973,,0.009737195447087288
,,,9974,,0.009772947058081627
,,,9975,,0.010019572451710701
,,,9976,,0.01301882416009903
,,,9977,,0.011336568742990494
,,,9978,,0.012998802587389946
,,,9979,,0.011425970122218132
,,,9980,,0.013479719869792461
,,,9981,,0.01248855423182249
,,,9982,,0.011792156845331192
,,,9983,,0.010821693576872349
,,,9984,,0.012580914422869682
,,,9985,,0.008500469848513603
,,,9986,,0.008921107277274132
,,,9987,,0.007818354293704033
,,,9988,,0.007512054871767759
,,,9989,,0.007961297407746315
,,,9990,,0.008605449460446835
,,,9991,,0.007840769365429878
,,,9992,,0.008512813597917557
,,,9993,,0.007704786024987698
,,,9994,,0.008157983422279358
,,,9995,,0.0069962781853973866
,,,9996,,0.006513725966215134
,,,9997,,0.0073667895048856735
,,,9998,,0.00807059183716774
,,,9999,,0.008284267038106918
,,,10000,,0.008107825182378292
,,,10001,,0.008605686016380787
,,,10002,,0.008400111459195614
,,,10003,,0.008626000955700874
,,,10004,,0.0074196248315274715
,,,10005,,0.00763392960652709
,,,10006,,0.008823679760098457
,,,10007,,0.008042068220674992
,,,10008,,0.009061522781848907
,,,10009,,0.010276097804307938
,,,10010,,0.00933053344488144
,,,10011,,0.009628151543438435
,,,10012,,0.008732860907912254
,,,10013,,0.007577596697956324
,,,10014,,0.008131543174386024
,,,10015,,0.011245617642998695
,,,10016,,0.009444888681173325
,,,10017,,0.008082153275609016
,,,10018,,0.011271677911281586
,,,10019,,0.008883249014616013
,,,10020,,0.011137762106955051
,,,10021,,0.008874734863638878
,,,10022,,0.008271697908639908
,,,10023,,0.009754408150911331
,,,10024,,0.009441856294870377
,,,10025,,0.008291666395962238
,,,10026,,0.010311875492334366
,,,10027,,0.009160793386399746
,,,10028,,0.008744196966290474
,,,10029,,0.0030416245572268963
,,,10030,,0.002631752286106348
,,,10031,,0.002066655084490776
,,,10032,,0.0021748614963144064
,,,10033,,0.0018790103495121002
,,,10034,,0.0017991965869441628
,,,10035,,0.0024041193537414074
,,,10036,,0.0018681929213926196
,,,10037,,0.002645052270963788
,,,10038,,0.0022283783182501793
,,,10039,,0.0022526539396494627
,,,10040,,0.0020366657990962267
,,,10041,,0.0021162861958146095
,,,10042,,0.008463235571980476
,,,10043,,0.010863273404538631
,,,10044,,0.010531609877943993
,,,10045,,0.008634128607809544
,,,10046,,0.003392979968339205
,,,10047,,0.03155433014035225
,,,10048,,0.006573011167347431
,,,10049,,0.023013146594166756
,,,10050,,0.01203325018286705
,,,10051,,0.011759007349610329
,,,10052,,0.017215648666024208
,,,10053,,0.020510662347078323
,,,10054,,0.020251743495464325
,,,10055,,0.01850896142423153
,,,10056,,0.014727726578712463
,,,10057,,0.024240288883447647
,,,10058,,0.01930132508277893
,,,10059,,0.08105461299419403
,,,10060,,0.06518630683422089
,,,10061,,0.054221730679273605
,,,10062,,0.05886928737163544
,,,10063,,0.0812535434961319
,,,10064,,0.04860375449061394
,,,10065,,0.05445827543735504
,,,10066,,0.06963464617729187
,,,10067,,0.05118222534656525
,,,10068,,0.06375204026699066
,,,10069,,0.05226604640483856
,,,10070,,0.057957544922828674
,,,10071,,0.06763789057731628
,,,10072,,0.06385163217782974
,,,10073,,0.06058451533317566
,,,10074,,0.058424897491931915
,,,10075,,0.02963877283036709
43,,,3563,0.01292203925549984,
43,0.011726130731403828,,3563,,
44,,0.009913233108818531,3569,,
44,,0.008184891194105148,3579,,
44,,0.011581298895180225,3589,,
44,,0.022856730967760086,3599,,
44,,0.015104228630661964,3609,,
44,,0.020574282854795456,3619,,
44,,0.005045226775109768,3629,,
44,,0.009420451708137989,3639,,
,,,10076,,0.0007991933962330222
,,,10077,,0.0007286688778549433
,,,10078,,0.001125865033827722
,,,10079,,0.0007467477698810399
,,,10080,,0.0012200381606817245
,,,10081,,0.0007086374098435044
,,,10082,,0.0009550450486131012
,,,10083,,0.0006728032603859901
,,,10084,,0.0008759095217101276
,,,10085,,0.0007368366350419819
,,,10086,,0.0011590307112783194
,,,10087,,0.0014202350284904242
,,,10088,,0.0006811554776504636
,,,10089,,0.0007800313178449869
,,,10090,,0.0011388366110622883
,,,10091,,0.0008159326389431953
,,,10092,,0.0013666084269061685
,,,10093,,0.0012522890465334058
,,,10094,,0.0009994711726903915
,,,10095,,0.001699600019492209
,,,10096,,0.0008322809590026736
,,,10097,,0.0007877536118030548
,,,10098,,0.0006883931346237659
,,,10099,,0.0013970660511404276
,,,10100,,0.0012050960212945938
,,,10101,,0.0009990104008466005
,,,10102,,0.0010394377168267965
,,,10103,,0.0063806334510445595
,,,10104,,0.017790261656045914
,,,10105,,0.01539357379078865
,,,10106,,0.014969628304243088
,,,10107,,0.0162714421749115
,,,10108,,0.014993313699960709
,,,10109,,0.078452929854393
,,,10110,,0.02441675029695034
,,,10111,,0.012794612906873226
,,,10112,,0.014679954387247562
,,,10113,,0.010215334594249725
,,,10114,,0.006263710092753172
,,,10115,,0.013171090744435787
,,,10116,,0.00853252038359642
,,,10117,,0.0063753994181752205
,,,10118,,0.014855954796075821
,,,10119,,0.013303032144904137
,,,10120,,0.007154284045100212
,,,10121,,0.017460372298955917
,,,10122,,0.009175984188914299
,,,10123,,0.0037098550237715244
,,,10124,,0.009487319737672806
,,,10125,,0.005598634481430054
,,,10126,,0.006813008803874254
,,,10127,,0.009027557447552681
,,,10128,,0.0030559359584003687
,,,10129,,0.007536225486546755
,,,10130,,0.007600871380418539
,,,10131,,0.013647707179188728
,,,10132,,0.013404538854956627
,,,10133,,0.007129767909646034
,,,10134,,0.009652843698859215
,,,10135,,0.007448671385645866
,,,10136,,0.00861460529267788
,,,10137,,0.0069840578362345695
,,,10138,,0.006659208796918392
,,,10139,,0.008540967479348183
,,,10140,,0.007496705744415522
,,,10141,,0.004879815503954887
,,,10142,,0.007313521578907967
,,,10143,,0.013752048835158348
,,,10144,,0.007874676026403904
,,,10145,,0.005365762859582901
,,,10146,,0.005374602507799864
,,,10147,,0.0008691174443811178
,,,10148,,0.001432520104572177
,,,10149,,0.0014666497008875012
,,,10150,,0.0010542486561462283
,,,10151,,0.0009550081449560821
,,,10152,,0.0010193025227636099
,,,10153,,0.0007193588535301387
,,,10154,,0.0011703323107212782
,,,10155,,0.0008167896885424852
,,,10156,,0.0011845262488350272
,,,10157,,0.0010902963113039732
,,,10158,,0.0007095910841599107
,,,10159,,0.0010723943123593926
,,,10160,,0.01127241924405098
,,,10161,,0.013869511894881725
,,,10162,,0.012939443811774254
,,,10163,,0.03850635513663292
,,,10164,,0.027506254613399506
,,,10165,,0.031059851869940758
,,,10166,,0.05595789849758148
,,,10167,,0.053105536848306656
,,,10168,,0.0167761892080307
,,,10169,,0.01468057744204998
,,,10170,,0.014851456508040428
,,,10171,,0.010763606987893581
,,,10172,,0.01272927038371563
,,,10173,,0.014498181641101837
,,,10174,,0.012113157659769058
,,,10175,,0.01229882799088955
,,,10176,,0.013407569378614426
,,,10177,,0.012302365154027939
,,,10178,,0.01097035501152277
,,,10179,,0.010159329511225224
,,,10180,,0.014160380698740482
,,,10181,,0.01327661331743002
,,,10182,,0.014466244727373123
,,,10183,,0.01314597949385643
,,,10184,,0.012369703501462936
,,,10185,,0.016604484990239143
,,,10186,,0.01404133066534996
,,,10187,,0.010667996481060982
,,,10188,,0.01422885712236166
,,,10189,,0.014042997732758522
,,,10190,,0.012026479467749596
,,,10191,,0.012033727951347828
,,,10192,,0.009642062708735466
,,,10193,,0.012279534712433815
,,,10194,,0.011264840140938759
,,,10195,,0.013174050487577915
,,,10196,,0.010399209335446358
,,,10197,,0.011519908905029297
,,,10198,,0.012017463333904743
,,,10199,,0.0117905642837286
,,,10200,,0.011427605524659157
,,,10201,,0.011721493676304817
,,,10202,,0.00995651725679636
,,,10203,,0.009942565113306046
,,,10204,,0.010297189466655254
,,,10205,,0.013370350003242493
,,,10206,,0.011512445285916328
,,,10207,,0.013292456977069378
,,,10208,,0.011582504026591778
,,,10209,,0.013675736263394356
,,,10210,,0.012725768610835075
,,,10211,,0.011797143146395683
,,,10212,,0.011114898137748241
,,,10213,,0.012731899507343769
,,,10214,,0.009062398225069046
,,,10215,,0.009633233770728111
,,,10216,,0.008362560532987118
,,,10217,,0.008037273772060871
,,,10218,,0.008503112941980362
,,,10219,,0.009221218526363373
,,,10220,,0.008598895743489265
,,,10221,,0.009262751787900925
,,,10222,,0.00840541161596775
,,,10223,,0.008917383849620819
,,,10224,,0.0076638199388980865
,,,10225,,0.0070885904133319855
,,,10226,,0.00799435656517744
,,,10227,,0.008674854412674904
,,,10228,,0.00916554406285286
,,,10229,,0.00874379649758339
,,,10230,,0.009604017250239849
,,,10231,,0.00911407358944416
,,,10232,,0.009151460602879524
,,,10233,,0.008109185844659805
,,,10234,,0.008352437987923622
,,,10235,,0.00946904718875885
,,,10236,,0.008386865258216858
,,,10237,,0.009263554587960243
,,,10238,,0.01053331233561039
,,,10239,,0.009572278708219528
,,,10240,,0.009959148243069649
,,,10241,,0.008996160700917244
,,,10242,,0.00782239343971014
,,,10243,,0.00844532623887062
,,,10244,,0.011479629203677177
,,,10245,,0.00967523641884327
,,,10246,,0.008380313403904438
,,,10247,,0.011589126661419868
,,,10248,,0.009116815403103828
,,,10249,,0.011355334892868996
,,,10250,,0.009181980043649673
,,,10251,,0.00860397145152092
,,,10252,,0.010053006932139397
,,,10253,,0.009731438010931015
,,,10254,,0.00850232969969511
,,,10255,,0.01061056274920702
,,,10256,,0.009531385265290737
,,,10257,,0.009051741100847721
,,,10258,,0.0031612541060894728
,,,10259,,0.002736542373895645
,,,10260,,0.0022151039447635412
,,,10261,,0.0023128604516386986
,,,10262,,0.002025484573096037
,,,10263,,0.001973744947463274
,,,10264,,0.0024811800103634596
,,,10265,,0.002028471790254116
,,,10266,,0.0027981805615127087
,,,10267,,0.00229643564671278
,,,10268,,0.0023494164925068617
,,,10269,,0.002287855837494135
,,,10270,,0.0022617927752435207
,,,10271,,0.010574445128440857
,,,10272,,0.013162001967430115
,,,10273,,0.012102039530873299
,,,10274,,0.011531706899404526
,,,10275,,0.005362444557249546
,,,10276,,0.035654522478580475
,,,10277,,0.008156954310834408
,,,10278,,0.0275567639619112
,,,10279,,0.012820739299058914
,,,10280,,0.014179296791553497
,,,10281,,0.021494697779417038
,,,10282,,0.024451272562146187
,,,10283,,0.022828353568911552
,,,10284,,0.02058235928416252
,,,10285,,0.019995490089058876
,,,10286,,0.029390297830104828
,,,10287,,0.020656133070588112
,,,10288,,0.08103695511817932
,,,10289,,0.06637772917747498
,,,10290,,0.0555071122944355
,,,10291,,0.0598277673125267
,,,10292,,0.0829196646809578
,,,10293,,0.049352411180734634
,,,10294,,0.05503319948911667
,,,10295,,0.0707315057516098
,,,10296,,0.05295289680361748
,,,10297,,0.06469413638114929
,,,10298,,0.05308828875422478
,,,10299,,0.05833220109343529
,,,10300,,0.06777551770210266
,,,10301,,0.06497463583946228
,,,10302,,0.06281836330890656
,,,10303,,0.05950891226530075
,,,10304,,0.029398668557405472
44,,,3644,0.013672733679413795,
44,0.011743093840777874,,3644,,
45,,0.013592379167675972,3649,,
45,,0.011799686588346958,3659,,
45,,0.023695742711424828,3669,,
45,,0.011822836473584175,3679,,
45,,0.00856365542858839,3689,,
45,,0.014402506873011589,3699,,
45,,0.005698965396732092,3709,,
45,,0.00930953212082386,3719,,
,,,10305,,0.0004514711908996105
,,,10306,,0.0004198744718451053
,,,10307,,0.0006637481274083257
,,,10308,,0.0004047298862133175
,,,10309,,0.0007257822435349226
,,,10310,,0.000328913884004578
,,,10311,,0.000551258388441056
,,,10312,,0.0003430618089623749
,,,10313,,0.0005292847054079175
,,,10314,,0.0003526934888213873
,,,10315,,0.0008152170921675861
,,,10316,,0.0008910292526707053
,,,10317,,0.000346075976267457
,,,10318,,0.00043039151933044195
,,,10319,,0.0006873348029330373
,,,10320,,0.0004496290348470211
,,,10321,,0.0008900215616449714
,,,10322,,0.0007707091281190515
,,,10323,,0.0006428502383641899
,,,10324,,0.0013168827863410115
,,,10325,,0.0004045817768201232
,,,10326,,0.0003931955434381962
,,,10327,,0.0003050481900572777
,,,10328,,0.000977870891802013
,,,10329,,0.0008441958925686777
,,,10330,,0.0007161434623412788
,,,10331,,0.0006618457846343517
,,,10332,,0.006012180354446173
,,,10333,,0.01739295944571495
,,,10334,,0.015049237757921219
,,,10335,,0.014468692243099213
,,,10336,,0.015806928277015686
,,,10337,,0.014475006610155106
,,,10338,,0.0779464989900589
,,,10339,,0.024070829153060913
,,,10340,,0.012412392534315586
,,,10341,,0.014298181049525738
,,,10342,,0.009850422851741314
,,,10343,,0.0058503164909780025
,,,10344,,0.012761298567056656
,,,10345,,0.008097789250314236
,,,10346,,0.005998086649924517
,,,10347,,0.014500010758638382
,,,10348,,0.012924587354063988
,,,10349,,0.006923961918801069
,,,10350,,0.017036356031894684
,,,10351,,0.008843588642776012
,,,10352,,0.0034680303651839495
,,,10353,,0.00909384898841381
,,,10354,,0.0052987500093877316
,,,10355,,0.006418720819056034
,,,10356,,0.008738408796489239
,,,10357,,0.00281317625194788
,,,10358,,0.007191602140665054
,,,10359,,0.006519773043692112
,,,10360,,0.01280178688466549
,,,10361,,0.012548478320240974
,,,10362,,0.005829948000609875
,,,10363,,0.008817095309495926
,,,10364,,0.005789939779788256
,,,10365,,0.007529151625931263
,,,10366,,0.005977884400635958
,,,10367,,0.005484183318912983
,,,10368,,0.007577529177069664
,,,10369,,0.006461573299020529
,,,10370,,0.0035579188261181116
,,,10371,,0.005623834673315287
,,,10372,,0.012845974415540695
,,,10373,,0.006582650355994701
,,,10374,,0.003744667861610651
,,,10375,,0.004782840609550476
,,,10376,,0.0005523994332179427
,,,10377,,0.0010712833609431982
,,,10378,,0.0010034091537818313
,,,10379,,0.0006787570891901851
,,,10380,,0.0006351569900289178
,,,10381,,0.0006684654508717358
,,,10382,,0.0004050118732266128
,,,10383,,0.0007755880360491574
,,,10384,,0.0005044413264840841
,,,10385,,0.00081190827768296
,,,10386,,0.0007361132302321494
,,,10387,,0.0006291300524026155
,,,10388,,0.0007212280761450529
,,,10389,,0.010272236540913582
,,,10390,,0.012626943178474903
,,,10391,,0.01159127987921238
,,,10392,,0.03505640849471092
,,,10393,,0.02489478886127472
,,,10394,,0.0205074530094862
,,,10395,,0.03616335988044739
,,,10396,,0.033652111887931824
,,,10397,,0.012639375403523445
,,,10398,,0.013833371922373772
,,,10399,,0.014059100300073624
,,,10400,,0.010178175754845142
,,,10401,,0.01220892183482647
,,,10402,,0.013739891350269318
,,,10403,,0.011461907997727394
,,,10404,,0.011601509526371956
,,,10405,,0.012898260727524757
,,,10406,,0.01153119932860136
,,,10407,,0.01015596091747284
,,,10408,,0.009423699229955673
,,,10409,,0.013346567749977112
,,,10410,,0.012617447413504124
,,,10411,,0.013894260860979557
,,,10412,,0.012553969398140907
,,,10413,,0.01180038321763277
,,,10414,,0.015715641900897026
,,,10415,,0.013289431110024452
,,,10416,,0.010182570666074753
,,,10417,,0.01349845714867115
,,,10418,,0.01342872716486454
,,,10419,,0.01034075953066349
,,,10420,,0.010368641465902328
,,,10421,,0.008466361090540886
,,,10422,,0.011610050685703754
,,,10423,,0.010797319933772087
,,,10424,,0.012613501399755478
,,,10425,,0.00971805490553379
,,,10426,,0.01090189628303051
,,,10427,,0.01152722630649805
,,,10428,,0.011122308671474457
,,,10429,,0.010835818946361542
,,,10430,,0.011250035837292671
,,,10431,,0.009292947128415108
,,,10432,,0.009370019659399986
,,,10433,,0.009734060615301132
,,,10434,,0.012607865035533905
,,,10435,,0.010883054696023464
,,,10436,,0.012602119706571102
,,,10437,,0.011120347306132317
,,,10438,,0.01299157552421093
,,,10439,,0.012057304382324219
,,,10440,,0.011384068056941032
,,,10441,,0.010483900085091591
,,,10442,,0.012099184095859528
,,,10443,,0.008201890625059605
,,,10444,,0.008639472536742687
,,,10445,,0.007546599954366684
,,,10446,,0.00729092862457037
,,,10447,,0.007744560483843088
,,,10448,,0.008408697322010994
,,,10449,,0.007645624224096537
,,,10450,,0.0081821633502841
,,,10451,,0.007503665518015623
,,,10452,,0.00794163066893816
,,,10453,,0.006656773388385773
,,,10454,,0.006397400051355362
,,,10455,,0.007185296155512333
,,,10456,,0.007802796550095081
,,,10457,,0.008102770894765854
,,,10458,,0.007892457768321037
,,,10459,,0.00849294662475586
,,,10460,,0.008240816183388233
,,,10461,,0.008333761245012283
,,,10462,,0.007202587090432644
,,,10463,,0.007331531960517168
,,,10464,,0.008647128939628601
,,,10465,,0.007716568186879158
,,,10466,,0.008635657839477062
,,,10467,,0.009868714958429337
,,,10468,,0.00891045480966568
,,,10469,,0.009357641451060772
,,,10470,,0.008381341584026814
,,,10471,,0.007268661167472601
,,,10472,,0.007786988280713558
,,,10473,,0.010841951705515385
,,,10474,,0.009012838825583458
,,,10475,,0.007779286243021488
,,,10476,,0.010853003710508347
,,,10477,,0.008473843336105347
,,,10478,,0.010676300153136253
,,,10479,,0.00845915824174881
,,,10480,,0.007913291454315186
,,,10481,,0.009356103837490082
,,,10482,,0.009058737196028233
,,,10483,,0.007893821224570274
,,,10484,,0.009918623603880405
,,,10485,,0.00883458275347948
,,,10486,,0.008446363732218742
,,,10487,,0.002920035272836685
,,,10488,,0.002540577668696642
,,,10489,,0.0020133533980697393
,,,10490,,0.0020452470052987337
,,,10491,,0.0017423351528123021
,,,10492,,0.0016844671918079257
,,,10493,,0.002267264761030674
,,,10494,,0.001756235840730369
,,,10495,,0.0025005002971738577
,,,10496,,0.0021379461977630854
,,,10497,,0.002120239194482565
,,,10498,,0.001930915517732501
,,,10499,,0.0019732960499823093
,,,10500,,0.008222977630794048
,,,10501,,0.01018408965319395
,,,10502,,0.009676937945187092
,,,10503,,0.00828288309276104
,,,10504,,0.003451320808380842
,,,10505,,0.028431592509150505
,,,10506,,0.006003420799970627
,,,10507,,0.022801628336310387
,,,10508,,0.011231579817831516
,,,10509,,0.010463790036737919
,,,10510,,0.016878372058272362
,,,10511,,0.01927635259926319
,,,10512,,0.018197795376181602
,,,10513,,0.01677573099732399
,,,10514,,0.014780532568693161
,,,10515,,0.023048333823680878
,,,10516,,0.018353918567299843
,,,10517,,0.07869656383991241
,,,10518,,0.06376785784959793
,,,10519,,0.05245228111743927
,,,10520,,0.05729110911488533
,,,10521,,0.08002880215644836
,,,10522,,0.047028206288814545
,,,10523,,0.052378732711076736
,,,10524,,0.0669451579451561
,,,10525,,0.04974483698606491
,,,10526,,0.06250302493572235
,,,10527,,0.05092845857143402
,,,10528,,0.05581751465797424
,,,10529,,0.06533615291118622
,,,10530,,0.06112448126077652
,,,10531,,0.059176258742809296
,,,10532,,0.056384243071079254
,,,10533,,0.027659239247441292
45,,,3725,0.012415634468197823,
45,0.011602245271205902,,3725,,
46,,0.017157776281237602,3729,,
46,,0.008857164531946182,3739,,
46,,0.006100386381149292,3749,,
46,,0.010080513544380665,3759,,
46,,0.01084339153021574,3769,,
46,,0.015404761768877506,3779,,
46,,0.007138140499591827,3789,,
46,,0.005260085221379995,3799,,
,,,10534,,0.00040324105066247284
,,,10535,,0.00038012786535546184
,,,10536,,0.0005989462370052934
,,,10537,,0.0003512577968649566
,,,10538,,0.0007501346408389509
,,,10539,,0.000278310792054981
,,,10540,,0.0005193256656639278
,,,10541,,0.00030341671663336456
,,,10542,,0.0004811577673535794
,,,10543,,0.0003115215222351253
,,,10544,,0.0007565367268398404
,,,10545,,0.0008302748901769519
,,,10546,,0.00035095438943244517
,,,10547,,0.0003850637876894325
,,,10548,,0.0005932264612056315
,,,10549,,0.0003907959908246994
,,,10550,,0.0008115799864754081
,,,10551,,0.0006546631921082735
,,,10552,,0.0006361800478771329
,,,10553,,0.0011067704763263464
,,,10554,,0.0003390875644981861
,,,10555,,0.00032378279138356447
,,,10556,,0.00026804639492183924
,,,10557,,0.0007850835099816322
,,,10558,,0.0006848842604085803
,,,10559,,0.0006045039626769722
,,,10560,,0.0005447074072435498
,,,10561,,0.006058891769498587
,,,10562,,0.01738317310810089
,,,10563,,0.01500613708049059
,,,10564,,0.014547431841492653
,,,10565,,0.01579289324581623
,,,10566,,0.014457041397690773
,,,10567,,0.07782065868377686
,,,10568,,0.023990388959646225
,,,10569,,0.012354753911495209
,,,10570,,0.014317063614726067
,,,10571,,0.00993944052606821
,,,10572,,0.005914278328418732
,,,10573,,0.012749981135129929
,,,10574,,0.008177917450666428
,,,10575,,0.005977200344204903
,,,10576,,0.014346197247505188
,,,10577,,0.012922967784106731
,,,10578,,0.006821171380579472
,,,10579,,0.016978072002530098
,,,10580,,0.008810311555862427
,,,10581,,0.003519295249134302
,,,10582,,0.00908876396715641
,,,10583,,0.005223001353442669
,,,10584,,0.006420769728720188
,,,10585,,0.008662635460495949
,,,10586,,0.0028348886407911777
,,,10587,,0.007199252024292946
,,,10588,,0.006210041232407093
,,,10589,,0.012495785020291805
,,,10590,,0.012375342659652233
,,,10591,,0.005798980128020048
,,,10592,,0.008753828704357147
,,,10593,,0.0060095940716564655
,,,10594,,0.007440422661602497
,,,10595,,0.00589626794680953
,,,10596,,0.005502836778759956
,,,10597,,0.007509133778512478
,,,10598,,0.006405853666365147
,,,10599,,0.003381669521331787
,,,10600,,0.0056611038744449615
,,,10601,,0.012654542922973633
,,,10602,,0.006653423886746168
,,,10603,,0.003577515482902527
,,,10604,,0.00484392000362277
,,,10605,,0.0004703729064203799
,,,10606,,0.0009452607482671738
,,,10607,,0.0005723620997741818
,,,10608,,0.000497463159263134
,,,10609,,0.000524437113199383
,,,10610,,0.0005672342958860099
,,,10611,,0.0003583969664759934
,,,10612,,0.0004822068731300533
,,,10613,,0.00037879415322095156
,,,10614,,0.0006683812825940549
,,,10615,,0.0004978047218173742
,,,10616,,0.0009778514504432678
,,,10617,,0.000656021642498672
,,,10618,,0.010248544625937939
,,,10619,,0.012555528432130814
,,,10620,,0.011628260836005211
,,,10621,,0.03519214689731598
,,,10622,,0.024883918464183807
,,,10623,,0.020545044913887978
,,,10624,,0.035894326865673065
,,,10625,,0.033269476145505905
,,,10626,,0.012527629733085632
,,,10627,,0.013685356825590134
,,,10628,,0.01392783597111702
,,,10629,,0.009946105070412159
,,,10630,,0.011915162205696106
,,,10631,,0.013635661453008652
,,,10632,,0.011251784861087799
,,,10633,,0.011571547016501427
,,,10634,,0.012763089500367641
,,,10635,,0.011521833948791027
,,,10636,,0.009985940530896187
,,,10637,,0.009371079504489899
,,,10638,,0.013105918653309345
,,,10639,,0.012468974106013775
,,,10640,,0.01371806301176548
,,,10641,,0.012321758083999157
,,,10642,,0.011643167585134506
,,,10643,,0.015558963641524315
,,,10644,,0.01317351870238781
,,,10645,,0.009986158460378647
,,,10646,,0.01331443153321743
,,,10647,,0.013178933411836624
,,,10648,,0.01032814010977745
,,,10649,,0.010426757857203484
,,,10650,,0.008464474231004715
,,,10651,,0.011374588124454021
,,,10652,,0.010516340844333172
,,,10653,,0.012275584042072296
,,,10654,,0.009496191516518593
,,,10655,,0.010620983317494392
,,,10656,,0.011282593011856079
,,,10657,,0.010883135721087456
,,,10658,,0.010577628389000893
,,,10659,,0.010992439463734627
,,,10660,,0.009065026417374611
,,,10661,,0.009243763983249664
,,,10662,,0.009570568799972534
,,,10663,,0.012394445016980171
,,,10664,,0.01071709394454956
,,,10665,,0.012341521680355072
,,,10666,,0.010911958292126656
,,,10667,,0.012699153274297714
,,,10668,,0.011881137266755104
,,,10669,,0.011147545650601387
,,,10670,,0.010292110964655876
,,,10671,,0.01191500760614872
,,,10672,,0.007985547184944153
,,,10673,,0.008489478379487991
,,,10674,,0.007456492632627487
,,,10675,,0.007088884245604277
,,,10676,,0.007566167041659355
,,,10677,,0.008265811949968338
,,,10678,,0.007335230242460966
,,,10679,,0.008061638101935387
,,,10680,,0.007274230010807514
,,,10681,,0.007771273143589497
,,,10682,,0.006512206979095936
,,,10683,,0.006221111863851547
,,,10684,,0.0069199237041175365
,,,10685,,0.007649741135537624
,,,10686,,0.007801845669746399
,,,10687,,0.007663334719836712
,,,10688,,0.008165940642356873
,,,10689,,0.007957026362419128
,,,10690,,0.00817824900150299
,,,10691,,0.007055334746837616
,,,10692,,0.007237414363771677
,,,10693,,0.008447615429759026
,,,10694,,0.007751554250717163
,,,10695,,0.008688041009008884
,,,10696,,0.009891491383314133
,,,10697,,0.008983303792774677
,,,10698,,0.00931501667946577
,,,10699,,0.0084226094186306
,,,10700,,0.007305155973881483
,,,10701,,0.0078064678236842155
,,,10702,,0.010800139978528023
,,,10703,,0.00903287809342146
,,,10704,,0.007797152269631624
,,,10705,,0.010900410823523998
,,,10706,,0.008443992584943771
,,,10707,,0.010720506310462952
,,,10708,,0.008554520085453987
,,,10709,,0.007984541356563568
,,,10710,,0.009353520348668098
,,,10711,,0.009075824171304703
,,,10712,,0.007894941605627537
,,,10713,,0.009864026680588722
,,,10714,,0.008816499263048172
,,,10715,,0.008396686986088753
,,,10716,,0.002870558062568307
,,,10717,,0.0025067124515771866
,,,10718,,0.0019761845469474792
,,,10719,,0.0020592694636434317
,,,10720,,0.0017176662804558873
,,,10721,,0.001684033777564764
,,,10722,,0.002304699271917343
,,,10723,,0.0017670548986643553
,,,10724,,0.002445547142997384
,,,10725,,0.0021183770149946213
,,,10726,,0.0020685154013335705
,,,10727,,0.0018637647153809667
,,,10728,,0.001974184066057205
,,,10729,,0.007488178089261055
,,,10730,,0.009228675626218319
,,,10731,,0.008702806197106838
,,,10732,,0.007899368181824684
,,,10733,,0.003118393709883094
,,,10734,,0.028113558888435364
,,,10735,,0.005512965843081474
,,,10736,,0.02138591930270195
,,,10737,,0.011355316266417503
,,,10738,,0.00953437015414238
,,,10739,,0.0154055655002594
,,,10740,,0.018738210201263428
,,,10741,,0.01725686341524124
,,,10742,,0.015424955636262894
,,,10743,,0.013311890885233879
,,,10744,,0.022176917642354965
,,,10745,,0.017704859375953674
,,,10746,,0.07766393572092056
,,,10747,,0.06251583993434906
,,,10748,,0.05183205008506775
,,,10749,,0.05616893991827965
,,,10750,,0.07840000838041306
,,,10751,,0.04562216252088547
,,,10752,,0.05156878009438515
,,,10753,,0.06703899800777435
,,,10754,,0.049226898699998856
,,,10755,,0.06115671992301941
,,,10756,,0.05035531148314476
,,,10757,,0.05509182810783386
,,,10758,,0.06497187912464142
,,,10759,,0.06052040308713913
,,,10760,,0.057676538825035095
,,,10761,,0.05557543784379959
,,,10762,,0.02694779261946678
46,,,3806,0.012213069945573807,
46,0.011121604591608047,,3806,,
47,,0.015593293122947216,3809,,
47,,0.012868683785200119,3819,,
47,,0.009187942370772362,3829,,
47,,0.00943291001021862,3839,,
47,,0.0071356892585754395,3849,,
47,,0.01055222935974598,3859,,
47,,0.013382814824581146,3869,,
47,,0.008883774280548096,3879,,
,,,10763,,0.00048521620919927955
,,,10764,,0.0004648215835914016
,,,10765,,0.0007131438469514251
,,,10766,,0.0003675732295960188
,,,10767,,0.0006759464740753174
,,,10768,,0.00031486706575378776
,,,10769,,0.0005191966192796826
,,,10770,,0.00033418351085856557
,,,10771,,0.0004262854054104537
,,,10772,,0.0003615866880863905
,,,10773,,0.0007931368891149759
,,,10774,,0.0009317614021711051
,,,10775,,0.0004486460820771754
,,,10776,,0.0004104615072719753
,,,10777,,0.0006396553362719715
,,,10778,,0.00038101672544144094
,,,10779,,0.0008393960306420922
,,,10780,,0.0006515327841043472
,,,10781,,0.0006029105861671269
,,,10782,,0.0011829962022602558
,,,10783,,0.0003668498247861862
,,,10784,,0.00033626414369791746
,,,10785,,0.00027286179829388857
,,,10786,,0.0008605747716501355
,,,10787,,0.0007238283869810402
,,,10788,,0.0006210270803421736
,,,10789,,0.0005643052281811833
,,,10790,,0.0057729510590434074
,,,10791,,0.017021160572767258
,,,10792,,0.014634366147220135
,,,10793,,0.014128515496850014
,,,10794,,0.015447281301021576
,,,10795,,0.01413898915052414
,,,10796,,0.07720810174942017
,,,10797,,0.02362876571714878
,,,10798,,0.012029413133859634
,,,10799,,0.013954183086752892
,,,10800,,0.009589480236172676
,,,10801,,0.00559226144105196
,,,10802,,0.012496784329414368
,,,10803,,0.00783016812056303
,,,10804,,0.005666153039783239
,,,10805,,0.01387704722583294
,,,10806,,0.012537641450762749
,,,10807,,0.006491156294941902
,,,10808,,0.016485966742038727
,,,10809,,0.008440861478447914
,,,10810,,0.003181206528097391
,,,10811,,0.008684519678354263
,,,10812,,0.005006717052310705
,,,10813,,0.006105564534664154
,,,10814,,0.008399875834584236
,,,10815,,0.002607404487207532
,,,10816,,0.006921988446265459
,,,10817,,0.007093445397913456
,,,10818,,0.013274559751152992
,,,10819,,0.012779220938682556
,,,10820,,0.006579944863915443
,,,10821,,0.009211882017552853
,,,10822,,0.006391324568539858
,,,10823,,0.008392618969082832
,,,10824,,0.006938597187399864
,,,10825,,0.006384123582392931
,,,10826,,0.008231112733483315
,,,10827,,0.007119481917470694
,,,10828,,0.0040755183435976505
,,,10829,,0.006757816299796104
,,,10830,,0.01300166267901659
,,,10831,,0.007412594743072987
,,,10832,,0.004890148062258959
,,,10833,,0.005306175909936428
,,,10834,,0.0005183537723496556
,,,10835,,0.0009957319125533104
,,,10836,,0.0004320446169003844
,,,10837,,0.0005506504094228148
,,,10838,,0.0005766255781054497
,,,10839,,0.000624016101937741
,,,10840,,0.0004165778518654406
,,,10841,,0.0003626733960118145
,,,10842,,0.00039157067658379674
,,,10843,,0.0006889138603582978
,,,10844,,0.0005049384199082851
,,,10845,,0.0012489103246480227
,,,10846,,0.0007638629176653922
,,,10847,,0.009773686528205872
,,,10848,,0.011989288032054901
,,,10849,,0.010945850983262062
,,,10850,,0.03339748829603195
,,,10851,,0.023595690727233887
,,,10852,,0.019790073856711388
,,,10853,,0.03492547199130058
,,,10854,,0.032548967748880386
,,,10855,,0.012134343385696411
,,,10856,,0.013265623711049557
,,,10857,,0.0133735416457057
,,,10858,,0.00966527871787548
,,,10859,,0.011517241597175598
,,,10860,,0.013170914724469185
,,,10861,,0.01091853342950344
,,,10862,,0.011147994548082352
,,,10863,,0.012251848354935646
,,,10864,,0.010977611877024174
,,,10865,,0.009658792987465858
,,,10866,,0.008989800699055195
,,,10867,,0.012734591960906982
,,,10868,,0.011983811855316162
,,,10869,,0.013227464631199837
,,,10870,,0.011916274204850197
,,,10871,,0.011260682716965675
,,,10872,,0.015106800943613052
,,,10873,,0.012732569128274918
,,,10874,,0.009642016142606735
,,,10875,,0.012895343825221062
,,,10876,,0.012813305482268333
,,,10877,,0.010034327395260334
,,,10878,,0.01007126085460186
,,,10879,,0.008117317222058773
,,,10880,,0.011060030199587345
,,,10881,,0.010187055915594101
,,,10882,,0.012016603723168373
,,,10883,,0.009244553744792938
,,,10884,,0.01031715702265501
,,,10885,,0.010859495960175991
,,,10886,,0.01054001972079277
,,,10887,,0.010227901861071587
,,,10888,,0.010574745014309883
,,,10889,,0.008832799270749092
,,,10890,,0.00883067212998867
,,,10891,,0.00917005818337202
,,,10892,,0.012003741227090359
,,,10893,,0.010405028238892555
,,,10894,,0.011959925293922424
,,,10895,,0.010484253987669945
,,,10896,,0.01235274225473404
,,,10897,,0.01146569661796093
,,,10898,,0.010711321607232094
,,,10899,,0.00994031596928835
,,,10900,,0.011511649005115032
,,,10901,,0.007781454361975193
,,,10902,,0.008228980004787445
,,,10903,,0.007181261666119099
,,,10904,,0.006916114129126072
,,,10905,,0.007350461557507515
,,,10906,,0.007942019030451775
,,,10907,,0.007356513291597366
,,,10908,,0.00772955222055316
,,,10909,,0.007131056860089302
,,,10910,,0.007583216298371553
,,,10911,,0.006412267219275236
,,,10912,,0.005981933791190386
,,,10913,,0.006924384739249945
,,,10914,,0.007394320331513882
,,,10915,,0.007797920145094395
,,,10916,,0.0075001465156674385
,,,10917,,0.008114430122077465
,,,10918,,0.007901585660874844
,,,10919,,0.007910490036010742
,,,10920,,0.006842778995633125
,,,10921,,0.006911849603056908
,,,10922,,0.00825013592839241
,,,10923,,0.007489608600735664
,,,10924,,0.00837896578013897
,,,10925,,0.009491931647062302
,,,10926,,0.008652178570628166
,,,10927,,0.00902455672621727
,,,10928,,0.008122407831251621
,,,10929,,0.00699764396995306
,,,10930,,0.007489324547350407
,,,10931,,0.010469757951796055
,,,10932,,0.008739084005355835
,,,10933,,0.007487698458135128
,,,10934,,0.010536272078752518
,,,10935,,0.00822610966861248
,,,10936,,0.010309883393347263
,,,10937,,0.008229168131947517
,,,10938,,0.007669622078537941
,,,10939,,0.009065121412277222
,,,10940,,0.008724920451641083
,,,10941,,0.0076240794733166695
,,,10942,,0.009534617885947227
,,,10943,,0.008529694750905037
,,,10944,,0.008101815357804298
,,,10945,,0.002737431786954403
,,,10946,,0.0023762839846313
,,,10947,,0.0018383688293397427
,,,10948,,0.001939666923135519
,,,10949,,0.0016797591233626008
,,,10950,,0.0016364924376830459
,,,10951,,0.0022022011689841747
,,,10952,,0.001702569890767336
,,,10953,,0.002334864344447851
,,,10954,,0.0020217797718942165
,,,10955,,0.001957970205694437
,,,10956,,0.0018475755350664258
,,,10957,,0.0018653532024472952
,,,10958,,0.008135424926877022
,,,10959,,0.010641633532941341
,,,10960,,0.009491514414548874
,,,10961,,0.008502813056111336
,,,10962,,0.0035174465738236904
,,,10963,,0.029259169474244118
,,,10964,,0.005866658873856068
,,,10965,,0.02140706405043602
,,,10966,,0.010669754818081856
,,,10967,,0.010266078636050224
,,,10968,,0.01664639078080654
,,,10969,,0.018685171380639076
,,,10970,,0.01803935319185257
,,,10971,,0.015284348279237747
,,,10972,,0.01563609205186367
,,,10973,,0.023594245314598083
,,,10974,,0.018241945654153824
,,,10975,,0.07816795259714127
,,,10976,,0.062305837869644165
,,,10977,,0.05133074149489403
,,,10978,,0.05605052411556244
,,,10979,,0.07841463387012482
,,,10980,,0.045995354652404785
,,,10981,,0.05183745175600052
,,,10982,,0.06621432304382324
,,,10983,,0.04911217838525772
,,,10984,,0.06121297925710678
,,,10985,,0.05013606697320938
,,,10986,,0.054925743490457535
,,,10987,,0.06473684310913086
,,,10988,,0.0602954737842083
,,,10989,,0.057845428586006165
,,,10990,,0.05602166801691055
,,,10991,,0.027230171486735344
47,,,3887,0.012118020094931126,
47,0.011194008402526379,,3887,,
48,,0.008168965578079224,3889,,
48,,0.01112414337694645,3899,,
48,,0.003775530494749546,3909,,
48,,0.01098414696753025,3919,,
48,,0.012878870591521263,3929,,
48,,0.00694243935868144,3939,,
48,,0.007750584743916988,3949,,
48,,0.011010359041392803,3959,,
,,,10992,,0.0009013351518660784
,,,10993,,0.0008629871299490333
,,,10994,,0.0011784536764025688
,,,10995,,0.000758848269470036
,,,10996,,0.0010292739607393742
,,,10997,,0.0007461027707904577
,,,10998,,0.0009253128664568067
,,,10999,,0.0007360761519521475
,,,11000,,0.0008513904758729041
,,,11001,,0.0007466700626537204
,,,11002,,0.0012064349139109254
,,,11003,,0.0014743934152647853
,,,11004,,0.0007598064257763326
,,,11005,,0.0007921544602140784
,,,11006,,0.0010474196169525385
,,,11007,,0.0007905701640993357
,,,11008,,0.0011916542425751686
,,,11009,,0.0010410991962999105
,,,11010,,0.000989444088190794
,,,11011,,0.0015559198800474405
,,,11012,,0.0007853070856072009
,,,11013,,0.0007618338568136096
,,,11014,,0.0006338246166706085
,,,11015,,0.001261312747374177
,,,11016,,0.0011169333010911942
,,,11017,,0.001082258764654398
,,,11018,,0.0009787839371711016
,,,11019,,0.006105703767389059
,,,11020,,0.017351895570755005
,,,11021,,0.014996543526649475
,,,11022,,0.014552654698491096
,,,11023,,0.015817057341337204
,,,11024,,0.01453978568315506
,,,11025,,0.07722824811935425
,,,11026,,0.023909227922558784
,,,11027,,0.012396832928061485
,,,11028,,0.014299442991614342
,,,11029,,0.009901405312120914
,,,11030,,0.005999548360705376
,,,11031,,0.012806770391762257
,,,11032,,0.008267090655863285
,,,11033,,0.006100126076489687
,,,11034,,0.014211022295057774
,,,11035,,0.012822458520531654
,,,11036,,0.006996397860348225
,,,11037,,0.01672409474849701
,,,11038,,0.008760195225477219
,,,11039,,0.0036673229187726974
,,,11040,,0.009033966809511185
,,,11041,,0.0054592108353972435
,,,11042,,0.006673047319054604
,,,11043,,0.008820385672152042
,,,11044,,0.0031290650367736816
,,,11045,,0.007349315099418163
,,,11046,,0.006501392461359501
,,,11047,,0.012488435953855515
,,,11048,,0.01217593066394329
,,,11049,,0.00617185328155756
,,,11050,,0.009049812331795692
,,,11051,,0.006306875497102737
,,,11052,,0.007711754180490971
,,,11053,,0.006517572794109583
,,,11054,,0.0061254133470356464
,,,11055,,0.008114373311400414
,,,11056,,0.006868761032819748
,,,11057,,0.004061483778059483
,,,11058,,0.005598012823611498
,,,11059,,0.01256079412996769
,,,11060,,0.006896538659930229
,,,11061,,0.004100300371646881
,,,11062,,0.004960228223353624
,,,11063,,0.0008521332056261599
,,,11064,,0.001421254826709628
,,,11065,,0.0015709945000708103
,,,11066,,0.0010020395275205374
,,,11067,,0.0009593721479177475
,,,11068,,0.0009895805269479752
,,,11069,,0.0007578136865049601
,,,11070,,0.0013184631243348122
,,,11071,,0.0009063595207408071
,,,11072,,0.0012076484272256494
,,,11073,,0.0010897645261138678
,,,11074,,0.0006122008198872209
,,,11075,,0.001096919528208673
,,,11076,,0.009970279410481453
,,,11077,,0.012253498658537865
,,,11078,,0.01123313419520855
,,,11079,,0.03310267627239227
,,,11080,,0.023638498038053513
,,,11081,,0.020274274051189423
,,,11082,,0.03538956493139267
,,,11083,,0.033155038952827454
,,,11084,,0.012345273047685623
,,,11085,,0.013213112019002438
,,,11086,,0.01331532932817936
,,,11087,,0.009646940976381302
,,,11088,,0.011530100367963314
,,,11089,,0.013126715086400509
,,,11090,,0.01086869090795517
,,,11091,,0.011134476400911808
,,,11092,,0.0121803879737854
,,,11093,,0.011016422882676125
,,,11094,,0.00973692536354065
,,,11095,,0.009083924815058708
,,,11096,,0.012676042504608631
,,,11097,,0.011988982558250427
,,,11098,,0.013189340010285378
,,,11099,,0.011910293251276016
,,,11100,,0.011252611875534058
,,,11101,,0.015024983324110508
,,,11102,,0.012720439583063126
,,,11103,,0.009677880443632603
,,,11104,,0.012824036180973053
,,,11105,,0.012735078111290932
,,,11106,,0.00994510855525732
,,,11107,,0.009991142898797989
,,,11108,,0.008130310103297234
,,,11109,,0.011090769432485104
,,,11110,,0.0102156363427639
,,,11111,,0.011937614530324936
,,,11112,,0.009276160970330238
,,,11113,,0.010320997796952724
,,,11114,,0.010817751288414001
,,,11115,,0.010534747503697872
,,,11116,,0.01025918684899807
,,,11117,,0.0105698611587286
,,,11118,,0.008872795850038528
,,,11119,,0.008858791552484035
,,,11120,,0.009209560230374336
,,,11121,,0.012038185261189938
,,,11122,,0.010397477075457573
,,,11123,,0.011946290731430054
,,,11124,,0.01050819456577301
,,,11125,,0.012340540066361427
,,,11126,,0.011479314416646957
,,,11127,,0.010750086978077888
,,,11128,,0.00996590405702591
,,,11129,,0.011517473496496677
,,,11130,,0.007753347512334585
,,,11131,,0.008160533383488655
,,,11132,,0.007060076575726271
,,,11133,,0.006836565211415291
,,,11134,,0.007250367198139429
,,,11135,,0.007851027883589268
,,,11136,,0.007255357224494219
,,,11137,,0.007791729643940926
,,,11138,,0.007034003268927336
,,,11139,,0.007518427912145853
,,,11140,,0.006393919698894024
,,,11141,,0.005957511253654957
,,,11142,,0.00676022469997406
,,,11143,,0.007286423351615667
,,,11144,,0.00764782028272748
,,,11145,,0.007443808484822512
,,,11146,,0.00802775751799345
,,,11147,,0.007766402326524258
,,,11148,,0.007758393418043852
,,,11149,,0.0068194810301065445
,,,11150,,0.006886783987283707
,,,11151,,0.008172128349542618
,,,11152,,0.007565462030470371
,,,11153,,0.008502515964210033
,,,11154,,0.009593257680535316
,,,11155,,0.008743969723582268
,,,11156,,0.009142730385065079
,,,11157,,0.008238591253757477
,,,11158,,0.007142672780901194
,,,11159,,0.007686878088861704
,,,11160,,0.010595681145787239
,,,11161,,0.008855840191245079
,,,11162,,0.0076259649358689785
,,,11163,,0.010678424499928951
,,,11164,,0.008381349965929985
,,,11165,,0.010402473621070385
,,,11166,,0.008336173370480537
,,,11167,,0.007807307410985231
,,,11168,,0.009185398928821087
,,,11169,,0.008876719512045383
,,,11170,,0.007751884870231152
,,,11171,,0.009647895582020283
,,,11172,,0.008712706156075
,,,11173,,0.008323038928210735
,,,11174,,0.003153874073177576
,,,11175,,0.00287543423473835
,,,11176,,0.002448766492307186
,,,11177,,0.0024373559281229973
,,,11178,,0.002265341579914093
,,,11179,,0.002110882429406047
,,,11180,,0.002646075561642647
,,,11181,,0.002156568458303809
,,,11182,,0.0028482330963015556
,,,11183,,0.0024433445651084185
,,,11184,,0.0024933950044214725
,,,11185,,0.0024101147428154945
,,,11186,,0.002381160855293274
,,,11187,,0.00768805667757988
,,,11188,,0.009669346734881401
,,,11189,,0.009069675579667091
,,,11190,,0.007651073858141899
,,,11191,,0.0035335884895175695
,,,11192,,0.028311505913734436
,,,11193,,0.005671105347573757
,,,11194,,0.021625999361276627
,,,11195,,0.010859644040465355
,,,11196,,0.009526723064482212
,,,11197,,0.01581844873726368
,,,11198,,0.018726840615272522
,,,11199,,0.01841353252530098
,,,11200,,0.016962356865406036
,,,11201,,0.014796718023717403
,,,11202,,0.022087860852479935
,,,11203,,0.01794559694826603
,,,11204,,0.0783088207244873
,,,11205,,0.062197379767894745
,,,11206,,0.05226253718137741
,,,11207,,0.05632048472762108
,,,11208,,0.07872145622968674
,,,11209,,0.046176064759492874
,,,11210,,0.05222896859049797
,,,11211,,0.06632336974143982
,,,11212,,0.049544475972652435
,,,11213,,0.061677392572164536
,,,11214,,0.050728607922792435
,,,11215,,0.05552416667342186
,,,11216,,0.0651954710483551
,,,11217,,0.060560621321201324
,,,11218,,0.05803854763507843
,,,11219,,0.05616568773984909
,,,11220,,0.027657974511384964
48,,,3968,0.012243271805346012,
48,0.010956217534840107,,3968,,
49,,0.015366281382739544,3969,,
49,,0.005968612153083086,3979,,
49,,0.006035186350345612,3989,,
49,,0.013525673188269138,3999,,
49,,0.0110749751329422,4009,,
49,,0.011775735765695572,4019,,
49,,0.009850563481450081,4029,,
49,,0.013929539360105991,4039,,
49,,0.007020941469818354,4049,,
,,,11221,,0.0013413523556664586
,,,11222,,0.0013639276148751378
,,,11223,,0.0014601408038288355
,,,11224,,0.0012111891992390156
,,,11225,,0.0017403628444299102
,,,11226,,0.0009710189769975841
,,,11227,,0.0012401154963299632
,,,11228,,0.0011045074788853526
,,,11229,,0.001481498940847814
,,,11230,,0.001072936225682497
,,,11231,,0.001530370907858014
,,,11232,,0.0017430568113923073
,,,11233,,0.0010672947391867638
,,,11234,,0.001184325315989554
,,,11235,,0.001337614143267274
,,,11236,,0.0012016582768410444
,,,11237,,0.0017950147157534957
,,,11238,,0.0013994277687743306
,,,11239,,0.0016527068801224232
,,,11240,,0.0019173319451510906
,,,11241,,0.0009886863408610225
,,,11242,,0.001064610667526722
,,,11243,,0.0010095069883391261
,,,11244,,0.0016566014382988214
,,,11245,,0.00157554866746068
,,,11246,,0.0014274701243266463
,,,11247,,0.0013420903123915195
,,,11248,,0.00672171451151371
,,,11249,,0.017815031111240387
,,,11250,,0.015549647621810436
,,,11251,,0.015114681795239449
,,,11252,,0.016388604417443275
,,,11253,,0.014938680455088615
,,,11254,,0.07748693227767944
,,,11255,,0.02429100312292576
,,,11256,,0.012874472886323929
,,,11257,,0.01481927651911974
,,,11258,,0.01043565385043621
,,,11259,,0.0066761234775185585
,,,11260,,0.013257582671940327
,,,11261,,0.00895928405225277
,,,11262,,0.0066969734616577625
,,,11263,,0.014659276232123375
,,,11264,,0.013350347988307476
,,,11265,,0.0075895218178629875
,,,11266,,0.01707218959927559
,,,11267,,0.009327147156000137
,,,11268,,0.0043655456975102425
,,,11269,,0.009490297175943851
,,,11270,,0.006124844774603844
,,,11271,,0.007259537000209093
,,,11272,,0.009619083255529404
,,,11273,,0.004041654989123344
,,,11274,,0.008032224141061306
,,,11275,,0.0071668243035674095
,,,11276,,0.012933559715747833
,,,11277,,0.012817595154047012
,,,11278,,0.006612066179513931
,,,11279,,0.009508037939667702
,,,11280,,0.00637414725497365
,,,11281,,0.008108348585665226
,,,11282,,0.006883782800287008
,,,11283,,0.006462391000241041
,,,11284,,0.008388315327465534
,,,11285,,0.007221232168376446
,,,11286,,0.004506487399339676
,,,11287,,0.006399844773113728
,,,11288,,0.013189377263188362
,,,11289,,0.00738160964101553
,,,11290,,0.004422390833497047
,,,11291,,0.0052124918438494205
,,,11292,,0.0013786901254206896
,,,11293,,0.001741390791721642
,,,11294,,0.002113374648615718
,,,11295,,0.0018334656488150358
,,,11296,,0.0016001787735149264
,,,11297,,0.001330757513642311
,,,11298,,0.0009351130574941635
,,,11299,,0.0018586828373372555
,,,11300,,0.0011627100175246596
,,,11301,,0.0015046633780002594
,,,11302,,0.001977390144020319
,,,11303,,0.0005936928791925311
,,,11304,,0.0012486628256738186
,,,11305,,0.012680355459451675
,,,11306,,0.015641190111637115
,,,11307,,0.014284057542681694
,,,11308,,0.036949820816516876
,,,11309,,0.0276303943246603
,,,11310,,0.021800784394145012
,,,11311,,0.0344313383102417
,,,11312,,0.032089490443468094
,,,11313,,0.012304916977882385
,,,11314,,0.013558952137827873
,,,11315,,0.013797207735478878
,,,11316,,0.010158941149711609
,,,11317,,0.012015949934720993
,,,11318,,0.013482855632901192
,,,11319,,0.011272076517343521
,,,11320,,0.011403512209653854
,,,11321,,0.012671303004026413
,,,11322,,0.011406801640987396
,,,11323,,0.010018093511462212
,,,11324,,0.009506629779934883
,,,11325,,0.013142900541424751
,,,11326,,0.012462206184864044
,,,11327,,0.013551298528909683
,,,11328,,0.012382530607283115
,,,11329,,0.011664889752864838
,,,11330,,0.015371979214251041
,,,11331,,0.013101283460855484
,,,11332,,0.010153279639780521
,,,11333,,0.013202125206589699
,,,11334,,0.013287793844938278
,,,11335,,0.011208586394786835
,,,11336,,0.011242123320698738
,,,11337,,0.009068011306226254
,,,11338,,0.011383017525076866
,,,11339,,0.010554028674960136
,,,11340,,0.012270083650946617
,,,11341,,0.009547644294798374
,,,11342,,0.010654178448021412
,,,11343,,0.011164993047714233
,,,11344,,0.01084176916629076
,,,11345,,0.010646304115653038
,,,11346,,0.010933583602309227
,,,11347,,0.009163758717477322
,,,11348,,0.00922437198460102
,,,11349,,0.009626299142837524
,,,11350,,0.012380748987197876
,,,11351,,0.010701715014874935
,,,11352,,0.012236206792294979
,,,11353,,0.010927751660346985
,,,11354,,0.012605832889676094
,,,11355,,0.011804867535829544
,,,11356,,0.011132976971566677
,,,11357,,0.010361218824982643
,,,11358,,0.011846538633108139
,,,11359,,0.008070762269198895
,,,11360,,0.008479947224259377
,,,11361,,0.007409883197396994
,,,11362,,0.007211394142359495
,,,11363,,0.007610502652823925
,,,11364,,0.008258972316980362
,,,11365,,0.0074935429729521275
,,,11366,,0.007987389340996742
,,,11367,,0.0073957969434559345
,,,11368,,0.007831849157810211
,,,11369,,0.006551792845129967
,,,11370,,0.0063890996389091015
,,,11371,,0.007122932933270931
,,,11372,,0.007655042689293623
,,,11373,,0.00789241585880518
,,,11374,,0.00773785263299942
,,,11375,,0.00839182548224926
,,,11376,,0.008138567209243774
,,,11377,,0.008154083043336868
,,,11378,,0.0071358270943164825
,,,11379,,0.0072175427339971066
,,,11380,,0.008490043692290783
,,,11381,,0.008127483539283276
,,,11382,,0.009032640606164932
,,,11383,,0.010114436037838459
,,,11384,,0.009278400801122189
,,,11385,,0.009717728942632675
,,,11386,,0.008845074102282524
,,,11387,,0.007733280770480633
,,,11388,,0.008263376541435719
,,,11389,,0.011109555140137672
,,,11390,,0.009370476007461548
,,,11391,,0.008211487904191017
,,,11392,,0.011215189471840858
,,,11393,,0.008914163336157799
,,,11394,,0.010973991826176643
,,,11395,,0.008877038955688477
,,,11396,,0.008330060169100761
,,,11397,,0.009707500226795673
,,,11398,,0.009451983496546745
,,,11399,,0.008301990106701851
,,,11400,,0.010215077549219131
,,,11401,,0.00923836324363947
,,,11402,,0.008906305767595768
,,,11403,,0.0036848229356110096
,,,11404,,0.00336618535220623
,,,11405,,0.0027533459942787886
,,,11406,,0.002853225916624069
,,,11407,,0.0025397595018148422
,,,11408,,0.0025313962250947952
,,,11409,,0.002995437942445278
,,,11410,,0.0026294891722500324
,,,11411,,0.003398894565179944
,,,11412,,0.002966352039948106
,,,11413,,0.002898620208725333
,,,11414,,0.0027825436554849148
,,,11415,,0.0027742262464016676
,,,11416,,0.008383478969335556
,,,11417,,0.010055878199636936
,,,11418,,0.00966592412441969
,,,11419,,0.00821756012737751
,,,11420,,0.003994857892394066
,,,11421,,0.027331916615366936
,,,11422,,0.005906924605369568
,,,11423,,0.02093113213777542
,,,11424,,0.01128084771335125
,,,11425,,0.010430704802274704
,,,11426,,0.01580776646733284
,,,11427,,0.018661051988601685
,,,11428,,0.01808619499206543
,,,11429,,0.016864249482750893
,,,11430,,0.01552322693169117
,,,11431,,0.02246178314089775
,,,11432,,0.018273236230015755
,,,11433,,0.07736621052026749
,,,11434,,0.06182166188955307
,,,11435,,0.050919145345687866
,,,11436,,0.05558979511260986
,,,11437,,0.07763184607028961
,,,11438,,0.04523150622844696
,,,11439,,0.051371946930885315
,,,11440,,0.06507499516010284
,,,11441,,0.04859444126486778
,,,11442,,0.06031522527337074
,,,11443,,0.04997824877500534
,,,11444,,0.05484718456864357
,,,11445,,0.06461861729621887
,,,11446,,0.05995088815689087
,,,11447,,0.05693236365914345
,,,11448,,0.0548742413520813
,,,11449,,0.028504962101578712
49,,,4049,0.012628831900656223,
49,0.011120160110294819,,4049,,
50,,0.00993543304502964,4059,,
50,,0.011132149025797844,4069,,
50,,0.012081108056008816,4079,,
50,,0.005593889392912388,4089,,
50,,0.010928619652986526,4099,,
50,,0.012288201600313187,4109,,
50,,0.010413275100290775,4119,,
50,,0.011515465565025806,4129,,
,,,11450,,0.00035453608143143356
,,,11451,,0.0003100334433838725
,,,11452,,0.0005392809398472309
,,,11453,,0.00034197786590084434
,,,11454,,0.0007440275512635708
,,,11455,,0.0002478585229255259
,,,11456,,0.0004850928671658039
,,,11457,,0.00023717503063380718
,,,11458,,0.0004661809653043747
,,,11459,,0.00027665626839734614
,,,11460,,0.0007002269849181175
,,,11461,,0.0008557550609111786
,,,11462,,0.0002585413458291441
,,,11463,,0.00037370019708760083
,,,11464,,0.0005676990258507431
,,,11465,,0.0003408948250580579
,,,11466,,0.000758491805754602
,,,11467,,0.0005923131247982383
,,,11468,,0.0006279392400756478
,,,11469,,0.0010546075645834208
,,,11470,,0.00031540472991764545
,,,11471,,0.0002917418023571372
,,,11472,,0.00025585375260561705
,,,11473,,0.0007229290204122663
,,,11474,,0.0006298697553575039
,,,11475,,0.000546927738469094
,,,11476,,0.000517343170940876
,,,11477,,0.005569031927734613
,,,11478,,0.016730770468711853
,,,11479,,0.014325473457574844
,,,11480,,0.013874057680368423
,,,11481,,0.015217650681734085
,,,11482,,0.013864658772945404
,,,11483,,0.07624489068984985
,,,11484,,0.023254841566085815
,,,11485,,0.011772857047617435
,,,11486,,0.013657781295478344
,,,11487,,0.009382568299770355
,,,11488,,0.005407063290476799
,,,11489,,0.012188493274152279
,,,11490,,0.007590866181999445
,,,11491,,0.005455657374113798
,,,11492,,0.013439130038022995
,,,11493,,0.012076335959136486
,,,11494,,0.006316300947219133
,,,11495,,0.015906497836112976
,,,11496,,0.008109827525913715
,,,11497,,0.0030046298634260893
,,,11498,,0.008285637944936752
,,,11499,,0.004822698421776295
,,,11500,,0.006027083843946457
,,,11501,,0.00820678099989891
,,,11502,,0.002485008677467704
,,,11503,,0.006660508457571268
,,,11504,,0.006166414357721806
,,,11505,,0.012020060792565346
,,,11506,,0.011887679807841778
,,,11507,,0.005595654249191284
,,,11508,,0.008228015154600143
,,,11509,,0.005533087998628616
,,,11510,,0.007280708756297827
,,,11511,,0.005690307356417179
,,,11512,,0.005260625388473272
,,,11513,,0.007127073593437672
,,,11514,,0.006259249988943338
,,,11515,,0.00344582786783576
,,,11516,,0.005192812066525221
,,,11517,,0.012061763554811478
,,,11518,,0.006225618999451399
,,,11519,,0.0037683492992073298
,,,11520,,0.004599595908075571
,,,11521,,0.0004150893073529005
,,,11522,,0.0008681517792865634
,,,11523,,0.0005413132603280246
,,,11524,,0.0004727345076389611
,,,11525,,0.0004470851272344589
,,,11526,,0.0005153142847120762
,,,11527,,0.0002996344992425293
,,,11528,,0.0004467472608666867
,,,11529,,0.0003529287059791386
,,,11530,,0.0006165220402181149
,,,11531,,0.0004747561179101467
,,,11532,,0.0008202535100281239
,,,11533,,0.0005541329155676067
,,,11534,,0.009937806986272335
,,,11535,,0.012064495123922825
,,,11536,,0.010977569967508316
,,,11537,,0.032381508499383926
,,,11538,,0.022754400968551636
,,,11539,,0.02057166025042534
,,,11540,,0.03785672038793564
,,,11541,,0.03490336984395981
,,,11542,,0.012488280422985554
,,,11543,,0.012991937808692455
,,,11544,,0.013202386908233166
,,,11545,,0.009533362463116646
,,,11546,,0.011348221451044083
,,,11547,,0.012824539095163345
,,,11548,,0.010760029777884483
,,,11549,,0.01099387276917696
,,,11550,,0.012096493504941463
,,,11551,,0.010824729688465595
,,,11552,,0.00949302688241005
,,,11553,,0.008747994899749756
,,,11554,,0.012480530887842178
,,,11555,,0.011800553649663925
,,,11556,,0.01310766488313675
,,,11557,,0.01169665902853012
,,,11558,,0.011031334288418293
,,,11559,,0.014776486903429031
,,,11560,,0.01251860149204731
,,,11561,,0.00950057152658701
,,,11562,,0.012605790048837662
,,,11563,,0.012602858245372772
,,,11564,,0.009772204793989658
,,,11565,,0.009795750491321087
,,,11566,,0.008101862855255604
,,,11567,,0.010933930054306984
,,,11568,,0.01012839563190937
,,,11569,,0.011855857446789742
,,,11570,,0.009182355366647243
,,,11571,,0.010247372090816498
,,,11572,,0.010947968810796738
,,,11573,,0.010501030832529068
,,,11574,,0.010136314667761326
,,,11575,,0.01060288306325674
,,,11576,,0.008749404922127724
,,,11577,,0.008846166543662548
,,,11578,,0.009113995358347893
,,,11579,,0.011869849637150764
,,,11580,,0.010299954563379288
,,,11581,,0.011851654388010502
,,,11582,,0.010445025749504566
,,,11583,,0.012386019341647625
,,,11584,,0.011359967291355133
,,,11585,,0.010769080370664597
,,,11586,,0.009874232113361359
,,,11587,,0.01149827055633068
,,,11588,,0.007617487572133541
,,,11589,,0.008003471419215202
,,,11590,,0.006987548898905516
,,,11591,,0.00675031915307045
,,,11592,,0.007124084979295731
,,,11593,,0.007822107523679733
,,,11594,,0.006967509165406227
,,,11595,,0.0075283050537109375
,,,11596,,0.006845864467322826
,,,11597,,0.007285259198397398
,,,11598,,0.006299233995378017
,,,11599,,0.005826775915920734
,,,11600,,0.006573752500116825
,,,11601,,0.007178809959441423
,,,11602,,0.0073766387067735195
,,,11603,,0.007335159461945295
,,,11604,,0.007662596181035042
,,,11605,,0.007524991873651743
,,,11606,,0.007765559945255518
,,,11607,,0.006634732708334923
,,,11608,,0.0067908321507275105
,,,11609,,0.007991135120391846
,,,11610,,0.007416331674903631
,,,11611,,0.008256092667579651
,,,11612,,0.009366060607135296
,,,11613,,0.008516957983374596
,,,11614,,0.00889329332858324
,,,11615,,0.00799601711332798
,,,11616,,0.006925874389708042
,,,11617,,0.007463570684194565
,,,11618,,0.010274406522512436
,,,11619,,0.008642789907753468
,,,11620,,0.007419106084853411
,,,11621,,0.010359415784478188
,,,11622,,0.008113417774438858
,,,11623,,0.010116680525243282
,,,11624,,0.008074581623077393
,,,11625,,0.007560211233794689
,,,11626,,0.008920643478631973
,,,11627,,0.008623779751360416
,,,11628,,0.007542778272181749
,,,11629,,0.00951828807592392
,,,11630,,0.008462876081466675
,,,11631,,0.008017262443900108
,,,11632,,0.0028102914802730083
,,,11633,,0.0023778979666531086
,,,11634,,0.0017701549222692847
,,,11635,,0.002007438335567713
,,,11636,,0.0015723647084087133
,,,11637,,0.0016337040578946471
,,,11638,,0.0020960322581231594
,,,11639,,0.0017413640161976218
,,,11640,,0.00231381319463253
,,,11641,,0.002074512653052807
,,,11642,,0.0019038860918954015
,,,11643,,0.0018229502020403743
,,,11644,,0.001824958948418498
,,,11645,,0.007825897075235844
,,,11646,,0.009252261370420456
,,,11647,,0.008952870965003967
,,,11648,,0.007890521548688412
,,,11649,,0.0031085561495274305
,,,11650,,0.026452038437128067
,,,11651,,0.005283969920128584
,,,11652,,0.02081061527132988
,,,11653,,0.010859842412173748
,,,11654,,0.008976896293461323
,,,11655,,0.01581479236483574
,,,11656,,0.019241031259298325
,,,11657,,0.0173235721886158
,,,11658,,0.01682727038860321
,,,11659,,0.014161678031086922
,,,11660,,0.021903233602643013
,,,11661,,0.017223086208105087
,,,11662,,0.07605714350938797
,,,11663,,0.0606454461812973
,,,11664,,0.05006575584411621
,,,11665,,0.05449146032333374
,,,11666,,0.07687582075595856
,,,11667,,0.044258031994104385
,,,11668,,0.05060742422938347
,,,11669,,0.06473992764949799
,,,11670,,0.04738267511129379
,,,11671,,0.05961630120873451
,,,11672,,0.048340559005737305
,,,11673,,0.053397610783576965
,,,11674,,0.0632147416472435
,,,11675,,0.05878836289048195
,,,11676,,0.055463410913944244
,,,11677,,0.05361124128103256
,,,11678,,0.02686535380780697
50,,,4130,0.011781894601881504,
50,0.010932612232863903,,4130,,
51,,0.007957827299833298,4139,,
51,,0.008846479468047619,4149,,
51,,0.009896686300635338,4159,,
51,,0.009551911614835262,4169,,
51,,0.008093796670436859,4179,,
51,,0.011306844651699066,4189,,
51,,0.010811453685164452,4199,,
51,,0.010184739716351032,4209,,
,,,11679,,0.00037824976607225835
,,,11680,,0.0003227952402085066
,,,11681,,0.0005692995036952198
,,,11682,,0.0003266462008468807
,,,11683,,0.0006205150275491178
,,,11684,,0.0002562823938205838
,,,11685,,0.0004926422261632979
,,,11686,,0.00025397917488589883
,,,11687,,0.0004265086317900568
,,,11688,,0.00029329746030271053
,,,11689,,0.0007086916593834758
,,,11690,,0.0008558274712413549
,,,11691,,0.00029105512658134103
,,,11692,,0.00035290420055389404
,,,11693,,0.0005584247410297394
,,,11694,,0.00037609011633321643
,,,11695,,0.0007538286154158413
,,,11696,,0.0005727661773562431
,,,11697,,0.0006360587431117892
,,,11698,,0.0010657742386683822
,,,11699,,0.0003244904219172895
,,,11700,,0.00029161912971176207
,,,11701,,0.0002758852206170559
,,,11702,,0.0007298217387869954
,,,11703,,0.0006271214224398136
,,,11704,,0.0005390361766330898
,,,11705,,0.0005348168197087944
,,,11706,,0.005862221121788025
,,,11707,,0.01690468192100525
,,,11708,,0.014476900920271873
,,,11709,,0.014123883098363876
,,,11710,,0.015418186783790588
,,,11711,,0.014078499749302864
,,,11712,,0.0760689526796341
,,,11713,,0.023426014930009842
,,,11714,,0.011961433105170727
,,,11715,,0.01386440359055996
,,,11716,,0.00970403105020523
,,,11717,,0.005714995786547661
,,,11718,,0.012505738995969296
,,,11719,,0.0078097153455019
,,,11720,,0.005489296279847622
,,,11721,,0.013331319205462933
,,,11722,,0.01205085776746273
,,,11723,,0.00629425048828125
,,,11724,,0.015873059630393982
,,,11725,,0.008108318783342838
,,,11726,,0.0031029023230075836
,,,11727,,0.00830586813390255
,,,11728,,0.0048901839181780815
,,,11729,,0.006063386797904968
,,,11730,,0.008200941607356071
,,,11731,,0.0025694197975099087
,,,11732,,0.006710691377520561
,,,11733,,0.006023844704031944
,,,11734,,0.011995005421340466
,,,11735,,0.011868489906191826
,,,11736,,0.005495566409081221
,,,11737,,0.008384847082197666
,,,11738,,0.005375679582357407
,,,11739,,0.007285793777555227
,,,11740,,0.005675072781741619
,,,11741,,0.005174101330339909
,,,11742,,0.007285286206752062
,,,11743,,0.00605387007817626
,,,11744,,0.0033426519948989153
,,,11745,,0.005319975316524506
,,,11746,,0.012025109492242336
,,,11747,,0.00619495939463377
,,,11748,,0.0033911815844476223
,,,11749,,0.004628011956810951
,,,11750,,0.0004394253483042121
,,,11751,,0.0008977766847237945
,,,11752,,0.0004310239164624363
,,,11753,,0.00048195297131314874
,,,11754,,0.00046032742829993367
,,,11755,,0.000547920586541295
,,,11756,,0.0003286057326477021
,,,11757,,0.00037162433727644384
,,,11758,,0.00037579768104478717
,,,11759,,0.0006252035382203758
,,,11760,,0.0004560754168778658
,,,11761,,0.001060210051946342
,,,11762,,0.000619733240455389
,,,11763,,0.009118176996707916
,,,11764,,0.011195700615644455
,,,11765,,0.01030694879591465
,,,11766,,0.03178410977125168
,,,11767,,0.022427784278988838
,,,11768,,0.021013081073760986
,,,11769,,0.03766230493783951
,,,11770,,0.03492908924818039
,,,11771,,0.012305879965424538
,,,11772,,0.012637138366699219
,,,11773,,0.01276283897459507
,,,11774,,0.009193161502480507
,,,11775,,0.010996593162417412
,,,11776,,0.01253917533904314
,,,11777,,0.010361118242144585
,,,11778,,0.0105986837297678
,,,11779,,0.011713486164808273
,,,11780,,0.010437384247779846
,,,11781,,0.009133894927799702
,,,11782,,0.008673660457134247
,,,11783,,0.01210420485585928
,,,11784,,0.01145025435835123
,,,11785,,0.01257275976240635
,,,11786,,0.011434841901063919
,,,11787,,0.010776890441775322
,,,11788,,0.014430146664381027
,,,11789,,0.012169556692242622
,,,11790,,0.00921221636235714
,,,11791,,0.012313533574342728
,,,11792,,0.012249714694917202
,,,11793,,0.009683524258434772
,,,11794,,0.009740565903484821
,,,11795,,0.007843048311769962
,,,11796,,0.010454181581735611
,,,11797,,0.009665131568908691
,,,11798,,0.01133604533970356
,,,11799,,0.008758986368775368
,,,11800,,0.009803086519241333
,,,11801,,0.010266058146953583
,,,11802,,0.009965270757675171
,,,11803,,0.00977935828268528
,,,11804,,0.010013029910624027
,,,11805,,0.008385889232158661
,,,11806,,0.008378034457564354
,,,11807,,0.008764564990997314
,,,11808,,0.011418360285460949
,,,11809,,0.009850751608610153
,,,11810,,0.011383303441107273
,,,11811,,0.009947633370757103
,,,11812,,0.011660026386380196
,,,11813,,0.01096593588590622
,,,11814,,0.0101859699934721
,,,11815,,0.00949051883071661
,,,11816,,0.01091932225972414
,,,11817,,0.0074325366877019405
,,,11818,,0.007800358347594738
,,,11819,,0.006758223287761211
,,,11820,,0.006612300407141447
,,,11821,,0.006928231567144394
,,,11822,,0.007550500798970461
,,,11823,,0.007012630812823772
,,,11824,,0.007334692403674126
,,,11825,,0.006800137925893068
,,,11826,,0.0071783955208957195
,,,11827,,0.006042951717972755
,,,11828,,0.005662260111421347
,,,11829,,0.006586650852113962
,,,11830,,0.007007519714534283
,,,11831,,0.007357044145464897
,,,11832,,0.00710176071152091
,,,11833,,0.007761472836136818
,,,11834,,0.0075341518968343735
,,,11835,,0.00747052114456892
,,,11836,,0.006486331112682819
,,,11837,,0.006558590568602085
,,,11838,,0.007881767116487026
,,,11839,,0.007207411341369152
,,,11840,,0.008021781221032143
,,,11841,,0.009122817777097225
,,,11842,,0.008275164291262627
,,,11843,,0.008713219314813614
,,,11844,,0.007806483190506697
,,,11845,,0.006740947719663382
,,,11846,,0.007271573878824711
,,,11847,,0.010054906830191612
,,,11848,,0.008367130532860756
,,,11849,,0.007191535551100969
,,,11850,,0.010127768851816654
,,,11851,,0.007871532812714577
,,,11852,,0.009893547743558884
,,,11853,,0.007878046482801437
,,,11854,,0.007342630065977573
,,,11855,,0.008729668334126472
,,,11856,,0.008396437391638756
,,,11857,,0.007344639860093594
,,,11858,,0.00918189249932766
,,,11859,,0.00817838404327631
,,,11860,,0.007859106175601482
,,,11861,,0.0027853362262248993
,,,11862,,0.0024239597842097282
,,,11863,,0.0018179641338065267
,,,11864,,0.0020650275982916355
,,,11865,,0.0017153676599264145
,,,11866,,0.0017437112983316183
,,,11867,,0.002190366620197892
,,,11868,,0.00181648600846529
,,,11869,,0.002366091823205352
,,,11870,,0.002141963690519333
,,,11871,,0.0019949781708419323
,,,11872,,0.001941440161317587
,,,11873,,0.001902483170852065
,,,11874,,0.007801446132361889
,,,11875,,0.0092135239392519
,,,11876,,0.008650106377899647
,,,11877,,0.007211196236312389
,,,11878,,0.0033028321340680122
,,,11879,,0.026523906737565994
,,,11880,,0.005126939155161381
,,,11881,,0.020398829132318497
,,,11882,,0.0109865702688694
,,,11883,,0.009271763265132904
,,,11884,,0.015140273608267307
,,,11885,,0.018041398376226425
,,,11886,,0.016508642584085464
,,,11887,,0.01511351391673088
,,,11888,,0.014134611934423447
,,,11889,,0.0213569737970829
,,,11890,,0.017255784943699837
,,,11891,,0.07595343887805939
,,,11892,,0.060173019766807556
,,,11893,,0.04952297732234001
,,,11894,,0.054831378161907196
,,,11895,,0.07583095133304596
,,,11896,,0.0446777418255806
,,,11897,,0.05020645633339882
,,,11898,,0.06401645392179489
,,,11899,,0.0468871146440506
,,,11900,,0.058677222579717636
,,,11901,,0.04887054115533829
,,,11902,,0.053654737770557404
,,,11903,,0.06306064873933792
,,,11904,,0.05830390378832817
,,,11905,,0.055749621242284775
,,,11906,,0.054087668657302856
,,,11907,,0.02633979544043541
51,,,4211,0.011630897410213947,
51,0.010654968209564686,,4211,,
52,,0.006500899791717529,4219,,
52,,0.008349334821105003,4229,,
52,,0.011104272678494453,4239,,
52,,0.011286881752312183,4249,,
52,,0.007135733030736446,4259,,
52,,0.008125189691781998,4269,,
52,,0.008144337683916092,4279,,
52,,0.009003018029034138,4289,,
,,,11908,,0.0004478439223021269
,,,11909,,0.00040042123873718083
,,,11910,,0.0006476661656051874
,,,11911,,0.00034901039907708764
,,,11912,,0.0006190019194036722
,,,11913,,0.0003004181489814073
,,,11914,,0.0005200511077418923
,,,11915,,0.0003031451487913728
,,,11916,,0.00040346532477997243
,,,11917,,0.0003392573562450707
,,,11918,,0.0007733574020676315
,,,11919,,0.0009862292790785432
,,,11920,,0.0003856941475532949
,,,11921,,0.0003943033516407013
,,,11922,,0.0005993281956762075
,,,11923,,0.00040209945291280746
,,,11924,,0.0008360769134014845
,,,11925,,0.0006859762943349779
,,,11926,,0.0005923495627939701
,,,11927,,0.0010906379902735353
,,,11928,,0.0003778425743803382
,,,11929,,0.0003924794145859778
,,,11930,,0.00031326006865128875
,,,11931,,0.0007813138654455543
,,,11932,,0.000708876526914537
,,,11933,,0.0006349171744659543
,,,11934,,0.0005925347795709968
,,,11935,,0.005889786407351494
,,,11936,,0.01688431017100811
,,,11937,,0.014412452466785908
,,,11938,,0.014095927588641644
,,,11939,,0.01537376269698143
,,,11940,,0.013950788415968418
,,,11941,,0.07586823403835297
,,,11942,,0.023357897996902466
,,,11943,,0.011853896081447601
,,,11944,,0.013918683864176273
,,,11945,,0.009718293324112892
,,,11946,,0.005718198139220476
,,,11947,,0.012428488582372665
,,,11948,,0.007890962064266205
,,,11949,,0.005750568583607674
,,,11950,,0.013465526513755322
,,,11951,,0.012328187003731728
,,,11952,,0.006664171349257231
,,,11953,,0.016095390543341637
,,,11954,,0.008377833291888237
,,,11955,,0.0036656458396464586
,,,11956,,0.008513705804944038
,,,11957,,0.005052357912063599
,,,11958,,0.006463218480348587
,,,11959,,0.008604904636740685
,,,11960,,0.0031722411513328552
,,,11961,,0.0070085166953504086
,,,11962,,0.0059668091125786304
,,,11963,,0.011688459664583206
,,,11964,,0.011465020477771759
,,,11965,,0.00537633104249835
,,,11966,,0.007999859750270844
,,,11967,,0.0053125713020563126
,,,11968,,0.006896012928336859
,,,11969,,0.005592360161244869
,,,11970,,0.005105405580252409
,,,11971,,0.006979707162827253
,,,11972,,0.006072281859815121
,,,11973,,0.003302165074273944
,,,11974,,0.0053521934896707535
,,,11975,,0.011556842364370823
,,,11976,,0.006054575555026531
,,,11977,,0.003358755260705948
,,,11978,,0.004534800071269274
,,,11979,,0.0004579734813887626
,,,11980,,0.0008652342949062586
,,,11981,,0.00043834117241203785
,,,11982,,0.00048208882799372077
,,,11983,,0.0004901214269921184
,,,11984,,0.0005595354596152902
,,,11985,,0.0003465768531896174
,,,11986,,0.00037584154051728547
,,,11987,,0.0003531273687258363
,,,11988,,0.0006356943631544709
,,,11989,,0.00046129507245495915
,,,11990,,0.0011296123266220093
,,,11991,,0.000641999882645905
,,,11992,,0.00909302569925785
,,,11993,,0.011146541684865952
,,,11994,,0.010898174718022346
,,,11995,,0.036028631031513214
,,,11996,,0.025880618020892143
,,,11997,,0.020476924255490303
,,,11998,,0.03303121030330658
,,,11999,,0.03067568875849247
,,,12000,,0.011661859229207039
,,,12001,,0.012611504644155502
,,,12002,,0.012794222682714462
,,,12003,,0.009256299585103989
,,,12004,,0.011044925078749657
,,,12005,,0.012420977465808392
,,,12006,,0.010461012832820415
,,,12007,,0.010638097301125526
,,,12008,,0.011689774692058563
,,,12009,,0.010591903701424599
,,,12010,,0.009258398786187172
,,,12011,,0.008655332960188389
,,,12012,,0.012068310752511024
,,,12013,,0.01148240827023983
,,,12014,,0.012659434229135513
,,,12015,,0.011405637487769127
,,,12016,,0.010782222263514996
,,,12017,,0.014306039549410343
,,,12018,,0.012189828790724277
,,,12019,,0.009242281317710876
,,,12020,,0.012207437306642532
,,,12021,,0.012164955027401447
,,,12022,,0.009367402642965317
,,,12023,,0.009421990253031254
,,,12024,,0.007677337154746056
,,,12025,,0.01054692268371582
,,,12026,,0.009788011200726032
,,,12027,,0.011504813097417355
,,,12028,,0.008906512521207333
,,,12029,,0.009897474199533463
,,,12030,,0.010479416698217392
,,,12031,,0.01014631800353527
,,,12032,,0.009838453494012356
,,,12033,,0.01017194427549839
,,,12034,,0.00854342058300972
,,,12035,,0.008513985201716423
,,,12036,,0.008908329531550407
,,,12037,,0.011503403075039387
,,,12038,,0.009985221549868584
,,,12039,,0.011483334936201572
,,,12040,,0.01001414842903614
,,,12041,,0.011881165206432343
,,,12042,,0.011057201772928238
,,,12043,,0.01037411019206047
,,,12044,,0.009612470865249634
,,,12045,,0.011046234518289566
,,,12046,,0.007333270739763975
,,,12047,,0.007683735806494951
,,,12048,,0.006748561281710863
,,,12049,,0.006662583909928799
,,,12050,,0.006882541812956333
,,,12051,,0.0074545275419950485
,,,12052,,0.006764140911400318
,,,12053,,0.007250449154525995
,,,12054,,0.006707705557346344
,,,12055,,0.007075274828821421
,,,12056,,0.006004683673381805
,,,12057,,0.005697233602404594
,,,12058,,0.006509711034595966
,,,12059,,0.00700026098638773
,,,12060,,0.00721401534974575
,,,12061,,0.007021049037575722
,,,12062,,0.007542186416685581
,,,12063,,0.007446750067174435
,,,12064,,0.007489074021577835
,,,12065,,0.006415531970560551
,,,12066,,0.006516947411000729
,,,12067,,0.007728250697255135
,,,12068,,0.007121304981410503
,,,12069,,0.007959256879985332
,,,12070,,0.008992243558168411
,,,12071,,0.008242336101830006
,,,12072,,0.00857013463973999
,,,12073,,0.007708522491157055
,,,12074,,0.006663796491920948
,,,12075,,0.0071519967168569565
,,,12076,,0.00987414550036192
,,,12077,,0.008254511281847954
,,,12078,,0.007105013821274042
,,,12079,,0.010011596605181694
,,,12080,,0.007798275910317898
,,,12081,,0.009764930233359337
,,,12082,,0.007810315582901239
,,,12083,,0.00721144862473011
,,,12084,,0.008627352304756641
,,,12085,,0.008306369185447693
,,,12086,,0.007200451102107763
,,,12087,,0.00902804546058178
,,,12088,,0.008097231388092041
,,,12089,,0.007675610017031431
,,,12090,,0.0026496918871998787
,,,12091,,0.002370195696130395
,,,12092,,0.0018586200894787908
,,,12093,,0.001934544532559812
,,,12094,,0.0016502032522112131
,,,12095,,0.0016471694689244032
,,,12096,,0.002194463275372982
,,,12097,,0.0016982384258881211
,,,12098,,0.002245665295049548
,,,12099,,0.0020328466780483723
,,,12100,,0.0019908668473362923
,,,12101,,0.0017797789769247174
,,,12102,,0.0018655506428331137
,,,12103,,0.007758636027574539
,,,12104,,0.008801025338470936
,,,12105,,0.008757758885622025
,,,12106,,0.007184749003499746
,,,12107,,0.0032085010316222906
,,,12108,,0.026584189385175705
,,,12109,,0.00538240559399128
,,,12110,,0.020124226808547974
,,,12111,,0.010560587048530579
,,,12112,,0.009051053784787655
,,,12113,,0.0147952139377594
,,,12114,,0.018273036926984787
,,,12115,,0.01734069362282753
,,,12116,,0.015141223557293415
,,,12117,,0.015155051834881306
,,,12118,,0.02272871881723404
,,,12119,,0.017430713400244713
,,,12120,,0.07600203156471252
,,,12121,,0.06009775400161743
,,,12122,,0.0493462011218071
,,,12123,,0.054646238684654236
,,,12124,,0.07640552520751953
,,,12125,,0.04444219172000885
,,,12126,,0.050479691475629807
,,,12127,,0.06416991353034973
,,,12128,,0.04667072743177414
,,,12129,,0.058959756046533585
,,,12130,,0.04797188192605972
,,,12131,,0.053709231317043304
,,,12132,,0.06325888633728027
,,,12133,,0.057976000010967255
,,,12134,,0.055119313299655914
,,,12135,,0.053013455122709274
,,,12136,,0.026142871007323265
52,,,4292,0.011619952507317066,
52,0.010627493262290955,,4292,,
53,,0.016376320272684097,4299,,
53,,0.01306305080652237,4309,,
53,,0.010077266953885555,4319,,
53,,0.009167732670903206,4329,,
53,,0.0073010725900530815,4339,,
53,,0.013087327592074871,4349,,
53,,0.01031656563282013,4359,,
53,,0.012680720537900925,4369,,
,,,12137,,0.000521528534591198
,,,12138,,0.0005145247559994459
,,,12139,,0.000626267574261874
,,,12140,,0.0004908405826427042
,,,12141,,0.0007964960532262921
,,,12142,,0.0003670104197226465
,,,12143,,0.0006706410786136985
,,,12144,,0.0004397681332193315
,,,12145,,0.0005797888152301311
,,,12146,,0.0004216209636069834
,,,12147,,0.0008611915400251746
,,,12148,,0.0008626566268503666
,,,12149,,0.00047915076720528305
,,,12150,,0.00048778424388729036
,,,12151,,0.0006327287410385907
,,,12152,,0.0004958122153766453
,,,12153,,0.000896231213118881
,,,12154,,0.0007089406717568636
,,,12155,,0.0007912504952400923
,,,12156,,0.0010777156567201018
,,,12157,,0.0004301975714042783
,,,12158,,0.00042482075514271855
,,,12159,,0.0003855471732094884
,,,12160,,0.0008212333777919412
,,,12161,,0.0007119103102013469
,,,12162,,0.0007223155698738992
,,,12163,,0.0006249294383451343
,,,12164,,0.005733431316912174
,,,12165,,0.01666286215186119
,,,12166,,0.014242783188819885
,,,12167,,0.013868585228919983
,,,12168,,0.015163908712565899
,,,12169,,0.013861621730029583
,,,12170,,0.07525603473186493
,,,12171,,0.02308729849755764
,,,12172,,0.011730430647730827
,,,12173,,0.01366923563182354
,,,12174,,0.00951635092496872
,,,12175,,0.005525752902030945
,,,12176,,0.012277854606509209
,,,12177,,0.007752384524792433
,,,12178,,0.005472490563988686
,,,12179,,0.013075760565698147
,,,12180,,0.011932228691875935
,,,12181,,0.006215518340468407
,,,12182,,0.015581517480313778
,,,12183,,0.007970656268298626
,,,12184,,0.0031298119574785233
,,,12185,,0.008222037926316261
,,,12186,,0.004893431439995766
,,,12187,,0.006038110237568617
,,,12188,,0.008120445534586906
,,,12189,,0.002679347526282072
,,,12190,,0.006664394401013851
,,,12191,,0.005644579418003559
,,,12192,,0.01165001280605793
,,,12193,,0.011469637975096703
,,,12194,,0.0052183447405695915
,,,12195,,0.00805879756808281
,,,12196,,0.005444956943392754
,,,12197,,0.006915098987519741
,,,12198,,0.005521637387573719
,,,12199,,0.005000590812414885
,,,12200,,0.00706764031201601
,,,12201,,0.00600174255669117
,,,12202,,0.003256548661738634
,,,12203,,0.005061415024101734
,,,12204,,0.011543501168489456
,,,12205,,0.006123353727161884
,,,12206,,0.0032848212867975235
,,,12207,,0.004606205504387617
,,,12208,,0.00060581776779145
,,,12209,,0.0009959784802049398
,,,12210,,0.0005101569695398211
,,,12211,,0.0006002754671499133
,,,12212,,0.0006566673400811851
,,,12213,,0.0006902463501319289
,,,12214,,0.00047819921746850014
,,,12215,,0.000457412184914574
,,,12216,,0.00046353452489711344
,,,12217,,0.0007742645684629679
,,,12218,,0.0005846723215654492
,,,12219,,0.0012862373841926455
,,,12220,,0.0008070837939158082
,,,12221,,0.009004630148410797
,,,12222,,0.010994937270879745
,,,12223,,0.010057955980300903
,,,12224,,0.030297862365841866
,,,12225,,0.02127908356487751
,,,12226,,0.01820307970046997
,,,12227,,0.03206927329301834
,,,12228,,0.030059538781642914
,,,12229,,0.011285332962870598
,,,12230,,0.012385915964841843
,,,12231,,0.012521290220320225
,,,12232,,0.009011931717395782
,,,12233,,0.010782159864902496
,,,12234,,0.012211292050778866
,,,12235,,0.010220034047961235
,,,12236,,0.010425189509987831
,,,12237,,0.011555949226021767
,,,12238,,0.010287859477102757
,,,12239,,0.00898781418800354
,,,12240,,0.008523828350007534
,,,12241,,0.011832445859909058
,,,12242,,0.011283546686172485
,,,12243,,0.012370645068585873
,,,12244,,0.01121222972869873
,,,12245,,0.010620847344398499
,,,12246,,0.014083070680499077
,,,12247,,0.011968487873673439
,,,12248,,0.00907952431589365
,,,12249,,0.012027557007968426
,,,12250,,0.011926896870136261
,,,12251,,0.00922024343162775
,,,12252,,0.009280197322368622
,,,12253,,0.007641585078090429
,,,12254,,0.010445293970406055
,,,12255,,0.00971393845975399
,,,12256,,0.011376360431313515
,,,12257,,0.00876169465482235
,,,12258,,0.009772859513759613
,,,12259,,0.010300812311470509
,,,12260,,0.009938858449459076
,,,12261,,0.009759865701198578
,,,12262,,0.010106404311954975
,,,12263,,0.008329768665134907
,,,12264,,0.008439145982265472
,,,12265,,0.008797826245427132
,,,12266,,0.011382528580725193
,,,12267,,0.009855068288743496
,,,12268,,0.011339116841554642
,,,12269,,0.009965632110834122
,,,12270,,0.011631518602371216
,,,12271,,0.010944979265332222
,,,12272,,0.010265963152050972
,,,12273,,0.009488923475146294
,,,12274,,0.01089354045689106
,,,12275,,0.007373081054538488
,,,12276,,0.0077253906056284904
,,,12277,,0.00671091303229332
,,,12278,,0.00662285927683115
,,,12279,,0.006846565753221512
,,,12280,,0.007480168715119362
,,,12281,,0.006767121143639088
,,,12282,,0.007266352418810129
,,,12283,,0.006718228105455637
,,,12284,,0.006964803673326969
,,,12285,,0.006080537103116512
,,,12286,,0.005671516060829163
,,,12287,,0.00648774579167366
,,,12288,,0.00701249809935689
,,,12289,,0.007154351100325584
,,,12290,,0.0070345099084079266
,,,12291,,0.007425746880471706
,,,12292,,0.00739011075347662
,,,12293,,0.0075510237365961075
,,,12294,,0.006374228745698929
,,,12295,,0.006587731186300516
,,,12296,,0.007733067497611046
,,,12297,,0.007021046243607998
,,,12298,,0.00792350247502327
,,,12299,,0.008871704339981079
,,,12300,,0.008108865469694138
,,,12301,,0.00851752981543541
,,,12302,,0.007598796859383583
,,,12303,,0.006567197386175394
,,,12304,,0.007073520217090845
,,,12305,,0.009791060350835323
,,,12306,,0.008200107142329216
,,,12307,,0.007025596685707569
,,,12308,,0.00992369744926691
,,,12309,,0.007696070242673159
,,,12310,,0.009627418592572212
,,,12311,,0.007729962468147278
,,,12312,,0.0071961041539907455
,,,12313,,0.008505246601998806
,,,12314,,0.008190898224711418
,,,12315,,0.007161126472055912
,,,12316,,0.008937239646911621
,,,12317,,0.008020215667784214
,,,12318,,0.007658898830413818
,,,12319,,0.0025274190120399
,,,12320,,0.0023059952072799206
,,,12321,,0.001773510011844337
,,,12322,,0.0017939889803528786
,,,12323,,0.0015779661480337381
,,,12324,,0.0015653236769139767
,,,12325,,0.002008868847042322
,,,12326,,0.0016391398385167122
,,,12327,,0.002248404547572136
,,,12328,,0.001932197017595172
,,,12329,,0.0019261548295617104
,,,12330,,0.0017951824702322483
,,,12331,,0.0017785525415092707
,,,12332,,0.0071064168587327
,,,12333,,0.00894889049232006
,,,12334,,0.008697405457496643
,,,12335,,0.006735280621796846
,,,12336,,0.003250840585678816
,,,12337,,0.025289878249168396
,,,12338,,0.005114981904625893
,,,12339,,0.019155528396368027
,,,12340,,0.009693639352917671
,,,12341,,0.008920969441533089
,,,12342,,0.014550741761922836
,,,12343,,0.017492325976490974
,,,12344,,0.015869926661252975
,,,12345,,0.014830362983047962
,,,12346,,0.012580830603837967
,,,12347,,0.020257748663425446
,,,12348,,0.016993066295981407
,,,12349,,0.07493295520544052
,,,12350,,0.05939343199133873
,,,12351,,0.04842519015073776
,,,12352,,0.0536392480134964
,,,12353,,0.07503672689199448
,,,12354,,0.043128788471221924
,,,12355,,0.049112312495708466
,,,12356,,0.06283560395240784
,,,12357,,0.04686243087053299
,,,12358,,0.057672202587127686
,,,12359,,0.04751138761639595
,,,12360,,0.0518585629761219
,,,12361,,0.06239987537264824
,,,12362,,0.05705714970827103
,,,12363,,0.05442548543214798
,,,12364,,0.05243702232837677
,,,12365,,0.025806931778788567
53,,,4373,0.011357058770954609,
53,0.0100702540948987,,4373,,
54,,0.007605322636663914,4379,,
54,,0.008295243605971336,4389,,
54,,0.011227772571146488,4399,,
54,,0.00959423091262579,4409,,
54,,0.010091504082083702,4419,,
54,,0.008094850927591324,4429,,
54,,0.009070266038179398,4439,,
54,,0.011976773850619793,4449,,
,,,12366,,0.0003544250794220716
,,,12367,,0.0003086599463131279
,,,12368,,0.0006345483707264066
,,,12369,,0.0003094326239079237
,,,12370,,0.0005857243668287992
,,,12371,,0.00026407508994452655
,,,12372,,0.0005125308525748551
,,,12373,,0.00024666846729815006
,,,12374,,0.0004048208938911557
,,,12375,,0.00028277584351599216
,,,12376,,0.0007427465752698481
,,,12377,,0.0009473016252741218
,,,12378,,0.0002654332492966205
,,,12379,,0.0003424735914450139
,,,12380,,0.0005825115367770195
,,,12381,,0.00039226209628395736
,,,12382,,0.0007276280666701496
,,,12383,,0.0005645141354762018
,,,12384,,0.0006554849096573889
,,,12385,,0.0010023305658251047
,,,12386,,0.00035353656858205795
,,,12387,,0.0002991087385453284
,,,12388,,0.00027562445029616356
,,,12389,,0.000719445466529578
,,,12390,,0.0006272679893299937
,,,12391,,0.0005398507928475738
,,,12392,,0.0005372250452637672
,,,12393,,0.005598594434559345
,,,12394,,0.016496891155838966
,,,12395,,0.014050053432583809
,,,12396,,0.013741517439484596
,,,12397,,0.01503807120025158
,,,12398,,0.013679192401468754
,,,12399,,0.07470302283763885
,,,12400,,0.02293565683066845
,,,12401,,0.011582118459045887
,,,12402,,0.01355498842895031
,,,12403,,0.009370021522045135
,,,12404,,0.005406845360994339
,,,12405,,0.012053323909640312
,,,12406,,0.007550569251179695
,,,12407,,0.005385467782616615
,,,12408,,0.012957194820046425
,,,12409,,0.011815700680017471
,,,12410,,0.006153234280645847
,,,12411,,0.015488849952816963
,,,12412,,0.007906218059360981
,,,12413,,0.0030108147766441107
,,,12414,,0.0080674197524786
,,,12415,,0.004756513517349958
,,,12416,,0.0060270605608820915
,,,12417,,0.008071450516581535
,,,12418,,0.0025207307189702988
,,,12419,,0.006553304381668568
,,,12420,,0.005647997837513685
,,,12421,,0.011409350670874119
,,,12422,,0.011254779994487762
,,,12423,,0.0050210109911859035
,,,12424,,0.007775050587952137
,,,12425,,0.005186095368117094
,,,12426,,0.006838670000433922
,,,12427,,0.005214910954236984
,,,12428,,0.00476073706522584
,,,12429,,0.006730005145072937
,,,12430,,0.005648557562381029
,,,12431,,0.0031671435572206974
,,,12432,,0.0048403264954686165
,,,12433,,0.011391039937734604
,,,12434,,0.0058263977989554405
,,,12435,,0.0031512046698480844
,,,12436,,0.004280000925064087
,,,12437,,0.00040692187030799687
,,,12438,,0.0008787638507783413
,,,12439,,0.0006856753025203943
,,,12440,,0.0005053675849922001
,,,12441,,0.0004326720954850316
,,,12442,,0.000510969664901495
,,,12443,,0.00029582733986899257
,,,12444,,0.0005001241806894541
,,,12445,,0.0003487271023914218
,,,12446,,0.0006343519198708236
,,,12447,,0.0005166642949916422
,,,12448,,0.0006165085360407829
,,,12449,,0.0006222056690603495
,,,12450,,0.008720106445252895
,,,12451,,0.010687703266739845
,,,12452,,0.010067777708172798
,,,12453,,0.03203680366277695
,,,12454,,0.022755438461899757
,,,12455,,0.018906135112047195
,,,12456,,0.03162804991006851
,,,12457,,0.02942037768661976
,,,12458,,0.010983156971633434
,,,12459,,0.01215918455272913
,,,12460,,0.012293819338083267
,,,12461,,0.008735155686736107
,,,12462,,0.010570719838142395
,,,12463,,0.012067101895809174
,,,12464,,0.009927215054631233
,,,12465,,0.010140509344637394
,,,12466,,0.011218604631721973
,,,12467,,0.010036536492407322
,,,12468,,0.00878152810037136
,,,12469,,0.008237017318606377
,,,12470,,0.011632222682237625
,,,12471,,0.010962951928377151
,,,12472,,0.011995764449238777
,,,12473,,0.010917536914348602
,,,12474,,0.010332634672522545
,,,12475,,0.013897571712732315
,,,12476,,0.011646036989986897
,,,12477,,0.008865401148796082
,,,12478,,0.011779336258769035
,,,12479,,0.011671878397464752
,,,12480,,0.009135756641626358
,,,12481,,0.009192335419356823
,,,12482,,0.007458832114934921
,,,12483,,0.010232478380203247
,,,12484,,0.009392171166837215
,,,12485,,0.011083747260272503
,,,12486,,0.008539941161870956
,,,12487,,0.009579232893884182
,,,12488,,0.009948443621397018
,,,12489,,0.00971841812133789
,,,12490,,0.009478293359279633
,,,12491,,0.009752344340085983
,,,12492,,0.00817957054823637
,,,12493,,0.008142990991473198
,,,12494,,0.0084612425416708
,,,12495,,0.011173484846949577
,,,12496,,0.009597228839993477
,,,12497,,0.011065652593970299
,,,12498,,0.009729020297527313
,,,12499,,0.011452777311205864
,,,12500,,0.010656462982296944
,,,12501,,0.009929608553647995
,,,12502,,0.009205933660268784
,,,12503,,0.010621019639074802
,,,12504,,0.007125345058739185
,,,12505,,0.007455641403794289
,,,12506,,0.006460364907979965
,,,12507,,0.006261010188609362
,,,12508,,0.006600024178624153
,,,12509,,0.007225976325571537
,,,12510,,0.006659206002950668
,,,12511,,0.0070560891181230545
,,,12512,,0.006421811878681183
,,,12513,,0.006834977772086859
,,,12514,,0.005811493843793869
,,,12515,,0.005395797081291676
,,,12516,,0.006207949481904507
,,,12517,,0.006693468429148197
,,,12518,,0.007009975612163544
,,,12519,,0.00675716158002615
,,,12520,,0.007428301963955164
,,,12521,,0.0071749258786439896
,,,12522,,0.007147825323045254
,,,12523,,0.006230211816728115
,,,12524,,0.00626201881095767
,,,12525,,0.007473642937839031
,,,12526,,0.006855039857327938
,,,12527,,0.007688598707318306
,,,12528,,0.008657466620206833
,,,12529,,0.007911541499197483
,,,12530,,0.00833573006093502
,,,12531,,0.007427341304719448
,,,12532,,0.006434558890759945
,,,12533,,0.006931127980351448
,,,12534,,0.009557235985994339
,,,12535,,0.008012384176254272
,,,12536,,0.006884047761559486
,,,12537,,0.009664933197200298
,,,12538,,0.00749952020123601
,,,12539,,0.009390920400619507
,,,12540,,0.007507915608584881
,,,12541,,0.007001275196671486
,,,12542,,0.008337514474987984
,,,12543,,0.0080358125269413
,,,12544,,0.006922715809196234
,,,12545,,0.008755547925829887
,,,12546,,0.007818983867764473
,,,12547,,0.007445435971021652
,,,12548,,0.0025496352463960648
,,,12549,,0.0022850031964480877
,,,12550,,0.0016683479771018028
,,,12551,,0.0017827523406594992
,,,12552,,0.0015035744290798903
,,,12553,,0.001486435066908598
,,,12554,,0.0020078103989362717
,,,12555,,0.0015797262312844396
,,,12556,,0.0021951920352876186
,,,12557,,0.0018886090256273746
,,,12558,,0.0018322882242500782
,,,12559,,0.001723109045997262
,,,12560,,0.0017325241351500154
,,,12561,,0.007614431902766228
,,,12562,,0.008893297053873539
,,,12563,,0.008503678254783154
,,,12564,,0.00698394700884819
,,,12565,,0.003130833152681589
,,,12566,,0.02592039853334427
,,,12567,,0.004953734111040831
,,,12568,,0.020685505121946335
,,,12569,,0.009298915043473244
,,,12570,,0.008630044758319855
,,,12571,,0.014916216023266315
,,,12572,,0.017880495637655258
,,,12573,,0.016847029328346252
,,,12574,,0.014407974667847157
,,,12575,,0.013172077015042305
,,,12576,,0.020414264872670174
,,,12577,,0.016767628490924835
,,,12578,,0.07478968799114227
,,,12579,,0.05883604660630226
,,,12580,,0.04837188124656677
,,,12581,,0.05360965430736542
,,,12582,,0.07468035817146301
,,,12583,,0.04373189061880112
,,,12584,,0.04892359673976898
,,,12585,,0.062379203736782074
,,,12586,,0.04626842588186264
,,,12587,,0.058126986026763916
,,,12588,,0.04730305075645447
,,,12589,,0.05209062248468399
,,,12590,,0.061794452369213104
,,,12591,,0.05699606612324715
,,,12592,,0.054482601583004
,,,12593,,0.05249233543872833
,,,12594,,0.026707680895924568
54,,,4454,0.011222323402762413,
54,0.010262727737426758,,4454,,
55,,0.008722519502043724,4459,,
55,,0.007752508856356144,4469,,
55,,0.004842980299144983,4479,,
55,,0.008268540725111961,4489,,
55,,0.006850691512227058,4499,,
55,,0.01162407174706459,4509,,
55,,0.012185580097138882,4519,,
55,,0.009724760428071022,4529,,
,,,12595,,0.0011867079883813858
,,,12596,,0.0012028210330754519
,,,12597,,0.0013235799269750714
,,,12598,,0.0012308380100876093
,,,12599,,0.0016822561156004667
,,,12600,,0.0010674777440726757
,,,12601,,0.0013757837004959583
,,,12602,,0.0010901694186031818
,,,12603,,0.0014813465531915426
,,,12604,,0.0011268482776358724
,,,12605,,0.0015869364142417908
,,,12606,,0.00160231813788414
,,,12607,,0.0010477846954017878
,,,12608,,0.001159633044153452
,,,12609,,0.0013180695241317153
,,,12610,,0.0011641427408903837
,,,12611,,0.0015279871877282858
,,,12612,,0.0014293295098468661
,,,12613,,0.0015484080649912357
,,,12614,,0.001771200797520578
,,,12615,,0.0010346892522647977
,,,12616,,0.00105935032479465
,,,12617,,0.0010521982330828905
,,,12618,,0.001414203317835927
,,,12619,,0.001399744302034378
,,,12620,,0.0013227530289441347
,,,12621,,0.0012901711743324995
,,,12622,,0.006103123538196087
,,,12623,,0.017178185284137726
,,,12624,,0.01478176936507225
,,,12625,,0.014269327744841576
,,,12626,,0.0156775563955307
,,,12627,,0.01423149835318327
,,,12628,,0.07562422752380371
,,,12629,,0.023563317954540253
,,,12630,,0.01226827222853899
,,,12631,,0.014084933325648308
,,,12632,,0.009867575019598007
,,,12633,,0.00595049187541008
,,,12634,,0.012622751295566559
,,,12635,,0.008153955452144146
,,,12636,,0.005826363805681467
,,,12637,,0.013600703328847885
,,,12638,,0.0124903479591012
,,,12639,,0.006671329028904438
,,,12640,,0.016034632921218872
,,,12641,,0.008498216979205608
,,,12642,,0.0036382311955094337
,,,12643,,0.008586831390857697
,,,12644,,0.0053076669573783875
,,,12645,,0.006543164141476154
,,,12646,,0.008680304512381554
,,,12647,,0.0031936755403876305
,,,12648,,0.007163867354393005
,,,12649,,0.007303412072360516
,,,12650,,0.012857410125434399
,,,12651,,0.012735629454255104
,,,12652,,0.00686626648530364
,,,12653,,0.009207312017679214
,,,12654,,0.006588669493794441
,,,12655,,0.00829491950571537
,,,12656,,0.007135954685509205
,,,12657,,0.0068048895336687565
,,,12658,,0.00818883441388607
,,,12659,,0.007408889010548592
,,,12660,,0.0048629287630319595
,,,12661,,0.006572316400706768
,,,12662,,0.013002749532461166
,,,12663,,0.007602898869663477
,,,12664,,0.005186475347727537
,,,12665,,0.005264957435429096
,,,12666,,0.0014902930706739426
,,,12667,,0.0021112870890647173
,,,12668,,0.002230187878012657
,,,12669,,0.0018810541369020939
,,,12670,,0.001588696613907814
,,,12671,,0.0016108278650790453
,,,12672,,0.0011967968894168735
,,,12673,,0.0017882350366562605
,,,12674,,0.0013531914446502924
,,,12675,,0.0017075699288398027
,,,12676,,0.0019062869250774384
,,,12677,,0.0009784381836652756
,,,12678,,0.0015504432376474142
,,,12679,,0.009589960798621178
,,,12680,,0.011465882882475853
,,,12681,,0.011389736086130142
,,,12682,,0.03919360786676407
,,,12683,,0.028068907558918
,,,12684,,0.020598674193024635
,,,12685,,0.03337351605296135
,,,12686,,0.031397707760334015
,,,12687,,0.012083841487765312
,,,12688,,0.013528832234442234
,,,12689,,0.013829417526721954
,,,12690,,0.009930524043738842
,,,12691,,0.011962966993451118
,,,12692,,0.01340935006737709
,,,12693,,0.011172020807862282
,,,12694,,0.01131441816687584
,,,12695,,0.012672276236116886
,,,12696,,0.011176588013768196
,,,12697,,0.0100458525121212
,,,12698,,0.00949259102344513
,,,12699,,0.012991420924663544
,,,12700,,0.012537496164441109
,,,12701,,0.013528911396861076
,,,12702,,0.012363182380795479
,,,12703,,0.011715486645698547
,,,12704,,0.015412257052958012
,,,12705,,0.013037366792559624
,,,12706,,0.010085703805088997
,,,12707,,0.013193435035645962
,,,12708,,0.013052293099462986
,,,12709,,0.009435832500457764
,,,12710,,0.009418669156730175
,,,12711,,0.007808148395270109
,,,12712,,0.010892586782574654
,,,12713,,0.010319557972252369
,,,12714,,0.011986616998910904
,,,12715,,0.009295554831624031
,,,12716,,0.01035570539534092
,,,12717,,0.010763231664896011
,,,12718,,0.010421037673950195
,,,12719,,0.010372446849942207
,,,12720,,0.010573201812803745
,,,12721,,0.008784817531704903
,,,12722,,0.008909279480576515
,,,12723,,0.009363764896988869
,,,12724,,0.011924497783184052
,,,12725,,0.010313387960195541
,,,12726,,0.011898200958967209
,,,12727,,0.010636871680617332
,,,12728,,0.012176994234323502
,,,12729,,0.011460624635219574
,,,12730,,0.010755244642496109
,,,12731,,0.01005084440112114
,,,12732,,0.011375779286026955
,,,12733,,0.008002841845154762
,,,12734,,0.008458499796688557
,,,12735,,0.007363571785390377
,,,12736,,0.007300384342670441
,,,12737,,0.007645938545465469
,,,12738,,0.008195526897907257
,,,12739,,0.007493625394999981
,,,12740,,0.00793091207742691
,,,12741,,0.007399030961096287
,,,12742,,0.00799591839313507
,,,12743,,0.006623639725148678
,,,12744,,0.006366979330778122
,,,12745,,0.007230220828205347
,,,12746,,0.007685479242354631
,,,12747,,0.007973454892635345
,,,12748,,0.00774285988882184
,,,12749,,0.008422089740633965
,,,12750,,0.008173405192792416
,,,12751,,0.008160817436873913
,,,12752,,0.007178721018135548
,,,12753,,0.007196555845439434
,,,12754,,0.008479789830744267
,,,12755,,0.007501288317143917
,,,12756,,0.008277460932731628
,,,12757,,0.009324168786406517
,,,12758,,0.008538102731108665
,,,12759,,0.00890272669494152
,,,12760,,0.00804976187646389
,,,12761,,0.007010560482740402
,,,12762,,0.007476447150111198
,,,12763,,0.01021009311079979
,,,12764,,0.008552725426852703
,,,12765,,0.007417330984026194
,,,12766,,0.01030101627111435
,,,12767,,0.008190006017684937
,,,12768,,0.010090501978993416
,,,12769,,0.00812614243477583
,,,12770,,0.007548429537564516
,,,12771,,0.00893933605402708
,,,12772,,0.008672740310430527
,,,12773,,0.00750163197517395
,,,12774,,0.009416668675839901
,,,12775,,0.008475148119032383
,,,12776,,0.008099984377622604
,,,12777,,0.003617500653490424
,,,12778,,0.003347736783325672
,,,12779,,0.0027005504816770554
,,,12780,,0.0026504972483962774
,,,12781,,0.0024691838771104813
,,,12782,,0.0023847492411732674
,,,12783,,0.002956810873001814
,,,12784,,0.00252257427200675
,,,12785,,0.003349964041262865
,,,12786,,0.0028847274370491505
,,,12787,,0.002861838089302182
,,,12788,,0.0028153921011835337
,,,12789,,0.002804521471261978
,,,12790,,0.008263393305242062
,,,12791,,0.010425958782434464
,,,12792,,0.009725615382194519
,,,12793,,0.008326967246830463
,,,12794,,0.003984960727393627
,,,12795,,0.026724783703684807
,,,12796,,0.005899221170693636
,,,12797,,0.021039342507719994
,,,12798,,0.010904927738010883
,,,12799,,0.009968028403818607
,,,12800,,0.016550151631236076
,,,12801,,0.01919899508357048
,,,12802,,0.01853010430932045
,,,12803,,0.016987793147563934
,,,12804,,0.013753606006503105
,,,12805,,0.02203330770134926
,,,12806,,0.0177911464124918
,,,12807,,0.0751848965883255
,,,12808,,0.06056968867778778
,,,12809,,0.049439314752817154
,,,12810,,0.05456342175602913
,,,12811,,0.07581926882266998
,,,12812,,0.04409705102443695
,,,12813,,0.04986109584569931
,,,12814,,0.06411445885896683
,,,12815,,0.04756031185388565
,,,12816,,0.05834632366895676
,,,12817,,0.04830560088157654
,,,12818,,0.053067825734615326
,,,12819,,0.06351956725120544
,,,12820,,0.05823366716504097
,,,12821,,0.055417969822883606
,,,12822,,0.05379811301827431
,,,12823,,0.026913592591881752
55,,,4535,0.012250625528395176,
55,0.011386822909116745,,4535,,
56,,0.009919981472194195,4539,,
56,,0.012070288881659508,4549,,
56,,0.01153784804046154,4559,,
56,,0.006775338668376207,4569,,
56,,0.012964142486453056,4579,,
56,,0.007321700919419527,4589,,
56,,0.008213000372052193,4599,,
56,,0.007906809449195862,4609,,
,,,12824,,0.00043484405614435673
,,,12825,,0.0003872989909723401
,,,12826,,0.0006237347843125463
,,,12827,,0.0003297240473330021
,,,12828,,0.0006468110368587077
,,,12829,,0.0002855258353520185
,,,12830,,0.0005171626107767224
,,,12831,,0.00030424774740822613
,,,12832,,0.0004088166169822216
,,,12833,,0.0003338671522215009
,,,12834,,0.0007316531846299767
,,,12835,,0.0009817089885473251
,,,12836,,0.00038367370143532753
,,,12837,,0.0003924284246750176
,,,12838,,0.0006367771420627832
,,,12839,,0.00038501445669680834
,,,12840,,0.0008437588112428784
,,,12841,,0.0006354667712002993
,,,12842,,0.0005493185017257929
,,,12843,,0.0011762604117393494
,,,12844,,0.0003971409460064024
,,,12845,,0.00033597118454054
,,,12846,,0.00031334630330093205
,,,12847,,0.0007938570342957973
,,,12848,,0.0006510658422484994
,,,12849,,0.0006144549115560949
,,,12850,,0.0005508964532054961
,,,12851,,0.005452769808471203
,,,12852,,0.01634628139436245
,,,12853,,0.013907178305089474
,,,12854,,0.013576801866292953
,,,12855,,0.0148959094658494
,,,12856,,0.013532299548387527
,,,12857,,0.0740526020526886
,,,12858,,0.022704577073454857
,,,12859,,0.011405428871512413
,,,12860,,0.013364266604185104
,,,12861,,0.009195758029818535
,,,12862,,0.005271193105727434
,,,12863,,0.011896711774170399
,,,12864,,0.007412314414978027
,,,12865,,0.005228423047810793
,,,12866,,0.012689698487520218
,,,12867,,0.011574619449675083
,,,12868,,0.005974746309220791
,,,12869,,0.015174997970461845
,,,12870,,0.007726765237748623
,,,12871,,0.002883592154830694
,,,12872,,0.007874231785535812
,,,12873,,0.004647168330848217
,,,12874,,0.0058074817061424255
,,,12875,,0.007913078181445599
,,,12876,,0.002448037266731262
,,,12877,,0.006428206339478493
,,,12878,,0.005439441651105881
,,,12879,,0.010944273322820663
,,,12880,,0.01086997240781784
,,,12881,,0.004945911467075348
,,,12882,,0.007514006458222866
,,,12883,,0.005053568631410599
,,,12884,,0.006464490666985512
,,,12885,,0.005173134617507458
,,,12886,,0.00466228649020195
,,,12887,,0.006546082906424999
,,,12888,,0.005524025298655033
,,,12889,,0.003017077688127756
,,,12890,,0.005253190640360117
,,,12891,,0.010961512103676796
,,,12892,,0.005714772269129753
,,,12893,,0.0031098616309463978
,,,12894,,0.00425670575350523
,,,12895,,0.00046562677016481757
,,,12896,,0.0008993387455120683
,,,12897,,0.00036285448004491627
,,,12898,,0.0004531939630396664
,,,12899,,0.0004846037190873176
,,,12900,,0.0005704138893634081
,,,12901,,0.0003770662297029048
,,,12902,,0.00034305427107028663
,,,12903,,0.00039580854354426265
,,,12904,,0.0006458226125687361
,,,12905,,0.00042960766586475074
,,,12906,,0.0011569902999326587
,,,12907,,0.0006491098902188241
,,,12908,,0.008584359660744667
,,,12909,,0.010488701984286308
,,,12910,,0.009562069550156593
,,,12911,,0.03032648004591465
,,,12912,,0.021233979612588882
,,,12913,,0.01771956868469715
,,,12914,,0.031530581414699554
,,,12915,,0.029240649193525314
,,,12916,,0.010813392698764801
,,,12917,,0.011903876438736916
,,,12918,,0.011947913095355034
,,,12919,,0.008600488305091858
,,,12920,,0.010285159572958946
,,,12921,,0.011825432069599628
,,,12922,,0.009732704609632492
,,,12923,,0.009974487125873566
,,,12924,,0.011020878329873085
,,,12925,,0.009835928678512573
,,,12926,,0.008555453270673752
,,,12927,,0.008094385266304016
,,,12928,,0.011364126577973366
,,,12929,,0.010755756869912148
,,,12930,,0.011891210451722145
,,,12931,,0.010679960250854492
,,,12932,,0.010132966563105583
,,,12933,,0.013550441712141037
,,,12934,,0.011432001367211342
,,,12935,,0.008656090125441551
,,,12936,,0.011531045660376549
,,,12937,,0.011486999690532684
,,,12938,,0.008837922476232052
,,,12939,,0.008925779722630978
,,,12940,,0.007274846080690622
,,,12941,,0.009956005960702896
,,,12942,,0.009160742163658142
,,,12943,,0.010784290730953217
,,,12944,,0.008309020660817623
,,,12945,,0.009260894730687141
,,,12946,,0.009733323939144611
,,,12947,,0.009451493620872498
,,,12948,,0.00917903520166874
,,,12949,,0.009523177519440651
,,,12950,,0.007904132828116417
,,,12951,,0.007971194572746754
,,,12952,,0.008258257061243057
,,,12953,,0.010821609757840633
,,,12954,,0.009321071207523346
,,,12955,,0.010707145556807518
,,,12956,,0.00948057696223259
,,,12957,,0.01105825137346983
,,,12958,,0.010361170396208763
,,,12959,,0.009725826792418957
,,,12960,,0.008966896682977676
,,,12961,,0.010382713750004768
,,,12962,,0.006928244139999151
,,,12963,,0.007304858416318893
,,,12964,,0.0064083971083164215
,,,12965,,0.0061471411027014256
,,,12966,,0.006548969075083733
,,,12967,,0.007204335182905197
,,,12968,,0.006368704605847597
,,,12969,,0.006937859579920769
,,,12970,,0.0062823002226650715
,,,12971,,0.00670891348272562
,,,12972,,0.005624555982649326
,,,12973,,0.005314177367836237
,,,12974,,0.006032457575201988
,,,12975,,0.006566930096596479
,,,12976,,0.006780617870390415
,,,12977,,0.006647513248026371
,,,12978,,0.007113102823495865
,,,12979,,0.006985529325902462
,,,12980,,0.007035958580672741
,,,12981,,0.006076972000300884
,,,12982,,0.006186835002154112
,,,12983,,0.007370267063379288
,,,12984,,0.006826425902545452
,,,12985,,0.007609866559505463
,,,12986,,0.008618162013590336
,,,12987,,0.00785219855606556
,,,12988,,0.008251345716416836
,,,12989,,0.0073705073446035385
,,,12990,,0.006382504478096962
,,,12991,,0.006871414370834827
,,,12992,,0.009472896344959736
,,,12993,,0.007933538407087326
,,,12994,,0.006779716350138187
,,,12995,,0.009590729139745235
,,,12996,,0.00750347413122654
,,,12997,,0.009307511150836945
,,,12998,,0.007461303845047951
,,,12999,,0.006988284178078175
,,,13000,,0.008244971744716167
,,,13001,,0.007918627932667732
,,,13002,,0.006924632471054792
,,,13003,,0.008646110072731972
,,,13004,,0.007775919046252966
,,,13005,,0.007381088100373745
,,,13006,,0.002460850402712822
,,,13007,,0.002147521823644638
,,,13008,,0.0015661792131140828
,,,13009,,0.0017100335098803043
,,,13010,,0.001488422742113471
,,,13011,,0.0014766051899641752
,,,13012,,0.0018548755906522274
,,,13013,,0.0015294176992028952
,,,13014,,0.0021156640723347664
,,,13015,,0.001786107663065195
,,,13016,,0.0017618091078475118
,,,13017,,0.0017315428704023361
,,,13018,,0.0016387298237532377
,,,13019,,0.007307191379368305
,,,13020,,0.009104067459702492
,,,13021,,0.008413957431912422
,,,13022,,0.006803847849369049
,,,13023,,0.003052733838558197
,,,13024,,0.025305744260549545
,,,13025,,0.004939441569149494
,,,13026,,0.01909986138343811
,,,13027,,0.00954625103622675
,,,13028,,0.00849806796759367
,,,13029,,0.014055227860808372
,,,13030,,0.01691211573779583
,,,13031,,0.015397738665342331
,,,13032,,0.015255890786647797
,,,13033,,0.012427004985511303
,,,13034,,0.02040710672736168
,,,13035,,0.016185026615858078
,,,13036,,0.07282587140798569
,,,13037,,0.05809492617845535
,,,13038,,0.0481165274977684
,,,13039,,0.05259577929973602
,,,13040,,0.07413972169160843
,,,13041,,0.04259295016527176
,,,13042,,0.048814691603183746
,,,13043,,0.06272806227207184
,,,13044,,0.04584392532706261
,,,13045,,0.05779699981212616
,,,13046,,0.04665745049715042
,,,13047,,0.05169592797756195
,,,13048,,0.06165819242596626
,,,13049,,0.05669010430574417
,,,13050,,0.053568944334983826
,,,13051,,0.05230956897139549
,,,13052,,0.02593865431845188
56,,,4616,0.011031071655452251,
56,0.009905793704092503,,4616,,
57,,0.010736079886555672,4619,,
57,,0.007464937400072813,4629,,
57,,0.00392248947173357,4639,,
57,,0.012384440749883652,4649,,
57,,0.007348515558987856,4659,,
57,,0.012868698686361313,4669,,
57,,0.007470488548278809,4679,,
57,,0.013321825303137302,4689,,
,,,13053,,0.00043890340020880103
,,,13054,,0.00038291022065095603
,,,13055,,0.0006144823273643851
,,,13056,,0.0003722853434737772
,,,13057,,0.0006398913101293147
,,,13058,,0.0003296195645816624
,,,13059,,0.000538864464033395
,,,13060,,0.00032203301088884473
,,,13061,,0.0004680501879192889
,,,13062,,0.00035824303631670773
,,,13063,,0.0007567802094854414
,,,13064,,0.0009086754289455712
,,,13065,,0.000366003077942878
,,,13066,,0.00039244352956302464
,,,13067,,0.0006069142837077379
,,,13068,,0.00039094011299312115
,,,13069,,0.0008166456245817244
,,,13070,,0.0006018159911036491
,,,13071,,0.0006310265744104981
,,,13072,,0.0010773367248475552
,,,13073,,0.00038730009691789746
,,,13074,,0.0003469725779723376
,,,13075,,0.0003013434761669487
,,,13076,,0.0007428986136801541
,,,13077,,0.0006301787216216326
,,,13078,,0.0005742120556533337
,,,13079,,0.0005566462641581893
,,,13080,,0.005401037633419037
,,,13081,,0.016226358711719513
,,,13082,,0.01381923072040081
,,,13083,,0.013507621362805367
,,,13084,,0.01478109136223793
,,,13085,,0.013459296897053719
,,,13086,,0.07363289594650269
,,,13087,,0.022559665143489838
,,,13088,,0.01127932034432888
,,,13089,,0.013257197104394436
,,,13090,,0.009104417636990547
,,,13091,,0.005199328530579805
,,,13092,,0.011814476922154427
,,,13093,,0.007424110546708107
,,,13094,,0.00527142733335495
,,,13095,,0.012546331621706486
,,,13096,,0.011547349393367767
,,,13097,,0.005995500832796097
,,,13098,,0.01510714367032051
,,,13099,,0.007745672017335892
,,,13100,,0.003030481282621622
,,,13101,,0.00788680836558342
,,,13102,,0.004724718164652586
,,,13103,,0.0058885375037789345
,,,13104,,0.007927071303129196
,,,13105,,0.0025977184996008873
,,,13106,,0.00645945779979229
,,,13107,,0.005307621322572231
,,,13108,,0.010894633829593658
,,,13109,,0.010678160935640335
,,,13110,,0.004981675650924444
,,,13111,,0.007428260985761881
,,,13112,,0.0049425940960645676
,,,13113,,0.006455537397414446
,,,13114,,0.005210484843701124
,,,13115,,0.00476060900837183
,,,13116,,0.006431412883102894
,,,13117,,0.005537283606827259
,,,13118,,0.003107811789959669
,,,13119,,0.00506855733692646
,,,13120,,0.010836238972842693
,,,13121,,0.005793353542685509
,,,13122,,0.003277057083323598
,,,13123,,0.004317582584917545
,,,13124,,0.0005252340924926102
,,,13125,,0.0009827545145526528
,,,13126,,0.00041612586937844753
,,,13127,,0.0005223512416705489
,,,13128,,0.0005171289667487144
,,,13129,,0.0006163674406707287
,,,13130,,0.0004834845312871039
,,,13131,,0.0004115745541639626
,,,13132,,0.0005062046693637967
,,,13133,,0.0007002291968092322
,,,13134,,0.0004872404970228672
,,,13135,,0.0012524633202701807
,,,13136,,0.0007072549196891487
,,,13137,,0.00846022553741932
,,,13138,,0.010269196704030037
,,,13139,,0.009457007981836796
,,,13140,,0.029292695224285126
,,,13141,,0.020360780879855156
,,,13142,,0.017506275326013565
,,,13143,,0.03093544766306877
,,,13144,,0.02846703864634037
,,,13145,,0.01056613214313984
,,,13146,,0.011673275381326675
,,,13147,,0.011718794703483582
,,,13148,,0.00844187568873167
,,,13149,,0.01006907969713211
,,,13150,,0.011598864570260048
,,,13151,,0.009567603468894958
,,,13152,,0.00978940725326538
,,,13153,,0.010819833725690842
,,,13154,,0.009576579555869102
,,,13155,,0.008402000181376934
,,,13156,,0.008001154288649559
,,,13157,,0.011166807264089584
,,,13158,,0.010590005666017532
,,,13159,,0.011641866527497768
,,,13160,,0.010519322007894516
,,,13161,,0.009965608827769756
,,,13162,,0.013282699510455132
,,,13163,,0.011223763227462769
,,,13164,,0.008533663116395473
,,,13165,,0.011287488043308258
,,,13166,,0.01128104142844677
,,,13167,,0.008605267852544785
,,,13168,,0.008676252327859402
,,,13169,,0.007109145633876324
,,,13170,,0.009936799295246601
,,,13171,,0.009151216596364975
,,,13172,,0.010719429701566696
,,,13173,,0.008266327902674675
,,,13174,,0.009207816794514656
,,,13175,,0.009629273787140846
,,,13176,,0.00938122533261776
,,,13177,,0.00916561484336853
,,,13178,,0.009409411810338497
,,,13179,,0.007930122315883636
,,,13180,,0.007916158065199852
,,,13181,,0.008206963539123535
,,,13182,,0.010748684406280518
,,,13183,,0.009340252727270126
,,,13184,,0.010691244155168533
,,,13185,,0.009370202198624611
,,,13186,,0.010928886011242867
,,,13187,,0.010346013121306896
,,,13188,,0.00957789458334446
,,,13189,,0.008950837887823582
,,,13190,,0.010303948074579239
,,,13191,,0.006992723327130079
,,,13192,,0.0073092421516776085
,,,13193,,0.0062957582995295525
,,,13194,,0.006173541769385338
,,,13195,,0.006459063850343227
,,,13196,,0.007049713283777237
,,,13197,,0.006546164862811565
,,,13198,,0.006918809376657009
,,,13199,,0.006300175562500954
,,,13200,,0.006691759452223778
,,,13201,,0.005724835209548473
,,,13202,,0.005275873467326164
,,,13203,,0.006185082718729973
,,,13204,,0.006590893492102623
,,,13205,,0.006859169341623783
,,,13206,,0.006608751602470875
,,,13207,,0.007291752845048904
,,,13208,,0.007019097916781902
,,,13209,,0.007010363973677158
,,,13210,,0.0060918596573174
,,,13211,,0.006184754427522421
,,,13212,,0.00733995484188199
,,,13213,,0.006709199398756027
,,,13214,,0.007465539034456015
,,,13215,,0.008436261676251888
,,,13216,,0.00774898286908865
,,,13217,,0.008111458271741867
,,,13218,,0.007252149749547243
,,,13219,,0.0062956130132079124
,,,13220,,0.006746963132172823
,,,13221,,0.009306817315518856
,,,13222,,0.007760860025882721
,,,13223,,0.0066736298613250256
,,,13224,,0.009412923827767372
,,,13225,,0.007394658867269754
,,,13226,,0.009142398834228516
,,,13227,,0.007315373048186302
,,,13228,,0.006860603578388691
,,,13229,,0.008109504356980324
,,,13230,,0.007796076126396656
,,,13231,,0.006775102578103542
,,,13232,,0.00855989195406437
,,,13233,,0.007652047090232372
,,,13234,,0.007243618369102478
,,,13235,,0.002416927833110094
,,,13236,,0.0021320204250514507
,,,13237,,0.0016033791471272707
,,,13238,,0.0017294889548793435
,,,13239,,0.0014807118568569422
,,,13240,,0.0014776006573811173
,,,13241,,0.0018690169090405107
,,,13242,,0.0015297061763703823
,,,13243,,0.002140727825462818
,,,13244,,0.0018090017838403583
,,,13245,,0.0017631602240726352
,,,13246,,0.0017440787050873041
,,,13247,,0.001650854479521513
,,,13248,,0.007106697652488947
,,,13249,,0.008556761778891087
,,,13250,,0.008369337767362595
,,,13251,,0.006722757592797279
,,,13252,,0.002990495413541794
,,,13253,,0.02502913400530815
,,,13254,,0.004642346873879433
,,,13255,,0.0197491142898798
,,,13256,,0.009785450994968414
,,,13257,,0.008457159623503685
,,,13258,,0.014358440414071083
,,,13259,,0.017078794538974762
,,,13260,,0.016235684975981712
,,,13261,,0.014950979501008987
,,,13262,,0.011883734725415707
,,,13263,,0.019662726670503616
,,,13264,,0.016070693731307983
,,,13265,,0.0729895681142807
,,,13266,,0.0578390434384346
,,,13267,,0.047140948474407196
,,,13268,,0.051879145205020905
,,,13269,,0.073292076587677
,,,13270,,0.04172569140791893
,,,13271,,0.047795239835977554
,,,13272,,0.06142422556877136
,,,13273,,0.045066408812999725
,,,13274,,0.056483663618564606
,,,13275,,0.04541989415884018
,,,13276,,0.0510447658598423
,,,13277,,0.06062838435173035
,,,13278,,0.05586602911353111
,,,13279,,0.052820876240730286
,,,13280,,0.05096844211220741
,,,13281,,0.025238968431949615
57,,,4697,0.010907022282481194,
57,0.009560462087392807,,4697,,
58,,0.008056444115936756,4699,,
58,,0.010152009315788746,4709,,
58,,0.008554385043680668,4719,,
58,,0.013468270190060139,4729,,
58,,0.010698879137635231,4739,,
58,,0.007990242913365364,4749,,
58,,0.015192629769444466,4759,,
58,,0.010363312438130379,4769,,
,,,13282,,0.0003137126041110605
,,,13283,,0.0002715233713388443
,,,13284,,0.0004684031882788986
,,,13285,,0.0002797463093884289
,,,13286,,0.00052941485773772
,,,13287,,0.00023257384600583464
,,,13288,,0.000579678628128022
,,,13289,,0.00022094779706094414
,,,13290,,0.0004096692427992821
,,,13291,,0.00024775275960564613
,,,13292,,0.0007346199126914144
,,,13293,,0.0006923426408320665
,,,13294,,0.00023383417283184826
,,,13295,,0.0003021956072188914
,,,13296,,0.0005271577974781394
,,,13297,,0.00029366399394348264
,,,13298,,0.0007003592327237129
,,,13299,,0.0005058991955593228
,,,13300,,0.00044750195229426026
,,,13301,,0.0010637249797582626
,,,13302,,0.00028752489015460014
,,,13303,,0.0002478551468811929
,,,13304,,0.00018649800040293485
,,,13305,,0.0006392179639078677
,,,13306,,0.0005359335336834192
,,,13307,,0.0004888001712970436
,,,13308,,0.00045735540334135294
,,,13309,,0.005301366560161114
,,,13310,,0.016118038445711136
,,,13311,,0.013700924813747406
,,,13312,,0.013365903869271278
,,,13313,,0.014659660868346691
,,,13314,,0.013347254134714603
,,,13315,,0.07341714948415756
,,,13316,,0.02241876721382141
,,,13317,,0.011197419837117195
,,,13318,,0.013164937496185303
,,,13319,,0.008964626118540764
,,,13320,,0.005090922117233276
,,,13321,,0.011695286259055138
,,,13322,,0.007285263389348984
,,,13323,,0.005103036295622587
,,,13324,,0.01235298253595829
,,,13325,,0.011321010068058968
,,,13326,,0.005868685897439718
,,,13327,,0.014928268268704414
,,,13328,,0.007586486637592316
,,,13329,,0.0028724807780236006
,,,13330,,0.007689039222896099
,,,13331,,0.004609236493706703
,,,13332,,0.0057479990646243095
,,,13333,,0.007723561022430658
,,,13334,,0.002429590094834566
,,,13335,,0.006318412721157074
,,,13336,,0.005121678579598665
,,,13337,,0.010658686980605125
,,,13338,,0.010482914745807648
,,,13339,,0.0046774884685873985
,,,13340,,0.00722105847671628
,,,13341,,0.004779850132763386
,,,13342,,0.006200658157467842
,,,13343,,0.0048460159450769424
,,,13344,,0.004506705328822136
,,,13345,,0.006287070922553539
,,,13346,,0.0053541334345936775
,,,13347,,0.0029484564438462257
,,,13348,,0.004608987830579281
,,,13349,,0.010585205629467964
,,,13350,,0.00555720180273056
,,,13351,,0.0029831374995410442
,,,13352,,0.003932410851120949
,,,13353,,0.00038661708822473884
,,,13354,,0.0008048749295994639
,,,13355,,0.0006786312442272902
,,,13356,,0.0004600898828357458
,,,13357,,0.0004432803252711892
,,,13358,,0.00047913938760757446
,,,13359,,0.0002517078537493944
,,,13360,,0.0005238468293100595
,,,13361,,0.00034583290107548237
,,,13362,,0.0006059986772015691
,,,13363,,0.0004983094404451549
,,,13364,,0.0006120712496340275
,,,13365,,0.0005139097920618951
,,,13366,,0.00823186058551073
,,,13367,,0.010162698104977608
,,,13368,,0.009323593229055405
,,,13369,,0.02941022254526615
,,,13370,,0.020649690181016922
,,,13371,,0.017459936439990997
,,,13372,,0.030444929376244545
,,,13373,,0.0281554963439703
,,,13374,,0.010334941558539867
,,,13375,,0.011461816728115082
,,,13376,,0.011515490710735321
,,,13377,,0.008273295126855373
,,,13378,,0.009950367733836174
,,,13379,,0.011364933103322983
,,,13380,,0.009363247081637383
,,,13381,,0.009587286040186882
,,,13382,,0.01066587120294571
,,,13383,,0.00942142028361559
,,,13384,,0.008172192610800266
,,,13385,,0.007844289764761925
,,,13386,,0.010968940332531929
,,,13387,,0.010429508984088898
,,,13388,,0.011430492624640465
,,,13389,,0.010331181809306145
,,,13390,,0.009764041751623154
,,,13391,,0.01305452361702919
,,,13392,,0.010993223637342453
,,,13393,,0.008373803459107876
,,,13394,,0.011110613122582436
,,,13395,,0.011100271716713905
,,,13396,,0.008353673852980137
,,,13397,,0.00837229285389185
,,,13398,,0.006887893192470074
,,,13399,,0.009653189219534397
,,,13400,,0.008980222046375275
,,,13401,,0.01055290549993515
,,,13402,,0.008086392655968666
,,,13403,,0.00904279574751854
,,,13404,,0.009485989809036255
,,,13405,,0.009167246520519257
,,,13406,,0.009009112603962421
,,,13407,,0.00924605131149292
,,,13408,,0.0077141826041042805
,,,13409,,0.007751225959509611
,,,13410,,0.008091835305094719
,,,13411,,0.01056848093867302
,,,13412,,0.009099524468183517
,,,13413,,0.0104830302298069
,,,13414,,0.009259473532438278
,,,13415,,0.010785738006234169
,,,13416,,0.010092239826917648
,,,13417,,0.0094328373670578
,,,13418,,0.008745710365474224
,,,13419,,0.01009843684732914
,,,13420,,0.0067548323422670364
,,,13421,,0.007074490189552307
,,,13422,,0.006107935216277838
,,,13423,,0.006028844974935055
,,,13424,,0.006259839050471783
,,,13425,,0.0068852766416966915
,,,13426,,0.006207077763974667
,,,13427,,0.0066382503136992455
,,,13428,,0.006121460348367691
,,,13429,,0.006497726775705814
,,,13430,,0.005466308444738388
,,,13431,,0.005173387937247753
,,,13432,,0.005935396999120712
,,,13433,,0.006396339274942875
,,,13434,,0.006584664806723595
,,,13435,,0.006441643461585045
,,,13436,,0.006929689086973667
,,,13437,,0.006769445259124041
,,,13438,,0.006804923992604017
,,,13439,,0.0058745127171278
,,,13440,,0.005933057051151991
,,,13441,,0.007093299180269241
,,,13442,,0.006612199358642101
,,,13443,,0.007432028651237488
,,,13444,,0.00838916189968586
,,,13445,,0.0076228235848248005
,,,13446,,0.008059528656303883
,,,13447,,0.007193832658231258
,,,13448,,0.006242657080292702
,,,13449,,0.0066609811037778854
,,,13450,,0.0092879394069314
,,,13451,,0.007718026638031006
,,,13452,,0.006636149249970913
,,,13453,,0.009415624663233757
,,,13454,,0.007317910902202129
,,,13455,,0.009093448519706726
,,,13456,,0.007265995256602764
,,,13457,,0.006799501366913319
,,,13458,,0.008050508797168732
,,,13459,,0.007730952464044094
,,,13460,,0.006754645612090826
,,,13461,,0.008471851237118244
,,,13462,,0.007594753056764603
,,,13463,,0.007231466006487608
,,,13464,,0.0023130865301936865
,,,13465,,0.002140154130756855
,,,13466,,0.0015795592917129397
,,,13467,,0.001641924143768847
,,,13468,,0.0013863698113709688
,,,13469,,0.001391192083247006
,,,13470,,0.0018290930893272161
,,,13471,,0.0014447164721786976
,,,13472,,0.0021053310483694077
,,,13473,,0.0017774528823792934
,,,13474,,0.0017263574991375208
,,,13475,,0.0016364454058930278
,,,13476,,0.0016024259384721518
,,,13477,,0.006831713020801544
,,,13478,,0.00818975642323494
,,,13479,,0.007824067026376724
,,,13480,,0.00649988790974021
,,,13481,,0.0027395912911742926
,,,13482,,0.0250786691904068
,,,13483,,0.004523651674389839
,,,13484,,0.01768260821700096
,,,13485,,0.009171975776553154
,,,13486,,0.008083393797278404
,,,13487,,0.01452930923551321
,,,13488,,0.01651598885655403
,,,13489,,0.016431668773293495
,,,13490,,0.014736301265656948
,,,13491,,0.012863600626587868
,,,13492,,0.019020775333046913
,,,13493,,0.01611621491611004
,,,13494,,0.07289476692676544
,,,13495,,0.05681189149618149
,,,13496,,0.04697377234697342
,,,13497,,0.052382051944732666
,,,13498,,0.07371360063552856
,,,13499,,0.042001672089099884
,,,13500,,0.04778340458869934
,,,13501,,0.061253659427165985
,,,13502,,0.04485804960131645
,,,13503,,0.056280579417943954
,,,13504,,0.04584011435508728
,,,13505,,0.051098015159368515
,,,13506,,0.061150483787059784
,,,13507,,0.055336691439151764
,,,13508,,0.052586689591407776
,,,13509,,0.050958454608917236
,,,13510,,0.025730973109602928
58,,,4778,0.01075707096606493,
58,0.0095131304115057,,4778,,
59,,0.00763141131028533,4779,,
59,,0.01068507507443428,4789,,
59,,0.005253998562693596,4799,,
59,,0.0072133527137339115,4809,,
59,,0.009537044912576675,4819,,
59,,0.00930834375321865,4829,,
59,,0.006450196728110313,4839,,
59,,0.009033096954226494,4849,,
59,,0.012788781896233559,4859,,
,,,13511,,0.0003770971961785108
,,,13512,,0.00034941581543534994
,,,13513,,0.0006389557966031134
,,,13514,,0.0002857141080312431
,,,13515,,0.0005547248292714357
,,,13516,,0.0002484802098479122
,,,13517,,0.00046953681157901883
,,,13518,,0.0002595760743133724
,,,13519,,0.0003626893158070743
,,,13520,,0.00029422855004668236
,,,13521,,0.0007175238570198417
,,,13522,,0.0009528726805001497
,,,13523,,0.00030690478160977364
,,,13524,,0.00035026995465159416
,,,13525,,0.0005998864071443677
,,,13526,,0.0004023983492515981
,,,13527,,0.0008233997505158186
,,,13528,,0.0006661673542112112
,,,13529,,0.0005303325597196817
,,,13530,,0.0011375830508768559
,,,13531,,0.0003857641713693738
,,,13532,,0.00042148662032559514
,,,13533,,0.0002823222894221544
,,,13534,,0.0007817118894308805
,,,13535,,0.00064229650888592
,,,13536,,0.0006039526779204607
,,,13537,,0.0005777309415861964
,,,13538,,0.005340659059584141
,,,13539,,0.016066666692495346
,,,13540,,0.01364154927432537
,,,13541,,0.013304921798408031
,,,13542,,0.014614749699831009
,,,13543,,0.013348461128771305
,,,13544,,0.07295474410057068
,,,13545,,0.022352563217282295
,,,13546,,0.011154912412166595
,,,13547,,0.013219118118286133
,,,13548,,0.00902146939188242
,,,13549,,0.005151224322617054
,,,13550,,0.01168653555214405
,,,13551,,0.007296667899936438
,,,13552,,0.005071723833680153
,,,13553,,0.012169899418950081
,,,13554,,0.011307844892144203
,,,13555,,0.005776014178991318
,,,13556,,0.014858151786029339
,,,13557,,0.00749597605317831
,,,13558,,0.0029094121418893337
,,,13559,,0.007674884982407093
,,,13560,,0.004578787367790937
,,,13561,,0.005714744329452515
,,,13562,,0.007633520755916834
,,,13563,,0.002489355392754078
,,,13564,,0.006308743730187416
,,,13565,,0.0053465161472558975
,,,13566,,0.01075732707977295
,,,13567,,0.010622330009937286
,,,13568,,0.004800477065145969
,,,13569,,0.00731165986508131
,,,13570,,0.004690447822213173
,,,13571,,0.006460859440267086
,,,13572,,0.004968690220266581
,,,13573,,0.004648310132324696
,,,13574,,0.006301650777459145
,,,13575,,0.005364676006138325
,,,13576,,0.0029237354174256325
,,,13577,,0.004833139944821596
,,,13578,,0.010844621807336807
,,,13579,,0.00556122325360775
,,,13580,,0.0032220366410911083
,,,13581,,0.004014885984361172
,,,13582,,0.00038200916606001556
,,,13583,,0.000745222088880837
,,,13584,,0.0005339651834219694
,,,13585,,0.0003930909151677042
,,,13586,,0.0004387315711937845
,,,13587,,0.00047201846609823406
,,,13588,,0.00028888453380204737
,,,13589,,0.00042021588888019323
,,,13590,,0.00030890118796378374
,,,13591,,0.0005691639962606132
,,,13592,,0.0004058700578752905
,,,13593,,0.0008458889788016677
,,,13594,,0.0006075798301026225
,,,13595,,0.008261213079094887
,,,13596,,0.010111786425113678
,,,13597,,0.009768062271177769
,,,13598,,0.03039303794503212
,,,13599,,0.02208644151687622
,,,13600,,0.01894783414900303
,,,13601,,0.030918028205633163
,,,13602,,0.028657466173171997
,,,13603,,0.010521087795495987
,,,13604,,0.011322839185595512
,,,13605,,0.011448817327618599
,,,13606,,0.008180463686585426
,,,13607,,0.009838320314884186
,,,13608,,0.011286481283605099
,,,13609,,0.009332727640867233
,,,13610,,0.009499371983110905
,,,13611,,0.010571081191301346
,,,13612,,0.009372370317578316
,,,13613,,0.008161609061062336
,,,13614,,0.007764277048408985
,,,13615,,0.010885447263717651
,,,13616,,0.010377118363976479
,,,13617,,0.01126412209123373
,,,13618,,0.010266320779919624
,,,13619,,0.009690016508102417
,,,13620,,0.012927444651722908
,,,13621,,0.010912828147411346
,,,13622,,0.008303921669721603
,,,13623,,0.010989231988787651
,,,13624,,0.01098560355603695
,,,13625,,0.008326517418026924
,,,13626,,0.008435174822807312
,,,13627,,0.006866392679512501
,,,13628,,0.009619655087590218
,,,13629,,0.008958288468420506
,,,13630,,0.010558966547250748
,,,13631,,0.00806126743555069
,,,13632,,0.009017936885356903
,,,13633,,0.00942238513380289
,,,13634,,0.009105205535888672
,,,13635,,0.00899735651910305
,,,13636,,0.009223890490829945
,,,13637,,0.007711284328252077
,,,13638,,0.00774153508245945
,,,13639,,0.008046062663197517
,,,13640,,0.010507775470614433
,,,13641,,0.009063011966645718
,,,13642,,0.010441064834594727
,,,13643,,0.009211981669068336
,,,13644,,0.010799271054565907
,,,13645,,0.010031076148152351
,,,13646,,0.009478451684117317
,,,13647,,0.00869942456483841
,,,13648,,0.010032699443399906
,,,13649,,0.006729781627655029
,,,13650,,0.006978489458560944
,,,13651,,0.006088577676564455
,,,13652,,0.005990613251924515
,,,13653,,0.0062605105340480804
,,,13654,,0.006801608018577099
,,,13655,,0.00626987824216485
,,,13656,,0.006614592857658863
,,,13657,,0.006079521495848894
,,,13658,,0.006367548368871212
,,,13659,,0.005423432681709528
,,,13660,,0.00516568124294281
,,,13661,,0.005913577042520046
,,,13662,,0.006348173599690199
,,,13663,,0.0065794531255960464
,,,13664,,0.006422210019081831
,,,13665,,0.006907667964696884
,,,13666,,0.006746715400367975
,,,13667,,0.00672999257221818
,,,13668,,0.005783588159829378
,,,13669,,0.0058878096751868725
,,,13670,,0.0070673078298568726
,,,13671,,0.006758984178304672
,,,13672,,0.007508820854127407
,,,13673,,0.008584553375840187
,,,13674,,0.007710999809205532
,,,13675,,0.008242029696702957
,,,13676,,0.007278919219970703
,,,13677,,0.00631734449416399
,,,13678,,0.006804419215768576
,,,13679,,0.009343661367893219
,,,13680,,0.007863656617701054
,,,13681,,0.006703665014356375
,,,13682,,0.009510183706879616
,,,13683,,0.007422203663736582
,,,13684,,0.009219464845955372
,,,13685,,0.007392340339720249
,,,13686,,0.006911303848028183
,,,13687,,0.008168201893568039
,,,13688,,0.00787945557385683
,,,13689,,0.006990058813244104
,,,13690,,0.008660387247800827
,,,13691,,0.007638179697096348
,,,13692,,0.007295546587556601
,,,13693,,0.002276091370731592
,,,13694,,0.002105413004755974
,,,13695,,0.0015903862658888102
,,,13696,,0.0016320166178047657
,,,13697,,0.0014007207937538624
,,,13698,,0.0013748029014095664
,,,13699,,0.001823345199227333
,,,13700,,0.0014485171996057034
,,,13701,,0.002014806028455496
,,,13702,,0.0017498437082394958
,,,13703,,0.0017131853383034468
,,,13704,,0.0015734964981675148
,,,13705,,0.0016317542176693678
,,,13706,,0.007166359573602676
,,,13707,,0.008278314024209976
,,,13708,,0.008452312089502811
,,,13709,,0.007067556492984295
,,,13710,,0.002986368490383029
,,,13711,,0.024918053299188614
,,,13712,,0.004479348659515381
,,,13713,,0.01867459900677204
,,,13714,,0.008766429498791695
,,,13715,,0.008347885683178902
,,,13716,,0.014099101535975933
,,,13717,,0.017523568123579025
,,,13718,,0.01621640846133232
,,,13719,,0.014370503835380077
,,,13720,,0.012852765619754791
,,,13721,,0.019216440618038177
,,,13722,,0.016551654785871506
,,,13723,,0.0723729133605957
,,,13724,,0.05729283392429352
,,,13725,,0.046426184475421906
,,,13726,,0.05095093324780464
,,,13727,,0.0725650042295456
,,,13728,,0.04139917343854904
,,,13729,,0.04714250564575195
,,,13730,,0.060923196375370026
,,,13731,,0.04422331601381302
,,,13732,,0.0558461919426918
,,,13733,,0.04521474242210388
,,,13734,,0.050258245319128036
,,,13735,,0.06000804156064987
,,,13736,,0.05472970008850098
,,,13737,,0.05216378718614578
,,,13738,,0.050441302359104156
,,,13739,,0.024763362482190132
59,,,4859,0.010758879594504833,
59,0.009525750763714314,,4859,,
60,,0.008508860133588314,4869,,
60,,0.010157771408557892,4879,,
60,,0.004634535871446133,4889,,
60,,0.007607246749103069,4899,,
60,,0.009766565635800362,4909,,
60,,0.007281196769326925,4919,,
60,,0.012411672621965408,4929,,
60,,0.006018215324729681,4939,,
,,,13740,,0.0006265934789553285
,,,13741,,0.0006365018198266625
,,,13742,,0.0007356768473982811
,,,13743,,0.0006283204420469701
,,,13744,,0.0009493441320955753
,,,13745,,0.0004929679562337697
,,,13746,,0.0009373510838486254
,,,13747,,0.0005421325331553817
,,,13748,,0.0007345187477767467
,,,13749,,0.0005701580084860325
,,,13750,,0.0010733255185186863
,,,13751,,0.0008866682182997465
,,,13752,,0.0005342057556845248
,,,13753,,0.0006104093044996262
,,,13754,,0.000759170507080853
,,,13755,,0.000646147585939616
,,,13756,,0.0010249832412227988
,,,13757,,0.0008098105899989605
,,,13758,,0.0009413878433406353
,,,13759,,0.0012165744556114078
,,,13760,,0.0005382666713558137
,,,13761,,0.0005456323269754648
,,,13762,,0.0005183726898394525
,,,13763,,0.0009381730342283845
,,,13764,,0.0008510792977176607
,,,13765,,0.0007949020364321768
,,,13766,,0.000803874630946666
,,,13767,,0.005824544001370668
,,,13768,,0.016556143760681152
,,,13769,,0.014137729071080685
,,,13770,,0.013849134556949139
,,,13771,,0.015068300068378448
,,,13772,,0.013878948986530304
,,,13773,,0.0732925534248352
,,,13774,,0.02280939370393753
,,,13775,,0.011697385460138321
,,,13776,,0.013672685250639915
,,,13777,,0.009462639689445496
,,,13778,,0.005587082356214523
,,,13779,,0.012135365046560764
,,,13780,,0.007798793725669384
,,,13781,,0.005595438182353973
,,,13782,,0.012727616354823112
,,,13783,,0.011759351007640362
,,,13784,,0.0061819348484277725
,,,13785,,0.015296255238354206
,,,13786,,0.008000721223652363
,,,13787,,0.003276391886174679
,,,13788,,0.008182557299733162
,,,13789,,0.005083774216473103
,,,13790,,0.00612641591578722
,,,13791,,0.008105807937681675
,,,13792,,0.0029029042925685644
,,,13793,,0.006763829849660397
,,,13794,,0.00546062970533967
,,,13795,,0.01058775745332241
,,,13796,,0.010518459603190422
,,,13797,,0.00471113808453083
,,,13798,,0.007265818305313587
,,,13799,,0.00458136759698391
,,,13800,,0.0062736100517213345
,,,13801,,0.004916364327073097
,,,13802,,0.00454440712928772
,,,13803,,0.006269593723118305
,,,13804,,0.0053175026550889015
,,,13805,,0.00306161236949265
,,,13806,,0.004931261762976646
,,,13807,,0.010684119537472725
,,,13808,,0.005563701502978802
,,,13809,,0.003059954848140478
,,,13810,,0.004052730742841959
,,,13811,,0.0006782945711165667
,,,13812,,0.0011286006774753332
,,,13813,,0.0008872360340319574
,,,13814,,0.0008031181059777737
,,,13815,,0.0007764974725432694
,,,13816,,0.0007961012306623161
,,,13817,,0.0005226731300354004
,,,13818,,0.0007295102113857865
,,,13819,,0.0005926480516791344
,,,13820,,0.0008596022380515933
,,,13821,,0.0008359827334061265
,,,13822,,0.0009526996873319149
,,,13823,,0.000824431364890188
,,,13824,,0.008220210671424866
,,,13825,,0.010050063952803612
,,,13826,,0.009502651169896126
,,,13827,,0.02983872964978218
,,,13828,,0.021396707743406296
,,,13829,,0.0179886594414711
,,,13830,,0.030178215354681015
,,,13831,,0.02798675373196602
,,,13832,,0.010357044637203217
,,,13833,,0.01139550469815731
,,,13834,,0.011532744392752647
,,,13835,,0.008238431997597218
,,,13836,,0.00994288269430399
,,,13837,,0.011394847184419632
,,,13838,,0.009336693212389946
,,,13839,,0.009505420923233032
,,,13840,,0.01064305379986763
,,,13841,,0.009442012757062912
,,,13842,,0.00820419006049633
,,,13843,,0.007826263085007668
,,,13844,,0.010957296937704086
,,,13845,,0.010374791920185089
,,,13846,,0.011305448599159718
,,,13847,,0.010321121662855148
,,,13848,,0.009769009426236153
,,,13849,,0.013063179329037666
,,,13850,,0.010964011773467064
,,,13851,,0.00836310163140297
,,,13852,,0.011087506078183651
,,,13853,,0.011095981113612652
,,,13854,,0.008390329778194427
,,,13855,,0.008453168906271458
,,,13856,,0.0069778128527104855
,,,13857,,0.009610672481358051
,,,13858,,0.00889549683779478
,,,13859,,0.010444694198668003
,,,13860,,0.008053647354245186
,,,13861,,0.009014569222927094
,,,13862,,0.009443208575248718
,,,13863,,0.00905348639935255
,,,13864,,0.008959578350186348
,,,13865,,0.009255720302462578
,,,13866,,0.007626819424331188
,,,13867,,0.007791915908455849
,,,13868,,0.008095991797745228
,,,13869,,0.010445894673466682
,,,13870,,0.009056638926267624
,,,13871,,0.010354097001254559
,,,13872,,0.009311378002166748
,,,13873,,0.01068037748336792
,,,13874,,0.010048162192106247
,,,13875,,0.00944499671459198
,,,13876,,0.008748194202780724
,,,13877,,0.010023491457104683
,,,13878,,0.006798764690756798
,,,13879,,0.007132937666028738
,,,13880,,0.006189834326505661
,,,13881,,0.006059376988559961
,,,13882,,0.006349904928356409
,,,13883,,0.006974700838327408
,,,13884,,0.006241844035685062
,,,13885,,0.006622422486543655
,,,13886,,0.006130995228886604
,,,13887,,0.006518268492072821
,,,13888,,0.0054292525164783
,,,13889,,0.005239611957222223
,,,13890,,0.005960612557828426
,,,13891,,0.006440173834562302
,,,13892,,0.006567113101482391
,,,13893,,0.006437295116484165
,,,13894,,0.007049789186567068
,,,13895,,0.006756826303899288
,,,13896,,0.006880282890051603
,,,13897,,0.0059000710025429726
,,,13898,,0.006018998101353645
,,,13899,,0.007103275507688522
,,,13900,,0.006517481058835983
,,,13901,,0.007306285202503204
,,,13902,,0.0082187969237566
,,,13903,,0.007436962798237801
,,,13904,,0.007911869324743748
,,,13905,,0.007010971195995808
,,,13906,,0.005995140876621008
,,,13907,,0.006509340368211269
,,,13908,,0.00907831359654665
,,,13909,,0.007563113700598478
,,,13910,,0.006413131952285767
,,,13911,,0.009144449606537819
,,,13912,,0.007124779745936394
,,,13913,,0.008844677358865738
,,,13914,,0.007074621506035328
,,,13915,,0.006607546471059322
,,,13916,,0.0077644335106015205
,,,13917,,0.007518703583627939
,,,13918,,0.006604393012821674
,,,13919,,0.008250698447227478
,,,13920,,0.007387640420347452
,,,13921,,0.007151029072701931
,,,13922,,0.0029322532936930656
,,,13923,,0.002612530719488859
,,,13924,,0.0020359645131975412
,,,13925,,0.0022492450661957264
,,,13926,,0.0019596819765865803
,,,13927,,0.0020089340396225452
,,,13928,,0.002338000573217869
,,,13929,,0.002071040216833353
,,,13930,,0.0026684454642236233
,,,13931,,0.002443916629999876
,,,13932,,0.002237460110336542
,,,13933,,0.002291843993589282
,,,13934,,0.0021224110387265682
,,,13935,,0.007779354695230722
,,,13936,,0.008359485305845737
,,,13937,,0.00864434614777565
,,,13938,,0.006885727867484093
,,,13939,,0.0032650986686348915
,,,13940,,0.025198889896273613
,,,13941,,0.005053402855992317
,,,13942,,0.019549207761883736
,,,13943,,0.009769244119524956
,,,13944,,0.008827636949717999
,,,13945,,0.01425940915942192
,,,13946,,0.018061896786093712
,,,13947,,0.01652446761727333
,,,13948,,0.015617035329341888
,,,13949,,0.013342445716261864
,,,13950,,0.01977543905377388
,,,13951,,0.016797125339508057
,,,13952,,0.0728594958782196
,,,13953,,0.05814236029982567
,,,13954,,0.0471649095416069
,,,13955,,0.052596062421798706
,,,13956,,0.0730198472738266
,,,13957,,0.04226807504892349
,,,13958,,0.04801575094461441
,,,13959,,0.06128830090165138
,,,13960,,0.04515007138252258
,,,13961,,0.055985141545534134
,,,13962,,0.04620521515607834
,,,13963,,0.05113328993320465
,,,13964,,0.0608806349337101
,,,13965,,0.05558237060904503
,,,13966,,0.05218410864472389
,,,13967,,0.051146458834409714
,,,13968,,0.025733929127454758
60,,,4940,0.010939301922917366,
60,0.009576698765158653,,4940,,
61,,0.009233059361577034,4949,,
61,,0.0060899220407009125,4959,,
61,,0.010600395500659943,4969,,
61,,0.011329183354973793,4979,,
61,,0.006496706046164036,4989,,
61,,0.01326734758913517,4999,,
61,,0.013504918664693832,5009,,
61,,0.005410990212112665,5019,,
,,,13969,,0.0003508535446599126
,,,13970,,0.00029454106697812676
,,,13971,,0.0004887264803983271
,,,13972,,0.0002857579675037414
,,,13973,,0.0005263997009024024
,,,13974,,0.0002552606165409088
,,,13975,,0.0005779815255664289
,,,13976,,0.0002440437237964943
,,,13977,,0.00037766597233712673
,,,13978,,0.00028137932531535625
,,,13979,,0.0006990766269154847
,,,13980,,0.0007372056716121733
,,,13981,,0.00029315135907381773
,,,13982,,0.00031559180933982134
,,,13983,,0.0005190636147744954
,,,13984,,0.0003181322244927287
,,,13985,,0.0006965052452869713
,,,13986,,0.0005259471945464611
,,,13987,,0.00046880682930350304
,,,13988,,0.0009943057084456086
,,,13989,,0.00032083794940263033
,,,13990,,0.00029578706016764045
,,,13991,,0.00022557988995686173
,,,13992,,0.0006344926077872515
,,,13993,,0.0005572035443037748
,,,13994,,0.0004938585916534066
,,,13995,,0.0004866868839599192
,,,13996,,0.005161819513887167
,,,13997,,0.015907496213912964
,,,13998,,0.013465621508657932
,,,13999,,0.013152167201042175
,,,14000,,0.014439917169511318
,,,14001,,0.013163208961486816
,,,14002,,0.07233437150716782
,,,14003,,0.022120699286460876
,,,14004,,0.010989410802721977
,,,14005,,0.012964652851223946
,,,14006,,0.008822083473205566
,,,14007,,0.004945684224367142
,,,14008,,0.011517059057950974
,,,14009,,0.00710624735802412
,,,14010,,0.004854422993957996
,,,14011,,0.011898865923285484
,,,14012,,0.011036112904548645
,,,14013,,0.005597117356956005
,,,14014,,0.014471788890659809
,,,14015,,0.007240569684654474
,,,14016,,0.0027037381660193205
,,,14017,,0.007356412708759308
,,,14018,,0.004380917176604271
,,,14019,,0.0055444370955228806
,,,14020,,0.0074624912813305855
,,,14021,,0.002322917804121971
,,,14022,,0.006081433035433292
,,,14023,,0.004979643039405346
,,,14024,,0.01027507334947586
,,,14025,,0.010156329721212387
,,,14026,,0.004541132599115372
,,,14027,,0.00704280287027359
,,,14028,,0.0046089813113212585
,,,14029,,0.0060838148929178715
,,,14030,,0.004724232014268637
,,,14031,,0.004335405305027962
,,,14032,,0.00607854500412941
,,,14033,,0.0050476305186748505
,,,14034,,0.002834881655871868
,,,14035,,0.004307204391807318
,,,14036,,0.01027684472501278
,,,14037,,0.005312828347086906
,,,14038,,0.0028300753328949213
,,,14039,,0.003920731134712696
,,,14040,,0.0004203624848742038
,,,14041,,0.0007782714092172682
,,,14042,,0.0003808625624515116
,,,14043,,0.0004279688582755625
,,,14044,,0.00045413122279569507
,,,14045,,0.0004997494979761541
,,,14046,,0.00034361646976321936
,,,14047,,0.0003512187395244837
,,,14048,,0.00035344623029232025
,,,14049,,0.0005610157386399806
,,,14050,,0.00041032960871234536
,,,14051,,0.0010923021472990513
,,,14052,,0.0005718816537410021
,,,14053,,0.008034508675336838
,,,14054,,0.0099391620606184
,,,14055,,0.009185520932078362
,,,14056,,0.02821967378258705
,,,14057,,0.01972290128469467
,,,14058,,0.016901317983865738
,,,14059,,0.029422111809253693
,,,14060,,0.027343906462192535
,,,14061,,0.010168112814426422
,,,14062,,0.01126214861869812
,,,14063,,0.011387867853045464
,,,14064,,0.008205595426261425
,,,14065,,0.00984242744743824
,,,14066,,0.01122268196195364
,,,14067,,0.009268064983189106
,,,14068,,0.00947477389127016
,,,14069,,0.010534621775150299
,,,14070,,0.009284934028983116
,,,14071,,0.008126376196742058
,,,14072,,0.007750180084258318
,,,14073,,0.010850990191102028
,,,14074,,0.01041264459490776
,,,14075,,0.011229293420910835
,,,14076,,0.010249647311866283
,,,14077,,0.009659629315137863
,,,14078,,0.012936638668179512
,,,14079,,0.010872429236769676
,,,14080,,0.008265135809779167
,,,14081,,0.010993913747370243
,,,14082,,0.01095062680542469
,,,14083,,0.008274316787719727
,,,14084,,0.008281512185931206
,,,14085,,0.006831185892224312
,,,14086,,0.009512937627732754
,,,14087,,0.008865121752023697
,,,14088,,0.010432472452521324
,,,14089,,0.007972590625286102
,,,14090,,0.00895862840116024
,,,14091,,0.009333305060863495
,,,14092,,0.009065890684723854
,,,14093,,0.00895247608423233
,,,14094,,0.00907919928431511
,,,14095,,0.0077012889087200165
,,,14096,,0.00763240410014987
,,,14097,,0.007949362508952618
,,,14098,,0.01045570895075798
,,,14099,,0.00897841528058052
,,,14100,,0.010391850024461746
,,,14101,,0.00906273815780878
,,,14102,,0.010632175952196121
,,,14103,,0.009995568543672562
,,,14104,,0.009261831641197205
,,,14105,,0.008679170161485672
,,,14106,,0.009982039220631123
,,,14107,,0.006926728878170252
,,,14108,,0.007150148041546345
,,,14109,,0.006121632177382708
,,,14110,,0.00598012562841177
,,,14111,,0.0063056000508368015
,,,14112,,0.006950288079679012
,,,14113,,0.006595310755074024
,,,14114,,0.006878483109176159
,,,14115,,0.00633117463439703
,,,14116,,0.00651132594794035
,,,14117,,0.00573983509093523
,,,14118,,0.005225585773587227
,,,14119,,0.006041219457983971
,,,14120,,0.006412752438336611
,,,14121,,0.006777114234864712
,,,14122,,0.006476081907749176
,,,14123,,0.007134066894650459
,,,14124,,0.00685496348887682
,,,14125,,0.0067570507526397705
,,,14126,,0.005964967887848616
,,,14127,,0.006059854291379452
,,,14128,,0.0071309590712189674
,,,14129,,0.00648591760545969
,,,14130,,0.007256438955664635
,,,14131,,0.008210800588130951
,,,14132,,0.007466362789273262
,,,14133,,0.007958704605698586
,,,14134,,0.0070452261716127396
,,,14135,,0.006088320631533861
,,,14136,,0.006510256323963404
,,,14137,,0.009073148481547832
,,,14138,,0.007561394013464451
,,,14139,,0.0064125871285796165
,,,14140,,0.009217067621648312
,,,14141,,0.007227175869047642
,,,14142,,0.008875587955117226
,,,14143,,0.007091249339282513
,,,14144,,0.0066598933190107346
,,,14145,,0.007805181667208672
,,,14146,,0.007533579599112272
,,,14147,,0.006605260074138641
,,,14148,,0.008248338475823402
,,,14149,,0.007406238466501236
,,,14150,,0.007049140520393848
,,,14151,,0.002161741256713867
,,,14152,,0.0020554629154503345
,,,14153,,0.001529968110844493
,,,14154,,0.0015523313777521253
,,,14155,,0.0013656470691785216
,,,14156,,0.0013464998919516802
,,,14157,,0.0017410872969776392
,,,14158,,0.0013988488353788853
,,,14159,,0.0019640822429209948
,,,14160,,0.0016680569387972355
,,,14161,,0.0016790198860689998
,,,14162,,0.0015477144625037909
,,,14163,,0.0015371749177575111
,,,14164,,0.007017943542450666
,,,14165,,0.007605834864079952
,,,14166,,0.007978643290698528
,,,14167,,0.006462775636464357
,,,14168,,0.0028706875164061785
,,,14169,,0.024681653827428818
,,,14170,,0.004383536987006664
,,,14171,,0.019128110259771347
,,,14172,,0.008608614094555378
,,,14173,,0.008081644773483276
,,,14174,,0.01398604828864336
,,,14175,,0.016583893448114395
,,,14176,,0.01589518040418625
,,,14177,,0.014266147278249264
,,,14178,,0.012436091899871826
,,,14179,,0.019020598381757736
,,,14180,,0.01620478928089142
,,,14181,,0.07107306271791458
,,,14182,,0.05661579221487045
,,,14183,,0.04577133059501648
,,,14184,,0.05045035853981972
,,,14185,,0.07127893716096878
,,,14186,,0.04066304862499237
,,,14187,,0.047019608318805695
,,,14188,,0.05981157720088959
,,,14189,,0.0435495562851429
,,,14190,,0.05503476411104202
,,,14191,,0.04476720839738846
,,,14192,,0.04918065667152405
,,,14193,,0.05908362567424774
,,,14194,,0.05394987761974335
,,,14195,,0.0511188879609108
,,,14196,,0.04955093935132027
,,,14197,,0.024401647970080376
61,,,5021,0.010547508485615253,
61,0.009434746578335762,,5021,,
62,,0.013073787093162537,5029,,
62,,0.008888771757483482,5039,,
62,,0.010177530348300934,5049,,
62,,0.010852443054318428,5059,,
62,,0.008692504838109016,5069,,
62,,0.01000775396823883,5079,,
62,,0.010443584993481636,5089,,
62,,0.006381289102137089,5099,,
,,,14198,,0.00030076480470597744
,,,14199,,0.0002565781760495156
,,,14200,,0.0004778832953888923
,,,14201,,0.00028147659031674266
,,,14202,,0.0005227799410931766
,,,14203,,0.00023230248189065605
,,,14204,,0.0006460908916778862
,,,14205,,0.0002205707860412076
,,,14206,,0.0003987582167610526
,,,14207,,0.0002467943704687059
,,,14208,,0.0007442951900884509
,,,14209,,0.0006569267716258764
,,,14210,,0.00022223638370633125
,,,14211,,0.00028303812723606825
,,,14212,,0.00047455087769776583
,,,14213,,0.0002938822435680777
,,,14214,,0.0006225310498848557
,,,14215,,0.0005053799832239747
,,,14216,,0.0005582785233855247
,,,14217,,0.0008527865284122527
,,,14218,,0.00027028191834688187
,,,14219,,0.00024285174731630832
,,,14220,,0.00020645189215429127
,,,14221,,0.0005844414117746055
,,,14222,,0.000510408659465611
,,,14223,,0.0004693149239756167
,,,14224,,0.0004589117306750268
,,,14225,,0.005493205972015858
,,,14226,,0.016139008104801178
,,,14227,,0.013767673633992672
,,,14228,,0.013432958163321018
,,,14229,,0.014726024121046066
,,,14230,,0.013375861570239067
,,,14231,,0.0720987319946289
,,,14232,,0.022342436015605927
,,,14233,,0.011242236942052841
,,,14234,,0.013301590457558632
,,,14235,,0.009078573435544968
,,,14236,,0.005302944220602512
,,,14237,,0.01174129918217659
,,,14238,,0.007407250814139843
,,,14239,,0.005143964663147926
,,,14240,,0.012120566330850124
,,,14241,,0.011276446282863617
,,,14242,,0.006017075851559639
,,,14243,,0.014763855375349522
,,,14244,,0.007605364080518484
,,,14245,,0.003144441405311227
,,,14246,,0.0076551297679543495
,,,14247,,0.004726637154817581
,,,14248,,0.005893602501600981
,,,14249,,0.007738395594060421
,,,14250,,0.0027101978193968534
,,,14251,,0.006502051837742329
,,,14252,,0.005603649187833071
,,,14253,,0.010450800880789757
,,,14254,,0.010319278575479984
,,,14255,,0.004811891820281744
,,,14256,,0.007204099558293819
,,,14257,,0.005018832162022591
,,,14258,,0.006395712494850159
,,,14259,,0.0049700322560966015
,,,14260,,0.004651688504964113
,,,14261,,0.006187308579683304
,,,14262,,0.005415385589003563
,,,14263,,0.0030543673783540726
,,,14264,,0.004810979124158621
,,,14265,,0.010489732027053833
,,,14266,,0.0054570147767663
,,,14267,,0.003321683034300804
,,,14268,,0.004045003093779087
,,,14269,,0.00038800339098088443
,,,14270,,0.0008460664539597929
,,,14271,,0.0006317342631518841
,,,14272,,0.0005110451020300388
,,,14273,,0.0004343608452472836
,,,14274,,0.0004913985030725598
,,,14275,,0.000271951372269541
,,,14276,,0.0004228142206557095
,,,14277,,0.0003257811185903847
,,,14278,,0.0006218872149474919
,,,14279,,0.0005273092538118362
,,,14280,,0.0006420265999622643
,,,14281,,0.0005777222104370594
,,,14282,,0.007979741320014
,,,14283,,0.009817606769502163
,,,14284,,0.009431426413357258
,,,14285,,0.030932322144508362
,,,14286,,0.02244619093835354
,,,14287,,0.018591351807117462
,,,14288,,0.029385123401880264
,,,14289,,0.027291027829051018
,,,14290,,0.010073761455714703
,,,14291,,0.011025598272681236
,,,14292,,0.011087318882346153
,,,14293,,0.007971622049808502
,,,14294,,0.009581511840224266
,,,14295,,0.010950462892651558
,,,14296,,0.009028233587741852
,,,14297,,0.009210286661982536
,,,14298,,0.0102689228951931
,,,14299,,0.009028333239257336
,,,14300,,0.00788260716944933
,,,14301,,0.007494462188333273
,,,14302,,0.01056729443371296
,,,14303,,0.010043558664619923
,,,14304,,0.01094069890677929
,,,14305,,0.009983723051846027
,,,14306,,0.00936865247786045
,,,14307,,0.012636411003768444
,,,14308,,0.010545558296144009
,,,14309,,0.008032499812543392
,,,14310,,0.010700011625885963
,,,14311,,0.01069269422441721
,,,14312,,0.008047938346862793
,,,14313,,0.008079731836915016
,,,14314,,0.006695704068988562
,,,14315,,0.009436790831387043
,,,14316,,0.008833162486553192
,,,14317,,0.010305609554052353
,,,14318,,0.007929021492600441
,,,14319,,0.008863961324095726
,,,14320,,0.009322056546807289
,,,14321,,0.00889485515654087
,,,14322,,0.008818286471068859
,,,14323,,0.009122014045715332
,,,14324,,0.007498038467019796
,,,14325,,0.007651468738913536
,,,14326,,0.007962876930832863
,,,14327,,0.01028112880885601
,,,14328,,0.008927103132009506
,,,14329,,0.010289263911545277
,,,14330,,0.009072106331586838
,,,14331,,0.010550599545240402
,,,14332,,0.009880982339382172
,,,14333,,0.009321222081780434
,,,14334,,0.008576728403568268
,,,14335,,0.009862598031759262
,,,14336,,0.006611879914999008
,,,14337,,0.006915017031133175
,,,14338,,0.005986076779663563
,,,14339,,0.005992702208459377
,,,14340,,0.006123468279838562
,,,14341,,0.006765149533748627
,,,14342,,0.006084338296204805
,,,14343,,0.006423287093639374
,,,14344,,0.00599362887442112
,,,14345,,0.006256920285522938
,,,14346,,0.0053712413646280766
,,,14347,,0.00511183962225914
,,,14348,,0.005855537485331297
,,,14349,,0.006306705065071583
,,,14350,,0.006407423876225948
,,,14351,,0.0063108718022704124
,,,14352,,0.006737943273037672
,,,14353,,0.00660680141299963
,,,14354,,0.006759746931493282
,,,14355,,0.005708215292543173
,,,14356,,0.0058637335896492004
,,,14357,,0.006913483142852783
,,,14358,,0.006396859418600798
,,,14359,,0.007149861194193363
,,,14360,,0.008079520426690578
,,,14361,,0.007294417358934879
,,,14362,,0.007750349119305611
,,,14363,,0.00686528580263257
,,,14364,,0.0059278421103954315
,,,14365,,0.00638391962274909
,,,14366,,0.008873643353581429
,,,14367,,0.00742066465318203
,,,14368,,0.0063066640868783
,,,14369,,0.009023435413837433
,,,14370,,0.007062733173370361
,,,14371,,0.008682634681463242
,,,14372,,0.006988000124692917
,,,14373,,0.006511759478598833
,,,14374,,0.007677170913666487
,,,14375,,0.00741183664649725
,,,14376,,0.006493061315268278
,,,14377,,0.008180387318134308
,,,14378,,0.007260614540427923
,,,14379,,0.0068766893818974495
,,,14380,,0.0024312734603881836
,,,14381,,0.0022725239396095276
,,,14382,,0.0016261943383142352
,,,14383,,0.0017286998918280005
,,,14384,,0.001500950544141233
,,,14385,,0.0015173670835793018
,,,14386,,0.0019135598558932543
,,,14387,,0.0015749549493193626
,,,14388,,0.0021789062302559614
,,,14389,,0.0018948838114738464
,,,14390,,0.0017899599624797702
,,,14391,,0.0016649498138576746
,,,14392,,0.0016577844507992268
,,,14393,,0.007600053213536739
,,,14394,,0.008614825084805489
,,,14395,,0.008469397202134132
,,,14396,,0.007618788629770279
,,,14397,,0.003125049639493227
,,,14398,,0.024888675659894943
,,,14399,,0.004564876202493906
,,,14400,,0.019756443798542023
,,,14401,,0.009199602529406548
,,,14402,,0.008662834763526917
,,,14403,,0.01474977657198906
,,,14404,,0.017870280891656876
,,,14405,,0.016936933621764183
,,,14406,,0.014995630830526352
,,,14407,,0.013515518978238106
,,,14408,,0.020648501813411713
,,,14409,,0.016401691362261772
,,,14410,,0.0714932307600975
,,,14411,,0.056385040283203125
,,,14412,,0.04590539634227753
,,,14413,,0.05100712925195694
,,,14414,,0.07194416970014572
,,,14415,,0.04109605401754379
,,,14416,,0.04697941243648529
,,,14417,,0.060218747705221176
,,,14418,,0.043740008026361465
,,,14419,,0.05473468452692032
,,,14420,,0.04465995728969574
,,,14421,,0.049588777124881744
,,,14422,,0.05908244103193283
,,,14423,,0.05434117466211319
,,,14424,,0.05110422149300575
,,,14425,,0.04965807870030403
,,,14426,,0.024774879217147827
62,,,5102,0.01063684094697237,
62,0.009760646149516106,,5102,,
63,,0.015174368396401405,5109,,
63,,0.010852890089154243,5119,,
63,,0.00905576441437006,5129,,
63,,0.005186653696000576,5139,,
63,,0.007018658798187971,5149,,
63,,0.006926550529897213,5159,,
63,,0.010102263651788235,5169,,
63,,0.00624424172565341,5179,,
,,,14427,,0.0003507146320771426
,,,14428,,0.00032410689163953066
,,,14429,,0.0004818326560780406
,,,14430,,0.0003085797652602196
,,,14431,,0.0006207810365594923
,,,14432,,0.00023151226923801005
,,,14433,,0.0005038962117396295
,,,14434,,0.00023434832110069692
,,,14435,,0.0004512574232649058
,,,14436,,0.0002670305548235774
,,,14437,,0.0006753643392585218
,,,14438,,0.0007993248291313648
,,,14439,,0.00023986661108210683
,,,14440,,0.00032019277568906546
,,,14441,,0.0005362872034311295
,,,14442,,0.000319110753480345
,,,14443,,0.0007540172664448619
,,,14444,,0.0004866720119025558
,,,14445,,0.0005293175345286727
,,,14446,,0.00105767953209579
,,,14447,,0.00031650689197704196
,,,14448,,0.00026286827051080763
,,,14449,,0.00024698226479813457
,,,14450,,0.0006924528861418366
,,,14451,,0.000582268403377384
,,,14452,,0.0004986415151506662
,,,14453,,0.0005048693856224418
,,,14454,,0.005202946253120899
,,,14455,,0.015793927013874054
,,,14456,,0.013354318216443062
,,,14457,,0.013115743175148964
,,,14458,,0.014382002875208855
,,,14459,,0.01305453386157751
,,,14460,,0.07172676920890808
,,,14461,,0.021969588473439217
,,,14462,,0.010916560888290405
,,,14463,,0.012946968898177147
,,,14464,,0.008756522089242935
,,,14465,,0.004956210032105446
,,,14466,,0.011424414813518524
,,,14467,,0.007132388185709715
,,,14468,,0.0048775929026305676
,,,14469,,0.011859554797410965
,,,14470,,0.01098196767270565
,,,14471,,0.005686414428055286
,,,14472,,0.014353900216519833
,,,14473,,0.007242144085466862
,,,14474,,0.0028155094478279352
,,,14475,,0.0073146214708685875
,,,14476,,0.004474472254514694
,,,14477,,0.00561060756444931
,,,14478,,0.007500740699470043
,,,14479,,0.0024587935768067837
,,,14480,,0.006187919527292252
,,,14481,,0.005162607878446579
,,,14482,,0.010196661576628685
,,,14483,,0.010082827880978584
,,,14484,,0.004490954801440239
,,,14485,,0.006945865694433451
,,,14486,,0.004532270133495331
,,,14487,,0.005973691586405039
,,,14488,,0.004714334383606911
,,,14489,,0.004425761289894581
,,,14490,,0.0060055009089410305
,,,14491,,0.005169449374079704
,,,14492,,0.0029202005825936794
,,,14493,,0.004783203359693289
,,,14494,,0.01022047083824873
,,,14495,,0.005270860157907009
,,,14496,,0.00299796462059021
,,,14497,,0.0037819459103047848
,,,14498,,0.0003823369916062802
,,,14499,,0.000780188653152436
,,,14500,,0.0005521451821550727
,,,14501,,0.0004936123732477427
,,,14502,,0.0004235891392454505
,,,14503,,0.00043761986307799816
,,,14504,,0.00026671774685382843
,,,14505,,0.00045403852709569037
,,,14506,,0.0003307316219434142
,,,14507,,0.0005629219813272357
,,,14508,,0.0004965250263921916
,,,14509,,0.0007097446359694004
,,,14510,,0.0005193493561819196
,,,14511,,0.007958464324474335
,,,14512,,0.009953081607818604
,,,14513,,0.008838929235935211
,,,14514,,0.026487093418836594
,,,14515,,0.018646519631147385
,,,14516,,0.01696370355784893
,,,14517,,0.029938874766230583
,,,14518,,0.027823377400636673
,,,14519,,0.010173529386520386
,,,14520,,0.01116897538304329
,,,14521,,0.011218354105949402
,,,14522,,0.008126321248710155
,,,14523,,0.009651308879256248
,,,14524,,0.01108531467616558
,,,14525,,0.0091023538261652
,,,14526,,0.009326200932264328
,,,14527,,0.010409720242023468
,,,14528,,0.0090956324711442
,,,14529,,0.008012283593416214
,,,14530,,0.007774688303470612
,,,14531,,0.01070634089410305
,,,14532,,0.010323043912649155
,,,14533,,0.011097273789346218
,,,14534,,0.010107197798788548
,,,14535,,0.00962535385042429
,,,14536,,0.012752817012369633
,,,14537,,0.010771308094263077
,,,14538,,0.00818796455860138
,,,14539,,0.010826175101101398
,,,14540,,0.010811515152454376
,,,14541,,0.008173136040568352
,,,14542,,0.008160953409969807
,,,14543,,0.006714514456689358
,,,14544,,0.009298143908381462
,,,14545,,0.008736928924918175
,,,14546,,0.0101787019520998
,,,14547,,0.007809123955667019
,,,14548,,0.00877588614821434
,,,14549,,0.009120803326368332
,,,14550,,0.008804278448224068
,,,14551,,0.00876604299992323
,,,14552,,0.008889565244317055
,,,14553,,0.007432417944073677
,,,14554,,0.007477999664843082
,,,14555,,0.00781933218240738
,,,14556,,0.010274248197674751
,,,14557,,0.008783170022070408
,,,14558,,0.010127505287528038
,,,14559,,0.008953912183642387
,,,14560,,0.01037503220140934
,,,14561,,0.009810930117964745
,,,14562,,0.009157709777355194
,,,14563,,0.008515570312738419
,,,14564,,0.009740449488162994
,,,14565,,0.006592101883143187
,,,14566,,0.006909649819135666
,,,14567,,0.0059751602821052074
,,,14568,,0.005958376452326775
,,,14569,,0.006228394340723753
,,,14570,,0.00672281114384532
,,,14571,,0.006186741404235363
,,,14572,,0.006413869559764862
,,,14573,,0.006046270951628685
,,,14574,,0.006364182569086552
,,,14575,,0.005353589542210102
,,,14576,,0.005100451875478029
,,,14577,,0.005942694842815399
,,,14578,,0.006276884116232395
,,,14579,,0.006476555485278368
,,,14580,,0.006323367357254028
,,,14581,,0.006816079840064049
,,,14582,,0.00672191521152854
,,,14583,,0.006716534029692411
,,,14584,,0.005773137789219618
,,,14585,,0.005838722921907902
,,,14586,,0.006963823456317186
,,,14587,,0.006395805161446333
,,,14588,,0.007165641523897648
,,,14589,,0.008075593039393425
,,,14590,,0.007289061788469553
,,,14591,,0.00787315983325243
,,,14592,,0.0068508535623550415
,,,14593,,0.0059333909302949905
,,,14594,,0.0063967532478272915
,,,14595,,0.008919293992221355
,,,14596,,0.007385373115539551
,,,14597,,0.006263173185288906
,,,14598,,0.009011948481202126
,,,14599,,0.007044818717986345
,,,14600,,0.00873290840536356
,,,14601,,0.006912446115165949
,,,14602,,0.006540678441524506
,,,14603,,0.007672769483178854
,,,14604,,0.007370965089648962
,,,14605,,0.006498320028185844
,,,14606,,0.008088793605566025
,,,14607,,0.0072529977187514305
,,,14608,,0.006904600653797388
,,,14609,,0.002201686380431056
,,,14610,,0.0020589344203472137
,,,14611,,0.0015029229689389467
,,,14612,,0.0015595373697578907
,,,14613,,0.0013355162227526307
,,,14614,,0.0013166225980967283
,,,14615,,0.0017506913281977177
,,,14616,,0.0013727047480642796
,,,14617,,0.001959556480869651
,,,14618,,0.0016826530918478966
,,,14619,,0.001641268259845674
,,,14620,,0.0015214848099276423
,,,14621,,0.0015271417796611786
,,,14622,,0.006918632425367832
,,,14623,,0.007820270955562592
,,,14624,,0.008163431659340858
,,,14625,,0.006737117189913988
,,,14626,,0.002944476203992963
,,,14627,,0.024170607328414917
,,,14628,,0.004545991308987141
,,,14629,,0.017889294773340225
,,,14630,,0.009006007574498653
,,,14631,,0.008172322995960712
,,,14632,,0.013241143897175789
,,,14633,,0.01749029941856861
,,,14634,,0.015886731445789337
,,,14635,,0.014377064071595669
,,,14636,,0.012183734215795994
,,,14637,,0.019467134028673172
,,,14638,,0.015458444133400917
,,,14639,,0.06999032199382782
,,,14640,,0.05527752265334129
,,,14641,,0.044541310518980026
,,,14642,,0.04962373152375221
,,,14643,,0.07089846581220627
,,,14644,,0.0399041548371315
,,,14645,,0.04576930031180382
,,,14646,,0.058493901044130325
,,,14647,,0.04313337057828903
,,,14648,,0.053834468126297
,,,14649,,0.04409237578511238
,,,14650,,0.04879283159971237
,,,14651,,0.05867914855480194
,,,14652,,0.0530904158949852
,,,14653,,0.05031343549489975
,,,14654,,0.04919164627790451
,,,14655,,0.023808347061276436
63,,,5183,0.010408434085547924,
63,0.009485096670687199,,5183,,
64,,0.008565162308514118,5189,,
64,,0.006169967353343964,5199,,
64,,0.01201164536178112,5209,,
64,,0.011239990592002869,5219,,
64,,0.011606872081756592,5229,,
64,,0.009708026424050331,5239,,
64,,0.0038439943455159664,5249,,
64,,0.007450303062796593,5259,,
,,,14656,,0.0006686685374006629
,,,14657,,0.000664160936139524
,,,14658,,0.0008590908255428076
,,,14659,,0.0005678805755451322
,,,14660,,0.0008966276072897017
,,,14661,,0.000488775665871799
,,,14662,,0.000710254826117307
,,,14663,,0.0005327379330992699
,,,14664,,0.0006644726963713765
,,,14665,,0.0005193941760808229
,,,14666,,0.0009706569835543633
,,,14667,,0.0012464795727282763
,,,14668,,0.000557681720238179
,,,14669,,0.0006212735315784812
,,,14670,,0.0007876227609813213
,,,14671,,0.0006514302804134786
,,,14672,,0.0010644192807376385
,,,14673,,0.0008839053334668279
,,,14674,,0.00083462632028386
,,,14675,,0.0013292301446199417
,,,14676,,0.0005703408969566226
,,,14677,,0.0006170098786242306
,,,14678,,0.0004895816673524678
,,,14679,,0.000977506977505982
,,,14680,,0.000861958775203675
,,,14681,,0.0008494351641274989
,,,14682,,0.0008081414271146059
,,,14683,,0.005260877776890993
,,,14684,,0.015836574137210846
,,,14685,,0.013464588671922684
,,,14686,,0.013217581436038017
,,,14687,,0.014500131830573082
,,,14688,,0.013136821798980236
,,,14689,,0.07146621495485306
,,,14690,,0.022002745419740677
,,,14691,,0.010986489243805408
,,,14692,,0.01299489475786686
,,,14693,,0.00883352942764759
,,,14694,,0.005062626674771309
,,,14695,,0.011470537632703781
,,,14696,,0.007195473648607731
,,,14697,,0.004869920201599598
,,,14698,,0.011764926835894585
,,,14699,,0.01091566402465105
,,,14700,,0.005633460357785225
,,,14701,,0.014275558292865753
,,,14702,,0.007179612293839455
,,,14703,,0.0028232731856405735
,,,14704,,0.007290924899280071
,,,14705,,0.004436901304870844
,,,14706,,0.005562923848628998
,,,14707,,0.00742425536736846
,,,14708,,0.0024768738076090813
,,,14709,,0.006149824243038893
,,,14710,,0.004919428378343582
,,,14711,,0.0101481843739748
,,,14712,,0.010037662461400032
,,,14713,,0.004863540641963482
,,,14714,,0.007308857515454292
,,,14715,,0.0047087110579013824
,,,14716,,0.006236996501684189
,,,14717,,0.004995203576982021
,,,14718,,0.0047958544455468655
,,,14719,,0.006341735832393169
,,,14720,,0.005280719138681889
,,,14721,,0.0030746283009648323
,,,14722,,0.00465229619294405
,,,14723,,0.010273365303874016
,,,14724,,0.0055509693920612335
,,,14725,,0.003117412095889449
,,,14726,,0.003928876016288996
,,,14727,,0.0007593542686663568
,,,14728,,0.001240963931195438
,,,14729,,0.0012621143832802773
,,,14730,,0.0008423406397923827
,,,14731,,0.000831100856885314
,,,14732,,0.0008106190944090486
,,,14733,,0.0006767957238480449
,,,14734,,0.0011711700353771448
,,,14735,,0.000824629794806242
,,,14736,,0.0010963192908093333
,,,14737,,0.000858850369695574
,,,14738,,0.0005778933991678059
,,,14739,,0.0009928198996931314
,,,14740,,0.007736045401543379
,,,14741,,0.009450934827327728
,,,14742,,0.008643440902233124
,,,14743,,0.02668614685535431
,,,14744,,0.018911246210336685
,,,14745,,0.016303375363349915
,,,14746,,0.028397182002663612
,,,14747,,0.026238204911351204
,,,14748,,0.009915243834257126
,,,14749,,0.010863463394343853
,,,14750,,0.010882901027798653
,,,14751,,0.007886596024036407
,,,14752,,0.009440427646040916
,,,14753,,0.010847894474864006
,,,14754,,0.00896301120519638
,,,14755,,0.009180629625916481
,,,14756,,0.010053310543298721
,,,14757,,0.00892502162605524
,,,14758,,0.007894100621342659
,,,14759,,0.007409185636788607
,,,14760,,0.01043787319213152
,,,14761,,0.009827434085309505
,,,14762,,0.010830353945493698
,,,14763,,0.009813472628593445
,,,14764,,0.009289471432566643
,,,14765,,0.012405951507389545
,,,14766,,0.010466987267136574
,,,14767,,0.008046349510550499
,,,14768,,0.010473791509866714
,,,14769,,0.010502630844712257
,,,14770,,0.007624288555234671
,,,14771,,0.007650035433471203
,,,14772,,0.0064620706252753735
,,,14773,,0.00935094803571701
,,,14774,,0.008537400513887405
,,,14775,,0.010089525021612644
,,,14776,,0.007816547527909279
,,,14777,,0.008681138977408409
,,,14778,,0.00909209530800581
,,,14779,,0.008792052045464516
,,,14780,,0.008583362214267254
,,,14781,,0.008864190429449081
,,,14782,,0.007399363908916712
,,,14783,,0.007465908769518137
,,,14784,,0.007681305520236492
,,,14785,,0.010045725852251053
,,,14786,,0.00869919266551733
,,,14787,,0.009959074668586254
,,,14788,,0.008839704096317291
,,,14789,,0.010331855155527592
,,,14790,,0.009614701382815838
,,,14791,,0.0091274194419384
,,,14792,,0.008347607217729092
,,,14793,,0.009701530449092388
,,,14794,,0.006477754563093185
,,,14795,,0.006843073293566704
,,,14796,,0.005973552353680134
,,,14797,,0.00580139085650444
,,,14798,,0.006131879054009914
,,,14799,,0.0067335618659853935
,,,14800,,0.0060467347502708435
,,,14801,,0.006435212213546038
,,,14802,,0.005844929255545139
,,,14803,,0.0062066069804131985
,,,14804,,0.005401349626481533
,,,14805,,0.004962207283824682
,,,14806,,0.005646472796797752
,,,14807,,0.006140583194792271
,,,14808,,0.006300625391304493
,,,14809,,0.0062384107150137424
,,,14810,,0.006601319182664156
,,,14811,,0.006524845026433468
,,,14812,,0.006661991588771343
,,,14813,,0.005675302818417549
,,,14814,,0.005759590771049261
,,,14815,,0.006857696920633316
,,,14816,,0.0064829085022211075
,,,14817,,0.007255878299474716
,,,14818,,0.00806606188416481
,,,14819,,0.00740114226937294
,,,14820,,0.00784839317202568
,,,14821,,0.006967947352677584
,,,14822,,0.006083396263420582
,,,14823,,0.0065559083595871925
,,,14824,,0.008863275870680809
,,,14825,,0.007481883279979229
,,,14826,,0.006448379717767239
,,,14827,,0.009064504876732826
,,,14828,,0.00715027516707778
,,,14829,,0.008764881640672684
,,,14830,,0.00704751955345273
,,,14831,,0.006622897461056709
,,,14832,,0.007785331457853317
,,,14833,,0.00747243408113718
,,,14834,,0.006597792264074087
,,,14835,,0.008164114318788052
,,,14836,,0.007394484709948301
,,,14837,,0.006971756927669048
,,,14838,,0.002364558167755604
,,,14839,,0.0022386224009096622
,,,14840,,0.0018191314302384853
,,,14841,,0.0018136801663786173
,,,14842,,0.001616041292436421
,,,14843,,0.001587546430528164
,,,14844,,0.0020870263688266277
,,,14845,,0.001628028228878975
,,,14846,,0.002205383498221636
,,,14847,,0.0018582267221063375
,,,14848,,0.0019027107628062367
,,,14849,,0.0017328420653939247
,,,14850,,0.0017404996324330568
,,,14851,,0.00707217026501894
,,,14852,,0.008444963954389095
,,,14853,,0.008518360555171967
,,,14854,,0.006972875911742449
,,,14855,,0.003270618384703994
,,,14856,,0.024088453501462936
,,,14857,,0.004781377501785755
,,,14858,,0.019305191934108734
,,,14859,,0.009151909500360489
,,,14860,,0.008615529164671898
,,,14861,,0.014232497662305832
,,,14862,,0.016823774203658104
,,,14863,,0.01614093966782093
,,,14864,,0.014845467172563076
,,,14865,,0.013309992849826813
,,,14866,,0.020294081419706345
,,,14867,,0.0163862407207489
,,,14868,,0.07181721925735474
,,,14869,,0.05675544589757919
,,,14870,,0.04551852121949196
,,,14871,,0.051576703786849976
,,,14872,,0.07184278219938278
,,,14873,,0.040455982089042664
,,,14874,,0.046756811439991
,,,14875,,0.05973922461271286
,,,14876,,0.04383160173892975
,,,14877,,0.05426200106739998
,,,14878,,0.04482255131006241
,,,14879,,0.04975227266550064
,,,14880,,0.059269823133945465
,,,14881,,0.05367228388786316
,,,14882,,0.05128926783800125
,,,14883,,0.0497266985476017
,,,14884,,0.024991009384393692
64,,,5264,0.010535468347370625,
64,0.009035480208694935,,5264,,
65,,0.008905317634344101,5269,,
65,,0.00918520800769329,5279,,
65,,0.013426321558654308,5289,,
65,,0.006559671834111214,5299,,
65,,0.02087051421403885,5309,,
65,,0.006179739721119404,5319,,
65,,0.008524149656295776,5329,,
65,,0.004018431529402733,5339,,
,,,14885,,0.0003509477246552706
,,,14886,,0.000312984106130898
,,,14887,,0.0005272434209473431
,,,14888,,0.0003224473330192268
,,,14889,,0.0005533298244699836
,,,14890,,0.00027982628671452403
,,,14891,,0.0005354700842872262
,,,14892,,0.00024949919315986335
,,,14893,,0.000430151354521513
,,,14894,,0.0002941112907137722
,,,14895,,0.0007111653685569763
,,,14896,,0.0009090898092836142
,,,14897,,0.0002548581105656922
,,,14898,,0.0003370266640558839
,,,14899,,0.0005184913752600551
,,,14900,,0.00035331552498973906
,,,14901,,0.0006716357893310487
,,,14902,,0.00048111274372786283
,,,14903,,0.0005450088647194207
,,,14904,,0.000942021666560322
,,,14905,,0.0003181027714163065
,,,14906,,0.0002777974586933851
,,,14907,,0.0002498713438399136
,,,14908,,0.0006223624222911894
,,,14909,,0.0005461620166897774
,,,14910,,0.000528195290826261
,,,14911,,0.000507023767568171
,,,14912,,0.005188144277781248
,,,14913,,0.01578596979379654
,,,14914,,0.013394230976700783
,,,14915,,0.0131074832752347
,,,14916,,0.014339507557451725
,,,14917,,0.013045287691056728
,,,14918,,0.07114999741315842
,,,14919,,0.02195289358496666
,,,14920,,0.010914407670497894
,,,14921,,0.012936074286699295
,,,14922,,0.008751185610890388
,,,14923,,0.004983409773558378
,,,14924,,0.011403324082493782
,,,14925,,0.00714031932875514
,,,14926,,0.004881048575043678
,,,14927,,0.011675749905407429
,,,14928,,0.010841051116585732
,,,14929,,0.005687783472239971
,,,14930,,0.014172514900565147
,,,14931,,0.0071825929917395115
,,,14932,,0.002880547195672989
,,,14933,,0.007277395576238632
,,,14934,,0.004523556679487228
,,,14935,,0.005560586228966713
,,,14936,,0.007468902971595526
,,,14937,,0.002599850296974182
,,,14938,,0.006206990219652653
,,,14939,,0.004764689598232508
,,,14940,,0.009785734117031097
,,,14941,,0.009715016931295395
,,,14942,,0.004410276655107737
,,,14943,,0.0067815473303198814
,,,14944,,0.0043178945779800415
,,,14945,,0.005720717832446098
,,,14946,,0.004549995996057987
,,,14947,,0.004280930384993553
,,,14948,,0.0057905446738004684
,,,14949,,0.004818598739802837
,,,14950,,0.002778185997158289
,,,14951,,0.004272765479981899
,,,14952,,0.009895305149257183
,,,14953,,0.005213125608861446
,,,14954,,0.0028205406852066517
,,,14955,,0.0036288618575781584
,,,14956,,0.0004421639896463603
,,,14957,,0.0008841820526868105
,,,14958,,0.0008462232071906328
,,,14959,,0.000563718203920871
,,,14960,,0.0004877076717093587
,,,14961,,0.0005232549156062305
,,,14962,,0.0003363058785907924
,,,14963,,0.0006648765411227942
,,,14964,,0.00042445026338100433
,,,14965,,0.0006816328386776149
,,,14966,,0.0005871165776625276
,,,14967,,0.0004679483827203512
,,,14968,,0.0006288341246545315
,,,14969,,0.0074670277535915375
,,,14970,,0.009198055602610111
,,,14971,,0.008367303758859634
,,,14972,,0.02554946206510067
,,,14973,,0.017829401418566704
,,,14974,,0.015852320939302444
,,,14975,,0.02805834263563156
,,,14976,,0.025942880660295486
,,,14977,,0.009491943754255772
,,,14978,,0.010590816847980022
,,,14979,,0.010611495934426785
,,,14980,,0.007636450231075287
,,,14981,,0.0091303875669837
,,,14982,,0.010525324381887913
,,,14983,,0.008638319559395313
,,,14984,,0.008828679099678993
,,,14985,,0.009849417954683304
,,,14986,,0.008655641227960587
,,,14987,,0.007546206004917622
,,,14988,,0.007244078442454338
,,,14989,,0.010124631226062775
,,,14990,,0.009649528190493584
,,,14991,,0.010514099150896072
,,,14992,,0.009576239623129368
,,,14993,,0.009053435176610947
,,,14994,,0.012129999697208405
,,,14995,,0.010169366374611855
,,,14996,,0.0077623650431632996
,,,14997,,0.010277785360813141
,,,14998,,0.010214807465672493
,,,14999,,0.007607641629874706
,,,15000,,0.007613652385771275
,,,15001,,0.0063086943700909615
,,,15002,,0.008926368318498135
,,,15003,,0.008289518766105175
,,,15004,,0.00977848656475544
,,,15005,,0.007469428703188896
,,,15006,,0.008351333439350128
,,,15007,,0.008697009645402431
,,,15008,,0.008362488821148872
,,,15009,,0.008347262628376484
,,,15010,,0.008510362356901169
,,,15011,,0.007077324204146862
,,,15012,,0.0071306368336081505
,,,15013,,0.007461154833436012
,,,15014,,0.009744943119585514
,,,15015,,0.008386550471186638
,,,15016,,0.0096262376755476
,,,15017,,0.008559651672840118
,,,15018,,0.009899696335196495
,,,15019,,0.009326827712357044
,,,15020,,0.008738871663808823
,,,15021,,0.008119175210595131
,,,15022,,0.009281618520617485
,,,15023,,0.006200795527547598
,,,15024,,0.0064811743795871735
,,,15025,,0.00562862865626812
,,,15026,,0.005585916806012392
,,,15027,,0.005805701017379761
,,,15028,,0.006373868323862553
,,,15029,,0.005765547044575214
,,,15030,,0.006088596768677235
,,,15031,,0.005645710974931717
,,,15032,,0.005908286198973656
,,,15033,,0.005021186545491219
,,,15034,,0.004801337141543627
,,,15035,,0.005525432527065277
,,,15036,,0.005892208777368069
,,,15037,,0.006053721532225609
,,,15038,,0.005913892295211554
,,,15039,,0.00640246644616127
,,,15040,,0.00629431800916791
,,,15041,,0.006299543660134077
,,,15042,,0.005406426265835762
,,,15043,,0.0054505933076143265
,,,15044,,0.006561022251844406
,,,15045,,0.006137016694992781
,,,15046,,0.006855414714664221
,,,15047,,0.007732602767646313
,,,15048,,0.007026202045381069
,,,15049,,0.007495800033211708
,,,15050,,0.0066270409151911736
,,,15051,,0.005746238864958286
,,,15052,,0.006143180653452873
,,,15053,,0.00853782519698143
,,,15054,,0.0070978268049657345
,,,15055,,0.006052509415894747
,,,15056,,0.008672012947499752
,,,15057,,0.006747912615537643
,,,15058,,0.008351944386959076
,,,15059,,0.0066975015215575695
,,,15060,,0.006241076625883579
,,,15061,,0.007394525688141584
,,,15062,,0.00707341218367219
,,,15063,,0.006230466067790985
,,,15064,,0.007802669890224934
,,,15065,,0.006998847238719463
,,,15066,,0.006614473182708025
,,,15067,,0.0022360538132488728
,,,15068,,0.0021185835357755423
,,,15069,,0.0016045444644987583
,,,15070,,0.0016572659369558096
,,,15071,,0.0013963558012619615
,,,15072,,0.001426240662112832
,,,15073,,0.0018985015340149403
,,,15074,,0.0014559184201061726
,,,15075,,0.0020204121246933937
,,,15076,,0.0017819792265072465
,,,15077,,0.0017017414793372154
,,,15078,,0.0015797230880707502
,,,15079,,0.0015853088116273284
,,,15080,,0.006624984554946423
,,,15081,,0.008058338426053524
,,,15082,,0.007916208356618881
,,,15083,,0.006324748042970896
,,,15084,,0.002811266342177987
,,,15085,,0.02281055599451065
,,,15086,,0.004457791801542044
,,,15087,,0.01866859942674637
,,,15088,,0.007981695234775543
,,,15089,,0.008776430040597916
,,,15090,,0.013712923973798752
,,,15091,,0.01643231511116028
,,,15092,,0.015043888241052628
,,,15093,,0.01473707053810358
,,,15094,,0.01151977013796568
,,,15095,,0.018969673663377762
,,,15096,,0.01628655195236206
,,,15097,,0.0716477781534195
,,,15098,,0.0572686493396759
,,,15099,,0.045999277383089066
,,,15100,,0.05102824419736862
,,,15101,,0.07126504182815552
,,,15102,,0.040860865265131
,,,15103,,0.04678382724523544
,,,15104,,0.05977042019367218
,,,15105,,0.04385076090693474
,,,15106,,0.0546954944729805
,,,15107,,0.04451536387205124
,,,15108,,0.04912419989705086
,,,15109,,0.0592464804649353
,,,15110,,0.05371591076254845
,,,15111,,0.051025353372097015
,,,15112,,0.04971027746796608
,,,15113,,0.025189056992530823
65,,,5345,0.01024656929075718,
65,0.00886479765176773,,5345,,
66,,0.016038931906223297,5349,,
66,,0.009311225265264511,5359,,
66,,0.012990749441087246,5369,,
66,,0.014527635648846626,5379,,
66,,0.008685815148055553,5389,,
66,,0.009960099123418331,5399,,
66,,0.008897529914975166,5409,,
66,,0.013109453022480011,5419,,
,,,15114,,0.0003241610247641802
,,,15115,,0.0002804369723889977
,,,15116,,0.0005268986569717526
,,,15117,,0.0002861719112843275
,,,15118,,0.0005102601135149598
,,,15119,,0.0002478584065102041
,,,15120,,0.0004565314156934619
,,,15121,,0.00023524089192505926
,,,15122,,0.00035547552397474647
,,,15123,,0.00025647360598668456
,,,15124,,0.0006773329223506153
,,,15125,,0.0008652329561300576
,,,15126,,0.0002332130097784102
,,,15127,,0.00032544980058446527
,,,15128,,0.0005229064263403416
,,,15129,,0.0003309867170173675
,,,15130,,0.0006192152504809201
,,,15131,,0.0004742649325635284
,,,15132,,0.0004897929611615837
,,,15133,,0.0009518660372123122
,,,15134,,0.0003312787739560008
,,,15135,,0.00028090618434362113
,,,15136,,0.00022953566804062575
,,,15137,,0.0006377003155648708
,,,15138,,0.0005538827390410006
,,,15139,,0.000497594301123172
,,,15140,,0.0004893633304163814
,,,15141,,0.005128651391714811
,,,15142,,0.015685345977544785
,,,15143,,0.013279370963573456
,,,15144,,0.013047872111201286
,,,15145,,0.014261361211538315
,,,15146,,0.012963256798684597
,,,15147,,0.07103662937879562
,,,15148,,0.02180277556180954
,,,15149,,0.010815887711942196
,,,15150,,0.012842288240790367
,,,15151,,0.00869247317314148
,,,15152,,0.004900043364614248
,,,15153,,0.01132151484489441
,,,15154,,0.007021731231361628
,,,15155,,0.0046289414167404175
,,,15156,,0.011335358954966068
,,,15157,,0.010648595169186592
,,,15158,,0.00529504893347621
,,,15159,,0.013955490663647652
,,,15160,,0.006919670384377241
,,,15161,,0.002590494230389595
,,,15162,,0.007039343938231468
,,,15163,,0.004209698177874088
,,,15164,,0.005349460057914257
,,,15165,,0.007142077200114727
,,,15166,,0.0022647033911198378
,,,15167,,0.005907399579882622
,,,15168,,0.004690120462328196
,,,15169,,0.00979144312441349
,,,15170,,0.009520127438008785
,,,15171,,0.004355934448540211
,,,15172,,0.00658946018666029
,,,15173,,0.004347390960901976
,,,15174,,0.005742544773966074
,,,15175,,0.004526431672275066
,,,15176,,0.004144369158893824
,,,15177,,0.005795435979962349
,,,15178,,0.0047438484616577625
,,,15179,,0.0027820253744721413
,,,15180,,0.004071931354701519
,,,15181,,0.009788939729332924
,,,15182,,0.005159244406968355
,,,15183,,0.0027699791826307774
,,,15184,,0.003582366742193699
,,,15185,,0.0004595684295054525
,,,15186,,0.0009191671852022409
,,,15187,,0.0007968738209456205
,,,15188,,0.000504066701978445
,,,15189,,0.00045095529640093446
,,,15190,,0.0005378432106226683
,,,15191,,0.0003930360253434628
,,,15192,,0.000612904317677021
,,,15193,,0.0004196970257908106
,,,15194,,0.0007032966241240501
,,,15195,,0.00048614692059345543
,,,15196,,0.0005992449005134404
,,,15197,,0.000723085249774158
,,,15198,,0.00753758056089282
,,,15199,,0.009289748966693878
,,,15200,,0.009847812354564667
,,,15201,,0.03297945857048035
,,,15202,,0.025333134457468987
,,,15203,,0.019661011174321175
,,,15204,,0.028314147144556046
,,,15205,,0.026121504604816437
,,,15206,,0.009940780699253082
,,,15207,,0.01109186839312315
,,,15208,,0.011238297447562218
,,,15209,,0.008166911080479622
,,,15210,,0.009725651703774929
,,,15211,,0.011109685525298119
,,,15212,,0.009194114245474339
,,,15213,,0.009431317448616028
,,,15214,,0.010392710566520691
,,,15215,,0.009125100448727608
,,,15216,,0.00813855230808258
,,,15217,,0.007702169008553028
,,,15218,,0.010794265195727348
,,,15219,,0.010249782353639603
,,,15220,,0.011114386841654778
,,,15221,,0.010092165321111679
,,,15222,,0.009618749842047691
,,,15223,,0.012759434059262276
,,,15224,,0.010737830772995949
,,,15225,,0.008285032585263252
,,,15226,,0.010781193152070045
,,,15227,,0.010777909308671951
,,,15228,,0.007599622011184692
,,,15229,,0.007614980451762676
,,,15230,,0.006419268436729908
,,,15231,,0.00934204924851656
,,,15232,,0.008804645389318466
,,,15233,,0.01027331780642271
,,,15234,,0.007840576581656933
,,,15235,,0.00882042944431305
,,,15236,,0.009160606190562248
,,,15237,,0.008896942250430584
,,,15238,,0.008824466727674007
,,,15239,,0.00892986636608839
,,,15240,,0.007475621998310089
,,,15241,,0.0075550805777311325
,,,15242,,0.00785475131124258
,,,15243,,0.010268492624163628
,,,15244,,0.008841166272759438
,,,15245,,0.010101540014147758
,,,15246,,0.009042548015713692
,,,15247,,0.010370819829404354
,,,15248,,0.009813904762268066
,,,15249,,0.009165354073047638
,,,15250,,0.008549856022000313
,,,15251,,0.009785687550902367
,,,15252,,0.006543769501149654
,,,15253,,0.0067709884606301785
,,,15254,,0.005876842420548201
,,,15255,,0.005846204701811075
,,,15256,,0.006104398984462023
,,,15257,,0.006654683500528336
,,,15258,,0.006065101362764835
,,,15259,,0.006266098935157061
,,,15260,,0.005912445485591888
,,,15261,,0.006224368698894978
,,,15262,,0.005280443467199802
,,,15263,,0.005013454705476761
,,,15264,,0.0058090174570679665
,,,15265,,0.006163598038256168
,,,15266,,0.006338326260447502
,,,15267,,0.006194934248924255
,,,15268,,0.0067039597779512405
,,,15269,,0.0065551926381886005
,,,15270,,0.006604470312595367
,,,15271,,0.00568042416125536
,,,15272,,0.005709243938326836
,,,15273,,0.006831482984125614
,,,15274,,0.0065639447420835495
,,,15275,,0.0073699383065104485
,,,15276,,0.008180982433259487
,,,15277,,0.007469757925719023
,,,15278,,0.008018221706151962
,,,15279,,0.007099274545907974
,,,15280,,0.006154583767056465
,,,15281,,0.00660714041441679
,,,15282,,0.009053429588675499
,,,15283,,0.00760093005374074
,,,15284,,0.006542016286402941
,,,15285,,0.009127199649810791
,,,15286,,0.007254218682646751
,,,15287,,0.008964046835899353
,,,15288,,0.007160733453929424
,,,15289,,0.006691083777695894
,,,15290,,0.007850526832044125
,,,15291,,0.00751184206455946
,,,15292,,0.0066588581539690495
,,,15293,,0.008270815946161747
,,,15294,,0.0074880714528262615
,,,15295,,0.007091654930263758
,,,15296,,0.00215591536834836
,,,15297,,0.0020183026790618896
,,,15298,,0.0015082467580214143
,,,15299,,0.001590781845152378
,,,15300,,0.0013353053946048021
,,,15301,,0.0013446053490042686
,,,15302,,0.0017267700750380754
,,,15303,,0.0013859823811799288
,,,15304,,0.0019454800058156252
,,,15305,,0.0016670494806021452
,,,15306,,0.0016271433560177684
,,,15307,,0.001499538542702794
,,,15308,,0.0015098393196240067
,,,15309,,0.0066279759630560875
,,,15310,,0.007650742307305336
,,,15311,,0.007498461753129959
,,,15312,,0.005484796594828367
,,,15313,,0.002854272723197937
,,,15314,,0.022161029279232025
,,,15315,,0.004006896633654833
,,,15316,,0.018289297819137573
,,,15317,,0.008312744088470936
,,,15318,,0.007498173974454403
,,,15319,,0.012595827691257
,,,15320,,0.01591562107205391
,,,15321,,0.015742037445306778
,,,15322,,0.013524733483791351
,,,15323,,0.011544214561581612
,,,15324,,0.01850348338484764
,,,15325,,0.014966827817261219
,,,15326,,0.06898844242095947
,,,15327,,0.054378874599933624
,,,15328,,0.043947912752628326
,,,15329,,0.04929226264357567
,,,15330,,0.06986035406589508
,,,15331,,0.03895295411348343
,,,15332,,0.04487032815814018
,,,15333,,0.05817881599068642
,,,15334,,0.042000606656074524
,,,15335,,0.05289418250322342
,,,15336,,0.042817581444978714
,,,15337,,0.047913845628499985
,,,15338,,0.05770501494407654
,,,15339,,0.05197666585445404
,,,15340,,0.049272362142801285
,,,15341,,0.04777709022164345
,,,15342,,0.024392666295170784
66,,,5426,0.01030678115785122,
66,0.008981364779174328,,5426,,
67,,0.006579662207514048,5429,,
67,,0.00785111729055643,5439,,
67,,0.007472028024494648,5449,,
67,,0.011873546056449413,5459,,
67,,0.008009440265595913,5469,,
67,,0.009597145952284336,5479,,
67,,0.005611610133200884,5489,,
67,,0.013775110244750977,5499,,
,,,15343,,0.00031368457712233067
,,,15344,,0.00026490393793210387
,,,15345,,0.0004926375113427639
,,,15346,,0.0002357421035412699
,,,15347,,0.0004900983767583966
,,,15348,,0.00020427853451110423
,,,15349,,0.000413417728850618
,,,15350,,0.00019460375187918544
,,,15351,,0.00033798551885411143
,,,15352,,0.00022961758077144623
,,,15353,,0.0006127905799075961
,,,15354,,0.000880021951161325
,,,15355,,0.0002168038918171078
,,,15356,,0.0002711620181798935
,,,15357,,0.0004902058281004429
,,,15358,,0.00027204910293221474
,,,15359,,0.0006672492017969489
,,,15360,,0.0004286705225240439
,,,15361,,0.00044467937550507486
,,,15362,,0.0009174268343485892
,,,15363,,0.00029442261438816786
,,,15364,,0.0002490911865606904
,,,15365,,0.00018089005607180297
,,,15366,,0.0005658881273120642
,,,15367,,0.0004829321405850351
,,,15368,,0.0004464456287678331
,,,15369,,0.0004173537017777562
,,,15370,,0.005017571616917849
,,,15371,,0.015485668554902077
,,,15372,,0.013104360550642014
,,,15373,,0.012865988537669182
,,,15374,,0.014103530906140804
,,,15375,,0.012783250771462917
,,,15376,,0.07022856175899506
,,,15377,,0.02158302627503872
,,,15378,,0.010605115443468094
,,,15379,,0.012706589885056019
,,,15380,,0.008537662215530872
,,,15381,,0.004792054183781147
,,,15382,,0.01113683171570301
,,,15383,,0.006919572129845619
,,,15384,,0.004605872090905905
,,,15385,,0.011235281825065613
,,,15386,,0.010543177835643291
,,,15387,,0.0053148819133639336
,,,15388,,0.013807613402605057
,,,15389,,0.006858389358967543
,,,15390,,0.002649490488693118
,,,15391,,0.0069876741617918015
,,,15392,,0.004235167056322098
,,,15393,,0.005336270667612553
,,,15394,,0.007117617409676313
,,,15395,,0.002294266829267144
,,,15396,,0.005920031573623419
,,,15397,,0.004624017979949713
,,,15398,,0.009612280875444412
,,,15399,,0.009450115263462067
,,,15400,,0.004247670061886311
,,,15401,,0.0066078174859285355
,,,15402,,0.004164237529039383
,,,15403,,0.005557290278375149
,,,15404,,0.004447070881724358
,,,15405,,0.004106905311346054
,,,15406,,0.005701197311282158
,,,15407,,0.0046445392072200775
,,,15408,,0.0025969541165977716
,,,15409,,0.003990305121988058
,,,15410,,0.00957690179347992
,,,15411,,0.0049714017659425735
,,,15412,,0.0026025231927633286
,,,15413,,0.0035473122261464596
,,,15414,,0.00034806731855496764
,,,15415,,0.0007352560642175376
,,,15416,,0.000541768386028707
,,,15417,,0.00044226815225556493
,,,15418,,0.0003683885734062642
,,,15419,,0.0003924521734006703
,,,15420,,0.00024090880469884723
,,,15421,,0.00044419054756872356
,,,15422,,0.0002906657464336604
,,,15423,,0.0005347762489691377
,,,15424,,0.00044085163972340524
,,,15425,,0.0005999783170409501
,,,15426,,0.0004787440411746502
,,,15427,,0.007204145193099976
,,,15428,,0.00885377824306488
,,,15429,,0.008232662454247475
,,,15430,,0.02607395127415657
,,,15431,,0.01860009878873825
,,,15432,,0.016314957290887833
,,,15433,,0.02781861275434494
,,,15434,,0.025766409933567047
,,,15435,,0.009422458708286285
,,,15436,,0.010360735468566418
,,,15437,,0.010431604459881783
,,,15438,,0.007483921013772488
,,,15439,,0.00897237565368414
,,,15440,,0.010311088524758816
,,,15441,,0.008460542187094688
,,,15442,,0.00864763930439949
,,,15443,,0.00970985647290945
,,,15444,,0.008484974503517151
,,,15445,,0.007413571700453758
,,,15446,,0.007046148180961609
,,,15447,,0.009937841445207596
,,,15448,,0.009493367746472359
,,,15449,,0.010370773263275623
,,,15450,,0.009378597140312195
,,,15451,,0.008850108832120895
,,,15452,,0.011836794205009937
,,,15453,,0.00994444265961647
,,,15454,,0.007557225413620472
,,,15455,,0.010037457570433617
,,,15456,,0.010043464601039886
,,,15457,,0.007343619130551815
,,,15458,,0.007369397208094597
,,,15459,,0.00619819201529026
,,,15460,,0.008893671445548534
,,,15461,,0.008193661458790302
,,,15462,,0.00963324774056673
,,,15463,,0.007440346758812666
,,,15464,,0.0082590002566576
,,,15465,,0.008765559643507004
,,,15466,,0.00840516947209835
,,,15467,,0.008241161704063416
,,,15468,,0.008528171107172966
,,,15469,,0.007035939022898674
,,,15470,,0.0071769049391150475
,,,15471,,0.007419179659336805
,,,15472,,0.009642661549150944
,,,15473,,0.008344358764588833
,,,15474,,0.009571719914674759
,,,15475,,0.008447857573628426
,,,15476,,0.009848491288721561
,,,15477,,0.009240053594112396
,,,15478,,0.008737349882721901
,,,15479,,0.008018369786441326
,,,15480,,0.009313588961958885
,,,15481,,0.006148689426481724
,,,15482,,0.0064614079892635345
,,,15483,,0.005595237482339144
,,,15484,,0.0054716807790100574
,,,15485,,0.005719834007322788
,,,15486,,0.006401999853551388
,,,15487,,0.005598017945885658
,,,15488,,0.006013513542711735
,,,15489,,0.005537822376936674
,,,15490,,0.0058654360473155975
,,,15491,,0.004988278727978468
,,,15492,,0.00467410683631897
,,,15493,,0.005358711816370487
,,,15494,,0.005835577845573425
,,,15495,,0.00589560205116868
,,,15496,,0.005855102092027664
,,,15497,,0.006237349007278681
,,,15498,,0.00614559231325984
,,,15499,,0.006289619021117687
,,,15500,,0.005335845053195953
,,,15501,,0.005457972176373005
,,,15502,,0.006450376473367214
,,,15503,,0.006011776626110077
,,,15504,,0.006732667330652475
,,,15505,,0.007604627404361963
,,,15506,,0.006907216273248196
,,,15507,,0.007379503920674324
,,,15508,,0.0065013933926820755
,,,15509,,0.0056205322034657
,,,15510,,0.006076131481677294
,,,15511,,0.008380182087421417
,,,15512,,0.0070447660982608795
,,,15513,,0.006001193076372147
,,,15514,,0.008556557819247246
,,,15515,,0.006601616274565458
,,,15516,,0.008289283141493797
,,,15517,,0.006608650553971529
,,,15518,,0.006145779974758625
,,,15519,,0.007233795709908009
,,,15520,,0.006966180633753538
,,,15521,,0.006074867676943541
,,,15522,,0.007685208693146706
,,,15523,,0.0068890308029949665
,,,15524,,0.006508529651910067
,,,15525,,0.0021289456635713577
,,,15526,,0.0020133317448198795
,,,15527,,0.0014718974707648158
,,,15528,,0.0015209646662697196
,,,15529,,0.0013111172011122108
,,,15530,,0.0013168805744498968
,,,15531,,0.0017238378059118986
,,,15532,,0.0013678169343620539
,,,15533,,0.0019469598773866892
,,,15534,,0.0017038204241544008
,,,15535,,0.0016027066158130765
,,,15536,,0.0015016997931525111
,,,15537,,0.0015036540571600199
,,,15538,,0.00684223510324955
,,,15539,,0.008124737069010735
,,,15540,,0.0077940416522324085
,,,15541,,0.0060632070526480675
,,,15542,,0.0026633460074663162
,,,15543,,0.02312527596950531
,,,15544,,0.004068206995725632
,,,15545,,0.017917931079864502
,,,15546,,0.008298703469336033
,,,15547,,0.007823442108929157
,,,15548,,0.013412016443908215
,,,15549,,0.016252290457487106
,,,15550,,0.016196709126234055
,,,15551,,0.014801103621721268
,,,15552,,0.01296862680464983
,,,15553,,0.019922293722629547
,,,15554,,0.014967286959290504
,,,15555,,0.06870537251234055
,,,15556,,0.05388537794351578
,,,15557,,0.04369083046913147
,,,15558,,0.04890543222427368
,,,15559,,0.06917166709899902
,,,15560,,0.038946330547332764
,,,15561,,0.045034632086753845
,,,15562,,0.0582263208925724
,,,15563,,0.041541799902915955
,,,15564,,0.05301855504512787
,,,15565,,0.04253298044204712
,,,15566,,0.04781161621212959
,,,15567,,0.05764010548591614
,,,15568,,0.051610130816698074
,,,15569,,0.04913964122533798
,,,15570,,0.04772547632455826
,,,15571,,0.02485894039273262
67,,,5507,0.009992025792598724,
67,0.008703263476490974,,5507,,
68,,0.007937545888125896,5509,,
68,,0.006785986945033073,5519,,
68,,0.008196545764803886,5529,,
68,,0.009477422572672367,5539,,
68,,0.00518785510212183,5549,,
68,,0.010892757214605808,5559,,
68,,0.008160188794136047,5569,,
68,,0.013023097068071365,5579,,
,,,15572,,0.0015349297318607569
,,,15573,,0.0014417776837944984
,,,15574,,0.0016910139238461852
,,,15575,,0.0014636742416769266
,,,15576,,0.0016374030383303761
,,,15577,,0.0014971300261095166
,,,15578,,0.0017547260504215956
,,,15579,,0.0014256672002375126
,,,15580,,0.0015284568071365356
,,,15581,,0.001554763177409768
,,,15582,,0.001930156140588224
,,,15583,,0.002118803560733795
,,,15584,,0.0015606512315571308
,,,15585,,0.0015247284900397062
,,,15586,,0.0018406000453978777
,,,15587,,0.0015014319214969873
,,,15588,,0.0019173858454450965
,,,15589,,0.001737488666549325
,,,15590,,0.0016150404699146748
,,,15591,,0.0022631429601460695
,,,15592,,0.0016619039233773947
,,,15593,,0.0015347807202488184
,,,15594,,0.0015612757997587323
,,,15595,,0.0018519865116104484
,,,15596,,0.0018288969295099378
,,,15597,,0.0016534613678231835
,,,15598,,0.0016982548404484987
,,,15599,,0.006330128293484449
,,,15600,,0.016882315278053284
,,,15601,,0.014296513050794601
,,,15602,,0.0140555864199996
,,,15603,,0.015298501588404179
,,,15604,,0.014188622124493122
,,,15605,,0.07157617807388306
,,,15606,,0.022977594286203384
,,,15607,,0.012002755887806416
,,,15608,,0.014032356441020966
,,,15609,,0.009932441636919975
,,,15610,,0.006051518023014069
,,,15611,,0.012572955340147018
,,,15612,,0.008421776816248894
,,,15613,,0.006979697849601507
,,,15614,,0.013860371895134449
,,,15615,,0.012967448681592941
,,,15616,,0.007659249473363161
,,,15617,,0.016515418887138367
,,,15618,,0.009410599246621132
,,,15619,,0.0048108589835464954
,,,15620,,0.009469203650951385
,,,15621,,0.006612084340304136
,,,15622,,0.007515206001698971
,,,15623,,0.009528130292892456
,,,15624,,0.004456674680113792
,,,15625,,0.008151797577738762
,,,15626,,0.005681014619767666
,,,15627,,0.010230351239442825
,,,15628,,0.010154642164707184
,,,15629,,0.00471334857866168
,,,15630,,0.00687339948490262
,,,15631,,0.004631070885807276
,,,15632,,0.0059858085587620735
,,,15633,,0.004697859287261963
,,,15634,,0.004374183714389801
,,,15635,,0.005965211428701878
,,,15636,,0.005193651653826237
,,,15637,,0.0032954178750514984
,,,15638,,0.005142522975802422
,,,15639,,0.01021534949541092
,,,15640,,0.005442236550152302
,,,15641,,0.0031742125283926725
,,,15642,,0.004348261281847954
,,,15643,,0.0011502524139359593
,,,15644,,0.0013502921210601926
,,,15645,,0.0007184083224274218
,,,15646,,0.0011480955872684717
,,,15647,,0.0011950114276260138
,,,15648,,0.0012412124779075384
,,,15649,,0.0010967305861413479
,,,15650,,0.000747975951526314
,,,15651,,0.0009781301487237215
,,,15652,,0.0011113763321191072
,,,15653,,0.0011470235185697675
,,,15654,,0.002460918854922056
,,,15655,,0.0012303688563406467
,,,15656,,0.009085545316338539
,,,15657,,0.010738060809671879
,,,15658,,0.009963358752429485
,,,15659,,0.026028260588645935
,,,15660,,0.0184661615639925
,,,15661,,0.016199007630348206
,,,15662,,0.028345026075839996
,,,15663,,0.026088746264576912
,,,15664,,0.01087711937725544
,,,15665,,0.012040453031659126
,,,15666,,0.012200608849525452
,,,15667,,0.009089402854442596
,,,15668,,0.01056208461523056
,,,15669,,0.012033544480800629
,,,15670,,0.010155269876122475
,,,15671,,0.010235583409667015
,,,15672,,0.011452773585915565
,,,15673,,0.010314969345927238
,,,15674,,0.00895970780402422
,,,15675,,0.008709197863936424
,,,15676,,0.011768468655645847
,,,15677,,0.011220308020710945
,,,15678,,0.011925606057047844
,,,15679,,0.011049604043364525
,,,15680,,0.010492846369743347
,,,15681,,0.013618283905088902
,,,15682,,0.011723315343260765
,,,15683,,0.009112605825066566
,,,15684,,0.011707749217748642
,,,15685,,0.011753182858228683
,,,15686,,0.008615339174866676
,,,15687,,0.00876547396183014
,,,15688,,0.007495739031583071
,,,15689,,0.010240713134407997
,,,15690,,0.009840095415711403
,,,15691,,0.011317900381982327
,,,15692,,0.00898841954767704
,,,15693,,0.009813638404011726
,,,15694,,0.010234052315354347
,,,15695,,0.009835848584771156
,,,15696,,0.009832518175244331
,,,15697,,0.010208403691649437
,,,15698,,0.008587159216403961
,,,15699,,0.008751103654503822
,,,15700,,0.009040744043886662
,,,15701,,0.011159773916006088
,,,15702,,0.009942760691046715
,,,15703,,0.011098101735115051
,,,15704,,0.010191189125180244
,,,15705,,0.011547562666237354
,,,15706,,0.010892419144511223
,,,15707,,0.010256439447402954
,,,15708,,0.009591350331902504
,,,15709,,0.01079995185136795
,,,15710,,0.007700625341385603
,,,15711,,0.007919851690530777
,,,15712,,0.007071496918797493
,,,15713,,0.007082195486873388
,,,15714,,0.007116863504052162
,,,15715,,0.007714047096669674
,,,15716,,0.007048005238175392
,,,15717,,0.007411256432533264
,,,15718,,0.007060699630528688
,,,15719,,0.007328548468649387
,,,15720,,0.00626944238319993
,,,15721,,0.006157809868454933
,,,15722,,0.007011103443801403
,,,15723,,0.007459668442606926
,,,15724,,0.007380539085716009
,,,15725,,0.007230210583657026
,,,15726,,0.007845491170883179
,,,15727,,0.00760919414460659
,,,15728,,0.007790036499500275
,,,15729,,0.006718041840940714
,,,15730,,0.006913278251886368
,,,15731,,0.007793325465172529
,,,15732,,0.007205537520349026
,,,15733,,0.007927831262350082
,,,15734,,0.008850567042827606
,,,15735,,0.008017606101930141
,,,15736,,0.008535217493772507
,,,15737,,0.007493313867598772
,,,15738,,0.006617108825594187
,,,15739,,0.00710140448063612
,,,15740,,0.009534131735563278
,,,15741,,0.008155706338584423
,,,15742,,0.006955247838050127
,,,15743,,0.00967752281576395
,,,15744,,0.007708291057497263
,,,15745,,0.009396464563906193
,,,15746,,0.0077100517228245735
,,,15747,,0.007291579619050026
,,,15748,,0.00836492795497179
,,,15749,,0.008055697195231915
,,,15750,,0.0073232343420386314
,,,15751,,0.008862403221428394
,,,15752,,0.007932590320706367
,,,15753,,0.00764581561088562
,,,15754,,0.0030482280999422073
,,,15755,,0.00284578837454319
,,,15756,,0.0023246253840625286
,,,15757,,0.002467488870024681
,,,15758,,0.002248163800686598
,,,15759,,0.002278991276398301
,,,15760,,0.0025636665523052216
,,,15761,,0.002332597505301237
,,,15762,,0.002772421110421419
,,,15763,,0.002585010603070259
,,,15764,,0.0025077611207962036
,,,15765,,0.002403713297098875
,,,15766,,0.0024349212180823088
,,,15767,,0.008271059021353722
,,,15768,,0.00946048367768526
,,,15769,,0.009590182453393936
,,,15770,,0.007515617646276951
,,,15771,,0.00434020534157753
,,,15772,,0.02459944225847721
,,,15773,,0.005634321365505457
,,,15774,,0.020138558000326157
,,,15775,,0.009455368854105473
,,,15776,,0.009465493261814117
,,,15777,,0.01518619991838932
,,,15778,,0.017904477193951607
,,,15779,,0.017078278586268425
,,,15780,,0.01616673544049263
,,,15781,,0.013464835472404957
,,,15782,,0.020250244066119194
,,,15783,,0.016597051173448563
,,,15784,,0.07017537951469421
,,,15785,,0.05548959970474243
,,,15786,,0.044490668922662735
,,,15787,,0.049744416028261185
,,,15788,,0.07071565836668015
,,,15789,,0.039891935884952545
,,,15790,,0.04618155211210251
,,,15791,,0.05905614420771599
,,,15792,,0.04314126819372177
,,,15793,,0.05378265678882599
,,,15794,,0.043730176985263824
,,,15795,,0.04877573251724243
,,,15796,,0.058785609900951385
,,,15797,,0.053153134882450104
,,,15798,,0.05049227550625801
,,,15799,,0.04861649125814438
,,,15800,,0.02527615986764431
68,,,5588,0.011282636784017086,
68,0.008752779103815556,,5588,,
69,,0.008580482564866543,5589,,
69,,0.009324666112661362,5599,,
69,,0.009098747745156288,5609,,
69,,0.008661434054374695,5619,,
69,,0.00812581554055214,5629,,
69,,0.007036217954009771,5639,,
69,,0.004219887778162956,5649,,
69,,0.017463508993387222,5659,,
69,,0.002890483010560274,5669,,
,,,15801,,0.00029213231755420566
,,,15802,,0.00023413350572809577
,,,15803,,0.0004709308850578964
,,,15804,,0.00023430262808687985
,,,15805,,0.0004656626551877707
,,,15806,,0.00020203602616675198
,,,15807,,0.0004467928665690124
,,,15808,,0.0001855342707131058
,,,15809,,0.00031596983899362385
,,,15810,,0.00022746533795725554
,,,15811,,0.0006659842329099774
,,,15812,,0.0009050556109286845
,,,15813,,0.00023691306705586612
,,,15814,,0.00027536111883819103
,,,15815,,0.00048811952001415193
,,,15816,,0.0002878019295167178
,,,15817,,0.0006297299405559897
,,,15818,,0.00047931206063367426
,,,15819,,0.00039127684431150556
,,,15820,,0.0009672514861449599
,,,15821,,0.00028634851332753897
,,,15822,,0.00023556052474305034
,,,15823,,0.0001998065854422748
,,,15824,,0.0005605012411251664
,,,15825,,0.0005158263957127929
,,,15826,,0.0004744519537780434
,,,15827,,0.0004381956241559237
,,,15828,,0.004855789244174957
,,,15829,,0.015323827974498272
,,,15830,,0.012855302542448044
,,,15831,,0.012653556652367115
,,,15832,,0.013912735506892204
,,,15833,,0.012609496712684631
,,,15834,,0.07008713483810425
,,,15835,,0.021383944898843765
,,,15836,,0.01044667512178421
,,,15837,,0.012517628259956837
,,,15838,,0.008391123265028
,,,15839,,0.004624544642865658
,,,15840,,0.010977658443152905
,,,15841,,0.006734694354236126
,,,15842,,0.0044135479256510735
,,,15843,,0.011011186987161636
,,,15844,,0.010327816009521484
,,,15845,,0.005168622359633446
,,,15846,,0.013606764376163483
,,,15847,,0.006688133347779512
,,,15848,,0.002475644228979945
,,,15849,,0.006760844029486179
,,,15850,,0.00402371771633625
,,,15851,,0.005160346627235413
,,,15852,,0.0068857744336128235
,,,15853,,0.0021420747507363558
,,,15854,,0.005693376995623112
,,,15855,,0.0046273041516542435
,,,15856,,0.009672913700342178
,,,15857,,0.00943697988986969
,,,15858,,0.0044153970666229725
,,,15859,,0.0064896345138549805
,,,15860,,0.004214572720229626
,,,15861,,0.005620224867016077
,,,15862,,0.004484542645514011
,,,15863,,0.0040839659050107
,,,15864,,0.005672539584338665
,,,15865,,0.004699809476733208
,,,15866,,0.00270531652495265
,,,15867,,0.004072333686053753
,,,15868,,0.009613621048629284
,,,15869,,0.005108270328491926
,,,15870,,0.002788914367556572
,,,15871,,0.003570307046175003
,,,15872,,0.00033523287856951356
,,,15873,,0.0007176283979788423
,,,15874,,0.0003447560011409223
,,,15875,,0.0003739970561582595
,,,15876,,0.0003447353665251285
,,,15877,,0.0004089658032171428
,,,15878,,0.00026011187583208084
,,,15879,,0.00026624929159879684
,,,15880,,0.0002740121854003519
,,,15881,,0.0004631486372090876
,,,15882,,0.0003577102324925363
,,,15883,,0.0009185710805468261
,,,15884,,0.0004814765998162329
,,,15885,,0.007080324925482273
,,,15886,,0.008663851767778397
,,,15887,,0.007982159033417702
,,,15888,,0.024954915046691895
,,,15889,,0.01744265854358673
,,,15890,,0.015811309218406677
,,,15891,,0.02808563783764839
,,,15892,,0.026150759309530258
,,,15893,,0.00942264311015606
,,,15894,,0.010292645543813705
,,,15895,,0.010243119671940804
,,,15896,,0.0074068158864974976
,,,15897,,0.008818093687295914
,,,15898,,0.010286335833370686
,,,15899,,0.008352121338248253
,,,15900,,0.008556501008570194
,,,15901,,0.009569386951625347
,,,15902,,0.008385570719838142
,,,15903,,0.0073402016423642635
,,,15904,,0.007038009352982044
,,,15905,,0.009860863909125328
,,,15906,,0.009377071633934975
,,,15907,,0.010169348679482937
,,,15908,,0.009253784082829952
,,,15909,,0.008763594552874565
,,,15910,,0.01179810706526041
,,,15911,,0.009870704263448715
,,,15912,,0.00746444147080183
,,,15913,,0.009982554242014885
,,,15914,,0.009978419169783592
,,,15915,,0.00726479385048151
,,,15916,,0.007276616990566254
,,,15917,,0.00607976783066988
,,,15918,,0.00868474505841732
,,,15919,,0.008058367297053337
,,,15920,,0.009458107873797417
,,,15921,,0.007264565676450729
,,,15922,,0.008106875233352184
,,,15923,,0.008478453382849693
,,,15924,,0.008190171793103218
,,,15925,,0.008081452921032906
,,,15926,,0.008285745047032833
,,,15927,,0.006876626051962376
,,,15928,,0.006933485623449087
,,,15929,,0.0072294785641133785
,,,15930,,0.009460242465138435
,,,15931,,0.008185775950551033
,,,15932,,0.009379284456372261
,,,15933,,0.008319121785461903
,,,15934,,0.009665269404649734
,,,15935,,0.009062107652425766
,,,15936,,0.008445140905678272
,,,15937,,0.007845757529139519
,,,15938,,0.009074719622731209
,,,15939,,0.006014727521687746
,,,15940,,0.006308467127382755
,,,15941,,0.0054153865203261375
,,,15942,,0.005360813345760107
,,,15943,,0.005631628446280956
,,,15944,,0.00617891876026988
,,,15945,,0.005586311686784029
,,,15946,,0.005874820984899998
,,,15947,,0.005448934622108936
,,,15948,,0.005793828051537275
,,,15949,,0.0048547787591814995
,,,15950,,0.00458686426281929
,,,15951,,0.005337185692042112
,,,15952,,0.005662202835083008
,,,15953,,0.0058290110900998116
,,,15954,,0.005690885242074728
,,,15955,,0.006291402503848076
,,,15956,,0.006146544590592384
,,,15957,,0.0061154356226325035
,,,15958,,0.0052445996552705765
,,,15959,,0.005289061926305294
,,,15960,,0.006380023900419474
,,,15961,,0.005918840877711773
,,,15962,,0.006631081458181143
,,,15963,,0.0074235848151147366
,,,15964,,0.006739656440913677
,,,15965,,0.007272854447364807
,,,15966,,0.006330505944788456
,,,15967,,0.0054673380218446255
,,,15968,,0.005923993419855833
,,,15969,,0.00824979692697525
,,,15970,,0.006850321777164936
,,,15971,,0.005831223912537098
,,,15972,,0.008343586698174477
,,,15973,,0.006507721729576588
,,,15974,,0.008083107881247997
,,,15975,,0.006438042968511581
,,,15976,,0.006040643434971571
,,,15977,,0.007131928112357855
,,,15978,,0.006815306842327118
,,,15979,,0.005980288609862328
,,,15980,,0.007501944899559021
,,,15981,,0.006727715954184532
,,,15982,,0.0063422610983252525
,,,15983,,0.0019907550886273384
,,,15984,,0.0018426603637635708
,,,15985,,0.0013237923849374056
,,,15986,,0.0014165827305987477
,,,15987,,0.0011953248176723719
,,,15988,,0.0011986178578808904
,,,15989,,0.001559887663461268
,,,15990,,0.0012490934459492564
,,,15991,,0.0017608358757570386
,,,15992,,0.0015118392184376717
,,,15993,,0.0014616833068430424
,,,15994,,0.001413852907717228
,,,15995,,0.0013695253292098641
,,,15996,,0.006548865232616663
,,,15997,,0.007223548833280802
,,,15998,,0.00750736752524972
,,,15999,,0.005731645971536636
,,,16000,,0.0025807726196944714
,,,16001,,0.022012952715158463
,,,16002,,0.004077654331922531
,,,16003,,0.018018759787082672
,,,16004,,0.008481079712510109
,,,16005,,0.007377367466688156
,,,16006,,0.012962858192622662
,,,16007,,0.015765279531478882
,,,16008,,0.015334188006818295
,,,16009,,0.013663054443895817
,,,16010,,0.011342482641339302
,,,16011,,0.019352126866579056
,,,16012,,0.01467859372496605
,,,16013,,0.06847856938838959
,,,16014,,0.054576702415943146
,,,16015,,0.043380897492170334
,,,16016,,0.048691730946302414
,,,16017,,0.0690593272447586
,,,16018,,0.03825400024652481
,,,16019,,0.0446917861700058
,,,16020,,0.05816306173801422
,,,16021,,0.0413510724902153
,,,16022,,0.05302618443965912
,,,16023,,0.04248977079987526
,,,16024,,0.04759921133518219
,,,16025,,0.05790494382381439
,,,16026,,0.051426827907562256
,,,16027,,0.04905746504664421
,,,16028,,0.0474495068192482
,,,16029,,0.0243709534406662
69,,,5669,0.009854115545749664,
69,0.008924528025090694,,5669,,
70,,0.0077383979223668575,5679,,
70,,0.00968126393854618,5689,,
70,,0.0048774974420666695,5699,,
70,,0.007915422320365906,5709,,
70,,0.006633688695728779,5719,,
70,,0.005203070119023323,5729,,
70,,0.008241400122642517,5739,,
70,,0.006777037866413593,5749,,
,,,16030,,0.00029289923259057105
,,,16031,,0.0002337069163331762
,,,16032,,0.0004645261215046048
,,,16033,,0.00022901548072695732
,,,16034,,0.00044722697930410504
,,,16035,,0.00019750907085835934
,,,16036,,0.00043852574890479445
,,,16037,,0.00017894092889036983
,,,16038,,0.00030118910945020616
,,,16039,,0.00022345058096107095
,,,16040,,0.0006377403042279184
,,,16041,,0.0009177436586469412
,,,16042,,0.00021722966630477458
,,,16043,,0.00025662005646154284
,,,16044,,0.000466204626718536
,,,16045,,0.00027406029403209686
,,,16046,,0.000607543159276247
,,,16047,,0.00043212203308939934
,,,16048,,0.00037185708060860634
,,,16049,,0.00093053188174963
,,,16050,,0.00026915810303762555
,,,16051,,0.00021537908469326794
,,,16052,,0.0001888646511361003
,,,16053,,0.0005248089437372983
,,,16054,,0.0004726911138277501
,,,16055,,0.00043775420635938644
,,,16056,,0.0004204298020340502
,,,16057,,0.004874811507761478
,,,16058,,0.015292483381927013
,,,16059,,0.012857509776949883
,,,16060,,0.012649919837713242
,,,16061,,0.013900713063776493
,,,16062,,0.012573878280818462
,,,16063,,0.06976430118083954
,,,16064,,0.02135290578007698
,,,16065,,0.010390806011855602
,,,16066,,0.012506645172834396
,,,16067,,0.008371740579605103
,,,16068,,0.004632795695215464
,,,16069,,0.010924823582172394
,,,16070,,0.006738206371665001
,,,16071,,0.004389768000692129
,,,16072,,0.010868653655052185
,,,16073,,0.010292893275618553
,,,16074,,0.005139466840773821
,,,16075,,0.013582976534962654
,,,16076,,0.006689868867397308
,,,16077,,0.002506864257156849
,,,16078,,0.006753935478627682
,,,16079,,0.004017787519842386
,,,16080,,0.00509520061314106
,,,16081,,0.006823257077485323
,,,16082,,0.0021583763882517815
,,,16083,,0.005723068490624428
,,,16084,,0.004493767861276865
,,,16085,,0.009496472775936127
,,,16086,,0.009280167520046234
,,,16087,,0.004166152328252792
,,,16088,,0.006454101298004389
,,,16089,,0.004195068031549454
,,,16090,,0.005412077531218529
,,,16091,,0.004316460341215134
,,,16092,,0.003940813709050417
,,,16093,,0.005594733636826277
,,,16094,,0.004650588613003492
,,,16095,,0.0025122915394604206
,,,16096,,0.004020749591290951
,,,16097,,0.009409595280885696
,,,16098,,0.004877443425357342
,,,16099,,0.002512700855731964
,,,16100,,0.0035244831815361977
,,,16101,,0.0003374546067789197
,,,16102,,0.0006591688143089414
,,,16103,,0.0003863146994262934
,,,16104,,0.0003204653039574623
,,,16105,,0.00034107029205188155
,,,16106,,0.0003838634002022445
,,,16107,,0.0002361806546105072
,,,16108,,0.00033339904621243477
,,,16109,,0.0002858112857211381
,,,16110,,0.0005229306989349425
,,,16111,,0.00033385155256837606
,,,16112,,0.0008980116108432412
,,,16113,,0.0004581461544148624
,,,16114,,0.007231168448925018
,,,16115,,0.008727655746042728
,,,16116,,0.009104134514927864
,,,16117,,0.029921581968665123
,,,16118,,0.022875387221574783
,,,16119,,0.018376868218183517
,,,16120,,0.027245311066508293
,,,16121,,0.02522161602973938
,,,16122,,0.009228485636413097
,,,16123,,0.010166605934500694
,,,16124,,0.010179650969803333
,,,16125,,0.0072860922664403915
,,,16126,,0.008733147755265236
,,,16127,,0.01022690162062645
,,,16128,,0.008282998576760292
,,,16129,,0.008479060605168343
,,,16130,,0.00952222291380167
,,,16131,,0.008332189172506332
,,,16132,,0.007241696584969759
,,,16133,,0.006992286536842585
,,,16134,,0.009734312072396278
,,,16135,,0.009239966049790382
,,,16136,,0.01012529619038105
,,,16137,,0.009189676493406296
,,,16138,,0.008686056360602379
,,,16139,,0.01167502161115408
,,,16140,,0.009773436933755875
,,,16141,,0.007436357904225588
,,,16142,,0.0099104642868042
,,,16143,,0.00986801739782095
,,,16144,,0.007181876339018345
,,,16145,,0.0071833087131381035
,,,16146,,0.006036817561835051
,,,16147,,0.008596822619438171
,,,16148,,0.008012203499674797
,,,16149,,0.009415597654879093
,,,16150,,0.007276133634150028
,,,16151,,0.008017556741833687
,,,16152,,0.008432525210082531
,,,16153,,0.008071290329098701
,,,16154,,0.007996714673936367
,,,16155,,0.008276007138192654
,,,16156,,0.0067574866116046906
,,,16157,,0.006943231914192438
,,,16158,,0.007245408371090889
,,,16159,,0.00940064899623394
,,,16160,,0.008110265247523785
,,,16161,,0.009273916482925415
,,,16162,,0.008304193615913391
,,,16163,,0.009550529532134533
,,,16164,,0.008994318544864655
,,,16165,,0.008422592654824257
,,,16166,,0.007814435288310051
,,,16167,,0.008993774652481079
,,,16168,,0.006001453381031752
,,,16169,,0.006271563470363617
,,,16170,,0.005460470914840698
,,,16171,,0.005360443610697985
,,,16172,,0.005569674074649811
,,,16173,,0.0062221200205385685
,,,16174,,0.0054902080446481705
,,,16175,,0.0058708637952804565
,,,16176,,0.005403183866292238
,,,16177,,0.005688617005944252
,,,16178,,0.004797203466296196
,,,16179,,0.004607555456459522
,,,16180,,0.00524348858743906
,,,16181,,0.005696944892406464
,,,16182,,0.005759003572165966
,,,16183,,0.005674529820680618
,,,16184,,0.006159773096442223
,,,16185,,0.006032170727849007
,,,16186,,0.006121743470430374
,,,16187,,0.005214774049818516
,,,16188,,0.005345619283616543
,,,16189,,0.006302298046648502
,,,16190,,0.006027808878570795
,,,16191,,0.006757928058505058
,,,16192,,0.007653918117284775
,,,16193,,0.006860882975161076
,,,16194,,0.007360643241554499
,,,16195,,0.006466432940214872
,,,16196,,0.005591549910604954
,,,16197,,0.006039635743945837
,,,16198,,0.008364686742424965
,,,16199,,0.006986548658460379
,,,16200,,0.005931215360760689
,,,16201,,0.008464142680168152
,,,16202,,0.006650559604167938
,,,16203,,0.008188046514987946
,,,16204,,0.006589704193174839
,,,16205,,0.006201484240591526
,,,16206,,0.0071372343227267265
,,,16207,,0.00692782225087285
,,,16208,,0.006188615225255489
,,,16209,,0.007606969214975834
,,,16210,,0.0068236058577895164
,,,16211,,0.006444568280130625
,,,16212,,0.0021598651073873043
,,,16213,,0.001961295958608389
,,,16214,,0.0014942859997972846
,,,16215,,0.0015626754611730576
,,,16216,,0.001312208827584982
,,,16217,,0.0012756413780152798
,,,16218,,0.0017694045091047883
,,,16219,,0.0013624203857034445
,,,16220,,0.0018186102388426661
,,,16221,,0.001637522829696536
,,,16222,,0.0015726934652775526
,,,16223,,0.0014333287253975868
,,,16224,,0.001474886666983366
,,,16225,,0.006384418811649084
,,,16226,,0.008074544370174408
,,,16227,,0.0077999047935009
,,,16228,,0.006080357823520899
,,,16229,,0.0026216134428977966
,,,16230,,0.022447016090154648
,,,16231,,0.004003948997706175
,,,16232,,0.017365669831633568
,,,16233,,0.007851127535104752
,,,16234,,0.0075269839726388454
,,,16235,,0.013635603711009026
,,,16236,,0.017072439193725586
,,,16237,,0.015012707561254501
,,,16238,,0.01429685764014721
,,,16239,,0.012008216232061386
,,,16240,,0.01844904012978077
,,,16241,,0.014811061322689056
,,,16242,,0.06824497878551483
,,,16243,,0.05378330126404762
,,,16244,,0.04252295941114426
,,,16245,,0.04833843186497688
,,,16246,,0.06869107484817505
,,,16247,,0.03773990273475647
,,,16248,,0.044233109802007675
,,,16249,,0.05730590224266052
,,,16250,,0.0414247028529644
,,,16251,,0.05185074359178543
,,,16252,,0.04162299633026123
,,,16253,,0.04661637917160988
,,,16254,,0.0568804107606411
,,,16255,,0.05108311027288437
,,,16256,,0.048069220036268234
,,,16257,,0.047022052109241486
,,,16258,,0.02284163236618042
70,,,5750,0.009860013611614704,
70,0.008510354906320572,,5750,,
71,,0.006086696870625019,5759,,
71,,0.009105689823627472,5769,,
71,,0.01359845232218504,5779,,
71,,0.004519443027675152,5789,,
71,,0.004500146955251694,5799,,
71,,0.011430397629737854,5809,,
71,,0.007350132800638676,5819,,
71,,0.009980515576899052,5829,,
,,,16259,,0.000489391153678298
,,,16260,,0.0005492102354764938
,,,16261,,0.00053491594735533
,,,16262,,0.0005146883195266128
,,,16263,,0.0008558516856282949
,,,16264,,0.00030489059281535447
,,,16265,,0.0006315939826890826
,,,16266,,0.00037003570469096303
,,,16267,,0.0006619743653573096
,,,16268,,0.0004518931091297418
,,,16269,,0.000801358837634325
,,,16270,,0.0007757751736789942
,,,16271,,0.00039382700924761593
,,,16272,,0.0004550478479359299
,,,16273,,0.0005660721799358726
,,,16274,,0.000436379894381389
,,,16275,,0.0008624073816463351
,,,16276,,0.0005540496204048395
,,,16277,,0.0006813969812355936
,,,16278,,0.0009900436270982027
,,,16279,,0.00035282725002616644
,,,16280,,0.0003715909842867404
,,,16281,,0.0003674592589959502
,,,16282,,0.0007060241769067943
,,,16283,,0.0006684313993901014
,,,16284,,0.0006151744164526463
,,,16285,,0.0006103622727096081
,,,16286,,0.005325018428266048
,,,16287,,0.015710853040218353
,,,16288,,0.01324392855167389
,,,16289,,0.013068223372101784
,,,16290,,0.0143278818577528
,,,16291,,0.012867064215242863
,,,16292,,0.07018233835697174
,,,16293,,0.021627318114042282
,,,16294,,0.010750758461654186
,,,16295,,0.012904031202197075
,,,16296,,0.008918825536966324
,,,16297,,0.005157288163900375
,,,16298,,0.011382317170500755
,,,16299,,0.007221227511763573
,,,16300,,0.00488837156444788
,,,16301,,0.011299694888293743
,,,16302,,0.01082469243556261
,,,16303,,0.005402488633990288
,,,16304,,0.013864487409591675
,,,16305,,0.007064406294375658
,,,16306,,0.0029857992194592953
,,,16307,,0.007210865151137114
,,,16308,,0.004483944270759821
,,,16309,,0.005466527305543423
,,,16310,,0.007356400601565838
,,,16311,,0.0028296210803091526
,,,16312,,0.0061284014955163
,,,16313,,0.0050318893045187
,,,16314,,0.009736960753798485
,,,16315,,0.009562521241605282
,,,16316,,0.0045882840640842915
,,,16317,,0.006603051442652941
,,,16318,,0.004393844865262508
,,,16319,,0.005821855738759041
,,,16320,,0.004729419946670532
,,,16321,,0.004333897493779659
,,,16322,,0.005814732052385807
,,,16323,,0.005068887025117874
,,,16324,,0.0029089958406984806
,,,16325,,0.004526880569756031
,,,16326,,0.009770434349775314
,,,16327,,0.005181179381906986
,,,16328,,0.0029988978058099747
,,,16329,,0.0036538010463118553
,,,16330,,0.0004425629158504307
,,,16331,,0.0009018753771670163
,,,16332,,0.0006341363186948001
,,,16333,,0.0005658317822962999
,,,16334,,0.00048459810204803944
,,,16335,,0.0005357227055355906
,,,16336,,0.00032105366699397564
,,,16337,,0.0004883873043581843
,,,16338,,0.00040055642602965236
,,,16339,,0.0006460698787122965
,,,16340,,0.0005667266668751836
,,,16341,,0.0006823212606832385
,,,16342,,0.000589961011428386
,,,16343,,0.00722904410213232
,,,16344,,0.008866636082530022
,,,16345,,0.008214002475142479
,,,16346,,0.02554728090763092
,,,16347,,0.018141549080610275
,,,16348,,0.01603059098124504
,,,16349,,0.027500644326210022
,,,16350,,0.025578193366527557
,,,16351,,0.009430409409105778
,,,16352,,0.010475987568497658
,,,16353,,0.010546223260462284
,,,16354,,0.007770220749080181
,,,16355,,0.009119506925344467
,,,16356,,0.010412508621811867
,,,16357,,0.008670985698699951
,,,16358,,0.00885944813489914
,,,16359,,0.009803537279367447
,,,16360,,0.008582709357142448
,,,16361,,0.007699573878198862
,,,16362,,0.007340508513152599
,,,16363,,0.010090363211929798
,,,16364,,0.009736811742186546
,,,16365,,0.01055687852203846
,,,16366,,0.009558245539665222
,,,16367,,0.00910896435379982
,,,16368,,0.011980071663856506
,,,16369,,0.01017644815146923
,,,16370,,0.007779060862958431
,,,16371,,0.010237561538815498
,,,16372,,0.01026897132396698
,,,16373,,0.007874738425016403
,,,16374,,0.007852515205740929
,,,16375,,0.0065475571900606155
,,,16376,,0.008853374049067497
,,,16377,,0.008335571736097336
,,,16378,,0.009802752174437046
,,,16379,,0.007502487860620022
,,,16380,,0.008374923840165138
,,,16381,,0.008658632636070251
,,,16382,,0.008538888767361641
,,,16383,,0.008417384698987007
,,,16384,,0.00841008871793747
,,,16385,,0.007229509763419628
,,,16386,,0.007151181809604168
,,,16387,,0.00750330463051796
,,,16388,,0.00979926623404026
,,,16389,,0.00841774046421051
,,,16390,,0.009851190261542797
,,,16391,,0.008501142263412476
,,,16392,,0.009860847145318985
,,,16393,,0.009360957890748978
,,,16394,,0.008684348315000534
,,,16395,,0.008134990930557251
,,,16396,,0.00939088873565197
,,,16397,,0.0064156148582696915
,,,16398,,0.00709226168692112
,,,16399,,0.005918821319937706
,,,16400,,0.005988926161080599
,,,16401,,0.006142481695860624
,,,16402,,0.006712015718221664
,,,16403,,0.006191533990204334
,,,16404,,0.006282154005020857
,,,16405,,0.006066637113690376
,,,16406,,0.0065546962432563305
,,,16407,,0.005320786498486996
,,,16408,,0.005054454319179058
,,,16409,,0.006181742064654827
,,,16410,,0.006346065551042557
,,,16411,,0.00661426829174161
,,,16412,,0.0063025495037436485
,,,16413,,0.007029070518910885
,,,16414,,0.006826137192547321
,,,16415,,0.006759196519851685
,,,16416,,0.005816686432808638
,,,16417,,0.005870368331670761
,,,16418,,0.007024151273071766
,,,16419,,0.006196926347911358
,,,16420,,0.006862088572233915
,,,16421,,0.007612123619765043
,,,16422,,0.006912139244377613
,,,16423,,0.007476051338016987
,,,16424,,0.006610172800719738
,,,16425,,0.005746336653828621
,,,16426,,0.006130457390099764
,,,16427,,0.008534641936421394
,,,16428,,0.007028680760413408
,,,16429,,0.006043705623596907
,,,16430,,0.008498532697558403
,,,16431,,0.006775102578103542
,,,16432,,0.008262064307928085
,,,16433,,0.006601790897548199
,,,16434,,0.006205831654369831
,,,16435,,0.007293263450264931
,,,16436,,0.007005384657531977
,,,16437,,0.006166745908558369
,,,16438,,0.007615493610501289
,,,16439,,0.006887226365506649
,,,16440,,0.006587520241737366
,,,16441,,0.0030629769898951054
,,,16442,,0.0028639109805226326
,,,16443,,0.0021093408577144146
,,,16444,,0.0022964798845350742
,,,16445,,0.0017113529611378908
,,,16446,,0.00196844432502985
,,,16447,,0.00260174460709095
,,,16448,,0.001961657078936696
,,,16449,,0.002713815774768591
,,,16450,,0.002585235284641385
,,,16451,,0.002242499031126499
,,,16452,,0.001910221530124545
,,,16453,,0.0022229833994060755
,,,16454,,0.007728126831352711
,,,16455,,0.008412996307015419
,,,16456,,0.008145047351717949
,,,16457,,0.006353965029120445
,,,16458,,0.0031176230404525995
,,,16459,,0.02366788312792778
,,,16460,,0.004501908551901579
,,,16461,,0.018697312101721764
,,,16462,,0.00907711312174797
,,,16463,,0.008227071724832058
,,,16464,,0.014477292075753212
,,,16465,,0.017112094908952713
,,,16466,,0.016583571210503578
,,,16467,,0.015073025599122047
,,,16468,,0.012522958219051361
,,,16469,,0.019077185541391373
,,,16470,,0.01522983331233263
,,,16471,,0.0693720132112503
,,,16472,,0.054658181965351105
,,,16473,,0.043059609830379486
,,,16474,,0.04867340996861458
,,,16475,,0.0686531662940979
,,,16476,,0.038741596043109894
,,,16477,,0.04492519423365593
,,,16478,,0.05791166424751282
,,,16479,,0.04136184602975845
,,,16480,,0.05237668752670288
,,,16481,,0.04287969321012497
,,,16482,,0.04720378667116165
,,,16483,,0.05725502967834473
,,,16484,,0.05165810510516167
,,,16485,,0.04898863658308983
,,,16486,,0.04814368486404419
,,,16487,,0.023419493809342384
71,,,5831,0.010200665332376957,
71,0.008308270946145058,,5831,,
72,,0.006285141222178936,5839,,
72,,0.006053797900676727,5849,,
72,,0.004939452279359102,5859,,
72,,0.007353183813393116,5869,,
72,,0.008700365200638771,5879,,
72,,0.00866333395242691,5889,,
72,,0.007762487977743149,5899,,
72,,0.008266188204288483,5909,,
,,,16488,,0.0004191444022580981
,,,16489,,0.0003671996819321066
,,,16490,,0.0005969888297840953
,,,16491,,0.00028996868059039116
,,,16492,,0.0005082832649350166
,,,16493,,0.0002780539507512003
,,,16494,,0.00048532866640016437
,,,16495,,0.0002913876960519701
,,,16496,,0.00035631749778985977
,,,16497,,0.0003210573340766132
,,,16498,,0.0007275526877492666
,,,16499,,0.0010139900259673595
,,,16500,,0.00035950911114923656
,,,16501,,0.00037182599771767855
,,,16502,,0.0005815126933157444
,,,16503,,0.00036533415550366044
,,,16504,,0.0007509690476581454
,,,16505,,0.0005911750486120582
,,,16506,,0.0004526459670159966
,,,16507,,0.0011579360580071807
,,,16508,,0.00038188137114048004
,,,16509,,0.00032335444120690227
,,,16510,,0.00025158695643767715
,,,16511,,0.0006883760215714574
,,,16512,,0.0006127593223936856
,,,16513,,0.0005780337378382683
,,,16514,,0.0005090569029562175
,,,16515,,0.005092806648463011
,,,16516,,0.015398209914565086
,,,16517,,0.01296870969235897
,,,16518,,0.01277569867670536
,,,16519,,0.014080318622291088
,,,16520,,0.012685060501098633
,,,16521,,0.06941388547420502
,,,16522,,0.021390587091445923
,,,16523,,0.010474275797605515
,,,16524,,0.01265273429453373
,,,16525,,0.008603492751717567
,,,16526,,0.004855652339756489
,,,16527,,0.01111976895481348
,,,16528,,0.0069882674142718315
,,,16529,,0.004520220682024956
,,,16530,,0.01087088230997324
,,,16531,,0.01031922921538353
,,,16532,,0.00520307756960392
,,,16533,,0.013364607468247414
,,,16534,,0.006695827469229698
,,,16535,,0.002601711777970195
,,,16536,,0.006777234375476837
,,,16537,,0.004115488845854998
,,,16538,,0.005237924866378307
,,,16539,,0.0069480398669838905
,,,16540,,0.0023413123562932014
,,,16541,,0.00577147863805294
,,,16542,,0.004956906661391258
,,,16543,,0.009523915126919746
,,,16544,,0.00947123859077692
,,,16545,,0.004729155451059341
,,,16546,,0.0068362015299499035
,,,16547,,0.004786127246916294
,,,16548,,0.005854428745806217
,,,16549,,0.004779941402375698
,,,16550,,0.0045574745163321495
,,,16551,,0.005989565514028072
,,,16552,,0.005114095285534859
,,,16553,,0.0030974445398896933
,,,16554,,0.004384166561067104
,,,16555,,0.009549206122756004
,,,16556,,0.005282137542963028
,,,16557,,0.003144130576401949
,,,16558,,0.0036909403279423714
,,,16559,,0.00042572038364596665
,,,16560,,0.0007504852255806327
,,,16561,,0.0004271168145351112
,,,16562,,0.00041200907435268164
,,,16563,,0.0004597450024448335
,,,16564,,0.00047576375072821975
,,,16565,,0.00037194014294072986
,,,16566,,0.0004335878766141832
,,,16567,,0.0003718885127454996
,,,16568,,0.0005852445028722286
,,,16569,,0.00040979436016641557
,,,16570,,0.0010277715045958757
,,,16571,,0.000596167054027319
,,,16572,,0.006975706201046705
,,,16573,,0.00854339636862278
,,,16574,,0.008017625659704208
,,,16575,,0.02647721767425537
,,,16576,,0.01862720027565956
,,,16577,,0.015996545553207397
,,,16578,,0.02690834552049637
,,,16579,,0.024997733533382416
,,,16580,,0.009070247411727905
,,,16581,,0.009957756847143173
,,,16582,,0.010066930204629898
,,,16583,,0.007124731317162514
,,,16584,,0.008597265928983688
,,,16585,,0.0099885743111372
,,,16586,,0.00813952274620533
,,,16587,,0.00828452780842781
,,,16588,,0.009319890290498734
,,,16589,,0.00820623803883791
,,,16590,,0.007116842083632946
,,,16591,,0.0068388450890779495
,,,16592,,0.00957782007753849
,,,16593,,0.00913069024682045
,,,16594,,0.009878061711788177
,,,16595,,0.00901066791266203
,,,16596,,0.008520787581801414
,,,16597,,0.011486574076116085
,,,16598,,0.009578906930983067
,,,16599,,0.007324211299419403
,,,16600,,0.009673813357949257
,,,16601,,0.00968860276043415
,,,16602,,0.007136175408959389
,,,16603,,0.007183565758168697
,,,16604,,0.005991908721625805
,,,16605,,0.008549010381102562
,,,16606,,0.007950537838041782
,,,16607,,0.00940893404185772
,,,16608,,0.007212694734334946
,,,16609,,0.007997849956154823
,,,16610,,0.008372416719794273
,,,16611,,0.008050831034779549
,,,16612,,0.007969614118337631
,,,16613,,0.008241239935159683
,,,16614,,0.006812674924731255
,,,16615,,0.006931830197572708
,,,16616,,0.007166644558310509
,,,16617,,0.009327017702162266
,,,16618,,0.008071323856711388
,,,16619,,0.009237328544259071
,,,16620,,0.008265260607004166
,,,16621,,0.009540691040456295
,,,16622,,0.008999219164252281
,,,16623,,0.008379381150007248
,,,16624,,0.007758792024105787
,,,16625,,0.008972914889454842
,,,16626,,0.006063864566385746
,,,16627,,0.0063325511291623116
,,,16628,,0.005470935720950365
,,,16629,,0.005370086990296841
,,,16630,,0.005675178486853838
,,,16631,,0.0062979296781122684
,,,16632,,0.005564460065215826
,,,16633,,0.0058601778000593185
,,,16634,,0.005410917103290558
,,,16635,,0.0058535379357635975
,,,16636,,0.004840189591050148
,,,16637,,0.004574768245220184
,,,16638,,0.0052963439375162125
,,,16639,,0.00571941863745451
,,,16640,,0.005818455014377832
,,,16641,,0.005765564274042845
,,,16642,,0.006307367235422134
,,,16643,,0.006005866453051567
,,,16644,,0.00615451205521822
,,,16645,,0.005281907506287098
,,,16646,,0.005347161553800106
,,,16647,,0.006262119859457016
,,,16648,,0.005876678507775068
,,,16649,,0.006546732969582081
,,,16650,,0.007325511425733566
,,,16651,,0.006629146169871092
,,,16652,,0.0071204109117388725
,,,16653,,0.006255578715354204
,,,16654,,0.005398191511631012
,,,16655,,0.005850301589816809
,,,16656,,0.008086886256933212
,,,16657,,0.006749215070158243
,,,16658,,0.0057694814167916775
,,,16659,,0.008188368752598763
,,,16660,,0.006395974196493626
,,,16661,,0.00795363262295723
,,,16662,,0.0062996153719723225
,,,16663,,0.005923856981098652
,,,16664,,0.007009854540228844
,,,16665,,0.006749212276190519
,,,16666,,0.0059245615266263485
,,,16667,,0.007391167804598808
,,,16668,,0.006596283055841923
,,,16669,,0.0062526799738407135
,,,16670,,0.002028808230534196
,,,16671,,0.0019387133652344346
,,,16672,,0.0014128442853689194
,,,16673,,0.001473908545449376
,,,16674,,0.0013305781176313758
,,,16675,,0.0012932548997923732
,,,16676,,0.0016451097326353192
,,,16677,,0.0013504616217687726
,,,16678,,0.0018472480587661266
,,,16679,,0.0015991615364328027
,,,16680,,0.0015937676653265953
,,,16681,,0.001547421095892787
,,,16682,,0.001479390892200172
,,,16683,,0.007132137194275856
,,,16684,,0.008108893409371376
,,,16685,,0.008190375752747059
,,,16686,,0.006312045268714428
,,,16687,,0.0030079553835093975
,,,16688,,0.023468567058444023
,,,16689,,0.0041261776350438595
,,,16690,,0.0183250792324543
,,,16691,,0.008417557924985886
,,,16692,,0.00826181285083294
,,,16693,,0.013407167047262192
,,,16694,,0.01628216914832592
,,,16695,,0.016983166337013245
,,,16696,,0.015591735020279884
,,,16697,,0.012995120137929916
,,,16698,,0.01970932073891163
,,,16699,,0.015197599306702614
,,,16700,,0.06923215091228485
,,,16701,,0.054473377764225006
,,,16702,,0.043479591608047485
,,,16703,,0.049240972846746445
,,,16704,,0.06943382322788239
,,,16705,,0.03845880180597305
,,,16706,,0.04460667818784714
,,,16707,,0.05789928883314133
,,,16708,,0.04190558195114136
,,,16709,,0.05242417752742767
,,,16710,,0.04281434044241905
,,,16711,,0.04699883610010147
,,,16712,,0.05797527730464935
,,,16713,,0.051678117364645004
,,,16714,,0.04949701577425003
,,,16715,,0.04805982485413551
,,,16716,,0.02303921990096569
72,,,5912,0.009927571751177311,
72,0.008685587905347347,,5912,,
73,,0.004710468463599682,5919,,
73,,0.01422255951911211,5929,,
73,,0.005149177275598049,5939,,
73,,0.02670764923095703,5949,,
73,,0.008621403016149998,5959,,
73,,0.006636146456003189,5969,,
73,,0.007364386226981878,5979,,
73,,0.006633754353970289,5989,,
,,,16717,,0.00039344149990938604
,,,16718,,0.0003312877961434424
,,,16719,,0.0005017964285798371
,,,16720,,0.00034398515708744526
,,,16721,,0.0008034361526370049
,,,16722,,0.0002698765601962805
,,,16723,,0.0005142092704772949
,,,16724,,0.0002847739087883383
,,,16725,,0.00046176990144886076
,,,16726,,0.0003242713864892721
,,,16727,,0.0007153624901548028
,,,16728,,0.0007905928650870919
,,,16729,,0.00030460627749562263
,,,16730,,0.0003923263866454363
,,,16731,,0.0005601045559160411
,,,16732,,0.00034282091655768454
,,,16733,,0.0007947377162054181
,,,16734,,0.0005482812412083149
,,,16735,,0.0005551642389036715
,,,16736,,0.0010503190569579601
,,,16737,,0.0003500760649330914
,,,16738,,0.0002997028059326112
,,,16739,,0.00027247206890024245
,,,16740,,0.0006401760037988424
,,,16741,,0.0006127757369540632
,,,16742,,0.0005060168914496899
,,,16743,,0.0005123192677274346
,,,16744,,0.0050240736454725266
,,,16745,,0.015361780300736427
,,,16746,,0.012852015905082226
,,,16747,,0.012698623351752758
,,,16748,,0.014072315767407417
,,,16749,,0.012619206681847572
,,,16750,,0.06969961524009705
,,,16751,,0.021379901096224785
,,,16752,,0.010481031611561775
,,,16753,,0.012589788064360619
,,,16754,,0.008588811382651329
,,,16755,,0.004777049645781517
,,,16756,,0.011137878522276878
,,,16757,,0.006900724023580551
,,,16758,,0.004636290017515421
,,,16759,,0.010986939072608948
,,,16760,,0.010529642924666405
,,,16761,,0.005266397260129452
,,,16762,,0.013580837287008762
,,,16763,,0.006875598803162575
,,,16764,,0.0027498211711645126
,,,16765,,0.006936538964509964
,,,16766,,0.004206380806863308
,,,16767,,0.005368274636566639
,,,16768,,0.0070843687281012535
,,,16769,,0.0024945088662207127
,,,16770,,0.0059325131587684155
,,,16771,,0.005004114471375942
,,,16772,,0.010207058861851692
,,,16773,,0.009903188794851303
,,,16774,,0.005055797286331654
,,,16775,,0.0069332364946603775
,,,16776,,0.004930682945996523
,,,16777,,0.0062977708876132965
,,,16778,,0.005043101496994495
,,,16779,,0.00471474789083004
,,,16780,,0.006063882727175951
,,,16781,,0.005517772398889065
,,,16782,,0.003287913976237178
,,,16783,,0.004622498527169228
,,,16784,,0.010316913947463036
,,,16785,,0.005549579858779907
,,,16786,,0.0037823915481567383
,,,16787,,0.004201618954539299
,,,16788,,0.0004618779639713466
,,,16789,,0.0009327006991952658
,,,16790,,0.00033979129511862993
,,,16791,,0.000524770061019808
,,,16792,,0.00046218291390687227
,,,16793,,0.0005502564599737525
,,,16794,,0.0003707081777974963
,,,16795,,0.0002967344771604985
,,,16796,,0.0003857024130411446
,,,16797,,0.0005821682279929519
,,,16798,,0.0004842037451453507
,,,16799,,0.001199620310217142
,,,16800,,0.0006439628195948899
,,,16801,,0.008180718868970871
,,,16802,,0.009802944958209991
,,,16803,,0.008849571458995342
,,,16804,,0.02499629743397236
,,,16805,,0.01746816188097
,,,16806,,0.016662849113345146
,,,16807,,0.02994576469063759
,,,16808,,0.027895933017134666
,,,16809,,0.009885248728096485
,,,16810,,0.010268479585647583
,,,16811,,0.010394206270575523
,,,16812,,0.007488719187676907
,,,16813,,0.008877663873136044
,,,16814,,0.01016929466277361
,,,16815,,0.008488349616527557
,,,16816,,0.008592978119850159
,,,16817,,0.009607771411538124
,,,16818,,0.008432485163211823
,,,16819,,0.0074509731493890285
,,,16820,,0.00716412952169776
,,,16821,,0.009923504665493965
,,,16822,,0.00947149470448494
,,,16823,,0.010268877260386944
,,,16824,,0.009355193935334682
,,,16825,,0.00888834148645401
,,,16826,,0.011681446805596352
,,,16827,,0.009930942207574844
,,,16828,,0.007527202367782593
,,,16829,,0.009959389455616474
,,,16830,,0.009973667562007904
,,,16831,,0.007167643401771784
,,,16832,,0.007244562730193138
,,,16833,,0.00606531323865056
,,,16834,,0.008673843927681446
,,,16835,,0.008128499612212181
,,,16836,,0.009643051773309708
,,,16837,,0.0073961056768894196
,,,16838,,0.008247066289186478
,,,16839,,0.008555718697607517
,,,16840,,0.00824636872857809
,,,16841,,0.008172270841896534
,,,16842,,0.008383598178625107
,,,16843,,0.007055266760289669
,,,16844,,0.0071204970590770245
,,,16845,,0.007444649003446102
,,,16846,,0.009523997083306313
,,,16847,,0.008262884803116322
,,,16848,,0.00947742722928524
,,,16849,,0.008382286876440048
,,,16850,,0.009791437536478043
,,,16851,,0.009220953099429607
,,,16852,,0.00862060859799385
,,,16853,,0.008014710620045662
,,,16854,,0.009111300110816956
,,,16855,,0.006051486358046532
,,,16856,,0.006224562413990498
,,,16857,,0.005406884476542473
,,,16858,,0.0054153576493263245
,,,16859,,0.005595148075371981
,,,16860,,0.006146584637463093
,,,16861,,0.005559950135648251
,,,16862,,0.00580469099804759
,,,16863,,0.005475835874676704
,,,16864,,0.005658286157995462
,,,16865,,0.004775227978825569
,,,16866,,0.004691385198384523
,,,16867,,0.005316552240401506
,,,16868,,0.005783615633845329
,,,16869,,0.005781563464552164
,,,16870,,0.00568598136305809
,,,16871,,0.0061368695460259914
,,,16872,,0.00602704705670476
,,,16873,,0.0060675074346363544
,,,16874,,0.005213676951825619
,,,16875,,0.005292236339300871
,,,16876,,0.006225232500582933
,,,16877,,0.0059845638461411
,,,16878,,0.006648308597505093
,,,16879,,0.007480945438146591
,,,16880,,0.006717348471283913
,,,16881,,0.00723193259909749
,,,16882,,0.006316977087408304
,,,16883,,0.0055138180032372475
,,,16884,,0.005958649329841137
,,,16885,,0.008194906637072563
,,,16886,,0.0068541886284947395
,,,16887,,0.005838241893798113
,,,16888,,0.008268896490335464
,,,16889,,0.006515623070299625
,,,16890,,0.008020594716072083
,,,16891,,0.0064132302068173885
,,,16892,,0.006024482194334269
,,,16893,,0.007110596634447575
,,,16894,,0.0067635150626301765
,,,16895,,0.006057395599782467
,,,16896,,0.007508092559874058
,,,16897,,0.006704345345497131
,,,16898,,0.0063478066585958
,,,16899,,0.002278192900121212
,,,16900,,0.0021469229832291603
,,,16901,,0.0015152376145124435
,,,16902,,0.0016107731498777866
,,,16903,,0.0013187432195991278
,,,16904,,0.0013990363804623485
,,,16905,,0.0017963388236239552
,,,16906,,0.0014508141903206706
,,,16907,,0.002073484705761075
,,,16908,,0.0018729409202933311
,,,16909,,0.0017306286608800292
,,,16910,,0.0016066659009084105
,,,16911,,0.0015710759907960892
,,,16912,,0.00726538710296154
,,,16913,,0.008253074251115322
,,,16914,,0.008535061031579971
,,,16915,,0.006464841775596142
,,,16916,,0.0028193413745611906
,,,16917,,0.023238005116581917
,,,16918,,0.004534879699349403
,,,16919,,0.01909763552248478
,,,16920,,0.00822469126433134
,,,16921,,0.00820156279951334
,,,16922,,0.014361897483468056
,,,16923,,0.01810811460018158
,,,16924,,0.01653372310101986
,,,16925,,0.015138467773795128
,,,16926,,0.01251649297773838
,,,16927,,0.01988128386437893
,,,16928,,0.015000875107944012
,,,16929,,0.06849870085716248
,,,16930,,0.05431022495031357
,,,16931,,0.04343340918421745
,,,16932,,0.04824715107679367
,,,16933,,0.06886481493711472
,,,16934,,0.038654401898384094
,,,16935,,0.045075610280036926
,,,16936,,0.05694974958896637
,,,16937,,0.041464269161224365
,,,16938,,0.05339144170284271
,,,16939,,0.04230209439992905
,,,16940,,0.04712476208806038
,,,16941,,0.05702008679509163
,,,16942,,0.05172653868794441
,,,16943,,0.0489848367869854
,,,16944,,0.04742971807718277
,,,16945,,0.02427014335989952
73,,,5993,0.010048853233456612,
73,0.00938656460493803,,5993,,
74,,0.010743976570665836,5999,,
74,,0.005734477192163467,6009,,
74,,0.010883490554988384,6019,,
74,,0.010497791692614555,6029,,
74,,0.0042001730762422085,6039,,
74,,0.010994819924235344,6049,,
74,,0.007954596541821957,6059,,
74,,0.009405995719134808,6069,,
,,,16946,,0.0007864136714488268
,,,16947,,0.0007165784481912851
,,,16948,,0.0008301566704176366
,,,16949,,0.0007006453815847635
,,,16950,,0.0009914860129356384
,,,16951,,0.0006152048008516431
,,,16952,,0.0009184150258079171
,,,16953,,0.0006370056071318686
,,,16954,,0.0008128827903419733
,,,16955,,0.0006781401461921632
,,,16956,,0.001027585007250309
,,,16957,,0.0011059432290494442
,,,16958,,0.0007177129155024886
,,,16959,,0.000757800240535289
,,,16960,,0.0009567222441546619
,,,16961,,0.0007522786036133766
,,,16962,,0.001154920901171863
,,,16963,,0.0008933654753491282
,,,16964,,0.0009414629312232137
,,,16965,,0.0013511499855667353
,,,16966,,0.0007542112143710256
,,,16967,,0.0006852818187326193
,,,16968,,0.000674782320857048
,,,16969,,0.0009758775122463703
,,,16970,,0.0009789064060896635
,,,16971,,0.0009233581367880106
,,,16972,,0.0009212002623826265
,,,16973,,0.005895058158785105
,,,16974,,0.01635454222559929
,,,16975,,0.013842529617249966
,,,16976,,0.013594997115433216
,,,16977,,0.01489960215985775
,,,16978,,0.013696064241230488
,,,16979,,0.06991028785705566
,,,16980,,0.022300776094198227
,,,16981,,0.011457229033112526
,,,16982,,0.013522638007998466
,,,16983,,0.009536055848002434
,,,16984,,0.005769314244389534
,,,16985,,0.01215209811925888
,,,16986,,0.007884785532951355
,,,16987,,0.005870344582945108
,,,16988,,0.011950623244047165
,,,16989,,0.011599678546190262
,,,16990,,0.0063332449644804
,,,16991,,0.014595651999115944
,,,16992,,0.007968739606440067
,,,16993,,0.0038708881475031376
,,,16994,,0.00808221660554409
,,,16995,,0.005470070987939835
,,,16996,,0.006514126434922218
,,,16997,,0.008161574602127075
,,,16998,,0.0035793401766568422
,,,16999,,0.007043599151074886
,,,17000,,0.005100434646010399
,,,17001,,0.009703465737402439
,,,17002,,0.009632296860218048
,,,17003,,0.004420062992721796
,,,17004,,0.006607238203287125
,,,17005,,0.004409533925354481
,,,17006,,0.0058212182484567165
,,,17007,,0.004487752914428711
,,,17008,,0.004040190018713474
,,,17009,,0.005883450619876385
,,,17010,,0.004870409145951271
,,,17011,,0.00272734509781003
,,,17012,,0.004806275945156813
,,,17013,,0.009654268622398376
,,,17014,,0.0051068454049527645
,,,17015,,0.0028240177780389786
,,,17016,,0.00414001289755106
,,,17017,,0.0010166546562686563
,,,17018,,0.001500720507465303
,,,17019,,0.0005867154686711729
,,,17020,,0.0009644079254940152
,,,17021,,0.0009758643573150039
,,,17022,,0.0010946050751954317
,,,17023,,0.0009890564251691103
,,,17024,,0.0006884949980303645
,,,17025,,0.000985115417279303
,,,17026,,0.0010983730899170041
,,,17027,,0.000864113331772387
,,,17028,,0.0021037631668150425
,,,17029,,0.0011863220715895295
,,,17030,,0.008084558881819248
,,,17031,,0.009526588954031467
,,,17032,,0.010195962153375149
,,,17033,,0.03084571659564972
,,,17034,,0.02308981865644455
,,,17035,,0.018531136214733124
,,,17036,,0.027065133675932884
,,,17037,,0.02503933012485504
,,,17038,,0.009334754198789597
,,,17039,,0.009967687539756298
,,,17040,,0.01001046784222126
,,,17041,,0.007329687010496855
,,,17042,,0.008718930184841156
,,,17043,,0.010009795427322388
,,,17044,,0.008301950991153717
,,,17045,,0.008449757471680641
,,,17046,,0.009381163865327835
,,,17047,,0.00831315666437149
,,,17048,,0.00727245956659317
,,,17049,,0.0070099662989377975
,,,17050,,0.009659869596362114
,,,17051,,0.00920790433883667
,,,17052,,0.009936725720763206
,,,17053,,0.009121041744947433
,,,17054,,0.008677834644913673
,,,17055,,0.01144774816930294
,,,17056,,0.009626256301999092
,,,17057,,0.00746909249573946
,,,17058,,0.009726284071803093
,,,17059,,0.00980810821056366
,,,17060,,0.007641133852303028
,,,17061,,0.007764231413602829
,,,17062,,0.006443831603974104
,,,17063,,0.008576490916311741
,,,17064,,0.007977806031703949
,,,17065,,0.009429284371435642
,,,17066,,0.007327372208237648
,,,17067,,0.008116398938000202
,,,17068,,0.00845111720263958
,,,17069,,0.00816307496279478
,,,17070,,0.008024217560887337
,,,17071,,0.008337362669408321
,,,17072,,0.007005786523222923
,,,17073,,0.0070281801745295525
,,,17074,,0.007304898463189602
,,,17075,,0.00934571772813797
,,,17076,,0.008121107704937458
,,,17077,,0.009299462661147118
,,,17078,,0.008285685442388058
,,,17079,,0.009544618427753448
,,,17080,,0.008985882624983788
,,,17081,,0.008515994064509869
,,,17082,,0.007838636636734009
,,,17083,,0.009019622579216957
,,,17084,,0.006090386770665646
,,,17085,,0.006241349503397942
,,,17086,,0.005484269931912422
,,,17087,,0.005410663317888975
,,,17088,,0.005651732906699181
,,,17089,,0.006229217164218426
,,,17090,,0.005579052492976189
,,,17091,,0.005845528561621904
,,,17092,,0.005435172934085131
,,,17093,,0.005730089265853167
,,,17094,,0.0049520316533744335
,,,17095,,0.004673006944358349
,,,17096,,0.005310509353876114
,,,17097,,0.005736019462347031
,,,17098,,0.005766457412391901
,,,17099,,0.0057162875309586525
,,,17100,,0.006157430354505777
,,,17101,,0.00604496244341135
,,,17102,,0.006085671950131655
,,,17103,,0.005282681435346603
,,,17104,,0.00531341414898634
,,,17105,,0.006253641098737717
,,,17106,,0.006230637431144714
,,,17107,,0.006927041336894035
,,,17108,,0.007603392004966736
,,,17109,,0.006986543536186218
,,,17110,,0.007464633788913488
,,,17111,,0.006613126955926418
,,,17112,,0.005803776904940605
,,,17113,,0.00624264357611537
,,,17114,,0.008348782546818256
,,,17115,,0.007120107300579548
,,,17116,,0.006157714873552322
,,,17117,,0.008492551743984222
,,,17118,,0.0067824143916368484
,,,17119,,0.00820200890302658
,,,17120,,0.006698955781757832
,,,17121,,0.006349010393023491
,,,17122,,0.0073191397823393345
,,,17123,,0.007049993611872196
,,,17124,,0.006310403812676668
,,,17125,,0.007701156660914421
,,,17126,,0.006978826597332954
,,,17127,,0.006669292226433754
,,,17128,,0.0030363460537046194
,,,17129,,0.0026973187923431396
,,,17130,,0.0022953727748245
,,,17131,,0.0025469190441071987
,,,17132,,0.002466911217197776
,,,17133,,0.0023744089994579554
,,,17134,,0.002526181749999523
,,,17135,,0.0023799538612365723
,,,17136,,0.002786553231999278
,,,17137,,0.0025435900315642357
,,,17138,,0.0025513670407235622
,,,17139,,0.0027263471856713295
,,,17140,,0.0023803289514034986
,,,17141,,0.0071688489988446236
,,,17142,,0.007986404933035374
,,,17143,,0.008006280288100243
,,,17144,,0.0065214382484555244
,,,17145,,0.0031806454062461853
,,,17146,,0.02186577394604683
,,,17147,,0.004383692517876625
,,,17148,,0.017747391015291214
,,,17149,,0.008861184120178223
,,,17150,,0.007808836176991463
,,,17151,,0.013085217215120792
,,,17152,,0.01622457057237625
,,,17153,,0.015637848526239395
,,,17154,,0.014846711419522762
,,,17155,,0.012157686054706573
,,,17156,,0.019527897238731384
,,,17157,,0.014565763995051384
,,,17158,,0.06697951257228851
,,,17159,,0.05300384387373924
,,,17160,,0.042287006974220276
,,,17161,,0.047475628554821014
,,,17162,,0.06759265810251236
,,,17163,,0.03767121583223343
,,,17164,,0.04395456984639168
,,,17165,,0.05647085979580879
,,,17166,,0.041234444826841354
,,,17167,,0.05165274068713188
,,,17168,,0.04197556525468826
,,,17169,,0.046160727739334106
,,,17170,,0.05662848427891731
,,,17171,,0.051243335008621216
,,,17172,,0.04782084375619888
,,,17173,,0.04663560539484024
,,,17174,,0.02373870462179184
74,,,6074,0.01019088551402092,
74,0.008523534052073956,,6074,,
75,,0.005398042965680361,6079,,
75,,0.005848350003361702,6089,,
75,,0.012298133224248886,6099,,
75,,0.004439454525709152,6109,,
75,,0.004647873342037201,6119,,
75,,0.00888859387487173,6129,,
75,,0.011995111592113972,6139,,
75,,0.008098510093986988,6149,,
,,,17175,,0.000504069437738508
,,,17176,,0.0004348216752987355
,,,17177,,0.0005937702371738851
,,,17178,,0.000402746198233217
,,,17179,,0.0006585277151316404
,,,17180,,0.000350373302353546
,,,17181,,0.0006003101589158177
,,,17182,,0.0003648953861556947
,,,17183,,0.00046157650649547577
,,,17184,,0.0004026491369586438
,,,17185,,0.0007611348992213607
,,,17186,,0.0008794308523647487
,,,17187,,0.0004294430837035179
,,,17188,,0.00043900960008613765
,,,17189,,0.0006243978859856725
,,,17190,,0.0004537272616289556
,,,17191,,0.000796688545960933
,,,17192,,0.0006004177266731858
,,,17193,,0.0005926423473283648
,,,17194,,0.0010590390302240849
,,,17195,,0.0004414048162288964
,,,17196,,0.00040538283064961433
,,,17197,,0.0003658481000456959
,,,17198,,0.0007215713849291205
,,,17199,,0.0006509404629468918
,,,17200,,0.0006255895714275539
,,,17201,,0.0005846744170412421
,,,17202,,0.004995472263544798
,,,17203,,0.015264805406332016
,,,17204,,0.012810569256544113
,,,17205,,0.012638169340789318
,,,17206,,0.013886804692447186
,,,17207,,0.012637772597372532
,,,17208,,0.06829328835010529
,,,17209,,0.021214116364717484
,,,17210,,0.010406596586108208
,,,17211,,0.012525312602519989
,,,17212,,0.008484601974487305
,,,17213,,0.004794818349182606
,,,17214,,0.011031650006771088
,,,17215,,0.006893371697515249
,,,17216,,0.004624601919203997
,,,17217,,0.010790670290589333
,,,17218,,0.010297675617039204
,,,17219,,0.0052042268216609955
,,,17220,,0.013331728987395763
,,,17221,,0.006723135709762573
,,,17222,,0.0026997877284884453
,,,17223,,0.0067784665152430534
,,,17224,,0.004218020010739565
,,,17225,,0.005310438573360443
,,,17226,,0.00702271331101656
,,,17227,,0.0025229533202946186
,,,17228,,0.0058655524626374245
,,,17229,,0.004432317800819874
,,,17230,,0.00919090025126934
,,,17231,,0.00899484008550644
,,,17232,,0.004003678448498249
,,,17233,,0.006160144694149494
,,,17234,,0.003993543796241283
,,,17235,,0.005335717927664518
,,,17236,,0.004162827041000128
,,,17237,,0.0037714261561632156
,,,17238,,0.005443941801786423
,,,17239,,0.004479490220546722
,,,17240,,0.002498003887012601
,,,17241,,0.0039013419300317764
,,,17242,,0.009112674742937088
,,,17243,,0.004764930345118046
,,,17244,,0.002527679083868861
,,,17245,,0.003606380894780159
,,,17246,,0.0005294919828884304
,,,17247,,0.0009086887584999204
,,,17248,,0.0004053152515552938
,,,17249,,0.0005276690935716033
,,,17250,,0.000541559187695384
,,,17251,,0.0006024971371516585
,,,17252,,0.0005014993366785347
,,,17253,,0.0003838776610791683
,,,17254,,0.00048661770415492356
,,,17255,,0.0006589734111912549
,,,17256,,0.0005126409232616425
,,,17257,,0.0013110812287777662
,,,17258,,0.0007039305055513978
,,,17259,,0.006663063541054726
,,,17260,,0.008049476891756058
,,,17261,,0.00744723342359066
,,,17262,,0.023512382060289383
,,,17263,,0.01629505306482315
,,,17264,,0.01436967309564352
,,,17265,,0.025790393352508545
,,,17266,,0.0238223597407341
,,,17267,,0.00871146097779274
,,,17268,,0.009672952815890312
,,,17269,,0.009702205657958984
,,,17270,,0.0069825369864702225
,,,17271,,0.008355321362614632
,,,17272,,0.00964752770960331
,,,17273,,0.007951980456709862
,,,17274,,0.008117493242025375
,,,17275,,0.009062081575393677
,,,17276,,0.0078588193282485
,,,17277,,0.006920401938259602
,,,17278,,0.0066548921167850494
,,,17279,,0.009306630119681358
,,,17280,,0.00886248517781496
,,,17281,,0.009641200304031372
,,,17282,,0.008805208839476109
,,,17283,,0.008352411910891533
,,,17284,,0.011066662147641182
,,,17285,,0.009301080368459225
,,,17286,,0.007142570335417986
,,,17287,,0.009419940412044525
,,,17288,,0.009413836523890495
,,,17289,,0.006888340227305889
,,,17290,,0.006964290048927069
,,,17291,,0.005811762996017933
,,,17292,,0.008297724649310112
,,,17293,,0.0076658353209495544
,,,17294,,0.00907420925796032
,,,17295,,0.00700780563056469
,,,17296,,0.00777930673211813
,,,17297,,0.008129013702273369
,,,17298,,0.007878472097218037
,,,17299,,0.0076840100809931755
,,,17300,,0.007963251322507858
,,,17301,,0.0066509367898106575
,,,17302,,0.006691257935017347
,,,17303,,0.006963969208300114
,,,17304,,0.009000212885439396
,,,17305,,0.007785162888467312
,,,17306,,0.00896109826862812
,,,17307,,0.00790478941053152
,,,17308,,0.009146739728748798
,,,17309,,0.00861847959458828
,,,17310,,0.008203987032175064
,,,17311,,0.007505095098167658
,,,17312,,0.008645846508443356
,,,17313,,0.005738804582506418
,,,17314,,0.00592161575332284
,,,17315,,0.005142742767930031
,,,17316,,0.005142255686223507
,,,17317,,0.005331459455192089
,,,17318,,0.0058730486780405045
,,,17319,,0.005275217816233635
,,,17320,,0.005487985908985138
,,,17321,,0.005138491280376911
,,,17322,,0.00539746880531311
,,,17323,,0.004578511230647564
,,,17324,,0.004341748543083668
,,,17325,,0.005024489015340805
,,,17326,,0.00541769340634346
,,,17327,,0.0054468149319291115
,,,17328,,0.005398751702159643
,,,17329,,0.0058310022577643394
,,,17330,,0.005715632811188698
,,,17331,,0.005795064847916365
,,,17332,,0.004945306573063135
,,,17333,,0.004997613374143839
,,,17334,,0.005938631482422352
,,,17335,,0.005666499957442284
,,,17336,,0.006351018324494362
,,,17337,,0.0070656668394804
,,,17338,,0.006387790665030479
,,,17339,,0.006894906051456928
,,,17340,,0.006000301335006952
,,,17341,,0.005163928493857384
,,,17342,,0.005632494576275349
,,,17343,,0.00782107561826706
,,,17344,,0.006548010744154453
,,,17345,,0.005498464684933424
,,,17346,,0.007978642359375954
,,,17347,,0.00620898837223649
,,,17348,,0.007746038027107716
,,,17349,,0.0061610545963048935
,,,17350,,0.005723054986447096
,,,17351,,0.006768357940018177
,,,17352,,0.006470492575317621
,,,17353,,0.005695796571671963
,,,17354,,0.007191089913249016
,,,17355,,0.006415246054530144
,,,17356,,0.006045225076377392
,,,17357,,0.00219784677028656
,,,17358,,0.0020053773187100887
,,,17359,,0.0015317879151552916
,,,17360,,0.0016696879174560308
,,,17361,,0.0015350395115092397
,,,17362,,0.0014781416393816471
,,,17363,,0.0017981681739911437
,,,17364,,0.0015065923798829317
,,,17365,,0.0019661523401737213
,,,17366,,0.0017298072343692183
,,,17367,,0.0017136991955339909
,,,17368,,0.0017223602626472712
,,,17369,,0.0016026825178414583
,,,17370,,0.006477367598563433
,,,17371,,0.007651110645383596
,,,17372,,0.007611439563333988
,,,17373,,0.005996848456561565
,,,17374,,0.0027838004752993584
,,,17375,,0.02198985032737255
,,,17376,,0.0040480028837919235
,,,17377,,0.017771106213331223
,,,17378,,0.008443700149655342
,,,17379,,0.007563185412436724
,,,17380,,0.012842279858887196
,,,17381,,0.01612969860434532
,,,17382,,0.014694590121507645
,,,17383,,0.013627126812934875
,,,17384,,0.011608729138970375
,,,17385,,0.01803344115614891
,,,17386,,0.014355944469571114
,,,17387,,0.06717956811189651
,,,17388,,0.05281461402773857
,,,17389,,0.04173341393470764
,,,17390,,0.04690294712781906
,,,17391,,0.067196324467659
,,,17392,,0.03699871525168419
,,,17393,,0.04338277131319046
,,,17394,,0.056109294295310974
,,,17395,,0.04045918211340904
,,,17396,,0.05096203833818436
,,,17397,,0.04132486879825592
,,,17398,,0.04571058601140976
,,,17399,,0.055771615356206894
,,,17400,,0.05017276853322983
,,,17401,,0.04703659564256668
,,,17402,,0.04599199816584587
,,,17403,,0.02344142459332943
75,,,6155,0.009561092592775822,
75,0.008164828643202782,,6155,,
76,,0.012075845152139664,6159,,
76,,0.00793693121522665,6169,,
76,,0.007895205169916153,6179,,
76,,0.00700119836255908,6189,,
76,,0.006126688793301582,6199,,
76,,0.010536529123783112,6209,,
76,,0.005566372536122799,6219,,
76,,0.009011893533170223,6229,,
,,,17404,,0.0009593928698450327
,,,17405,,0.0009118227753788233
,,,17406,,0.0011888451408594847
,,,17407,,0.0009974490385502577
,,,17408,,0.001246269210241735
,,,17409,,0.000979572650976479
,,,17410,,0.001235357252880931
,,,17411,,0.0009001744911074638
,,,17412,,0.0010374544654041529
,,,17413,,0.0009709646692499518
,,,17414,,0.0013878082390874624
,,,17415,,0.001583307282999158
,,,17416,,0.0008845577831380069
,,,17417,,0.0009357668459415436
,,,17418,,0.0010660906555131078
,,,17419,,0.0009181526256725192
,,,17420,,0.0012024053139612079
,,,17421,,0.001031582592986524
,,,17422,,0.0010219172108918428
,,,17423,,0.0013866389635950327
,,,17424,,0.0009371715132147074
,,,17425,,0.0008575202664360404
,,,17426,,0.0008728991379030049
,,,17427,,0.0012055099941790104
,,,17428,,0.001139319036155939
,,,17429,,0.0009951272513717413
,,,17430,,0.0011068200692534447
,,,17431,,0.00560649624094367
,,,17432,,0.015843182802200317
,,,17433,,0.01350213773548603
,,,17434,,0.01328049972653389
,,,17435,,0.014552267268300056
,,,17436,,0.013217293657362461
,,,17437,,0.0686415582895279
,,,17438,,0.021814029663801193
,,,17439,,0.01104743406176567
,,,17440,,0.013162831775844097
,,,17441,,0.009000190533697605
,,,17442,,0.005352469626814127
,,,17443,,0.01156312134116888
,,,17444,,0.007518812548369169
,,,17445,,0.005320318043231964
,,,17446,,0.011588813737034798
,,,17447,,0.010838533751666546
,,,17448,,0.006148679181933403
,,,17449,,0.014096807688474655
,,,17450,,0.007497633807361126
,,,17451,,0.0036020211409777403
,,,17452,,0.007501022424548864
,,,17453,,0.005131492391228676
,,,17454,,0.006019700318574905
,,,17455,,0.007779961451888084
,,,17456,,0.0031673861667513847
,,,17457,,0.006666238885372877
,,,17458,,0.005548194516450167
,,,17459,,0.009910669177770615
,,,17460,,0.00938190147280693
,,,17461,,0.00496328342705965
,,,17462,,0.006844419054687023
,,,17463,,0.004768885672092438
,,,17464,,0.0060690282844007015
,,,17465,,0.0051366304978728294
,,,17466,,0.005064243450760841
,,,17467,,0.006002594716846943
,,,17468,,0.005545085296034813
,,,17469,,0.0035482211969792843
,,,17470,,0.004527601879090071
,,,17471,,0.009777899831533432
,,,17472,,0.00551140122115612
,,,17473,,0.003954221494495869
,,,17474,,0.0042204116471111774
,,,17475,,0.001288165571168065
,,,17476,,0.0016903567593544722
,,,17477,,0.0019138762727379799
,,,17478,,0.001398766995407641
,,,17479,,0.001282113022170961
,,,17480,,0.0012951865792274475
,,,17481,,0.0010834322310984135
,,,17482,,0.001662942231632769
,,,17483,,0.0011947422754019499
,,,17484,,0.001537072705104947
,,,17485,,0.001431856770068407
,,,17486,,0.0008190072258003056
,,,17487,,0.0013785397168248892
,,,17488,,0.006678169127553701
,,,17489,,0.008114267140626907
,,,17490,,0.009873643517494202
,,,17491,,0.03943901136517525
,,,17492,,0.030156195163726807
,,,17493,,0.021756593137979507
,,,17494,,0.02649696357548237
,,,17495,,0.024434661492705345
,,,17496,,0.008957267738878727
,,,17497,,0.009691398590803146
,,,17498,,0.009845703840255737
,,,17499,,0.007152894511818886
,,,17500,,0.00847645290195942
,,,17501,,0.009755362756550312
,,,17502,,0.007985302247107029
,,,17503,,0.008212322369217873
,,,17504,,0.009185785427689552
,,,17505,,0.00800381787121296
,,,17506,,0.006942314095795155
,,,17507,,0.00675924913957715
,,,17508,,0.009452896192669868
,,,17509,,0.009055639617145061
,,,17510,,0.009842995554208755
,,,17511,,0.008896522223949432
,,,17512,,0.008406165987253189
,,,17513,,0.01122642308473587
,,,17514,,0.009430045261979103
,,,17515,,0.007271126843988895
,,,17516,,0.00948437862098217
,,,17517,,0.00954560749232769
,,,17518,,0.006983787752687931
,,,17519,,0.006938807666301727
,,,17520,,0.005914226174354553
,,,17521,,0.008488479070365429
,,,17522,,0.007947108708322048
,,,17523,,0.009290117770433426
,,,17524,,0.007181981578469276
,,,17525,,0.007988504134118557
,,,17526,,0.008371930569410324
,,,17527,,0.008045855909585953
,,,17528,,0.007897431030869484
,,,17529,,0.008197138085961342
,,,17530,,0.006773460656404495
,,,17531,,0.006852466147392988
,,,17532,,0.007146819494664669
,,,17533,,0.009219502098858356
,,,17534,,0.007997243665158749
,,,17535,,0.009149998426437378
,,,17536,,0.008132904767990112
,,,17537,,0.009419763460755348
,,,17538,,0.00882858969271183
,,,17539,,0.008337533101439476
,,,17540,,0.007716731633991003
,,,17541,,0.008853862062096596
,,,17542,,0.005936247296631336
,,,17543,,0.006260997615754604
,,,17544,,0.00540117034688592
,,,17545,,0.005415237508714199
,,,17546,,0.00558844767510891
,,,17547,,0.006188363768160343
,,,17548,,0.0055090030655264854
,,,17549,,0.005797377787530422
,,,17550,,0.005446579772979021
,,,17551,,0.005710872355848551
,,,17552,,0.004891286604106426
,,,17553,,0.004669339396059513
,,,17554,,0.00531198363751173
,,,17555,,0.005715776700526476
,,,17556,,0.005800577811896801
,,,17557,,0.005713704042136669
,,,17558,,0.006181888282299042
,,,17559,,0.00611170195043087
,,,17560,,0.006154241971671581
,,,17561,,0.0051882523111999035
,,,17562,,0.005398863926529884
,,,17563,,0.006299260538071394
,,,17564,,0.00595551822334528
,,,17565,,0.006621450185775757
,,,17566,,0.00735354982316494
,,,17567,,0.006700819358229637
,,,17568,,0.007212548982352018
,,,17569,,0.006267581135034561
,,,17570,,0.005528695415705442
,,,17571,,0.0059068272821605206
,,,17572,,0.008068033494055271
,,,17573,,0.006795553490519524
,,,17574,,0.005825504660606384
,,,17575,,0.00825441163033247
,,,17576,,0.006563697941601276
,,,17577,,0.008016252890229225
,,,17578,,0.006410771980881691
,,,17579,,0.006030878983438015
,,,17580,,0.007063042838126421
,,,17581,,0.006816737353801727
,,,17582,,0.0060033961199223995
,,,17583,,0.00746739050373435
,,,17584,,0.0066734966821968555
,,,17585,,0.006411111913621426
,,,17586,,0.0029901359230279922
,,,17587,,0.0029109541792422533
,,,17588,,0.002449762774631381
,,,17589,,0.002445308957248926
,,,17590,,0.002256773877888918
,,,17591,,0.0021953857503831387
,,,17592,,0.0026343241333961487
,,,17593,,0.0022630798630416393
,,,17594,,0.002834693295881152
,,,17595,,0.0025031897239387035
,,,17596,,0.0024881684221327305
,,,17597,,0.0023899590596556664
,,,17598,,0.002407947788015008
,,,17599,,0.0071425605565309525
,,,17600,,0.00904046930372715
,,,17601,,0.008918842300772667
,,,17602,,0.007859710603952408
,,,17603,,0.0034770870115607977
,,,17604,,0.023438647389411926
,,,17605,,0.004694040864706039
,,,17606,,0.017320821061730385
,,,17607,,0.009490243159234524
,,,17608,,0.007990003563463688
,,,17609,,0.014914944767951965
,,,17610,,0.018776562064886093
,,,17611,,0.016499806195497513
,,,17612,,0.014986868016421795
,,,17613,,0.012924517504870892
,,,17614,,0.02022586017847061
,,,17615,,0.015367124229669571
,,,17616,,0.06753543764352798
,,,17617,,0.05297486484050751
,,,17618,,0.04245651140809059
,,,17619,,0.048180557787418365
,,,17620,,0.06834942102432251
,,,17621,,0.03807341307401657
,,,17622,,0.04379371553659439
,,,17623,,0.0566825270652771
,,,17624,,0.04104270786046982
,,,17625,,0.051742762327194214
,,,17626,,0.04213815927505493
,,,17627,,0.04669734090566635
,,,17628,,0.05693598836660385
,,,17629,,0.05083480477333069
,,,17630,,0.047702766954898834
,,,17631,,0.046980421990156174
,,,17632,,0.02412698045372963
76,,,6236,0.010270634666085243,
76,0.008133497089147568,,6236,,
77,,0.015285980887711048,6239,,
77,,0.008076298050582409,6249,,
77,,0.01078987680375576,6259,,
77,,0.00849723257124424,6269,,
77,,0.010585185140371323,6279,,
77,,0.0066239433363080025,6289,,
77,,0.008966885507106781,6299,,
77,,0.007780557498335838,6309,,
,,,17633,,0.00036246998934075236
,,,17634,,0.00037214558687992394
,,,17635,,0.00048598553985357285
,,,17636,,0.0004030552809126675
,,,17637,,0.0006280512316152453
,,,17638,,0.00029095663921907544
,,,17639,,0.0006267441203817725
,,,17640,,0.00031796557595953345
,,,17641,,0.0004906048416160047
,,,17642,,0.0003508744412101805
,,,17643,,0.0007446686504408717
,,,17644,,0.000769944628700614
,,,17645,,0.00029016181360930204
,,,17646,,0.00036870469921268523
,,,17647,,0.0005363927921280265
,,,17648,,0.00045433122431859374
,,,17649,,0.0007594560738652945
,,,17650,,0.0005496363155543804
,,,17651,,0.0007334764814004302
,,,17652,,0.0008283753413707018
,,,17653,,0.00035135276266373694
,,,17654,,0.0003286906867288053
,,,17655,,0.00035105255665257573
,,,17656,,0.0006887015188112855
,,,17657,,0.0006188882980495691
,,,17658,,0.0005272412090562284
,,,17659,,0.0005500284023582935
,,,17660,,0.004862749949097633
,,,17661,,0.01506837084889412
,,,17662,,0.012661352753639221
,,,17663,,0.012509843334555626
,,,17664,,0.013779226690530777
,,,17665,,0.012397734448313713
,,,17666,,0.06791309267282486
,,,17667,,0.020969795063138008
,,,17668,,0.01023371983319521
,,,17669,,0.0123564712703228
,,,17670,,0.008281443268060684
,,,17671,,0.004638391546905041
,,,17672,,0.010840047150850296
,,,17673,,0.006742352154105902
,,,17674,,0.00435403548181057
,,,17675,,0.010509717278182507
,,,17676,,0.009954208508133888
,,,17677,,0.005089896265417337
,,,17678,,0.013040882535278797
,,,17679,,0.00653360690921545
,,,17680,,0.0026263920590281487
,,,17681,,0.006573398597538471
,,,17682,,0.004109053406864405
,,,17683,,0.005098193418234587
,,,17684,,0.006765371188521385
,,,17685,,0.00234451936557889
,,,17686,,0.0057142917066812515
,,,17687,,0.0044092582538723946
,,,17688,,0.008826673030853271
,,,17689,,0.008552380837500095
,,,17690,,0.0038237294647842646
,,,17691,,0.005840318743139505
,,,17692,,0.0037449479568749666
,,,17693,,0.00505047244951129
,,,17694,,0.003901946358382702
,,,17695,,0.0036471919156610966
,,,17696,,0.0051109520718455315
,,,17697,,0.004322407767176628
,,,17698,,0.002417172770947218
,,,17699,,0.0037211815360933542
,,,17700,,0.008762558922171593
,,,17701,,0.004469180479645729
,,,17702,,0.0024642767384648323
,,,17703,,0.0032037338241934776
,,,17704,,0.00040409230859950185
,,,17705,,0.0008311979472637177
,,,17706,,0.0008271338883787394
,,,17707,,0.0005778680788353086
,,,17708,,0.00047080221702344716
,,,17709,,0.0004941548686474562
,,,17710,,0.0002762578660622239
,,,17711,,0.0005695026484318078
,,,17712,,0.00037659192457795143
,,,17713,,0.0006213524611666799
,,,17714,,0.0006156994495540857
,,,17715,,0.0004368457302916795
,,,17716,,0.0005681859911419451
,,,17717,,0.006508581805974245
,,,17718,,0.008055076003074646
,,,17719,,0.007562233600765467
,,,17720,,0.024786245077848434
,,,17721,,0.01777104288339615
,,,17722,,0.015364171005785465
,,,17723,,0.02634945884346962
,,,17724,,0.0241930540651083
,,,17725,,0.00870375707745552
,,,17726,,0.009270068258047104
,,,17727,,0.00928411353379488
,,,17728,,0.006745466496795416
,,,17729,,0.00801527313888073
,,,17730,,0.009340580552816391
,,,17731,,0.007626556791365147
,,,17732,,0.007771187927573919
,,,17733,,0.008732471615076065
,,,17734,,0.0075935376808047295
,,,17735,,0.006628686562180519
,,,17736,,0.006375025026500225
,,,17737,,0.008983280509710312
,,,17738,,0.008580822497606277
,,,17739,,0.00921185314655304
,,,17740,,0.008459849283099174
,,,17741,,0.00796594936400652
,,,17742,,0.010708033107221127
,,,17743,,0.008999640122056007
,,,17744,,0.00682576559484005
,,,17745,,0.009027039632201195
,,,17746,,0.00908761564642191
,,,17747,,0.0068277036771178246
,,,17748,,0.006812218576669693
,,,17749,,0.0056800018064677715
,,,17750,,0.00797494687139988
,,,17751,,0.007433338090777397
,,,17752,,0.008758545853197575
,,,17753,,0.006725044921040535
,,,17754,,0.007444364950060844
,,,17755,,0.007812513038516045
,,,17756,,0.0075312028639018536
,,,17757,,0.00742467911913991
,,,17758,,0.007690398022532463
,,,17759,,0.006299964152276516
,,,17760,,0.006410620175302029
,,,17761,,0.0066857896745204926
,,,17762,,0.008734668605029583
,,,17763,,0.00751993153244257
,,,17764,,0.008610604330897331
,,,17765,,0.007691654376685619
,,,17766,,0.008875894360244274
,,,17767,,0.008342091925442219
,,,17768,,0.007831249386072159
,,,17769,,0.007231696508824825
,,,17770,,0.008384430781006813
,,,17771,,0.005590529181063175
,,,17772,,0.00582063989713788
,,,17773,,0.005048120394349098
,,,17774,,0.005005660001188517
,,,17775,,0.005196957383304834
,,,17776,,0.0058031100779771805
,,,17777,,0.00513681722804904
,,,17778,,0.005394172854721546
,,,17779,,0.005021482706069946
,,,17780,,0.005294277332723141
,,,17781,,0.004466896876692772
,,,17782,,0.0042554656974971294
,,,17783,,0.004887747578322887
,,,17784,,0.005296122282743454
,,,17785,,0.005341697484254837
,,,17786,,0.005278177559375763
,,,17787,,0.005741342902183533
,,,17788,,0.005629406310617924
,,,17789,,0.005708741024136543
,,,17790,,0.004848663695156574
,,,17791,,0.004914012737572193
,,,17792,,0.005860210862010717
,,,17793,,0.005523104220628738
,,,17794,,0.0062027256935834885
,,,17795,,0.0069290827959775925
,,,17796,,0.006252839230000973
,,,17797,,0.006782813463360071
,,,17798,,0.005908497609198093
,,,17799,,0.005129748024046421
,,,17800,,0.005548716057091951
,,,17801,,0.007637742906808853
,,,17802,,0.006398831494152546
,,,17803,,0.005406729411333799
,,,17804,,0.0078040859661996365
,,,17805,,0.00608584051951766
,,,17806,,0.007501584943383932
,,,17807,,0.005996329709887505
,,,17808,,0.005620433017611504
,,,17809,,0.006564650684595108
,,,17810,,0.006313915830105543
,,,17811,,0.005625734105706215
,,,17812,,0.006959236692637205
,,,17813,,0.006239511072635651
,,,17814,,0.0059078047052025795
,,,17815,,0.0020844736136496067
,,,17816,,0.001989270094782114
,,,17817,,0.001540494617074728
,,,17818,,0.0015988571103662252
,,,17819,,0.0013091783039271832
,,,17820,,0.0013245225418359041
,,,17821,,0.0017726253718137741
,,,17822,,0.0013894601725041866
,,,17823,,0.0018674673046916723
,,,17824,,0.0016657726373523474
,,,17825,,0.0015900107100605965
,,,17826,,0.0013938534539192915
,,,17827,,0.0014987124595791101
,,,17828,,0.006518162786960602
,,,17829,,0.0074979946948587894
,,,17830,,0.007762066088616848
,,,17831,,0.005986717063933611
,,,17832,,0.0027869076002389193
,,,17833,,0.021215705201029778
,,,17834,,0.004163706675171852
,,,17835,,0.017341241240501404
,,,17836,,0.008326551876962185
,,,17837,,0.0073702577501535416
,,,17838,,0.012434044852852821
,,,17839,,0.015818264335393906
,,,17840,,0.015341732650995255
,,,17841,,0.014521006494760513
,,,17842,,0.01176642719656229
,,,17843,,0.01847001165151596
,,,17844,,0.014277664944529533
,,,17845,,0.06656159460544586
,,,17846,,0.0523410439491272
,,,17847,,0.041438028216362
,,,17848,,0.047079235315322876
,,,17849,,0.06742194294929504
,,,17850,,0.0368264839053154
,,,17851,,0.042838018387556076
,,,17852,,0.05525433272123337
,,,17853,,0.04013681039214134
,,,17854,,0.05057590827345848
,,,17855,,0.04044659435749054
,,,17856,,0.04532923921942711
,,,17857,,0.05565619468688965
,,,17858,,0.04992780089378357
,,,17859,,0.046329669654369354
,,,17860,,0.04574497789144516
,,,17861,,0.022858981043100357
77,,,6317,0.00941420253366232,
77,0.008504712022840977,,6317,,
78,,0.008387597277760506,6319,,
78,,0.0063527654856443405,6329,,
78,,0.007835280150175095,6339,,
78,,0.006937951780855656,6349,,
78,,0.003766480600461364,6359,,
78,,0.009285921230912209,6369,,
78,,0.006639476865530014,6379,,
78,,0.0030551492236554623,6389,,
,,,17862,,0.0006135206203907728
,,,17863,,0.0005677639273926616
,,,17864,,0.0006479282747022808
,,,17865,,0.0005231241229921579
,,,17866,,0.0008326226961798966
,,,17867,,0.0004291815566830337
,,,17868,,0.0006816351087763906
,,,17869,,0.00047550321323797107
,,,17870,,0.0006191763677634299
,,,17871,,0.0005148829659447074
,,,17872,,0.0008562558796256781
,,,17873,,0.0010493379086256027
,,,17874,,0.00053454062435776
,,,17875,,0.0005093674408271909
,,,17876,,0.0006913463585078716
,,,17877,,0.0005224483320489526
,,,17878,,0.0009162285714410245
,,,17879,,0.000649028574116528
,,,17880,,0.0007049539708532393
,,,17881,,0.0011031923349946737
,,,17882,,0.00048534563393332064
,,,17883,,0.00048137278645299375
,,,17884,,0.0004425350925885141
,,,17885,,0.0007722257869318128
,,,17886,,0.0007660191040486097
,,,17887,,0.0006811994826421142
,,,17888,,0.0006351435440592468
,,,17889,,0.005325203761458397
,,,17890,,0.015452247112989426
,,,17891,,0.013000521808862686
,,,17892,,0.012896191328763962
,,,17893,,0.014193334616720676
,,,17894,,0.012858111411333084
,,,17895,,0.06816329061985016
,,,17896,,0.021386215463280678
,,,17897,,0.010680049657821655
,,,17898,,0.012815090827643871
,,,17899,,0.008834125474095345
,,,17900,,0.00512352678924799
,,,17901,,0.011356146074831486
,,,17902,,0.0071414560079574585
,,,17903,,0.004877128638327122
,,,17904,,0.01089857704937458
,,,17905,,0.0104605071246624
,,,17906,,0.0054090311750769615
,,,17907,,0.013400080613791943
,,,17908,,0.007000950165092945
,,,17909,,0.0030104101169854403
,,,17910,,0.006970436777919531
,,,17911,,0.004472416825592518
,,,17912,,0.005459873005747795
,,,17913,,0.007255787029862404
,,,17914,,0.0027986110653728247
,,,17915,,0.006095863878726959
,,,17916,,0.0043895966373384
,,,17917,,0.008908521384000778
,,,17918,,0.008670438081026077
,,,17919,,0.0038266442716121674
,,,17920,,0.0058821821585297585
,,,17921,,0.0038225161843001842
,,,17922,,0.005054822191596031
,,,17923,,0.0040162429213523865
,,,17924,,0.003641720162704587
,,,17925,,0.005238921381533146
,,,17926,,0.00430759321898222
,,,17927,,0.0023842330556362867
,,,17928,,0.003987927455455065
,,,17929,,0.00874033011496067
,,,17930,,0.004475320223718882
,,,17931,,0.002368616871535778
,,,17932,,0.0036193218547850847
,,,17933,,0.0006514695705845952
,,,17934,,0.0009984179632738233
,,,17935,,0.00032859540078788996
,,,17936,,0.0006157548632472754
,,,17937,,0.0006401018472388387
,,,17938,,0.0007079016650095582
,,,17939,,0.0006771592888981104
,,,17940,,0.00039680153713561594
,,,17941,,0.0006320947431959212
,,,17942,,0.0007454928127117455
,,,17943,,0.0005683001363649964
,,,17944,,0.0017288712551817298
,,,17945,,0.0007949382998049259
,,,17946,,0.006563541479408741
,,,17947,,0.007926111109554768
,,,17948,,0.00781964510679245
,,,17949,,0.025982918217778206
,,,17950,,0.01915796473622322
,,,17951,,0.015494388528168201
,,,17952,,0.0251222625374794
,,,17953,,0.02318478375673294
,,,17954,,0.008595086634159088
,,,17955,,0.009422464296221733
,,,17956,,0.009533594362437725
,,,17957,,0.006821497809141874
,,,17958,,0.008178912103176117
,,,17959,,0.00949075073003769
,,,17960,,0.007811285555362701
,,,17961,,0.007867990992963314
,,,17962,,0.008911985903978348
,,,17963,,0.007793182507157326
,,,17964,,0.00672594178467989
,,,17965,,0.006474665831774473
,,,17966,,0.009210419841110706
,,,17967,,0.008722079917788506
,,,17968,,0.009393427520990372
,,,17969,,0.008621037937700748
,,,17970,,0.008143413811922073
,,,17971,,0.01089780405163765
,,,17972,,0.009148252196609974
,,,17973,,0.006970075890421867
,,,17974,,0.00918632186949253
,,,17975,,0.00925953034311533
,,,17976,,0.006850968115031719
,,,17977,,0.006936017423868179
,,,17978,,0.005728153511881828
,,,17979,,0.00801100954413414
,,,17980,,0.0075188977643847466
,,,17981,,0.008858597837388515
,,,17982,,0.006812618114054203
,,,17983,,0.0075699565932154655
,,,17984,,0.007892352528870106
,,,17985,,0.007626301143318415
,,,17986,,0.007519042119383812
,,,17987,,0.007817476987838745
,,,17988,,0.006392167415469885
,,,17989,,0.006535789929330349
,,,17990,,0.006845549680292606
,,,17991,,0.008775822818279266
,,,17992,,0.007612241432070732
,,,17993,,0.008716732263565063
,,,17994,,0.007824400439858437
,,,17995,,0.008953689597547054
,,,17996,,0.00846856739372015
,,,17997,,0.00795584823936224
,,,17998,,0.007338028401136398
,,,17999,,0.008457078598439693
,,,18000,,0.005694408901035786
,,,18001,,0.005885248072445393
,,,18002,,0.00514460913836956
,,,18003,,0.00511077418923378
,,,18004,,0.005263441242277622
,,,18005,,0.005883490201085806
,,,18006,,0.005200460087507963
,,,18007,,0.005468491930514574
,,,18008,,0.005139979533851147
,,,18009,,0.005391168408095837
,,,18010,,0.004535838961601257
,,,18011,,0.004394961521029472
,,,18012,,0.00500044459477067
,,,18013,,0.005454960744827986
,,,18014,,0.005365593358874321
,,,18015,,0.005330746062099934
,,,18016,,0.005871124565601349
,,,18017,,0.005680610425770283
,,,18018,,0.005813421215862036
,,,18019,,0.004967983812093735
,,,18020,,0.005008161999285221
,,,18021,,0.005883638747036457
,,,18022,,0.005557392258197069
,,,18023,,0.0062204450368881226
,,,18024,,0.006861794739961624
,,,18025,,0.006232571788132191
,,,18026,,0.006702818907797337
,,,18027,,0.005879131145775318
,,,18028,,0.005090532824397087
,,,18029,,0.005495847202837467
,,,18030,,0.0076151443645358086
,,,18031,,0.006376093253493309
,,,18032,,0.005387508310377598
,,,18033,,0.007735506631433964
,,,18034,,0.006054569501429796
,,,18035,,0.007481309585273266
,,,18036,,0.005958882160484791
,,,18037,,0.005589280277490616
,,,18038,,0.006613366771489382
,,,18039,,0.006322482600808144
,,,18040,,0.005576604977250099
,,,18041,,0.006989419925957918
,,,18042,,0.006283117458224297
,,,18043,,0.005917615257203579
,,,18044,,0.002374981762841344
,,,18045,,0.002204480115324259
,,,18046,,0.0016851474065333605
,,,18047,,0.0018187506357207894
,,,18048,,0.0016343306051567197
,,,18049,,0.001600190531462431
,,,18050,,0.0019357092678546906
,,,18051,,0.0016309407074004412
,,,18052,,0.0020797355100512505
,,,18053,,0.0019315306562930346
,,,18054,,0.0018664104864001274
,,,18055,,0.0017128518084064126
,,,18056,,0.001742759719491005
,,,18057,,0.00622960738837719
,,,18058,,0.00667873490601778
,,,18059,,0.007187246810644865
,,,18060,,0.005074339918792248
,,,18061,,0.002612688345834613
,,,18062,,0.020434986799955368
,,,18063,,0.00377872702665627
,,,18064,,0.016747310757637024
,,,18065,,0.0074282074347138405
,,,18066,,0.007104444317519665
,,,18067,,0.011934950947761536
,,,18068,,0.014637414366006851
,,,18069,,0.014498269185423851
,,,18070,,0.01336226612329483
,,,18071,,0.01064760610461235
,,,18072,,0.017242131754755974
,,,18073,,0.014030328951776028
,,,18074,,0.06574399024248123
,,,18075,,0.05152478441596031
,,,18076,,0.0408477783203125
,,,18077,,0.04631778597831726
,,,18078,,0.06678475439548492
,,,18079,,0.036257579922676086
,,,18080,,0.04223958030343056
,,,18081,,0.05484459921717644
,,,18082,,0.03928461670875549
,,,18083,,0.04990871250629425
,,,18084,,0.040018610656261444
,,,18085,,0.04466741532087326
,,,18086,,0.0550256110727787
,,,18087,,0.04897412657737732
,,,18088,,0.04597267508506775
,,,18089,,0.04505156725645065
,,,18090,,0.023074833676218987
78,,,6398,0.009446300566196442,
78,0.007989325560629368,,6398,,
79,,0.004251745529472828,6399,,
79,,0.007911784574389458,6409,,
79,,0.007756272330880165,6419,,
79,,0.009677672758698463,6429,,
79,,0.0044300006702542305,6439,,
79,,0.0065964991226792336,6449,,
79,,0.004618293605744839,6459,,
79,,0.004602695349603891,6469,,
79,,0.004133785609155893,6479,,
,,,18091,,0.00032726716017350554
,,,18092,,0.0002684060309547931
,,,18093,,0.00041939434595406055
,,,18094,,0.00026853178860619664
,,,18095,,0.0004661161219701171
,,,18096,,0.0002089206245727837
,,,18097,,0.0004328714276198298
,,,18098,,0.00021252052101772279
,,,18099,,0.00031403100001625717
,,,18100,,0.0002540741115808487
,,,18101,,0.0006366023444570601
,,,18102,,0.000780934002250433
,,,18103,,0.00024671046412549913
,,,18104,,0.00025832708342932165
,,,18105,,0.0004474667366594076
,,,18106,,0.00029097130754962564
,,,18107,,0.0005801981315016747
,,,18108,,0.00042188179213553667
,,,18109,,0.0004240827984176576
,,,18110,,0.0007865685038268566
,,,18111,,0.0002853047917596996
,,,18112,,0.00023094519565347582
,,,18113,,0.0002030744799412787
,,,18114,,0.0005384570686146617
,,,18115,,0.0004876073217019439
,,,18116,,0.00044880365021526814
,,,18117,,0.00040402193553745747
,,,18118,,0.00475509837269783
,,,18119,,0.014870215207338333
,,,18120,,0.012442797422409058
,,,18121,,0.012296285480260849
,,,18122,,0.013560635969042778
,,,18123,,0.012206153944134712
,,,18124,,0.06749001145362854
,,,18125,,0.02072274312376976
,,,18126,,0.010059415362775326
,,,18127,,0.012229228392243385
,,,18128,,0.008199216797947884
,,,18129,,0.004522544331848621
,,,18130,,0.01068655215203762
,,,18131,,0.00658422103151679
,,,18132,,0.004206527024507523
,,,18133,,0.010122736915946007
,,,18134,,0.009768938645720482
,,,18135,,0.004771430976688862
,,,18136,,0.012616430409252644
,,,18137,,0.006260456517338753
,,,18138,,0.002398618496954441
,,,18139,,0.006310970522463322
,,,18140,,0.0038004484958946705
,,,18141,,0.004891631193459034
,,,18142,,0.0065562110394239426
,,,18143,,0.0022106501273810863
,,,18144,,0.005487340036779642
,,,18145,,0.004303406924009323
,,,18146,,0.00906507670879364
,,,18147,,0.00909171998500824
,,,18148,,0.004191671032458544
,,,18149,,0.006359877064824104
,,,18150,,0.003934916108846664
,,,18151,,0.005516490899026394
,,,18152,,0.004116625525057316
,,,18153,,0.0037771298084408045
,,,18154,,0.005710639990866184
,,,18155,,0.0044518811628222466
,,,18156,,0.002326750662177801
,,,18157,,0.003860008902847767
,,,18158,,0.00909493025392294
,,,18159,,0.004801922477781773
,,,18160,,0.0023409081622958183
,,,18161,,0.003483604174107313
,,,18162,,0.0003661368682514876
,,,18163,,0.0006799633265472949
,,,18164,,0.0002916528028436005
,,,18165,,0.00034285688889212906
,,,18166,,0.0003628286940511316
,,,18167,,0.0004163239209447056
,,,18168,,0.00032430407009087503
,,,18169,,0.0002640668535605073
,,,18170,,0.00031844439217820764
,,,18171,,0.0005195958656258881
,,,18172,,0.0003373573417775333
,,,18173,,0.0011225244961678982
,,,18174,,0.0005054367356933653
,,,18175,,0.0063379500061273575
,,,18176,,0.007759612984955311
,,,18177,,0.007092841435223818
,,,18178,,0.023017434403300285
,,,18179,,0.015961986035108566
,,,18180,,0.013895869255065918
,,,18181,,0.025130726397037506
,,,18182,,0.023155156522989273
,,,18183,,0.008551379665732384
,,,18184,,0.009358828887343407
,,,18185,,0.009387195110321045
,,,18186,,0.006830344442278147
,,,18187,,0.008112556301057339
,,,18188,,0.009400429204106331
,,,18189,,0.007799483835697174
,,,18190,,0.007857324555516243
,,,18191,,0.008835874497890472
,,,18192,,0.007716135121881962
,,,18193,,0.006743442267179489
,,,18194,,0.0063982256688177586
,,,18195,,0.009115669876337051
,,,18196,,0.008692150935530663
,,,18197,,0.00939401239156723
,,,18198,,0.008569713681936264
,,,18199,,0.008056276477873325
,,,18200,,0.010766290128231049
,,,18201,,0.009098711423575878
,,,18202,,0.006922239437699318
,,,18203,,0.009060250595211983
,,,18204,,0.009233917109668255
,,,18205,,0.00710322754457593
,,,18206,,0.007230215705931187
,,,18207,,0.005988214164972305
,,,18208,,0.008163845166563988
,,,18209,,0.007583354599773884
,,,18210,,0.008983651176095009
,,,18211,,0.006931310519576073
,,,18212,,0.0076591502875089645
,,,18213,,0.00802198052406311
,,,18214,,0.00772837782278657
,,,18215,,0.007573401089757681
,,,18216,,0.007927894592285156
,,,18217,,0.006570086348801851
,,,18218,,0.006649509072303772
,,,18219,,0.006852414458990097
,,,18220,,0.008820464834570885
,,,18221,,0.007700278423726559
,,,18222,,0.008822270669043064
,,,18223,,0.007804247550666332
,,,18224,,0.009085817262530327
,,,18225,,0.008486910723149776
,,,18226,,0.008063354529440403
,,,18227,,0.007416647858917713
,,,18228,,0.008606494404375553
,,,18229,,0.0056931739673018456
,,,18230,,0.005816539749503136
,,,18231,,0.00506779458373785
,,,18232,,0.0050377813167870045
,,,18233,,0.005222951993346214
,,,18234,,0.005813677795231342
,,,18235,,0.005171172320842743
,,,18236,,0.005394268780946732
,,,18237,,0.005053164437413216
,,,18238,,0.005294636823236942
,,,18239,,0.004545334726572037
,,,18240,,0.004291037563234568
,,,18241,,0.004937631543725729
,,,18242,,0.005360757932066917
,,,18243,,0.005338803865015507
,,,18244,,0.005300802178680897
,,,18245,,0.005704093724489212
,,,18246,,0.005643033422529697
,,,18247,,0.005707095377147198
,,,18248,,0.004886872600764036
,,,18249,,0.004945508204400539
,,,18250,,0.005822117440402508
,,,18251,,0.0055921729654073715
,,,18252,,0.006236458197236061
,,,18253,,0.0069344379007816315
,,,18254,,0.006251589395105839
,,,18255,,0.006770259700715542
,,,18256,,0.005896517541259527
,,,18257,,0.0051002283580601215
,,,18258,,0.00553887989372015
,,,18259,,0.007589640561491251
,,,18260,,0.006449866574257612
,,,18261,,0.0054294946603477
,,,18262,,0.007846713997423649
,,,18263,,0.006085538305342197
,,,18264,,0.00752706965431571
,,,18265,,0.006025298498570919
,,,18266,,0.0056401207111775875
,,,18267,,0.0066147432662546635
,,,18268,,0.00637452956289053
,,,18269,,0.005604563746601343
,,,18270,,0.007037308067083359
,,,18271,,0.006280425004661083
,,,18272,,0.005943034775555134
,,,18273,,0.001962476409971714
,,,18274,,0.0018285623518750072
,,,18275,,0.001367021119222045
,,,18276,,0.001445105066522956
,,,18277,,0.0013641058467328548
,,,18278,,0.0012665439862757921
,,,18279,,0.0015818072715774179
,,,18280,,0.0013358981814235449
,,,18281,,0.0017404700629413128
,,,18282,,0.0015185677912086248
,,,18283,,0.001570732332766056
,,,18284,,0.0015683508245274425
,,,18285,,0.0013970478903502226
,,,18286,,0.006270675454288721
,,,18287,,0.007027476094663143
,,,18288,,0.007340840995311737
,,,18289,,0.005593153648078442
,,,18290,,0.002657533623278141
,,,18291,,0.02096695452928543
,,,18292,,0.003798884805291891
,,,18293,,0.016486432403326035
,,,18294,,0.00781678780913353
,,,18295,,0.006956791039556265
,,,18296,,0.012167258188128471
,,,18297,,0.015299297869205475
,,,18298,,0.015262778848409653
,,,18299,,0.013237781822681427
,,,18300,,0.010807836428284645
,,,18301,,0.017101343721151352
,,,18302,,0.013722158968448639
,,,18303,,0.06559339165687561
,,,18304,,0.051283448934555054
,,,18305,,0.0406106561422348
,,,18306,,0.045945458114147186
,,,18307,,0.0667065680027008
,,,18308,,0.036043111234903336
,,,18309,,0.04235757142305374
,,,18310,,0.054816536605358124
,,,18311,,0.03937362879514694
,,,18312,,0.04953707754611969
,,,18313,,0.04020573943853378
,,,18314,,0.04450655356049538
,,,18315,,0.05512171983718872
,,,18316,,0.04893437772989273
,,,18317,,0.045872416347265244
,,,18318,,0.045032866299152374
,,,18319,,0.022487841546535492
79,,,6479,0.009288791567087173,
79,0.007736785802990198,,6479,,
80,,0.009559962898492813,6489,,
80,,0.005610901862382889,6499,,
80,,0.0037588821724057198,6509,,
80,,0.00820196233689785,6519,,
80,,0.0062576173804700375,6529,,
80,,0.008489469066262245,6539,,
80,,0.010757580399513245,6549,,
80,,0.002971565118059516,6559,,
,,,18320,,0.0004604560090228915
,,,18321,,0.00041225081076845527
,,,18322,,0.0005159693537279963
,,,18323,,0.0003657345660030842
,,,18324,,0.0006447641644626856
,,,18325,,0.00024511830997653306
,,,18326,,0.0004911525174975395
,,,18327,,0.00028990558348596096
,,,18328,,0.0004361447936389595
,,,18329,,0.00033106363844126463
,,,18330,,0.0007100471993908286
,,,18331,,0.0008632692042738199
,,,18332,,0.0003429517091717571
,,,18333,,0.00035162194399163127
,,,18334,,0.0005127581534907222
,,,18335,,0.0003727565926965326
,,,18336,,0.0007907528197392821
,,,18337,,0.0005232944386079907
,,,18338,,0.0005384966498240829
,,,18339,,0.0009733363403938711
,,,18340,,0.00032876135082915425
,,,18341,,0.0003532805130816996
,,,18342,,0.00029219940188340843
,,,18343,,0.0006564853829331696
,,,18344,,0.000635002157650888
,,,18345,,0.0005748611292801797
,,,18346,,0.0005638052825815976
,,,18347,,0.004772174172103405
,,,18348,,0.014853125438094139
,,,18349,,0.012379758059978485
,,,18350,,0.012305796146392822
,,,18351,,0.013599746860563755
,,,18352,,0.012193454429507256
,,,18353,,0.06722348183393478
,,,18354,,0.020690549165010452
,,,18355,,0.010012649931013584
,,,18356,,0.01220284029841423
,,,18357,,0.008223055861890316
,,,18358,,0.004576131701469421
,,,18359,,0.01072661578655243
,,,18360,,0.006608542986214161
,,,18361,,0.0042853569611907005
,,,18362,,0.010217491537332535
,,,18363,,0.009779227897524834
,,,18364,,0.004906506277620792
,,,18365,,0.012683393433690071
,,,18366,,0.006294017657637596
,,,18367,,0.002528165467083454
,,,18368,,0.006317318417131901
,,,18369,,0.003951548598706722
,,,18370,,0.004974445793777704
,,,18371,,0.006705327425152063
,,,18372,,0.0023801010102033615
,,,18373,,0.005592447705566883
,,,18374,,0.004315548576414585
,,,18375,,0.008828959427773952
,,,18376,,0.008639851585030556
,,,18377,,0.0039828079752624035
,,,18378,,0.005859291180968285
,,,18379,,0.004017576575279236
,,,18380,,0.0050970809534192085
,,,18381,,0.004144439939409494
,,,18382,,0.0037558325566351414
,,,18383,,0.005163594614714384
,,,18384,,0.004449729807674885
,,,18385,,0.0025550711434334517
,,,18386,,0.003845516825094819
,,,18387,,0.00869404710829258
,,,18388,,0.004638791549950838
,,,18389,,0.002818963723257184
,,,18390,,0.003527156077325344
,,,18391,,0.0004087721463292837
,,,18392,,0.000781742506660521
,,,18393,,0.00031523522920906544
,,,18394,,0.0004257585387676954
,,,18395,,0.00041085988050326705
,,,18396,,0.000453563523478806
,,,18397,,0.0003706340794451535
,,,18398,,0.0003403292503207922
,,,18399,,0.0004376390716060996
,,,18400,,0.0005760512431152165
,,,18401,,0.00041074908222071826
,,,18402,,0.0010971827432513237
,,,18403,,0.0005627275677397847
,,,18404,,0.006420202553272247
,,,18405,,0.007710685022175312
,,,18406,,0.00700829504057765
,,,18407,,0.021813439205288887
,,,18408,,0.01513725146651268
,,,18409,,0.013819776475429535
,,,18410,,0.025112826377153397
,,,18411,,0.02316988818347454
,,,18412,,0.008308574557304382
,,,18413,,0.009100993163883686
,,,18414,,0.00918577890843153
,,,18415,,0.0066146245226264
,,,18416,,0.00784185528755188
,,,18417,,0.009133567102253437
,,,18418,,0.007483182940632105
,,,18419,,0.007614726200699806
,,,18420,,0.008616495877504349
,,,18421,,0.007414471358060837
,,,18422,,0.006515180692076683
,,,18423,,0.006283879280090332
,,,18424,,0.008859580382704735
,,,18425,,0.008414575830101967
,,,18426,,0.009111568331718445
,,,18427,,0.008308767341077328
,,,18428,,0.007862452417612076
,,,18429,,0.010549564845860004
,,,18430,,0.008849156089127064
,,,18431,,0.00668026227504015
,,,18432,,0.008887999691069126
,,,18433,,0.008929478004574776
,,,18434,,0.00653438176959753
,,,18435,,0.006577283143997192
,,,18436,,0.005472027696669102
,,,18437,,0.007876550778746605
,,,18438,,0.007364933844655752
,,,18439,,0.008697216399013996
,,,18440,,0.006637014448642731
,,,18441,,0.007418515160679817
,,,18442,,0.007725208066403866
,,,18443,,0.007441656198352575
,,,18444,,0.0073590571992099285
,,,18445,,0.007539732381701469
,,,18446,,0.006283078342676163
,,,18447,,0.006297846790403128
,,,18448,,0.006586868315935135
,,,18449,,0.008612986654043198
,,,18450,,0.0074479547329247
,,,18451,,0.008579433895647526
,,,18452,,0.007600669749081135
,,,18453,,0.00879271887242794
,,,18454,,0.008284161798655987
,,,18455,,0.0076664285734295845
,,,18456,,0.007166553288698196
,,,18457,,0.00821632333099842
,,,18458,,0.005495385732501745
,,,18459,,0.005676595028489828
,,,18460,,0.0049176826141774654
,,,18461,,0.0049588182009756565
,,,18462,,0.005152813158929348
,,,18463,,0.005610684398561716
,,,18464,,0.005123447626829147
,,,18465,,0.005243825726211071
,,,18466,,0.004966838750988245
,,,18467,,0.005193125456571579
,,,18468,,0.004349598661065102
,,,18469,,0.004179489798843861
,,,18470,,0.004949959460645914
,,,18471,,0.005177291110157967
,,,18472,,0.005324382800608873
,,,18473,,0.005235199350863695
,,,18474,,0.005706348456442356
,,,18475,,0.005624266341328621
,,,18476,,0.005579149816185236
,,,18477,,0.004734727554023266
,,,18478,,0.004745171405375004
,,,18479,,0.00578713696449995
,,,18480,,0.00547800911590457
,,,18481,,0.006060633808374405
,,,18482,,0.00674319127574563
,,,18483,,0.006130031310021877
,,,18484,,0.006611320655792952
,,,18485,,0.005733273923397064
,,,18486,,0.005004574079066515
,,,18487,,0.005323841702193022
,,,18488,,0.00747180450707674
,,,18489,,0.0062529356218874454
,,,18490,,0.005269400309771299
,,,18491,,0.007615801878273487
,,,18492,,0.00590915884822607
,,,18493,,0.007268864195793867
,,,18494,,0.00583924725651741
,,,18495,,0.005487596150487661
,,,18496,,0.0064515965059399605
,,,18497,,0.006217459682375193
,,,18498,,0.005459980107843876
,,,18499,,0.006839897483587265
,,,18500,,0.006127539556473494
,,,18501,,0.005771229509264231
,,,18502,,0.0020348266698420048
,,,18503,,0.0018800264224410057
,,,18504,,0.0013574701733887196
,,,18505,,0.001471509924158454
,,,18506,,0.001309387618675828
,,,18507,,0.0012779859825968742
,,,18508,,0.0015998983290046453
,,,18509,,0.0012792926281690598
,,,18510,,0.0017901522805914283
,,,18511,,0.0016484003281220794
,,,18512,,0.0015719725051894784
,,,18513,,0.001487582572735846
,,,18514,,0.0014261805918067694
,,,18515,,0.007091243751347065
,,,18516,,0.008034232072532177
,,,18517,,0.008557457476854324
,,,18518,,0.006860050838440657
,,,18519,,0.0026748329401016235
,,,18520,,0.021955294534564018
,,,18521,,0.004666690714657307
,,,18522,,0.01746189221739769
,,,18523,,0.007779078558087349
,,,18524,,0.007705148309469223
,,,18525,,0.01339930109679699
,,,18526,,0.01588619127869606
,,,18527,,0.015347998589277267
,,,18528,,0.01511970441788435
,,,18529,,0.011918804608285427
,,,18530,,0.018987784162163734
,,,18531,,0.014228534884750843
,,,18532,,0.06698676943778992
,,,18533,,0.05255018174648285
,,,18534,,0.04138806089758873
,,,18535,,0.04681558907032013
,,,18536,,0.06739792972803116
,,,18537,,0.03708857297897339
,,,18538,,0.04312095046043396
,,,18539,,0.055315516889095306
,,,18540,,0.040370963513851166
,,,18541,,0.05056670308113098
,,,18542,,0.04073937237262726
,,,18543,,0.04548613354563713
,,,18544,,0.05633481591939926
,,,18545,,0.050416249781847
,,,18546,,0.046800658106803894
,,,18547,,0.04587176814675331
,,,18548,,0.023333923891186714
80,,,6560,0.009342236444354057,
80,0.0077444519847631454,,6560,,
81,,0.007540308870375156,6569,,
81,,0.008884863927960396,6579,,
81,,0.003941000904887915,6589,,
81,,0.003492247313261032,6599,,
81,,0.005256230942904949,6609,,
81,,0.0075019653886556625,6619,,
81,,0.007661590352654457,6629,,
81,,0.004946780391037464,6639,,
,,,18549,,0.0002498023968655616
,,,18550,,0.00020732323173433542
,,,18551,,0.0003721750690601766
,,,18552,,0.00021047377958893776
,,,18553,,0.0004082422237843275
,,,18554,,0.000162667638505809
,,,18555,,0.00041487321141175926
,,,18556,,0.0001567880972288549
,,,18557,,0.00029245729092508554
,,,18558,,0.0001920656650327146
,,,18559,,0.0005875090719200671
,,,18560,,0.0007092476589605212
,,,18561,,0.00016654723731335253
,,,18562,,0.00022933805303182453
,,,18563,,0.0004178255912847817
,,,18564,,0.00025047967210412025
,,,18565,,0.00056076591135934
,,,18566,,0.00038366549415513873
,,,18567,,0.0003902543103322387
,,,18568,,0.000750006758607924
,,,18569,,0.0002469915780238807
,,,18570,,0.00021522122551687062
,,,18571,,0.00015892676310613751
,,,18572,,0.0004953027237206697
,,,18573,,0.0004342366592027247
,,,18574,,0.0004022458160761744
,,,18575,,0.000371118716429919
,,,18576,,0.004620666615664959
,,,18577,,0.014706231653690338
,,,18578,,0.012288951314985752
,,,18579,,0.012171639129519463
,,,18580,,0.013433672487735748
,,,18581,,0.012067124247550964
,,,18582,,0.06666446477174759
,,,18583,,0.020561583340168
,,,18584,,0.009880783036351204
,,,18585,,0.012084439396858215
,,,18586,,0.008023736998438835
,,,18587,,0.004400391131639481
,,,18588,,0.010514302179217339
,,,18589,,0.006431570276618004
,,,18590,,0.004006710834801197
,,,18591,,0.00993012823164463
,,,18592,,0.009530615992844105
,,,18593,,0.004674738273024559
,,,18594,,0.012493452057242393
,,,18595,,0.0060906680300831795
,,,18596,,0.0023241855669766665
,,,18597,,0.006154377479106188
,,,18598,,0.0037043169140815735
,,,18599,,0.0047173709608614445
,,,18600,,0.006326916627585888
,,,18601,,0.0020782153587788343
,,,18602,,0.005345575511455536
,,,18603,,0.0040180860087275505
,,,18604,,0.008563488721847534
,,,18605,,0.008411474525928497
,,,18606,,0.0036252145655453205
,,,18607,,0.0056576477363705635
,,,18608,,0.0035161348059773445
,,,18609,,0.004904353991150856
,,,18610,,0.0036866534501314163
,,,18611,,0.003432861063629389
,,,18612,,0.004936184734106064
,,,18613,,0.003998516593128443
,,,18614,,0.002163408789783716
,,,18615,,0.003475617617368698
,,,18616,,0.008520062081515789
,,,18617,,0.00436237920075655
,,,18618,,0.0021337142679840326
,,,18619,,0.003044415730983019
,,,18620,,0.000304424058413133
,,,18621,,0.0006407316541299224
,,,18622,,0.0005231051472947001
,,,18623,,0.0003467302885837853
,,,18624,,0.0003252244205214083
,,,18625,,0.00034240202512592077
,,,18626,,0.00019587413407862186
,,,18627,,0.00040316081140190363
,,,18628,,0.0002574689278844744
,,,18629,,0.0004793904663529247
,,,18630,,0.0003459440777078271
,,,18631,,0.0005511996569111943
,,,18632,,0.0004543523828033358
,,,18633,,0.006114145740866661
,,,18634,,0.0075513459742069244
,,,18635,,0.006990744732320309
,,,18636,,0.022483263164758682
,,,18637,,0.015700990334153175
,,,18638,,0.01391737163066864
,,,18639,,0.024622758850455284
,,,18640,,0.0227787047624588
,,,18641,,0.008232174441218376
,,,18642,,0.009064322337508202
,,,18643,,0.009091133251786232
,,,18644,,0.006547919008880854
,,,18645,,0.007773223333060741
,,,18646,,0.009165816009044647
,,,18647,,0.007459478918462992
,,,18648,,0.007568998262286186
,,,18649,,0.00856152642518282
,,,18650,,0.0073907142505049706
,,,18651,,0.00650301668792963
,,,18652,,0.00626334547996521
,,,18653,,0.008707694709300995
,,,18654,,0.00840362161397934
,,,18655,,0.009097167290747166
,,,18656,,0.00828438438475132
,,,18657,,0.007856158539652824
,,,18658,,0.010507825762033463
,,,18659,,0.008823664858937263
,,,18660,,0.0066551025956869125
,,,18661,,0.008849835023283958
,,,18662,,0.008844112977385521
,,,18663,,0.006580159068107605
,,,18664,,0.006639225408434868
,,,18665,,0.005527015309780836
,,,18666,,0.00782756321132183
,,,18667,,0.007347883656620979
,,,18668,,0.008594530634582043
,,,18669,,0.006622301414608955
,,,18670,,0.007353783585131168
,,,18671,,0.007694872561842203
,,,18672,,0.0073771486058831215
,,,18673,,0.0073536233976483345
,,,18674,,0.0075510055758059025
,,,18675,,0.0062159765511751175
,,,18676,,0.006287429481744766
,,,18677,,0.006628080271184444
,,,18678,,0.008547930046916008
,,,18679,,0.00739917391911149
,,,18680,,0.008465907536447048
,,,18681,,0.007580986246466637
,,,18682,,0.008697796612977982
,,,18683,,0.008213656023144722
,,,18684,,0.007736796047538519
,,,18685,,0.007159083150327206
,,,18686,,0.008190378546714783
,,,18687,,0.0054855127818882465
,,,18688,,0.0056151170283555984
,,,18689,,0.004871940705925226
,,,18690,,0.004838589578866959
,,,18691,,0.00504450174048543
,,,18692,,0.005555403418838978
,,,18693,,0.005080496892333031
,,,18694,,0.0052992068231105804
,,,18695,,0.004899367690086365
,,,18696,,0.00507480651140213
,,,18697,,0.004364475142210722
,,,18698,,0.0041955942288041115
,,,18699,,0.0047622499987483025
,,,18700,,0.005135010927915573
,,,18701,,0.0052147055976092815
,,,18702,,0.005116061307489872
,,,18703,,0.0056273615919053555
,,,18704,,0.005508291535079479
,,,18705,,0.005464234855026007
,,,18706,,0.004715162795037031
,,,18707,,0.004769560415297747
,,,18708,,0.00570262037217617
,,,18709,,0.005312453489750624
,,,18710,,0.005936606787145138
,,,18711,,0.006623949855566025
,,,18712,,0.005943225231021643
,,,18713,,0.006424211896955967
,,,18714,,0.005631762556731701
,,,18715,,0.004868117161095142
,,,18716,,0.005246085114777088
,,,18717,,0.007293852046132088
,,,18718,,0.006093609146773815
,,,18719,,0.005188808310776949
,,,18720,,0.007465041242539883
,,,18721,,0.005793178454041481
,,,18722,,0.0071652913466095924
,,,18723,,0.005750829353928566
,,,18724,,0.0053802416659891605
,,,18725,,0.006312921643257141
,,,18726,,0.006095597520470619
,,,18727,,0.005332373082637787
,,,18728,,0.006646791938692331
,,,18729,,0.005991632118821144
,,,18730,,0.0056215692311525345
,,,18731,,0.0017695920541882515
,,,18732,,0.0016697935061529279
,,,18733,,0.00123147526755929
,,,18734,,0.0012495375704020262
,,,18735,,0.0010385250207036734
,,,18736,,0.0010517719201743603
,,,18737,,0.001407903735525906
,,,18738,,0.0010787087958306074
,,,18739,,0.0015788719756528735
,,,18740,,0.0013542927335947752
,,,18741,,0.0013298122212290764
,,,18742,,0.001210895599797368
,,,18743,,0.0012307624565437436
,,,18744,,0.005658566020429134
,,,18745,,0.006632264703512192
,,,18746,,0.007044956553727388
,,,18747,,0.005083018913865089
,,,18748,,0.0024842764250934124
,,,18749,,0.02016911469399929
,,,18750,,0.0033696864265948534
,,,18751,,0.01695770025253296
,,,18752,,0.006849696859717369
,,,18753,,0.00678492384031415
,,,18754,,0.011552460491657257
,,,18755,,0.01454031839966774
,,,18756,,0.014061838388442993
,,,18757,,0.012548927217721939
,,,18758,,0.011154310777783394
,,,18759,,0.01702021062374115
,,,18760,,0.013625063933432102
,,,18761,,0.06531364470720291
,,,18762,,0.05104925483465195
,,,18763,,0.04023853689432144
,,,18764,,0.04567278176546097
,,,18765,,0.06599952280521393
,,,18766,,0.03544265776872635
,,,18767,,0.04139310121536255
,,,18768,,0.05450978875160217
,,,18769,,0.039139509201049805
,,,18770,,0.04947522655129433
,,,18771,,0.03951428085565567
,,,18772,,0.043999455869197845
,,,18773,,0.05463665723800659
,,,18774,,0.04846087098121643
,,,18775,,0.04548291862010956
,,,18776,,0.04427049309015274
,,,18777,,0.022203393280506134
81,,,6641,0.009031267836689949,
81,0.007703735958784819,,6641,,
82,,0.01352868601679802,6649,,
82,,0.005565307103097439,6659,,
82,,0.006653890945017338,6669,,
82,,0.006805242970585823,6679,,
82,,0.005489608272910118,6689,,
82,,0.009499909356236458,6699,,
82,,0.0043152570724487305,6709,,
82,,0.00581215787678957,6719,,
,,,18778,,0.00030081317527219653
,,,18779,,0.00025198498042300344
,,,18780,,0.0004163046251051128
,,,18781,,0.00022575737966690212
,,,18782,,0.0004480030620470643
,,,18783,,0.0001861784403445199
,,,18784,,0.00040241965325549245
,,,18785,,0.00018632158753462136
,,,18786,,0.00027894240338355303
,,,18787,,0.00022449801326729357
,,,18788,,0.0006137010059319437
,,,18789,,0.0007852137787267566
,,,18790,,0.00023172778310254216
,,,18791,,0.0002527252654545009
,,,18792,,0.00048260920448228717
,,,18793,,0.00025782251032069325
,,,18794,,0.0006319056847132742
,,,18795,,0.00043119664769619703
,,,18796,,0.00037246482679620385
,,,18797,,0.0009111703839153051
,,,18798,,0.00028415233828127384
,,,18799,,0.00022834558330941945
,,,18800,,0.00017604268214199692
,,,18801,,0.0005083712749183178
,,,18802,,0.00045133434468880296
,,,18803,,0.0004384538624435663
,,,18804,,0.00040005351183936
,,,18805,,0.004698117263615131
,,,18806,,0.014706958085298538
,,,18807,,0.012245085090398788
,,,18808,,0.012124113738536835
,,,18809,,0.01341211423277855
,,,18810,,0.012089135125279427
,,,18811,,0.06610766053199768
,,,18812,,0.020523644983768463
,,,18813,,0.009902451187372208
,,,18814,,0.012105799280107021
,,,18815,,0.00805763527750969
,,,18816,,0.0044565871357917786
,,,18817,,0.010570664890110493
,,,18818,,0.006534194573760033
,,,18819,,0.004253581166267395
,,,18820,,0.010018189437687397
,,,18821,,0.009692652150988579
,,,18822,,0.004813837818801403
,,,18823,,0.012532589957118034
,,,18824,,0.006203149911016226
,,,18825,,0.0024955784901976585
,,,18826,,0.006277156062424183
,,,18827,,0.003880217671394348
,,,18828,,0.004877328407019377
,,,18829,,0.006498142145574093
,,,18830,,0.0022465302608907223
,,,18831,,0.005520528648048639
,,,18832,,0.004125915467739105
,,,18833,,0.008634204044938087
,,,18834,,0.00840621255338192
,,,18835,,0.0037206653505563736
,,,18836,,0.005686882417649031
,,,18837,,0.0035640723071992397
,,,18838,,0.005014152266085148
,,,18839,,0.0038171191699802876
,,,18840,,0.0034504965879023075
,,,18841,,0.0050940983928740025
,,,18842,,0.0041240244172513485
,,,18843,,0.0022114485036581755
,,,18844,,0.003794570919126272
,,,18845,,0.008537691086530685
,,,18846,,0.004308383446186781
,,,18847,,0.0022818250581622124
,,,18848,,0.0032156500965356827
,,,18849,,0.00034954847069457173
,,,18850,,0.0006338313687592745
,,,18851,,0.00027623347705230117
,,,18852,,0.0003415915125515312
,,,18853,,0.00037174602039158344
,,,18854,,0.00041113822953775525
,,,18855,,0.00032075613853521645
,,,18856,,0.00023748209059704095
,,,18857,,0.0002848503936547786
,,,18858,,0.00048721308121457696
,,,18859,,0.00035523221595212817
,,,18860,,0.0010723116574808955
,,,18861,,0.0005101400893181562
,,,18862,,0.006289713084697723
,,,18863,,0.007585899904370308
,,,18864,,0.007128809578716755
,,,18865,,0.02147618867456913
,,,18866,,0.014958001673221588
,,,18867,,0.013917802833020687
,,,18868,,0.02586294710636139
,,,18869,,0.02365376427769661
,,,18870,,0.00832320749759674
,,,18871,,0.009026343934237957
,,,18872,,0.009048175998032093
,,,18873,,0.006500940769910812
,,,18874,,0.007740486413240433
,,,18875,,0.009108907543122768
,,,18876,,0.007437240798026323
,,,18877,,0.007564156781882048
,,,18878,,0.008531518280506134
,,,18879,,0.007398481015115976
,,,18880,,0.006448816973716021
,,,18881,,0.0062038348987698555
,,,18882,,0.008662921376526356
,,,18883,,0.008330031298100948
,,,18884,,0.009008262306451797
,,,18885,,0.008247410878539085
,,,18886,,0.007781894877552986
,,,18887,,0.010360581800341606
,,,18888,,0.008748047985136509
,,,18889,,0.006617351435124874
,,,18890,,0.008793779648840427
,,,18891,,0.008780965581536293
,,,18892,,0.006451258901506662
,,,18893,,0.006531665567308664
,,,18894,,0.005488783586770296
,,,18895,,0.007816839963197708
,,,18896,,0.007268819957971573
,,,18897,,0.008502114564180374
,,,18898,,0.006594100967049599
,,,18899,,0.007343691773712635
,,,18900,,0.007654001470655203
,,,18901,,0.007366477977484465
,,,18902,,0.007262362167239189
,,,18903,,0.007551603019237518
,,,18904,,0.006194491870701313
,,,18905,,0.006330311298370361
,,,18906,,0.0065427301451563835
,,,18907,,0.00853036530315876
,,,18908,,0.0073860748670995235
,,,18909,,0.008469491265714169
,,,18910,,0.007478107698261738
,,,18911,,0.008672406896948814
,,,18912,,0.0081554614007473
,,,18913,,0.0076833791099488735
,,,18914,,0.007076678331941366
,,,18915,,0.008143414743244648
,,,18916,,0.005359313450753689
,,,18917,,0.005539401434361935
,,,18918,,0.0048159887082874775
,,,18919,,0.004832143895328045
,,,18920,,0.0049540018662810326
,,,18921,,0.005501926876604557
,,,18922,,0.004927968606352806
,,,18923,,0.005143741145730019
,,,18924,,0.004802271723747253
,,,18925,,0.00498113501816988
,,,18926,,0.004274007398635149
,,,18927,,0.0040931254625320435
,,,18928,,0.004712310153990984
,,,18929,,0.005101170390844345
,,,18930,,0.005100646056234837
,,,18931,,0.005028834100812674
,,,18932,,0.005478741601109505
,,,18933,,0.005438229069113731
,,,18934,,0.005470309406518936
,,,18935,,0.004612129181623459
,,,18936,,0.004716620780527592
,,,18937,,0.005596289411187172
,,,18938,,0.005377868190407753
,,,18939,,0.005979530047625303
,,,18940,,0.006685367785394192
,,,18941,,0.00603118259459734
,,,18942,,0.006571637466549873
,,,18943,,0.005670832470059395
,,,18944,,0.004930767696350813
,,,18945,,0.005315274000167847
,,,18946,,0.007364102639257908
,,,18947,,0.006203734315931797
,,,18948,,0.005232837051153183
,,,18949,,0.007556719705462456
,,,18950,,0.00590459443628788
,,,18951,,0.007234569638967514
,,,18952,,0.005791597068309784
,,,18953,,0.005488828755915165
,,,18954,,0.006362446583807468
,,,18955,,0.006128127686679363
,,,18956,,0.005443530157208443
,,,18957,,0.006747882813215256
,,,18958,,0.006021399050951004
,,,18959,,0.0056713176891207695
,,,18960,,0.0018517285352572799
,,,18961,,0.0016967316623777151
,,,18962,,0.0012411451898515224
,,,18963,,0.0013139325892552733
,,,18964,,0.0011598416604101658
,,,18965,,0.0011067163432016969
,,,18966,,0.0014688712544739246
,,,18967,,0.0011849842267110944
,,,18968,,0.0015896107070147991
,,,18969,,0.0014349634293466806
,,,18970,,0.00140748533885926
,,,18971,,0.0013106800615787506
,,,18972,,0.001276844646781683
,,,18973,,0.005751605145633221
,,,18974,,0.0063985129818320274
,,,18975,,0.006957038305699825
,,,18976,,0.005019787698984146
,,,18977,,0.002588600618764758
,,,18978,,0.01978977583348751
,,,18979,,0.0035813916474580765
,,,18980,,0.016979774460196495
,,,18981,,0.007545224856585264
,,,18982,,0.00683235377073288
,,,18983,,0.011766782030463219
,,,18984,,0.01497139222919941
,,,18985,,0.013947178609669209
,,,18986,,0.01222519762814045
,,,18987,,0.01084807701408863
,,,18988,,0.01657741703093052
,,,18989,,0.013368409126996994
,,,18990,,0.06523782014846802
,,,18991,,0.05074869096279144
,,,18992,,0.03999914228916168
,,,18993,,0.0455615371465683
,,,18994,,0.06517119705677032
,,,18995,,0.035352788865566254
,,,18996,,0.04180844873189926
,,,18997,,0.05422248691320419
,,,18998,,0.03872251510620117
,,,18999,,0.0487113818526268
,,,19000,,0.03899803385138512
,,,19001,,0.043807946145534515
,,,19002,,0.05421371012926102
,,,19003,,0.04800359159708023
,,,19004,,0.045453380793333054
,,,19005,,0.04401731491088867
,,,19006,,0.02269194833934307
82,,,6722,0.009026393294334412,
82,0.007632135879248381,,6722,,
83,,0.0062176380306482315,6729,,
83,,0.00579637847840786,6739,,
83,,0.005849437788128853,6749,,
83,,0.007730833254754543,6759,,
83,,0.008451100438833237,6769,,
83,,0.0055741420947015285,6779,,
83,,0.0029732247348874807,6789,,
83,,0.004028799012303352,6799,,
,,,19007,,0.00024260809004772455
,,,19008,,0.00019352274830453098
,,,19009,,0.000385578372515738
,,,19010,,0.0001705224858596921
,,,19011,,0.0003537962038535625
,,,19012,,0.00014834865578450263
,,,19013,,0.0004285068134777248
,,,19014,,0.00014382481458596885
,,,19015,,0.0002138986310455948
,,,19016,,0.00017298938473686576
,,,19017,,0.0006280663073994219
,,,19018,,0.000778090616222471
,,,19019,,0.0001669170887907967
,,,19020,,0.00019879668252542615
,,,19021,,0.0004449944826774299
,,,19022,,0.00021777625079266727
,,,19023,,0.0005713810096494853
,,,19024,,0.0003601695934776217
,,,19025,,0.00030400219839066267
,,,19026,,0.0007998525397852063
,,,19027,,0.0002541230642236769
,,,19028,,0.00017196161206811666
,,,19029,,0.00012924746260978281
,,,19030,,0.00046792608918622136
,,,19031,,0.0004010312841273844
,,,19032,,0.0003753573400899768
,,,19033,,0.00034953339491039515
,,,19034,,0.004640061408281326
,,,19035,,0.014672204852104187
,,,19036,,0.012212459929287434
,,,19037,,0.012107489630579948
,,,19038,,0.0133662149310112
,,,19039,,0.012016757391393185
,,,19040,,0.06625045090913773
,,,19041,,0.02044561132788658
,,,19042,,0.009858292527496815
,,,19043,,0.012055478990077972
,,,19044,,0.008043712005019188
,,,19045,,0.0044133663177490234
,,,19046,,0.010500200092792511
,,,19047,,0.0064547015354037285
,,,19048,,0.004112107679247856
,,,19049,,0.009851598180830479
,,,19050,,0.00950068049132824
,,,19051,,0.004654991440474987
,,,19052,,0.01235215738415718
,,,19053,,0.006083143409341574
,,,19054,,0.0023213059175759554
,,,19055,,0.006116287317126989
,,,19056,,0.0037177084013819695
,,,19057,,0.00483042374253273
,,,19058,,0.006391818635165691
,,,19059,,0.002139599062502384
,,,19060,,0.0053469343110919
,,,19061,,0.0039517879486083984
,,,19062,,0.008296308107674122
,,,19063,,0.008217566646635532
,,,19064,,0.0035698553547263145
,,,19065,,0.005526055581867695
,,,19066,,0.003575198817998171
,,,19067,,0.004675433970987797
,,,19068,,0.0036580890882760286
,,,19069,,0.003408686723560095
,,,19070,,0.004774954169988632
,,,19071,,0.004027670715004206
,,,19072,,0.0021738996729254723
,,,19073,,0.00357943051494658
,,,19074,,0.008199132047593594
,,,19075,,0.004179265350103378
,,,19076,,0.002228339435532689
,,,19077,,0.0030682284850627184
,,,19078,,0.0003671487793326378
,,,19079,,0.0006436149124056101
,,,19080,,0.00046673594624735415
,,,19081,,0.0004177085938863456
,,,19082,,0.0003729440795723349
,,,19083,,0.00035569758620113134
,,,19084,,0.00019327402696944773
,,,19085,,0.0004279969143681228
,,,19086,,0.00029039703076705337
,,,19087,,0.0005088903126306832
,,,19088,,0.0004011686542071402
,,,19089,,0.0006171760032884777
,,,19090,,0.0003827370819635689
,,,19091,,0.005946158431470394
,,,19092,,0.007275895215570927
,,,19093,,0.006698892451822758
,,,19094,,0.02142084762454033
,,,19095,,0.015026318840682507
,,,19096,,0.013341323472559452
,,,19097,,0.02404160611331463
,,,19098,,0.022141560912132263
,,,19099,,0.008027558214962482
,,,19100,,0.008856440894305706
,,,19101,,0.008888405747711658
,,,19102,,0.006370892748236656
,,,19103,,0.007623634301126003
,,,19104,,0.008893873542547226
,,,19105,,0.007237282581627369
,,,19106,,0.007384241092950106
,,,19107,,0.008282811380922794
,,,19108,,0.007234807591885328
,,,19109,,0.006324085406959057
,,,19110,,0.0061106001958251
,,,19111,,0.008550725877285004
,,,19112,,0.008166073821485043
,,,19113,,0.008820593357086182
,,,19114,,0.00802533607929945
,,,19115,,0.007631038315594196
,,,19116,,0.010195122100412846
,,,19117,,0.008521668612957
,,,19118,,0.006479325704276562
,,,19119,,0.008608216419816017
,,,19120,,0.008622203022241592
,,,19121,,0.006094738375395536
,,,19122,,0.006111016497015953
,,,19123,,0.005155317019671202
,,,19124,,0.007559986785054207
,,,19125,,0.007039811462163925
,,,19126,,0.008309208787977695
,,,19127,,0.006416614167392254
,,,19128,,0.007103888783603907
,,,19129,,0.007408573292195797
,,,19130,,0.00713486410677433
,,,19131,,0.00703965499997139
,,,19132,,0.007244989275932312
,,,19133,,0.006032629869878292
,,,19134,,0.006075424607843161
,,,19135,,0.00635690800845623
,,,19136,,0.008285319432616234
,,,19137,,0.007138029672205448
,,,19138,,0.008216237649321556
,,,19139,,0.007266296539455652
,,,19140,,0.008407523855566978
,,,19141,,0.007928915321826935
,,,19142,,0.007406322751194239
,,,19143,,0.006880094762891531
,,,19144,,0.007920697331428528
,,,19145,,0.005231352522969246
,,,19146,,0.005394358653575182
,,,19147,,0.004663786850869656
,,,19148,,0.004673004150390625
,,,19149,,0.004871252924203873
,,,19150,,0.005394299514591694
,,,19151,,0.004863149952143431
,,,19152,,0.00495758093893528
,,,19153,,0.004712444264441729
,,,19154,,0.004895931575447321
,,,19155,,0.004142806865274906
,,,19156,,0.003967795521020889
,,,19157,,0.004617895465344191
,,,19158,,0.004913869313895702
,,,19159,,0.004996705334633589
,,,19160,,0.004922488238662481
,,,19161,,0.005393837578594685
,,,19162,,0.005300696939229965
,,,19163,,0.005288192071020603
,,,19164,,0.0045015523210167885
,,,19165,,0.0045331623405218124
,,,19166,,0.005459509789943695
,,,19167,,0.0052963984198868275
,,,19168,,0.005917875096201897
,,,19169,,0.006623721681535244
,,,19170,,0.00592554546892643
,,,19171,,0.006489205174148083
,,,19172,,0.005586719140410423
,,,19173,,0.004799992777407169
,,,19174,,0.005239222198724747
,,,19175,,0.007308446802198887
,,,19176,,0.006080654915422201
,,,19177,,0.005122231785207987
,,,19178,,0.007445811294019222
,,,19179,,0.005814412608742714
,,,19180,,0.007152940146625042
,,,19181,,0.00575694814324379
,,,19182,,0.005394940730184317
,,,19183,,0.006280291359871626
,,,19184,,0.006025585345923901
,,,19185,,0.005346678197383881
,,,19186,,0.00669159134849906
,,,19187,,0.0059489356353878975
,,,19188,,0.005603378172963858
,,,19189,,0.0018406850285828114
,,,19190,,0.001725212438032031
,,,19191,,0.001251701032742858
,,,19192,,0.0013450684491544962
,,,19193,,0.0011702121701091528
,,,19194,,0.0011471568141132593
,,,19195,,0.0014697529841214418
,,,19196,,0.0011700409231707454
,,,19197,,0.0016557109775021672
,,,19198,,0.0014142920263111591
,,,19199,,0.0014097302919253707
,,,19200,,0.0013426020741462708
,,,19201,,0.0012798679526895285
,,,19202,,0.005818549543619156
,,,19203,,0.0065581314265728
,,,19204,,0.006922580301761627
,,,19205,,0.005143137648701668
,,,19206,,0.00235499138943851
,,,19207,,0.019576027989387512
,,,19208,,0.003330683335661888
,,,19209,,0.0163388904184103
,,,19210,,0.006936234422028065
,,,19211,,0.00690862350165844
,,,19212,,0.01111786998808384
,,,19213,,0.014402538537979126
,,,19214,,0.013957168906927109
,,,19215,,0.01293275598436594
,,,19216,,0.010773517191410065
,,,19217,,0.017125770449638367
,,,19218,,0.013200342655181885
,,,19219,,0.0652843713760376
,,,19220,,0.0508875735104084
,,,19221,,0.0398864820599556
,,,19222,,0.044915687292814255
,,,19223,,0.06513825058937073
,,,19224,,0.035178229212760925
,,,19225,,0.04159159958362579
,,,19226,,0.05370238050818443
,,,19227,,0.038285814225673676
,,,19228,,0.04894805699586868
,,,19229,,0.03929424285888672
,,,19230,,0.04352313280105591
,,,19231,,0.054085783660411835
,,,19232,,0.0479518324136734
,,,19233,,0.04520693048834801
,,,19234,,0.044246334582567215
,,,19235,,0.0225897915661335
83,,,6803,0.00889636017382145,
83,0.007712334394454956,,6803,,
84,,0.01132229994982481,6809,,
84,,0.007282697595655918,6819,,
84,,0.008460680022835732,6829,,
84,,0.004437310621142387,6839,,
84,,0.012358908541500568,6849,,
84,,0.006651044823229313,6859,,
84,,0.005421924404799938,6869,,
84,,0.007727230899035931,6879,,
,,,19236,,0.0003995100560132414
,,,19237,,0.0003699129447340965
,,,19238,,0.0005788516136817634
,,,19239,,0.0003548980166669935
,,,19240,,0.0005189524963498116
,,,19241,,0.0003376893000677228
,,,19242,,0.000514028244651854
,,,19243,,0.0003180462517775595
,,,19244,,0.000414108217228204
,,,19245,,0.00033212359994649887
,,,19246,,0.0007545989356003702
,,,19247,,0.0008217634749598801
,,,19248,,0.0003308973100502044
,,,19249,,0.0003931759565602988
,,,19250,,0.000707192113623023
,,,19251,,0.0004334106342867017
,,,19252,,0.000795121886767447
,,,19253,,0.0005894933710806072
,,,19254,,0.0004927308764308691
,,,19255,,0.0012481268495321274
,,,19256,,0.0004711782094091177
,,,19257,,0.00038675492396578193
,,,19258,,0.0003292582696303725
,,,19259,,0.0006907124188728631
,,,19260,,0.0006305755814537406
,,,19261,,0.0006407510954886675
,,,19262,,0.0005922676646150649
,,,19263,,0.0046510291285812855
,,,19264,,0.014637826010584831
,,,19265,,0.01220392994582653
,,,19266,,0.01209765113890171
,,,19267,,0.013357571326196194
,,,19268,,0.012029774487018585
,,,19269,,0.06561112403869629
,,,19270,,0.020438633859157562
,,,19271,,0.009844926185905933
,,,19272,,0.01206822320818901
,,,19273,,0.007999826222658157
,,,19274,,0.004421205259859562
,,,19275,,0.010466491803526878
,,,19276,,0.006422240752726793
,,,19277,,0.0040182010270655155
,,,19278,,0.009768549352884293
,,,19279,,0.009344350546598434
,,,19280,,0.004698019474744797
,,,19281,,0.012273752130568027
,,,19282,,0.0059793503023684025
,,,19283,,0.002369769848883152
,,,19284,,0.006041498854756355
,,,19285,,0.0037625778932124376
,,,19286,,0.004712916910648346
,,,19287,,0.006304551847279072
,,,19288,,0.0021299950312823057
,,,19289,,0.00533663434907794
,,,19290,,0.0043183183297514915
,,,19291,,0.00854464527219534
,,,19292,,0.008262543939054012
,,,19293,,0.003948880359530449
,,,19294,,0.005680999718606472
,,,19295,,0.0040493919514119625
,,,19296,,0.004978007636964321
,,,19297,,0.00415350217372179
,,,19298,,0.003992422483861446
,,,19299,,0.005028880201280117
,,,19300,,0.004471852909773588
,,,19301,,0.0026858176570385695
,,,19302,,0.00386944692581892
,,,19303,,0.008368203416466713
,,,19304,,0.004490154795348644
,,,19305,,0.0029001212678849697
,,,19306,,0.003144943155348301
,,,19307,,0.0004735033435281366
,,,19308,,0.0007725442992523313
,,,19309,,0.0008365372777916491
,,,19310,,0.0005465605645440519
,,,19311,,0.00048148015048354864
,,,19312,,0.000489509548060596
,,,19313,,0.00031661614775657654
,,,19314,,0.0006753564812242985
,,,19315,,0.00043386296601966023
,,,19316,,0.0006657475023530424
,,,19317,,0.000545244722161442
,,,19318,,0.00045138056157156825
,,,19319,,0.0006037375424057245
,,,19320,,0.005856313742697239
,,,19321,,0.007177376188337803
,,,19322,,0.006536485161632299
,,,19323,,0.02014676108956337
,,,19324,,0.014124282635748386
,,,19325,,0.013209501281380653
,,,19326,,0.02407672069966793
,,,19327,,0.022376637905836105
,,,19328,,0.008100103586912155
,,,19329,,0.00895777903497219
,,,19330,,0.008955072611570358
,,,19331,,0.006528582889586687
,,,19332,,0.0077313925139606
,,,19333,,0.009009644389152527
,,,19334,,0.007359806448221207
,,,19335,,0.0074690538458526134
,,,19336,,0.00845362152904272
,,,19337,,0.007339199539273977
,,,19338,,0.006428900174796581
,,,19339,,0.0062302155420184135
,,,19340,,0.008614754304289818
,,,19341,,0.008322983980178833
,,,19342,,0.00895958486944437
,,,19343,,0.008175581693649292
,,,19344,,0.0076828571036458015
,,,19345,,0.01032288558781147
,,,19346,,0.00861450657248497
,,,19347,,0.006633035838603973
,,,19348,,0.00869068130850792
,,,19349,,0.008704263716936111
,,,19350,,0.006122305057942867
,,,19351,,0.006111242342740297
,,,19352,,0.005258480552583933
,,,19353,,0.007846822030842304
,,,19354,,0.0073786769062280655
,,,19355,,0.008634890429675579
,,,19356,,0.006670536007732153
,,,19357,,0.0073951296508312225
,,,19358,,0.007699644658714533
,,,19359,,0.007337398361414671
,,,19360,,0.0073222084902226925
,,,19361,,0.007563549093902111
,,,19362,,0.006228324957191944
,,,19363,,0.006350905634462833
,,,19364,,0.006589370779693127
,,,19365,,0.008601182140409946
,,,19366,,0.007434687111526728
,,,19367,,0.00844290480017662
,,,19368,,0.007570257410407066
,,,19369,,0.008706234395503998
,,,19370,,0.008191718719899654
,,,19371,,0.007757018320262432
,,,19372,,0.007215412333607674
,,,19373,,0.008210304193198681
,,,19374,,0.005489878356456757
,,,19375,,0.0056782979518175125
,,,19376,,0.004991771187633276
,,,19377,,0.0049521904438734055
,,,19378,,0.0051615796983242035
,,,19379,,0.0057359738275408745
,,,19380,,0.0051467325538396835
,,,19381,,0.005298091564327478
,,,19382,,0.005014348775148392
,,,19383,,0.005233963020145893
,,,19384,,0.004450544714927673
,,,19385,,0.004347715526819229
,,,19386,,0.004901092033833265
,,,19387,,0.005244093015789986
,,,19388,,0.00531943142414093
,,,19389,,0.005218134261667728
,,,19390,,0.005706679075956345
,,,19391,,0.005628868471831083
,,,19392,,0.005602455697953701
,,,19393,,0.004825260955840349
,,,19394,,0.004880895838141441
,,,19395,,0.005777344107627869
,,,19396,,0.0053567723371088505
,,,19397,,0.005887965671718121
,,,19398,,0.006602302193641663
,,,19399,,0.005950508639216423
,,,19400,,0.006503021344542503
,,,19401,,0.0056245713494718075
,,,19402,,0.0048896390944719315
,,,19403,,0.005268690176308155
,,,19404,,0.007293527014553547
,,,19405,,0.006110233720391989
,,,19406,,0.005185809917747974
,,,19407,,0.0074535999447107315
,,,19408,,0.0058638243936002254
,,,19409,,0.0071803731843829155
,,,19410,,0.005750236101448536
,,,19411,,0.005423102993518114
,,,19412,,0.006288811098784208
,,,19413,,0.006022502202540636
,,,19414,,0.005376904271543026
,,,19415,,0.006708147935569286
,,,19416,,0.005961693823337555
,,,19417,,0.005599901080131531
,,,19418,,0.0018015345558524132
,,,19419,,0.0017137015238404274
,,,19420,,0.0012270945589989424
,,,19421,,0.0013022369239479303
,,,19422,,0.0011077641975134611
,,,19423,,0.001093900646083057
,,,19424,,0.0014488205779343843
,,,19425,,0.001145512331277132
,,,19426,,0.001592176966369152
,,,19427,,0.0013865327928215265
,,,19428,,0.0013424674980342388
,,,19429,,0.001219762722030282
,,,19430,,0.0012752373004332185
,,,19431,,0.0060485536232590675
,,,19432,,0.00694525521248579
,,,19433,,0.0072585949674248695
,,,19434,,0.0051340265199542046
,,,19435,,0.0024937777779996395
,,,19436,,0.01978674903512001
,,,19437,,0.0036331911105662584
,,,19438,,0.016449296846985817
,,,19439,,0.007541299797594547
,,,19440,,0.007389618083834648
,,,19441,,0.012030195444822311
,,,19442,,0.015121407806873322
,,,19443,,0.014481853693723679
,,,19444,,0.013627973385155201
,,,19445,,0.011841481551527977
,,,19446,,0.01780821941792965
,,,19447,,0.013783689588308334
,,,19448,,0.06578446924686432
,,,19449,,0.0516136959195137
,,,19450,,0.040175847709178925
,,,19451,,0.04497814178466797
,,,19452,,0.06545090675354004
,,,19453,,0.0358201339840889
,,,19454,,0.041831761598587036
,,,19455,,0.054364100098609924
,,,19456,,0.039399147033691406
,,,19457,,0.04977108910679817
,,,19458,,0.039839450269937515
,,,19459,,0.04400624334812164
,,,19460,,0.05418907478451729
,,,19461,,0.04827561601996422
,,,19462,,0.04626152664422989
,,,19463,,0.044573429971933365
,,,19464,,0.023436401039361954
84,,,6884,0.009075061418116093,
84,0.007433109451085329,,6884,,
85,,0.005775978788733482,6889,,
85,,0.009371848776936531,6899,,
85,,0.00839264877140522,6909,,
85,,0.007162256166338921,6919,,
85,,0.005365277174860239,6929,,
85,,0.006338054314255714,6939,,
85,,0.006356671452522278,6949,,
85,,0.003650100203230977,6959,,
,,,19465,,0.0004877735336776823
,,,19466,,0.00044151529436931014
,,,19467,,0.0005501668201759458
,,,19468,,0.00040479429299011827
,,,19469,,0.0006616745376959443
,,,19470,,0.00036441575502976775
,,,19471,,0.000622848398052156
,,,19472,,0.00037842337042093277
,,,19473,,0.00046161588397808373
,,,19474,,0.0003986415104009211
,,,19475,,0.0007640408002771437
,,,19476,,0.0007902595680207014
,,,19477,,0.00043583469232544303
,,,19478,,0.00040946691296994686
,,,19479,,0.0005600022850558162
,,,19480,,0.0004038201295770705
,,,19481,,0.0007135601481422782
,,,19482,,0.000545618764590472
,,,19483,,0.0004867607494816184
,,,19484,,0.0009271723101846874
,,,19485,,0.0004249615012668073
,,,19486,,0.00036951969377696514
,,,19487,,0.00035984866553917527
,,,19488,,0.0006784128490835428
,,,19489,,0.0005833294126205146
,,,19490,,0.000582125736400485
,,,19491,,0.0005489981267601252
,,,19492,,0.004664819221943617
,,,19493,,0.014602011069655418
,,,19494,,0.012127588503062725
,,,19495,,0.012069234624505043
,,,19496,,0.013337431475520134
,,,19497,,0.011975616216659546
,,,19498,,0.06526844203472137
,,,19499,,0.020357050001621246
,,,19500,,0.009809251874685287
,,,19501,,0.011979229748249054
,,,19502,,0.008042020723223686
,,,19503,,0.004431173205375671
,,,19504,,0.01049853302538395
,,,19505,,0.006373691838234663
,,,19506,,0.00400042999535799
,,,19507,,0.009664599783718586
,,,19508,,0.009335415437817574
,,,19509,,0.004532544407993555
,,,19510,,0.012187371030449867
,,,19511,,0.005946073681116104
,,,19512,,0.0022608889266848564
,,,19513,,0.005987963173538446
,,,19514,,0.0036487127654254436
,,,19515,,0.0046477969735860825
,,,19516,,0.006253792904317379
,,,19517,,0.0020819874480366707
,,,19518,,0.005263961851596832
,,,19519,,0.003969280980527401
,,,19520,,0.00833431351929903
,,,19521,,0.00816166028380394
,,,19522,,0.0034958934411406517
,,,19523,,0.005439271219074726
,,,19524,,0.0035051123704761267
,,,19525,,0.00476860161870718
,,,19526,,0.0036408426240086555
,,,19527,,0.0033269068226218224
,,,19528,,0.00478056026622653
,,,19529,,0.003962354268878698
,,,19530,,0.002147250808775425
,,,19531,,0.0035094209015369415
,,,19532,,0.008260305039584637
,,,19533,,0.004164869897067547
,,,19534,,0.002189840655773878
,,,19535,,0.0032618215773254633
,,,19536,,0.0005036220536567271
,,,19537,,0.000829252356197685
,,,19538,,0.0002948243054561317
,,,19539,,0.000487374170916155
,,,19540,,0.0004718685813713819
,,,19541,,0.0005475982325151563
,,,19542,,0.000545760034583509
,,,19543,,0.00034352921647951007
,,,19544,,0.0005145120085217059
,,,19545,,0.0006190154817886651
,,,19546,,0.0004611511540133506
,,,19547,,0.001350057777017355
,,,19548,,0.0006360402330756187
,,,19549,,0.006077969446778297
,,,19550,,0.007341382093727589
,,,19551,,0.006728471722453833
,,,19552,,0.02083263173699379
,,,19553,,0.01441759243607521
,,,19554,,0.013252926990389824
,,,19555,,0.023920297622680664
,,,19556,,0.021894507110118866
,,,19557,,0.007987285032868385
,,,19558,,0.00876183807849884
,,,19559,,0.008807342499494553
,,,19560,,0.0064108846709132195
,,,19561,,0.0076228901743888855
,,,19562,,0.008879901841282845
,,,19563,,0.007294847629964352
,,,19564,,0.0074592153541743755
,,,19565,,0.008307553827762604
,,,19566,,0.0072410572320222855
,,,19567,,0.006357836537063122
,,,19568,,0.0061316220089793205
,,,19569,,0.00849995855242014
,,,19570,,0.008159401826560497
,,,19571,,0.008788356557488441
,,,19572,,0.008016549050807953
,,,19573,,0.007584796752780676
,,,19574,,0.010095435194671154
,,,19575,,0.008559206500649452
,,,19576,,0.0064544677734375
,,,19577,,0.008572256192564964
,,,19578,,0.008685488253831863
,,,19579,,0.007010745815932751
,,,19580,,0.007111500948667526
,,,19581,,0.005800263024866581
,,,19582,,0.00771972443908453
,,,19583,,0.0071608154103159904
,,,19584,,0.008440516889095306
,,,19585,,0.006560249719768763
,,,19586,,0.007255617529153824
,,,19587,,0.007609828375279903
,,,19588,,0.007330801337957382
,,,19589,,0.007188769057393074
,,,19590,,0.007405383512377739
,,,19591,,0.006204805802553892
,,,19592,,0.006266755983233452
,,,19593,,0.006451974622905254
,,,19594,,0.008445344865322113
,,,19595,,0.007307590916752815
,,,19596,,0.008382103405892849
,,,19597,,0.007403841242194176
,,,19598,,0.008573058061301708
,,,19599,,0.008081924170255661
,,,19600,,0.007543856278061867
,,,19601,,0.007022238336503506
,,,19602,,0.008111076429486275
,,,19603,,0.0053582582622766495
,,,19604,,0.005567990243434906
,,,19605,,0.0048352982848882675
,,,19606,,0.004834357649087906
,,,19607,,0.005021160934120417
,,,19608,,0.005552787333726883
,,,19609,,0.005006413906812668
,,,19610,,0.0052177030593156815
,,,19611,,0.004881550557911396
,,,19612,,0.005090745165944099
,,,19613,,0.0043355985544621944
,,,19614,,0.004117816686630249
,,,19615,,0.0047852094285190105
,,,19616,,0.005113889463245869
,,,19617,,0.005130250472575426
,,,19618,,0.005054555833339691
,,,19619,,0.005567339714616537
,,,19620,,0.0054647112265229225
,,,19621,,0.00546407513320446
,,,19622,,0.0047088367864489555
,,,19623,,0.004762113094329834
,,,19624,,0.005618114024400711
,,,19625,,0.005363461561501026
,,,19626,,0.005918961018323898
,,,19627,,0.006577175110578537
,,,19628,,0.005987211130559444
,,,19629,,0.006467717234045267
,,,19630,,0.005642222240567207
,,,19631,,0.004894580226391554
,,,19632,,0.005285366903990507
,,,19633,,0.007255537901073694
,,,19634,,0.00610154215246439
,,,19635,,0.005185408983379602
,,,19636,,0.007417229004204273
,,,19637,,0.005763329565525055
,,,19638,,0.007120030000805855
,,,19639,,0.005767304915934801
,,,19640,,0.005426870658993721
,,,19641,,0.006272194441407919
,,,19642,,0.0060501499101519585
,,,19643,,0.0053661116398870945
,,,19644,,0.006664952263236046
,,,19645,,0.005983626004308462
,,,19646,,0.005550088360905647
,,,19647,,0.0019373291870579123
,,,19648,,0.0017899747472256422
,,,19649,,0.0012968851951882243
,,,19650,,0.0013483766233548522
,,,19651,,0.0012056117411702871
,,,19652,,0.0012008135672658682
,,,19653,,0.0015469746431335807
,,,19654,,0.001193487667478621
,,,19655,,0.0016808019718155265
,,,19656,,0.0015242632944136858
,,,19657,,0.0014715779107064009
,,,19658,,0.0014007934369146824
,,,19659,,0.0013532122829928994
,,,19660,,0.005911101587116718
,,,19661,,0.006322643719613552
,,,19662,,0.006771682761609554
,,,19663,,0.004845773801207542
,,,19664,,0.0024364257697016
,,,19665,,0.01934031769633293
,,,19666,,0.0033874623477458954
,,,19667,,0.016578316688537598
,,,19668,,0.007128334604203701
,,,19669,,0.006522502284497023
,,,19670,,0.011243542656302452
,,,19671,,0.014346085488796234
,,,19672,,0.013852613046765327
,,,19673,,0.012787539511919022
,,,19674,,0.010335395112633705
,,,19675,,0.016324501484632492
,,,19676,,0.013366695493459702
,,,19677,,0.06417979300022125
,,,19678,,0.05059676617383957
,,,19679,,0.039364222437143326
,,,19680,,0.04533543437719345
,,,19681,,0.06528523564338684
,,,19682,,0.03491988778114319
,,,19683,,0.04095837473869324
,,,19684,,0.05353045463562012
,,,19685,,0.038035668432712555
,,,19686,,0.048875682055950165
,,,19687,,0.03907852619886398
,,,19688,,0.042984314262866974
,,,19689,,0.05359174311161041
,,,19690,,0.047586292028427124
,,,19691,,0.04467016085982323
,,,19692,,0.04360852390527725
,,,19693,,0.022869139909744263
85,,,6965,0.00892151053994894,
85,0.0074192238971591,,6965,,
86,,0.005920723080635071,6969,,
86,,0.009981662034988403,6979,,
86,,0.012076474726200104,6989,,
86,,0.00492131058126688,6999,,
86,,0.008661980740725994,7009,,
86,,0.00942291785031557,7019,,
86,,0.008814482018351555,7029,,
86,,0.009396525099873543,7039,,
,,,19694,,0.00038754596607759595
,,,19695,,0.00034015829442068934
,,,19696,,0.000537476094905287
,,,19697,,0.0003439097781665623
,,,19698,,0.0006182701326906681
,,,19699,,0.0003308079612907022
,,,19700,,0.0006473751273006201
,,,19701,,0.00032134613138623536
,,,19702,,0.00040814897511154413
,,,19703,,0.0003481560561340302
,,,19704,,0.0007314879912883043
,,,19705,,0.0007889316184446216
,,,19706,,0.0003727182629518211
,,,19707,,0.00039829578599892557
,,,19708,,0.0005161528242751956
,,,19709,,0.00038835068698972464
,,,19710,,0.0006078738369978964
,,,19711,,0.0007954861503094435
,,,19712,,0.0006378857069648802
,,,19713,,0.0008052772027440369
,,,19714,,0.0004035421006847173
,,,19715,,0.00034463260089978576
,,,19716,,0.0003321931872051209
,,,19717,,0.0007271693903021514
,,,19718,,0.000728730286937207
,,,19719,,0.0006030904478393495
,,,19720,,0.0005900227697566152
,,,19721,,0.004621805623173714
,,,19722,,0.014542371034622192
,,,19723,,0.012077278457581997
,,,19724,,0.011960992589592934
,,,19725,,0.01326924841850996
,,,19726,,0.011956729926168919
,,,19727,,0.0653446614742279
,,,19728,,0.020294301211833954
,,,19729,,0.009765353053808212
,,,19730,,0.01197271328419447
,,,19731,,0.00798274390399456
,,,19732,,0.004389387089759111
,,,19733,,0.010458588600158691
,,,19734,,0.006361858453601599
,,,19735,,0.003980937413871288
,,,19736,,0.00959424301981926
,,,19737,,0.009307358413934708
,,,19738,,0.0045265923254191875
,,,19739,,0.012117566540837288
,,,19740,,0.005981717724353075
,,,19741,,0.002322025131434202
,,,19742,,0.005979734472930431
,,,19743,,0.003702746704220772
,,,19744,,0.004630402196198702
,,,19745,,0.006257654167711735
,,,19746,,0.0021080374717712402
,,,19747,,0.005265940446406603
,,,19748,,0.004363921470940113
,,,19749,,0.008452825248241425
,,,19750,,0.008215850219130516
,,,19751,,0.003755754791200161
,,,19752,,0.00541150476783514
,,,19753,,0.0039674811996519566
,,,19754,,0.004957525059580803
,,,19755,,0.003744351677596569
,,,19756,,0.0035537732765078545
,,,19757,,0.00478889886289835
,,,19758,,0.00429712887853384
,,,19759,,0.0025261498522013426
,,,19760,,0.0036624192725867033
,,,19761,,0.008340722881257534
,,,19762,,0.004237941931933165
,,,19763,,0.0028198922518640757
,,,19764,,0.003189074108377099
,,,19765,,0.0003593539004214108
,,,19766,,0.0006294935010373592
,,,19767,,0.0002456807706039399
,,,19768,,0.000393423717468977
,,,19769,,0.000362850638339296
,,,19770,,0.00041215302189812064
,,,19771,,0.0003233893949072808
,,,19772,,0.00024652888532727957
,,,19773,,0.00028658186784014106
,,,19774,,0.0004304384929127991
,,,19775,,0.00036878019454889
,,,19776,,0.0010735963005572557
,,,19777,,0.0004782050964422524
,,,19778,,0.005810902453958988
,,,19779,,0.0071069588884711266
,,,19780,,0.006954348646104336
,,,19781,,0.02316194772720337
,,,19782,,0.01687690243124962
,,,19783,,0.015102734789252281
,,,19784,,0.026754803955554962
,,,19785,,0.024598170071840286
,,,19786,,0.008597305975854397
,,,19787,,0.008956756442785263
,,,19788,,0.009011589922010899
,,,19789,,0.006539446301758289
,,,19790,,0.0077580055221915245
,,,19791,,0.009031150490045547
,,,19792,,0.00738533865660429
,,,19793,,0.007507317699491978
,,,19794,,0.00842609629034996
,,,19795,,0.007419009692966938
,,,19796,,0.006427553482353687
,,,19797,,0.006125416606664658
,,,19798,,0.00872468389570713
,,,19799,,0.008317366242408752
,,,19800,,0.00892539881169796
,,,19801,,0.008208265528082848
,,,19802,,0.007713531609624624
,,,19803,,0.01035536639392376
,,,19804,,0.008683023042976856
,,,19805,,0.006587241776287556
,,,19806,,0.008714606985449791
,,,19807,,0.008730510249733925
,,,19808,,0.006139517296105623
,,,19809,,0.006195457652211189
,,,19810,,0.005293020512908697
,,,19811,,0.007713925093412399
,,,19812,,0.0072090765461325645
,,,19813,,0.008597264066338539
,,,19814,,0.0065877786837518215
,,,19815,,0.007329669781029224
,,,19816,,0.007613140158355236
,,,19817,,0.007339455187320709
,,,19818,,0.007252102252095938
,,,19819,,0.007574502378702164
,,,19820,,0.006173892877995968
,,,19821,,0.006364291068166494
,,,19822,,0.006590438075363636
,,,19823,,0.008456287905573845
,,,19824,,0.00732368603348732
,,,19825,,0.008410788141191006
,,,19826,,0.007533594965934753
,,,19827,,0.008730448782444
,,,19828,,0.00816609337925911
,,,19829,,0.0076879700645804405
,,,19830,,0.007073091343045235
,,,19831,,0.008231477811932564
,,,19832,,0.005470883566886187
,,,19833,,0.005650258157402277
,,,19834,,0.00495263934135437
,,,19835,,0.004867431707680225
,,,19836,,0.005061120726168156
,,,19837,,0.005615112837404013
,,,19838,,0.004937930963933468
,,,19839,,0.005238185171037912
,,,19840,,0.00484656635671854
,,,19841,,0.005127879790961742
,,,19842,,0.004346499219536781
,,,19843,,0.004139636643230915
,,,19844,,0.004703832790255547
,,,19845,,0.00517694978043437
,,,19846,,0.005139696411788464
,,,19847,,0.005178230814635754
,,,19848,,0.005515684373676777
,,,19849,,0.005420823581516743
,,,19850,,0.005577288568019867
,,,19851,,0.004695655778050423
,,,19852,,0.004798141308128834
,,,19853,,0.005622571334242821
,,,19854,,0.005174838937819004
,,,19855,,0.00576065992936492
,,,19856,,0.006347963586449623
,,,19857,,0.00574919767677784
,,,19858,,0.006277863401919603
,,,19859,,0.005448086187243462
,,,19860,,0.004730247892439365
,,,19861,,0.0050710574723780155
,,,19862,,0.0070322779938578606
,,,19863,,0.005915848538279533
,,,19864,,0.005017011426389217
,,,19865,,0.007233910262584686
,,,19866,,0.005604071542620659
,,,19867,,0.006960601545870304
,,,19868,,0.005538110621273518
,,,19869,,0.005219887942075729
,,,19870,,0.00612280797213316
,,,19871,,0.005830947309732437
,,,19872,,0.005162952467799187
,,,19873,,0.00650789774954319
,,,19874,,0.0058162640780210495
,,,19875,,0.0054402961395680904
,,,19876,,0.0018399020191282034
,,,19877,,0.0017549750627949834
,,,19878,,0.0012763034319505095
,,,19879,,0.0013460563495755196
,,,19880,,0.00119618303142488
,,,19881,,0.001181593630462885
,,,19882,,0.0014831975568085909
,,,19883,,0.0012119372840970755
,,,19884,,0.0016321868170052767
,,,19885,,0.0014660618035122752
,,,19886,,0.001442971988581121
,,,19887,,0.0013406933285295963
,,,19888,,0.0013282308354973793
,,,19889,,0.006376165896654129
,,,19890,,0.00674351304769516
,,,19891,,0.007460745982825756
,,,19892,,0.005617415066808462
,,,19893,,0.002683294704183936
,,,19894,,0.0206888597458601
,,,19895,,0.003636251436546445
,,,19896,,0.01598726585507393
,,,19897,,0.007980898953974247
,,,19898,,0.007414084859192371
,,,19899,,0.012534888461232185
,,,19900,,0.014819465577602386
,,,19901,,0.015236061066389084
,,,19902,,0.013829860836267471
,,,19903,,0.010963870212435722
,,,19904,,0.017856743186712265
,,,19905,,0.013673465698957443
,,,19906,,0.06537705659866333
,,,19907,,0.051039308309555054
,,,19908,,0.03978412598371506
,,,19909,,0.04528266191482544
,,,19910,,0.06566973030567169
,,,19911,,0.03551952913403511
,,,19912,,0.04145291820168495
,,,19913,,0.053890302777290344
,,,19914,,0.03883029520511627
,,,19915,,0.049727845937013626
,,,19916,,0.03930250555276871
,,,19917,,0.043486855924129486
,,,19918,,0.05417672172188759
,,,19919,,0.04769838973879814
,,,19920,,0.04526016116142273
,,,19921,,0.044180143624544144
,,,19922,,0.02262069657444954
86,,,7046,0.009058091789484024,
86,0.007975575514137745,,7046,,
87,,0.005082869902253151,7049,,
87,,0.004805642180144787,7059,,
87,,0.004020572640001774,7069,,
87,,0.011312805116176605,7079,,
87,,0.012449672445654869,7089,,
87,,0.006584204733371735,7099,,
87,,0.015156138688325882,7109,,
87,,0.006573813501745462,7119,,
,,,19923,,0.0003939001471735537
,,,19924,,0.0004124007828067988
,,,19925,,0.0005863323458470404
,,,19926,,0.00036415085196495056
,,,19927,,0.0007088928250595927
,,,19928,,0.00025873049162328243
,,,19929,,0.0008427324937656522
,,,19930,,0.0003243249375373125
,,,19931,,0.0005406119744293392
,,,19932,,0.00033247293322347105
,,,19933,,0.0008934352081269026
,,,19934,,0.0007113098981790245
,,,19935,,0.0003076415741816163
,,,19936,,0.0004350130329839885
,,,19937,,0.0006935857236385345
,,,19938,,0.0004075918113812804
,,,19939,,0.0009693226311355829
,,,19940,,0.0007158080115914345
,,,19941,,0.0007705447496846318
,,,19942,,0.0011868156725540757
,,,19943,,0.00048787755076773465
,,,19944,,0.00042451624176464975
,,,19945,,0.0003779749386012554
,,,19946,,0.0008090849150903523
,,,19947,,0.0006854368839412928
,,,19948,,0.0007064936216920614
,,,19949,,0.000585631700232625
,,,19950,,0.005501115694642067
,,,19951,,0.015278264880180359
,,,19952,,0.012936621904373169
,,,19953,,0.012783791869878769
,,,19954,,0.014023866504430771
,,,19955,,0.012367146089673042
,,,19956,,0.06595360487699509
,,,19957,,0.020958662033081055
,,,19958,,0.01038937084376812
,,,19959,,0.012798141688108444
,,,19960,,0.009050712920725346
,,,19961,,0.005220846273005009
,,,19962,,0.011073033325374126
,,,19963,,0.007140229921787977
,,,19964,,0.004897378850728273
,,,19965,,0.010529903694987297
,,,19966,,0.010434789583086967
,,,19967,,0.005708844400942326
,,,19968,,0.013307468965649605
,,,19969,,0.006982037331908941
,,,19970,,0.003481924068182707
,,,19971,,0.007003570906817913
,,,19972,,0.004453577566891909
,,,19973,,0.00562997255474329
,,,19974,,0.007367487996816635
,,,19975,,0.0035488642752170563
,,,19976,,0.006257475353777409
,,,19977,,0.007702951319515705
,,,19978,,0.013502931222319603
,,,19979,,0.012489436194300652
,,,19980,,0.007279009558260441
,,,19981,,0.010788025334477425
,,,19982,,0.00877207238227129
,,,19983,,0.008932990953326225
,,,19984,,0.00989259872585535
,,,19985,,0.008003812283277512
,,,19986,,0.010517257265746593
,,,19987,,0.008964955806732178
,,,19988,,0.005475463345646858
,,,19989,,0.00706859165802598
,,,19990,,0.011881384998559952
,,,19991,,0.00789392739534378
,,,19992,,0.006061420310288668
,,,19993,,0.006914215162396431
,,,19994,,0.0004490997234825045
,,,19995,,0.0008010793244466186
,,,19996,,0.0003964273491874337
,,,19997,,0.000445721932919696
,,,19998,,0.0004830191610381007
,,,19999,,0.0005130802746862173
,,,20000,,0.00036625919165089726
,,,20001,,0.0003563706995919347
,,,20002,,0.0003485683992039412
,,,20003,,0.0005853318143635988
,,,20004,,0.00044047788833267987
,,,20005,,0.0010834932327270508
,,,20006,,0.0006555647123605013
,,,20007,,0.008044465444982052
,,,20008,,0.009679703041911125
,,,20009,,0.009192059747874737
,,,20010,,0.023856181651353836
,,,20011,,0.01762971840798855
,,,20012,,0.019085954874753952
,,,20013,,0.03297458589076996
,,,20014,,0.03096555359661579
,,,20015,,0.010120527818799019
,,,20016,,0.009370643645524979
,,,20017,,0.00940430536866188
,,,20018,,0.006900792941451073
,,,20019,,0.008111679926514626
,,,20020,,0.009431341663002968
,,,20021,,0.007822176441550255
,,,20022,,0.00800024438649416
,,,20023,,0.008824179880321026
,,,20024,,0.007829944603145123
,,,20025,,0.006902066990733147
,,,20026,,0.006504458840936422
,,,20027,,0.00904441811144352
,,,20028,,0.008722715079784393
,,,20029,,0.00933130457997322
,,,20030,,0.008429789915680885
,,,20031,,0.008022138848900795
,,,20032,,0.010692190378904343
,,,20033,,0.009167302399873734
,,,20034,,0.006885993294417858
,,,20035,,0.009093919768929482
,,,20036,,0.00899369828402996
,,,20037,,0.006854202598333359
,,,20038,,0.006895681843161583
,,,20039,,0.0058253733441233635
,,,20040,,0.008159459568560123
,,,20041,,0.007736564613878727
,,,20042,,0.009110812097787857
,,,20043,,0.007082784548401833
,,,20044,,0.007757590617984533
,,,20045,,0.008263589814305305
,,,20046,,0.008039288222789764
,,,20047,,0.007781032472848892
,,,20048,,0.008024175651371479
,,,20049,,0.006768651306629181
,,,20050,,0.006732132751494646
,,,20051,,0.006945109460502863
,,,20052,,0.009051810018718243
,,,20053,,0.007891353219747543
,,,20054,,0.009016446769237518
,,,20055,,0.007945547811686993
,,,20056,,0.009320124052464962
,,,20057,,0.00859590619802475
,,,20058,,0.008214021101593971
,,,20059,,0.0075686536729335785
,,,20060,,0.00884428434073925
,,,20061,,0.0059250774793326855
,,,20062,,0.006162358447909355
,,,20063,,0.005338594317436218
,,,20064,,0.005239545367658138
,,,20065,,0.005491739604622126
,,,20066,,0.006205536890774965
,,,20067,,0.005438606254756451
,,,20068,,0.005739992018789053
,,,20069,,0.005402284674346447
,,,20070,,0.005758807994425297
,,,20071,,0.0047797877341508865
,,,20072,,0.004613173194229603
,,,20073,,0.0052749523892998695
,,,20074,,0.005752745550125837
,,,20075,,0.005819282494485378
,,,20076,,0.005582727026194334
,,,20077,,0.006227367557585239
,,,20078,,0.0059655108489096165
,,,20079,,0.006066254340112209
,,,20080,,0.005429354961961508
,,,20081,,0.005375622771680355
,,,20082,,0.006077469326555729
,,,20083,,0.006127924658358097
,,,20084,,0.006933438125997782
,,,20085,,0.007659049239009619
,,,20086,,0.006983594037592411
,,,20087,,0.007399140857160091
,,,20088,,0.00646908488124609
,,,20089,,0.005694008432328701
,,,20090,,0.006074747070670128
,,,20091,,0.00835019163787365
,,,20092,,0.007113165687769651
,,,20093,,0.006035465281456709
,,,20094,,0.008469974622130394
,,,20095,,0.006624977104365826
,,,20096,,0.008165273815393448
,,,20097,,0.006582432426512241
,,,20098,,0.006234201602637768
,,,20099,,0.007188909687101841
,,,20100,,0.0071901860646903515
,,,20101,,0.006206835620105267
,,,20102,,0.007614647038280964
,,,20103,,0.006875166669487953
,,,20104,,0.006412770599126816
,,,20105,,0.002864548936486244
,,,20106,,0.002484466414898634
,,,20107,,0.001941897440701723
,,,20108,,0.002132508670911193
,,,20109,,0.0018133650301024318
,,,20110,,0.0019092569127678871
,,,20111,,0.002416312461718917
,,,20112,,0.0018644444644451141
,,,20113,,0.0025149965658783913
,,,20114,,0.002300947904586792
,,,20115,,0.0021064383909106255
,,,20116,,0.0018967116484418511
,,,20117,,0.001982471439987421
,,,20118,,0.01041421853005886
,,,20119,,0.012430384755134583
,,,20120,,0.010892767459154129
,,,20121,,0.010454080998897552
,,,20122,,0.0046780165284872055
,,,20123,,0.02664371207356453
,,,20124,,0.007080094423145056
,,,20125,,0.022361446171998978
,,,20126,,0.010915933176875114
,,,20127,,0.011663846671581268
,,,20128,,0.019024357199668884
,,,20129,,0.019021276384592056
,,,20130,,0.02183721587061882
,,,20131,,0.020129477605223656
,,,20132,,0.019078372046351433
,,,20133,,0.02335996739566326
,,,20134,,0.019331250339746475
,,,20135,,0.07822989672422409
,,,20136,,0.062288470566272736
,,,20137,,0.050026606768369675
,,,20138,,0.05932920426130295
,,,20139,,0.07968075573444366
,,,20140,,0.04656863957643509
,,,20141,,0.05221995711326599
,,,20142,,0.06538699567317963
,,,20143,,0.04931621998548508
,,,20144,,0.060443997383117676
,,,20145,,0.05075807869434357
,,,20146,,0.05420466512441635
,,,20147,,0.06346935033798218
,,,20148,,0.06012284755706787
,,,20149,,0.056955792009830475
,,,20150,,0.05528616905212402
,,,20151,,0.02768624760210514
87,,,7127,0.011085590347647667,
87,0.007620957680046558,,7127,,
88,,0.018948869779706,7129,,
88,,0.006397356279194355,7139,,
88,,0.004530115984380245,7149,,
88,,0.013824479654431343,7159,,
88,,0.007889758795499802,7169,,
88,,0.005939663853496313,7179,,
88,,0.007571313995867968,7189,,
88,,0.00928413961082697,7199,,
,,,20152,,0.0002679560275282711
,,,20153,,0.000217824534047395
,,,20154,,0.0003754182253032923
,,,20155,,0.00021760535310022533
,,,20156,,0.00044490426080301404
,,,20157,,0.00015191349666565657
,,,20158,,0.00045642058830708265
,,,20159,,0.00015832792269065976
,,,20160,,0.00028423345065675676
,,,20161,,0.00019597944628912956
,,,20162,,0.0005711492849513888
,,,20163,,0.0006801756098866463
,,,20164,,0.00017577281687408686
,,,20165,,0.00023073669581208378
,,,20166,,0.00039563316386193037
,,,20167,,0.00022442598128691316
,,,20168,,0.0005358723574317992
,,,20169,,0.0003404805320315063
,,,20170,,0.0003345849981997162
,,,20171,,0.0006748002488166094
,,,20172,,0.0002364418178331107
,,,20173,,0.00018766705761663616
,,,20174,,0.00015249481657519937
,,,20175,,0.00047093990724533796
,,,20176,,0.0004220184637233615
,,,20177,,0.00038287221104837954
,,,20178,,0.0003614489978644997
,,,20179,,0.004392227623611689
,,,20180,,0.014270547777414322
,,,20181,,0.011865772306919098
,,,20182,,0.011779967695474625
,,,20183,,0.013037203811109066
,,,20184,,0.011681956239044666
,,,20185,,0.06459973007440567
,,,20186,,0.02000540681183338
,,,20187,,0.00948081724345684
,,,20188,,0.011717019602656364
,,,20189,,0.007735068444162607
,,,20190,,0.004171498119831085
,,,20191,,0.010162096470594406
,,,20192,,0.0061589740216732025
,,,20193,,0.0038072816096246243
,,,20194,,0.009369444102048874
,,,20195,,0.009059062227606773
,,,20196,,0.004388758912682533
,,,20197,,0.011943922378122807
,,,20198,,0.005816744640469551
,,,20199,,0.002127864398062229
,,,20200,,0.005787180736660957
,,,20201,,0.003499946091324091
,,,20202,,0.004519397858530283
,,,20203,,0.006072578951716423
,,,20204,,0.0019360817968845367
,,,20205,,0.005120476242154837
,,,20206,,0.0038981314282864332
,,,20207,,0.008126969449222088
,,,20208,,0.00792045146226883
,,,20209,,0.0035090777091681957
,,,20210,,0.005312928929924965
,,,20211,,0.0034687586594372988
,,,20212,,0.004620027728378773
,,,20213,,0.003685988485813141
,,,20214,,0.003346045035868883
,,,20215,,0.004637489095330238
,,,20216,,0.0039827339351177216
,,,20217,,0.0022133998572826385
,,,20218,,0.0033224255312234163
,,,20219,,0.007961567491292953
,,,20220,,0.004073340445756912
,,,20221,,0.00219177408143878
,,,20222,,0.0029331666883081198
,,,20223,,0.00027350359596312046
,,,20224,,0.0005918451934121549
,,,20225,,0.00036622778861783445
,,,20226,,0.0003447414783295244
,,,20227,,0.00027847729506902397
,,,20228,,0.00032337935408577323
,,,20229,,0.00019084569066762924
,,,20230,,0.0002790380094666034
,,,20231,,0.0002445403952151537
,,,20232,,0.0004123210092075169
,,,20233,,0.000331405783072114
,,,20234,,0.0006427621119655669
,,,20235,,0.0003717822546605021
,,,20236,,0.005675550550222397
,,,20237,,0.006959159858524799
,,,20238,,0.006302541587501764
,,,20239,,0.020778566598892212
,,,20240,,0.014466584660112858
,,,20241,,0.01290017832070589
,,,20242,,0.02340838313102722
,,,20243,,0.021370697766542435
,,,20244,,0.00775840412825346
,,,20245,,0.008455906063318253
,,,20246,,0.00851655937731266
,,,20247,,0.006166634149849415
,,,20248,,0.007303700782358646
,,,20249,,0.008518981747329235
,,,20250,,0.006986691150814295
,,,20251,,0.007073923945426941
,,,20252,,0.008027708157896996
,,,20253,,0.006909239571541548
,,,20254,,0.006013945210725069
,,,20255,,0.005838403943926096
,,,20256,,0.00826170016080141
,,,20257,,0.007934246212244034
,,,20258,,0.008481491357088089
,,,20259,,0.0077539426274597645
,,,20260,,0.007323940750211477
,,,20261,,0.009766782633960247
,,,20262,,0.008197551593184471
,,,20263,,0.006248029880225658
,,,20264,,0.008211311884224415
,,,20265,,0.008311260491609573
,,,20266,,0.005764673464000225
,,,20267,,0.005751706659793854
,,,20268,,0.00486793601885438
,,,20269,,0.007270508445799351
,,,20270,,0.006846171338111162
,,,20271,,0.008092752657830715
,,,20272,,0.006184831261634827
,,,20273,,0.006905287969857454
,,,20274,,0.007180610205978155
,,,20275,,0.006891392637044191
,,,20276,,0.006859703920781612
,,,20277,,0.007029201369732618
,,,20278,,0.0057794153690338135
,,,20279,,0.0058912294916808605
,,,20280,,0.006168365012854338
,,,20281,,0.008028056472539902
,,,20282,,0.006877192761749029
,,,20283,,0.007968779653310776
,,,20284,,0.007062296848744154
,,,20285,,0.008142936043441296
,,,20286,,0.007690709084272385
,,,20287,,0.007197998464107513
,,,20288,,0.00666527496650815
,,,20289,,0.007682077120989561
,,,20290,,0.005075981840491295
,,,20291,,0.005217452067881823
,,,20292,,0.004489746876060963
,,,20293,,0.004532176535576582
,,,20294,,0.004700744990259409
,,,20295,,0.0052151791751384735
,,,20296,,0.004638304002583027
,,,20297,,0.004805811680853367
,,,20298,,0.004528929479420185
,,,20299,,0.004725567996501923
,,,20300,,0.003984794951975346
,,,20301,,0.0038384520448744297
,,,20302,,0.004447969142347574
,,,20303,,0.004782707430422306
,,,20304,,0.0048116110265254974
,,,20305,,0.004766503348946571
,,,20306,,0.00518137589097023
,,,20307,,0.005149916745722294
,,,20308,,0.005139874294400215
,,,20309,,0.004352390766143799
,,,20310,,0.00439955061301589
,,,20311,,0.005277770571410656
,,,20312,,0.005048202816396952
,,,20313,,0.005635529290884733
,,,20314,,0.006218825466930866
,,,20315,,0.005626716651022434
,,,20316,,0.006140078417956829
,,,20317,,0.005293273366987705
,,,20318,,0.004561759997159243
,,,20319,,0.00493920873850584
,,,20320,,0.006814207881689072
,,,20321,,0.0057514738291502
,,,20322,,0.00486601609736681
,,,20323,,0.007069811224937439
,,,20324,,0.0055168503895401955
,,,20325,,0.006808859296143055
,,,20326,,0.005387494340538979
,,,20327,,0.005056832917034626
,,,20328,,0.005967171862721443
,,,20329,,0.005725579801946878
,,,20330,,0.005070148967206478
,,,20331,,0.0063344622030854225
,,,20332,,0.005621263757348061
,,,20333,,0.005304589867591858
,,,20334,,0.0017712758854031563
,,,20335,,0.001642004237510264
,,,20336,,0.0011497966479510069
,,,20337,,0.0012404650915414095
,,,20338,,0.0010748711647465825
,,,20339,,0.0010296746622771025
,,,20340,,0.0013718714471906424
,,,20341,,0.0010819484014064074
,,,20342,,0.0015194601146504283
,,,20343,,0.0013347712811082602
,,,20344,,0.0013065673410892487
,,,20345,,0.0012088516959920526
,,,20346,,0.001200405415147543
,,,20347,,0.005927424877882004
,,,20348,,0.007006160449236631
,,,20349,,0.006910304073244333
,,,20350,,0.005223502404987812
,,,20351,,0.002290792763233185
,,,20352,,0.018767081201076508
,,,20353,,0.003249653847888112
,,,20354,,0.017354214563965797
,,,20355,,0.007475996855646372
,,,20356,,0.006909938529133797
,,,20357,,0.011462852358818054
,,,20358,,0.014342686161398888
,,,20359,,0.014354735612869263
,,,20360,,0.012765852734446526
,,,20361,,0.010954689234495163
,,,20362,,0.01710696518421173
,,,20363,,0.013367459177970886
,,,20364,,0.0642942413687706
,,,20365,,0.05010081082582474
,,,20366,,0.03943844884634018
,,,20367,,0.04502490907907486
,,,20368,,0.0651383250951767
,,,20369,,0.03509237989783287
,,,20370,,0.04067656025290489
,,,20371,,0.05395766347646713
,,,20372,,0.038495179265737534
,,,20373,,0.048345599323511124
,,,20374,,0.038788408041000366
,,,20375,,0.04354391619563103
,,,20376,,0.05390028655529022
,,,20377,,0.04792717844247818
,,,20378,,0.04507040977478027
,,,20379,,0.04348358139395714
,,,20380,,0.02257508598268032
88,,,7208,0.008703799918293953,
88,0.00823232065886259,,7208,,
89,,0.0026191635988652706,7209,,
89,,0.0037428135983645916,7219,,
89,,0.006149005610495806,7229,,
89,,0.005288105923682451,7239,,
89,,0.007136589381843805,7249,,
89,,0.011228680610656738,7259,,
89,,0.007529339753091335,7269,,
89,,0.005007483065128326,7279,,
89,,0.004854552913457155,7289,,
,,,20381,,0.000305768073303625
,,,20382,,0.0002633559633977711
,,,20383,,0.0004265994648449123
,,,20384,,0.00021196976013015956
,,,20385,,0.0004303516470827162
,,,20386,,0.0001768565853126347
,,,20387,,0.00038807070814073086
,,,20388,,0.00020016395137645304
,,,20389,,0.0002657636650837958
,,,20390,,0.00020591553766280413
,,,20391,,0.0006282012327574193
,,,20392,,0.000894072640221566
,,,20393,,0.00023650829098187387
,,,20394,,0.00022995946346782148
,,,20395,,0.0003991177654825151
,,,20396,,0.00026342860655859113
,,,20397,,0.0005186029011383653
,,,20398,,0.00039208849193528295
,,,20399,,0.0003556451993063092
,,,20400,,0.0007246145978569984
,,,20401,,0.0002571308286860585
,,,20402,,0.00023061997490003705
,,,20403,,0.00017507269512861967
,,,20404,,0.0005106962635181844
,,,20405,,0.00043861428275704384
,,,20406,,0.0004382719052955508
,,,20407,,0.0003769232425838709
,,,20408,,0.00454319454729557
,,,20409,,0.014367789030075073
,,,20410,,0.011957414448261261
,,,20411,,0.011914589442312717
,,,20412,,0.013191381469368935
,,,20413,,0.01179317943751812
,,,20414,,0.06395946443080902
,,,20415,,0.020052582025527954
,,,20416,,0.009604490362107754
,,,20417,,0.011885210871696472
,,,20418,,0.007873103953897953
,,,20419,,0.004339368082582951
,,,20420,,0.010273940861225128
,,,20421,,0.006381083279848099
,,,20422,,0.004080928862094879
,,,20423,,0.009529229253530502
,,,20424,,0.009203341789543629
,,,20425,,0.004769477061927319
,,,20426,,0.012019308283925056
,,,20427,,0.005982756614685059
,,,20428,,0.002484771190211177
,,,20429,,0.005945113953202963
,,,20430,,0.0037644277326762676
,,,20431,,0.004780548624694347
,,,20432,,0.006334271747618914
,,,20433,,0.002277359599247575
,,,20434,,0.005373155698180199
,,,20435,,0.003929381258785725
,,,20436,,0.008033795282244682
,,,20437,,0.007934438064694405
,,,20438,,0.0035055424086749554
,,,20439,,0.0055385613813996315
,,,20440,,0.0034711486659944057
,,,20441,,0.004596945829689503
,,,20442,,0.0037068030796945095
,,,20443,,0.003441940527409315
,,,20444,,0.0047951433807611465
,,,20445,,0.004002257250249386
,,,20446,,0.0021983906626701355
,,,20447,,0.003297852585092187
,,,20448,,0.007929466664791107
,,,20449,,0.004135360941290855
,,,20450,,0.0021411962807178497
,,,20451,,0.0030038640834391117
,,,20452,,0.00035455459146760404
,,,20453,,0.0007060597999952734
,,,20454,,0.0005229153321124613
,,,20455,,0.00038434864836744964
,,,20456,,0.0003706572751980275
,,,20457,,0.0004084841930307448
,,,20458,,0.0002762309741228819
,,,20459,,0.0004418211756274104
,,,20460,,0.0003321586409583688
,,,20461,,0.0005506044253706932
,,,20462,,0.00035881256917491555
,,,20463,,0.0006448839558288455
,,,20464,,0.0005210544914007187
,,,20465,,0.0056747738271951675
,,,20466,,0.006901245564222336
,,,20467,,0.0063860113732516766
,,,20468,,0.020973900333046913
,,,20469,,0.01480269804596901
,,,20470,,0.013271710835397243
,,,20471,,0.023148873820900917
,,,20472,,0.021371835842728615
,,,20473,,0.007660937029868364
,,,20474,,0.008406296372413635
,,,20475,,0.008490938693284988
,,,20476,,0.006127660162746906
,,,20477,,0.00727899931371212
,,,20478,,0.008509466424584389
,,,20479,,0.006892094388604164
,,,20480,,0.007051781751215458
,,,20481,,0.008025763556361198
,,,20482,,0.006882373243570328
,,,20483,,0.006031181663274765
,,,20484,,0.005888826213777065
,,,20485,,0.008130981586873531
,,,20486,,0.007886601611971855
,,,20487,,0.008419591933488846
,,,20488,,0.007725289091467857
,,,20489,,0.007327564992010593
,,,20490,,0.00976814515888691
,,,20491,,0.008201315999031067
,,,20492,,0.006170159205794334
,,,20493,,0.00824275054037571
,,,20494,,0.00824221596121788
,,,20495,,0.005742033012211323
,,,20496,,0.005752707831561565
,,,20497,,0.0048641636967659
,,,20498,,0.007241688668727875
,,,20499,,0.006810616701841354
,,,20500,,0.007997967302799225
,,,20501,,0.006190627347677946
,,,20502,,0.006885248236358166
,,,20503,,0.007169641554355621
,,,20504,,0.00688228290528059
,,,20505,,0.006833294406533241
,,,20506,,0.006970996968448162
,,,20507,,0.00577795784920454
,,,20508,,0.005898209288716316
,,,20509,,0.006141560152173042
,,,20510,,0.008023859933018684
,,,20511,,0.0069326190277934074
,,,20512,,0.007907815277576447
,,,20513,,0.007039299234747887
,,,20514,,0.008092965930700302
,,,20515,,0.007681136950850487
,,,20516,,0.007165612652897835
,,,20517,,0.006668161600828171
,,,20518,,0.007656195666640997
,,,20519,,0.005002425983548164
,,,20520,,0.005223893094807863
,,,20521,,0.004510565660893917
,,,20522,,0.004547749180346727
,,,20523,,0.0046928077936172485
,,,20524,,0.0051879496313631535
,,,20525,,0.004615150857716799
,,,20526,,0.004787036217749119
,,,20527,,0.004557090811431408
,,,20528,,0.0047646635212004185
,,,20529,,0.003996938467025757
,,,20530,,0.003850505920127034
,,,20531,,0.004478598944842815
,,,20532,,0.004802767653018236
,,,20533,,0.004818903747946024
,,,20534,,0.00472894636914134
,,,20535,,0.005192370153963566
,,,20536,,0.005143555346876383
,,,20537,,0.005161520559340715
,,,20538,,0.004347718320786953
,,,20539,,0.004420896526426077
,,,20540,,0.005295234266668558
,,,20541,,0.005064993165433407
,,,20542,,0.00559467077255249
,,,20543,,0.006171077955514193
,,,20544,,0.005606400780379772
,,,20545,,0.006154991220682859
,,,20546,,0.005305142607539892
,,,20547,,0.004623033106327057
,,,20548,,0.0049446518532931805
,,,20549,,0.006837889086455107
,,,20550,,0.0057606445625424385
,,,20551,,0.004844795912504196
,,,20552,,0.007076348178088665
,,,20553,,0.005471414886415005
,,,20554,,0.006743752397596836
,,,20555,,0.005350072402507067
,,,20556,,0.005071114748716354
,,,20557,,0.005949357058852911
,,,20558,,0.005653240717947483
,,,20559,,0.005018346011638641
,,,20560,,0.006358260288834572
,,,20561,,0.005649244412779808
,,,20562,,0.005295075010508299
,,,20563,,0.002034741686657071
,,,20564,,0.001829891698434949
,,,20565,,0.001477325102314353
,,,20566,,0.0014470680616796017
,,,20567,,0.0012484422186389565
,,,20568,,0.001235262956470251
,,,20569,,0.0016869109822437167
,,,20570,,0.0012912882957607508
,,,20571,,0.0018061012960970402
,,,20572,,0.0015198600012809038
,,,20573,,0.0015798392705619335
,,,20574,,0.0013743042945861816
,,,20575,,0.0013976236805319786
,,,20576,,0.0058823879808187485
,,,20577,,0.006612078286707401
,,,20578,,0.007010654546320438
,,,20579,,0.004926018416881561
,,,20580,,0.0024006282910704613
,,,20581,,0.019020650535821915
,,,20582,,0.0031554698944091797
,,,20583,,0.016223518177866936
,,,20584,,0.007123757153749466
,,,20585,,0.006730672903358936
,,,20586,,0.011613026261329651
,,,20587,,0.014921076595783234
,,,20588,,0.014526024460792542
,,,20589,,0.012882184237241745
,,,20590,,0.010641861706972122
,,,20591,,0.016641609370708466
,,,20592,,0.01312333531677723
,,,20593,,0.06424601376056671
,,,20594,,0.049398697912693024
,,,20595,,0.03876614570617676
,,,20596,,0.04452294111251831
,,,20597,,0.06495843827724457
,,,20598,,0.03454841673374176
,,,20599,,0.04035533592104912
,,,20600,,0.05371834337711334
,,,20601,,0.03779786825180054
,,,20602,,0.048320889472961426
,,,20603,,0.03857417404651642
,,,20604,,0.04292033612728119
,,,20605,,0.05352192744612694
,,,20606,,0.04773404076695442
,,,20607,,0.04475005716085434
,,,20608,,0.043391428887844086
,,,20609,,0.02266254648566246
89,,,7289,0.008709140121936798,
89,0.0071541485376656055,,7289,,
90,,0.005550609901547432,7299,,
90,,0.010014103725552559,7309,,
90,,0.006529322825372219,7319,,
90,,0.006713843904435635,7329,,
90,,0.007464509457349777,7339,,
90,,0.007502993568778038,7349,,
90,,0.0034444467164576054,7359,,
90,,0.005115295760333538,7369,,
,,,20610,,0.000509522738866508
,,,20611,,0.000474010594189167
,,,20612,,0.0005588654894381762
,,,20613,,0.0004591099568642676
,,,20614,,0.0006376641103997827
,,,20615,,0.000374284281861037
,,,20616,,0.0006687178974971175
,,,20617,,0.0004208004102110863
,,,20618,,0.0004987702122889459
,,,20619,,0.0004491570871323347
,,,20620,,0.0008013928309082985
,,,20621,,0.0008713389979675412
,,,20622,,0.0004521560331340879
,,,20623,,0.00047922664089128375
,,,20624,,0.0006383698200806975
,,,20625,,0.0004953728639520705
,,,20626,,0.0007750976947136223
,,,20627,,0.0006311791366897523
,,,20628,,0.000618038815446198
,,,20629,,0.0009460995788685977
,,,20630,,0.0005054089706391096
,,,20631,,0.00041366450022906065
,,,20632,,0.0004475235182326287
,,,20633,,0.000770913902670145
,,,20634,,0.0007004576036706567
,,,20635,,0.0006429976201616228
,,,20636,,0.0006054951809346676
,,,20637,,0.004407533910125494
,,,20638,,0.014164729043841362
,,,20639,,0.01174473948776722
,,,20640,,0.01168717723339796
,,,20641,,0.012957381084561348
,,,20642,,0.011618286371231079
,,,20643,,0.06388156116008759
,,,20644,,0.019858893007040024
,,,20645,,0.009390321560204029
,,,20646,,0.011655764654278755
,,,20647,,0.007675898261368275
,,,20648,,0.004137939773499966
,,,20649,,0.010110845789313316
,,,20650,,0.006113037467002869
,,,20651,,0.0037060012109577656
,,,20652,,0.009189292788505554
,,,20653,,0.008943269029259682
,,,20654,,0.004307986237108707
,,,20655,,0.011675756424665451
,,,20656,,0.00563244242221117
,,,20657,,0.002092660404741764
,,,20658,,0.005653955042362213
,,,20659,,0.003461584448814392
,,,20660,,0.004417920485138893
,,,20661,,0.005965741351246834
,,,20662,,0.001926328637637198
,,,20663,,0.0050134966149926186
,,,20664,,0.003925688564777374
,,,20665,,0.008067079819738865
,,,20666,,0.007777880877256393
,,,20667,,0.0036197914741933346
,,,20668,,0.005236820783466101
,,,20669,,0.0035153755452483892
,,,20670,,0.004597279243171215
,,,20671,,0.003655532840639353
,,,20672,,0.003354237647727132
,,,20673,,0.004586735740303993
,,,20674,,0.003992987796664238
,,,20675,,0.002320625353604555
,,,20676,,0.0038518051151186228
,,,20677,,0.007911241613328457
,,,20678,,0.0042025260627269745
,,,20679,,0.0025394794065505266
,,,20680,,0.0031598848290741444
,,,20681,,0.0003764480061363429
,,,20682,,0.000690841639880091
,,,20683,,0.0002774483582470566
,,,20684,,0.00038361019687727094
,,,20685,,0.0003346254816278815
,,,20686,,0.000428965431638062
,,,20687,,0.0003822311118710786
,,,20688,,0.0002745940873865038
,,,20689,,0.00036324921529740095
,,,20690,,0.00047846746747381985
,,,20691,,0.000360833975719288
,,,20692,,0.0010589004959911108
,,,20693,,0.0004892756696790457
,,,20694,,0.005624905228614807
,,,20695,,0.0068057747557759285
,,,20696,,0.006262653507292271
,,,20697,,0.020388977602124214
,,,20698,,0.014236010611057281
,,,20699,,0.012652014382183552
,,,20700,,0.022896658629179
,,,20701,,0.021193208172917366
,,,20702,,0.007589157670736313
,,,20703,,0.008280263282358646
,,,20704,,0.008309846743941307
,,,20705,,0.006039360538125038
,,,20706,,0.007182652130723
,,,20707,,0.008399526588618755
,,,20708,,0.006859293207526207
,,,20709,,0.006998474709689617
,,,20710,,0.007891393266618252
,,,20711,,0.00678032822906971
,,,20712,,0.005936355330049992
,,,20713,,0.005767384078353643
,,,20714,,0.008111469447612762
,,,20715,,0.007768338546156883
,,,20716,,0.008320864289999008
,,,20717,,0.00757940299808979
,,,20718,,0.007164695765823126
,,,20719,,0.009622477926313877
,,,20720,,0.008059881627559662
,,,20721,,0.006155897863209248
,,,20722,,0.00811422523111105
,,,20723,,0.008151287212967873
,,,20724,,0.005556725896894932
,,,20725,,0.005583739373832941
,,,20726,,0.004802263807505369
,,,20727,,0.0072358595207333565
,,,20728,,0.006783594377338886
,,,20729,,0.008037927560508251
,,,20730,,0.006157875061035156
,,,20731,,0.006802917458117008
,,,20732,,0.00711304135620594
,,,20733,,0.0069099729880690575
,,,20734,,0.006763190496712923
,,,20735,,0.0069551002234220505
,,,20736,,0.00579837104305625
,,,20737,,0.005842035636305809
,,,20738,,0.006057829596102238
,,,20739,,0.007935227826237679
,,,20740,,0.006856238469481468
,,,20741,,0.007883654907345772
,,,20742,,0.006951834075152874
,,,20743,,0.008066993206739426
,,,20744,,0.007635711692273617
,,,20745,,0.0071045467630028725
,,,20746,,0.006568774115294218
,,,20747,,0.007634173147380352
,,,20748,,0.005053434520959854
,,,20749,,0.005226557143032551
,,,20750,,0.004507044330239296
,,,20751,,0.004509808029979467
,,,20752,,0.004696732386946678
,,,20753,,0.005225710105150938
,,,20754,,0.004689089488238096
,,,20755,,0.004805646371096373
,,,20756,,0.004551926162093878
,,,20757,,0.004767291713505983
,,,20758,,0.004028800874948502
,,,20759,,0.00382482772693038
,,,20760,,0.0044904910027980804
,,,20761,,0.004752796608954668
,,,20762,,0.004792578984051943
,,,20763,,0.004741576965898275
,,,20764,,0.0052115535363554955
,,,20765,,0.005111983511596918
,,,20766,,0.0051571521908044815
,,,20767,,0.004378025885671377
,,,20768,,0.004394028801470995
,,,20769,,0.005243562161922455
,,,20770,,0.005116322077810764
,,,20771,,0.005641627591103315
,,,20772,,0.006235350389033556
,,,20773,,0.005635065957903862
,,,20774,,0.006145470775663853
,,,20775,,0.005350308492779732
,,,20776,,0.0046526119112968445
,,,20777,,0.0050130803138017654
,,,20778,,0.006867591291666031
,,,20779,,0.0058003319427371025
,,,20780,,0.004933635704219341
,,,20781,,0.007081802003085613
,,,20782,,0.005539571866393089
,,,20783,,0.006800845265388489
,,,20784,,0.005459989421069622
,,,20785,,0.005114147439599037
,,,20786,,0.0059601846151053905
,,,20787,,0.005738906562328339
,,,20788,,0.005093143321573734
,,,20789,,0.006322578992694616
,,,20790,,0.005685166455805302
,,,20791,,0.005344614386558533
,,,20792,,0.0016809612279757857
,,,20793,,0.0015445592580363154
,,,20794,,0.0011048056185245514
,,,20795,,0.0012029665522277355
,,,20796,,0.0010539249051362276
,,,20797,,0.0010243263095617294
,,,20798,,0.0013283219886943698
,,,20799,,0.0010506942635402083
,,,20800,,0.0014407909475266933
,,,20801,,0.0012811634223908186
,,,20802,,0.0012642699293792248
,,,20803,,0.0012381849810481071
,,,20804,,0.0011466136202216148
,,,20805,,0.0058819083496928215
,,,20806,,0.00660800701007247
,,,20807,,0.007064780220389366
,,,20808,,0.0053061433136463165
,,,20809,,0.0025093723088502884
,,,20810,,0.018619200214743614
,,,20811,,0.003410547971725464
,,,20812,,0.01671752519905567
,,,20813,,0.00691585848107934
,,,20814,,0.006721781101077795
,,,20815,,0.01125243492424488
,,,20816,,0.01421596109867096
,,,20817,,0.013800201006233692
,,,20818,,0.012319106608629227
,,,20819,,0.01105092279613018
,,,20820,,0.01711753010749817
,,,20821,,0.013109695166349411
,,,20822,,0.06381608545780182
,,,20823,,0.049687303602695465
,,,20824,,0.038812458515167236
,,,20825,,0.04418918490409851
,,,20826,,0.06382095813751221
,,,20827,,0.034311551600694656
,,,20828,,0.04017171263694763
,,,20829,,0.052700065076351166
,,,20830,,0.03739941492676735
,,,20831,,0.04813004657626152
,,,20832,,0.03826259821653366
,,,20833,,0.042463067919015884
,,,20834,,0.053418561816215515
,,,20835,,0.04728696495294571
,,,20836,,0.04396321624517441
,,,20837,,0.04328081011772156
,,,20838,,0.022644666954874992
90,,,7370,0.008639347739517689,
90,0.007255297154188156,,7370,,
91,,0.005592758767306805,7379,,
91,,0.009835956618189812,7389,,
91,,0.006012269761413336,7399,,
91,,0.006486732978373766,7409,,
91,,0.008880474604666233,7419,,
91,,0.006421840749680996,7429,,
91,,0.006153554655611515,7439,,
91,,0.004647491034120321,7449,,
,,,20839,,0.0008681719191372395
,,,20840,,0.0008736641029827297
,,,20841,,0.0010597256477922201
,,,20842,,0.0008586395997554064
,,,20843,,0.0009797533275559545
,,,20844,,0.0008017955115064979
,,,20845,,0.0010828542290255427
,,,20846,,0.000799703411757946
,,,20847,,0.0009092114632949233
,,,20848,,0.0008402391104027629
,,,20849,,0.0012107989750802517
,,,20850,,0.001303411670960486
,,,20851,,0.0007618397939950228
,,,20852,,0.0008859197841957211
,,,20853,,0.0010590336751192808
,,,20854,,0.0008643153123557568
,,,20855,,0.001114536076784134
,,,20856,,0.0009814436780288815
,,,20857,,0.000989359337836504
,,,20858,,0.0013140258379280567
,,,20859,,0.0009162275237031281
,,,20860,,0.0008223560871556401
,,,20861,,0.0008094462682493031
,,,20862,,0.0012048173230141401
,,,20863,,0.0011067711748182774
,,,20864,,0.0010253081563860178
,,,20865,,0.0010488757397979498
,,,20866,,0.004502150230109692
,,,20867,,0.014224949292838573
,,,20868,,0.01184341125190258
,,,20869,,0.011773766949772835
,,,20870,,0.013059166260063648
,,,20871,,0.01167040504515171
,,,20872,,0.06381304562091827
,,,20873,,0.01989041268825531
,,,20874,,0.009450816549360752
,,,20875,,0.011731022968888283
,,,20876,,0.007727896329015493
,,,20877,,0.0042175715789198875
,,,20878,,0.010151048190891743
,,,20879,,0.006201833952218294
,,,20880,,0.003739264328032732
,,,20881,,0.009167065843939781
,,,20882,,0.008907439187169075
,,,20883,,0.004364980384707451
,,,20884,,0.011631440371274948
,,,20885,,0.005665140226483345
,,,20886,,0.0021937061101198196
,,,20887,,0.00564033817499876
,,,20888,,0.0035343091003596783
,,,20889,,0.004413975402712822
,,,20890,,0.006035049445927143
,,,20891,,0.002013083081692457
,,,20892,,0.0050622448325157166
,,,20893,,0.004326806869357824
,,,20894,,0.008227948099374771
,,,20895,,0.00813266821205616
,,,20896,,0.004026627168059349
,,,20897,,0.005697203334420919
,,,20898,,0.0038713349495083094
,,,20899,,0.004944783169776201
,,,20900,,0.004072927869856358
,,,20901,,0.003929415252059698
,,,20902,,0.005017629358917475
,,,20903,,0.004346900153905153
,,,20904,,0.002807040698826313
,,,20905,,0.003951500169932842
,,,20906,,0.008125346153974533
,,,20907,,0.004617311991751194
,,,20908,,0.002779989503324032
,,,20909,,0.003140534507110715
,,,20910,,0.0008757768082432449
,,,20911,,0.0011955909430980682
,,,20912,,0.0014969143085181713
,,,20913,,0.0009554988937452435
,,,20914,,0.0009222018998116255
,,,20915,,0.0009015240939334035
,,,20916,,0.000720402633305639
,,,20917,,0.0011807347182184458
,,,20918,,0.0008891577599570155
,,,20919,,0.0011605233885347843
,,,20920,,0.0009593779686838388
,,,20921,,0.0004565140407066792
,,,20922,,0.0010486104292795062
,,,20923,,0.006112532690167427
,,,20924,,0.007413673214614391
,,,20925,,0.00712630245834589
,,,20926,,0.022068975493311882
,,,20927,,0.01613715849816799
,,,20928,,0.013797121122479439
,,,20929,,0.022835928946733475
,,,20930,,0.021029163151979446
,,,20931,,0.0077693043276667595
,,,20932,,0.008431291207671165
,,,20933,,0.008525285869836807
,,,20934,,0.006243106909096241
,,,20935,,0.007380817551165819
,,,20936,,0.008505241945385933
,,,20937,,0.007040352560579777
,,,20938,,0.007157910615205765
,,,20939,,0.008072544820606709
,,,20940,,0.006932197138667107
,,,20941,,0.006153173744678497
,,,20942,,0.0059647210873663425
,,,20943,,0.008270781487226486
,,,20944,,0.007949172519147396
,,,20945,,0.008491842076182365
,,,20946,,0.007800462190061808
,,,20947,,0.0073751164600253105
,,,20948,,0.00974478293210268
,,,20949,,0.008225702680647373
,,,20950,,0.006358855403959751
,,,20951,,0.008278397843241692
,,,20952,,0.00830856803804636
,,,20953,,0.005910957232117653
,,,20954,,0.005877161398530006
,,,20955,,0.005050947889685631
,,,20956,,0.007401643320918083
,,,20957,,0.006950564216822386
,,,20958,,0.008185122162103653
,,,20959,,0.0062953452579677105
,,,20960,,0.007038170471787453
,,,20961,,0.00726664811372757
,,,20962,,0.00706966407597065
,,,20963,,0.006986225955188274
,,,20964,,0.007074931636452675
,,,20965,,0.005965867079794407
,,,20966,,0.005988732911646366
,,,20967,,0.006224464625120163
,,,20968,,0.008119631558656693
,,,20969,,0.007017274387180805
,,,20970,,0.008092804811894894
,,,20971,,0.007121589500457048
,,,20972,,0.008229846134781837
,,,20973,,0.007795192766934633
,,,20974,,0.007268811110407114
,,,20975,,0.0067454250529408455
,,,20976,,0.007791595533490181
,,,20977,,0.005150847136974335
,,,20978,,0.005331707652658224
,,,20979,,0.0046578338369727135
,,,20980,,0.004705133847892284
,,,20981,,0.00485429959371686
,,,20982,,0.005315587855875492
,,,20983,,0.004828204400837421
,,,20984,,0.004918283317238092
,,,20985,,0.004721510224044323
,,,20986,,0.0049056061543524265
,,,20987,,0.004176258575171232
,,,20988,,0.004007939249277115
,,,20989,,0.00465961592271924
,,,20990,,0.004898376762866974
,,,20991,,0.004983124323189259
,,,20992,,0.004881666973233223
,,,20993,,0.005307845771312714
,,,20994,,0.0052921283058822155
,,,20995,,0.005258852615952492
,,,20996,,0.004525039345026016
,,,20997,,0.004517357796430588
,,,20998,,0.005405556410551071
,,,20999,,0.005315483082085848
,,,21000,,0.005886697210371494
,,,21001,,0.006420471705496311
,,,21002,,0.005855481140315533
,,,21003,,0.0064011989161372185
,,,21004,,0.005571120884269476
,,,21005,,0.004877947736531496
,,,21006,,0.005233136471360922
,,,21007,,0.007041567005217075
,,,21008,,0.006036045029759407
,,,21009,,0.005161901004612446
,,,21010,,0.007340141572058201
,,,21011,,0.005747652612626553
,,,21012,,0.007018644362688065
,,,21013,,0.0056639183312654495
,,,21014,,0.005354777909815311
,,,21015,,0.006200807169079781
,,,21016,,0.005927759222686291
,,,21017,,0.005333497188985348
,,,21018,,0.006552225444465876
,,,21019,,0.005924352444708347
,,,21020,,0.005562286823987961
,,,21021,,0.001930247526615858
,,,21022,,0.0018643612274900079
,,,21023,,0.0014885100536048412
,,,21024,,0.0014328737743198872
,,,21025,,0.0012373407371342182
,,,21026,,0.0012298531364649534
,,,21027,,0.0016400242457166314
,,,21028,,0.0012899378780275583
,,,21029,,0.0017834482714533806
,,,21030,,0.001519968849606812
,,,21031,,0.0015428652986884117
,,,21032,,0.0014080917462706566
,,,21033,,0.001422086963430047
,,,21034,,0.006437416188418865
,,,21035,,0.007376924157142639
,,,21036,,0.007524444255977869
,,,21037,,0.005672258324921131
,,,21038,,0.002991325221955776
,,,21039,,0.020535463467240334
,,,21040,,0.003736167447641492
,,,21041,,0.01681012660264969
,,,21042,,0.007647144608199596
,,,21043,,0.007134690415114164
,,,21044,,0.012051746249198914
,,,21045,,0.01518970262259245
,,,21046,,0.014514176174998283
,,,21047,,0.013002682477235794
,,,21048,,0.010630156844854355
,,,21049,,0.017485762014985085
,,,21050,,0.013987664133310318
,,,21051,,0.06398546695709229
,,,21052,,0.049578215926885605
,,,21053,,0.038734935224056244
,,,21054,,0.044651154428720474
,,,21055,,0.06427671015262604
,,,21056,,0.034624118357896805
,,,21057,,0.04035617783665657
,,,21058,,0.05311426520347595
,,,21059,,0.03803292661905289
,,,21060,,0.04805629700422287
,,,21061,,0.03835150599479675
,,,21062,,0.04302587732672691
,,,21063,,0.05378032475709915
,,,21064,,0.04753507673740387
,,,21065,,0.044169679284095764
,,,21066,,0.043166689574718475
,,,21067,,0.023096023127436638
91,,,7451,0.008922474458813667,
91,0.006921564694494009,,7451,,
92,,0.008389154449105263,7459,,
92,,0.008281640708446503,7469,,
92,,0.006628830451518297,7479,,
92,,0.010460461489856243,7489,,
92,,0.009249484166502953,7499,,
92,,0.005346727091819048,7509,,
92,,0.012478924356400967,7519,,
92,,0.006150190718472004,7529,,
,,,21068,,0.00028955336892977357
,,,21069,,0.00024596182629466057
,,,21070,,0.00041311242966912687
,,,21071,,0.00026063245604746044
,,,21072,,0.0004271419602446258
,,,21073,,0.00022119474306236953
,,,21074,,0.00047501546214334667
,,,21075,,0.00020042236428707838
,,,21076,,0.00029754609568044543
,,,21077,,0.00023734144633635879
,,,21078,,0.0006508035585284233
,,,21079,,0.0008292727288790047
,,,21080,,0.00021368279703892767
,,,21081,,0.00027688886621035635
,,,21082,,0.00047914840979501605
,,,21083,,0.00029228790663182735
,,,21084,,0.0005728363175876439
,,,21085,,0.0003886946360580623
,,,21086,,0.00038280081935226917
,,,21087,,0.0007876513991504908
,,,21088,,0.00032250251388177276
,,,21089,,0.00024882645811885595
,,,21090,,0.00021318174549378455
,,,21091,,0.0005034686764702201
,,,21092,,0.00046504312194883823
,,,21093,,0.00044665136374533176
,,,21094,,0.00041159556712955236
,,,21095,,0.004360657185316086
,,,21096,,0.014109447598457336
,,,21097,,0.01168901938945055
,,,21098,,0.01162717118859291
,,,21099,,0.012907595373690128
,,,21100,,0.011554472148418427
,,,21101,,0.06357044726610184
,,,21102,,0.019758563488721848
,,,21103,,0.009349428117275238
,,,21104,,0.011625401675701141
,,,21105,,0.007664570584893227
,,,21106,,0.004138607531785965
,,,21107,,0.010083656758069992
,,,21108,,0.00611061230301857
,,,21109,,0.0037689178716391325
,,,21110,,0.00909275934100151
,,,21111,,0.008860242553055286
,,,21112,,0.004358491860330105
,,,21113,,0.01153174601495266
,,,21114,,0.005656661000102758
,,,21115,,0.0022060158662497997
,,,21116,,0.005618196912109852
,,,21117,,0.0035151136107742786
,,,21118,,0.004500828683376312
,,,21119,,0.00602028938010335
,,,21120,,0.0020816102623939514
,,,21121,,0.005078840535134077
,,,21122,,0.003615809604525566
,,,21123,,0.007762449327856302
,,,21124,,0.007537742145359516
,,,21125,,0.003332548076286912
,,,21126,,0.005157953128218651
,,,21127,,0.003225175430998206
,,,21128,,0.00437130406498909
,,,21129,,0.0034811501391232014
,,,21130,,0.003224417567253113
,,,21131,,0.00452025281265378
,,,21132,,0.003753337077796459
,,,21133,,0.0020413061138242483
,,,21134,,0.0031787799671292305
,,,21135,,0.007592438254505396
,,,21136,,0.003929530270397663
,,,21137,,0.0021204734221100807
,,,21138,,0.0028198352083563805
,,,21139,,0.00032717178692109883
,,,21140,,0.0006103134946897626
,,,21141,,0.0004985833074897528
,,,21142,,0.00038614426739513874
,,,21143,,0.00033386755967512727
,,,21144,,0.000365290732588619
,,,21145,,0.00023656676057726145
,,,21146,,0.00036259606713429093
,,,21147,,0.00028286027372814715
,,,21148,,0.0004708809719886631
,,,21149,,0.0003592666471377015
,,,21150,,0.0006054674158804119
,,,21151,,0.00046441939775832
,,,21152,,0.005606069229543209
,,,21153,,0.006892315577715635
,,,21154,,0.006288527045398951
,,,21155,,0.019894607365131378
,,,21156,,0.014025624841451645
,,,21157,,0.013188428245484829
,,,21158,,0.023300673812627792
,,,21159,,0.021670157089829445
,,,21160,,0.007722919341176748
,,,21161,,0.008319422602653503
,,,21162,,0.00840822234749794
,,,21163,,0.00602489709854126
,,,21164,,0.007157695945352316
,,,21165,,0.008427392691373825
,,,21166,,0.006849229335784912
,,,21167,,0.006965245120227337
,,,21168,,0.007902052253484726
,,,21169,,0.006778724957257509
,,,21170,,0.005997717380523682
,,,21171,,0.005781487561762333
,,,21172,,0.008131282404065132
,,,21173,,0.007716882973909378
,,,21174,,0.008301867172122002
,,,21175,,0.007599067874252796
,,,21176,,0.007127360440790653
,,,21177,,0.009694810956716537
,,,21178,,0.008094372227787971
,,,21179,,0.0060790227726101875
,,,21180,,0.008131077513098717
,,,21181,,0.008153796195983887
,,,21182,,0.0058473823592066765
,,,21183,,0.005802353844046593
,,,21184,,0.004957450553774834
,,,21185,,0.00712381349876523
,,,21186,,0.006670793984085321
,,,21187,,0.007867712527513504
,,,21188,,0.006049583666026592
,,,21189,,0.00671636126935482
,,,21190,,0.006990173365920782
,,,21191,,0.006791882216930389
,,,21192,,0.006640042643994093
,,,21193,,0.006848607212305069
,,,21194,,0.005633389111608267
,,,21195,,0.005758000537753105
,,,21196,,0.005990660283714533
,,,21197,,0.007855717092752457
,,,21198,,0.006769099272787571
,,,21199,,0.007750990334898233
,,,21200,,0.006914349272847176
,,,21201,,0.007941626012325287
,,,21202,,0.007475893944501877
,,,21203,,0.007027328014373779
,,,21204,,0.006508917547762394
,,,21205,,0.00752612017095089
,,,21206,,0.004954970441758633
,,,21207,,0.0051557752303779125
,,,21208,,0.004446340724825859
,,,21209,,0.004418353084474802
,,,21210,,0.0046446435153484344
,,,21211,,0.005201578605920076
,,,21212,,0.004617120139300823
,,,21213,,0.004770940635353327
,,,21214,,0.004497956484556198
,,,21215,,0.004691721871495247
,,,21216,,0.003985939081758261
,,,21217,,0.003801178652793169
,,,21218,,0.004358065314590931
,,,21219,,0.004698006436228752
,,,21220,,0.004744616337120533
,,,21221,,0.004678022116422653
,,,21222,,0.0051622893661260605
,,,21223,,0.005078998394310474
,,,21224,,0.005056248977780342
,,,21225,,0.004354656673967838
,,,21226,,0.004366080742329359
,,,21227,,0.005221419036388397
,,,21228,,0.004976347088813782
,,,21229,,0.0055054305121302605
,,,21230,,0.00612883223220706
,,,21231,,0.005570650100708008
,,,21232,,0.006014436017721891
,,,21233,,0.005286486353725195
,,,21234,,0.0045715877786278725
,,,21235,,0.004880603402853012
,,,21236,,0.006834920961409807
,,,21237,,0.005724585615098476
,,,21238,,0.004803949035704136
,,,21239,,0.006962466053664684
,,,21240,,0.005385015159845352
,,,21241,,0.006700045429170132
,,,21242,,0.00529938330873847
,,,21243,,0.0049977982416749
,,,21244,,0.005880306009203196
,,,21245,,0.005621388088911772
,,,21246,,0.004941530525684357
,,,21247,,0.006251337938010693
,,,21248,,0.005571434274315834
,,,21249,,0.005276768933981657
,,,21250,,0.0016578978393226862
,,,21251,,0.0015867948532104492
,,,21252,,0.0011779848719015718
,,,21253,,0.0011727289529517293
,,,21254,,0.0010557544883340597
,,,21255,,0.0009796754457056522
,,,21256,,0.0013513476587831974
,,,21257,,0.0010502595687285066
,,,21258,,0.0014295802684500813
,,,21259,,0.001279672491364181
,,,21260,,0.0013060860801488161
,,,21261,,0.0011445751879364252
,,,21262,,0.0011637229472398758
,,,21263,,0.005568967666476965
,,,21264,,0.006319976411759853
,,,21265,,0.006568703800439835
,,,21266,,0.004632753320038319
,,,21267,,0.0023578384425491095
,,,21268,,0.01869518682360649
,,,21269,,0.003266532439738512
,,,21270,,0.01599707081913948
,,,21271,,0.00688008451834321
,,,21272,,0.006307542324066162
,,,21273,,0.011433270759880543
,,,21274,,0.01405753567814827
,,,21275,,0.014666792005300522
,,,21276,,0.011906031519174576
,,,21277,,0.010277599096298218
,,,21278,,0.015595193020999432
,,,21279,,0.013226345181465149
,,,21280,,0.0637010931968689
,,,21281,,0.04971477389335632
,,,21282,,0.03844675421714783
,,,21283,,0.04411822557449341
,,,21284,,0.06436979025602341
,,,21285,,0.034242965281009674
,,,21286,,0.04016025364398956
,,,21287,,0.05276218056678772
,,,21288,,0.03721208497881889
,,,21289,,0.047747209668159485
,,,21290,,0.0382198803126812
,,,21291,,0.04225815087556839
,,,21292,,0.053447991609573364
,,,21293,,0.047122132033109665
,,,21294,,0.04357147589325905
,,,21295,,0.042682819068431854
,,,21296,,0.022507160902023315
92,,,7532,0.008542881347239017,
92,0.007150109391659498,,7532,,
93,,0.005211591720581055,7539,,
93,,0.00477746594697237,7549,,
93,,0.007687714882194996,7559,,
93,,0.010429768823087215,7569,,
93,,0.0069961859844625,7579,,
93,,0.005140225403010845,7589,,
93,,0.0025232676416635513,7599,,
93,,0.00598404835909605,7609,,
,,,21297,,0.000912639603484422
,,,21298,,0.0008659135783091187
,,,21299,,0.0009307668660767376
,,,21300,,0.0008330335840582848
,,,21301,,0.0010507816914469004
,,,21302,,0.0007739417487755418
,,,21303,,0.0010407306253910065
,,,21304,,0.0008264898788183928
,,,21305,,0.0008754492737352848
,,,21306,,0.0008224695920944214
,,,21307,,0.001175548997707665
,,,21308,,0.001229636138305068
,,,21309,,0.0008960150880739093
,,,21310,,0.0008190884836949408
,,,21311,,0.0009201271459460258
,,,21312,,0.0008441443205811083
,,,21313,,0.0010326977353543043
,,,21314,,0.0009194136364385486
,,,21315,,0.0009067128994502127
,,,21316,,0.0011839654762297869
,,,21317,,0.0008162827580235898
,,,21318,,0.0007920192438177764
,,,21319,,0.000784441246651113
,,,21320,,0.0011338370386511087
,,,21321,,0.0010639128740876913
,,,21322,,0.0009942555334419012
,,,21323,,0.0009435201645828784
,,,21324,,0.004988880828022957
,,,21325,,0.014681700617074966
,,,21326,,0.012249186635017395
,,,21327,,0.012203296646475792
,,,21328,,0.013493289239704609
,,,21329,,0.01216833759099245
,,,21330,,0.0637696161866188
,,,21331,,0.020333759486675262
,,,21332,,0.009936966933310032
,,,21333,,0.012203974649310112
,,,21334,,0.008268175646662712
,,,21335,,0.004780115559697151
,,,21336,,0.010725213214755058
,,,21337,,0.006701013073325157
,,,21338,,0.004418855533003807
,,,21339,,0.009661637246608734
,,,21340,,0.009542591869831085
,,,21341,,0.0049164979718625546
,,,21342,,0.012152522802352905
,,,21343,,0.0062285298481583595
,,,21344,,0.002771457191556692
,,,21345,,0.006293964572250843
,,,21346,,0.00412414688616991
,,,21347,,0.005072976928204298
,,,21348,,0.0065461089834570885
,,,21349,,0.002670224290341139
,,,21350,,0.005679191090166569
,,,21351,,0.004016459453850985
,,,21352,,0.008433319628238678
,,,21353,,0.008196759968996048
,,,21354,,0.0037636347115039825
,,,21355,,0.005642574746161699
,,,21356,,0.003722573397681117
,,,21357,,0.005046384409070015
,,,21358,,0.0038595532532781363
,,,21359,,0.0035635381937026978
,,,21360,,0.005064226686954498
,,,21361,,0.004327605944126844
,,,21362,,0.002519884379580617
,,,21363,,0.0034538302570581436
,,,21364,,0.008213753812015057
,,,21365,,0.004337741993367672
,,,21366,,0.0025002905167639256
,,,21367,,0.0036675413139164448
,,,21368,,0.0008519049733877182
,,,21369,,0.0011327764950692654
,,,21370,,0.0004314868419896811
,,,21371,,0.000741184747312218
,,,21372,,0.0007410516845993698
,,,21373,,0.0008754388545639813
,,,21374,,0.0009549652459099889
,,,21375,,0.0005936826346442103
,,,21376,,0.0008397204801440239
,,,21377,,0.0008995223324745893
,,,21378,,0.0007218151586130261
,,,21379,,0.0020442772656679153
,,,21380,,0.0009791675256565213
,,,21381,,0.00601632846519351
,,,21382,,0.007107853889465332
,,,21383,,0.006577705964446068
,,,21384,,0.019198676571249962
,,,21385,,0.013403845950961113
,,,21386,,0.012970635667443275
,,,21387,,0.022989222779870033
,,,21388,,0.021080758422613144
,,,21389,,0.007626121398061514
,,,21390,,0.00814181100577116
,,,21391,,0.008177261799573898
,,,21392,,0.005897188559174538
,,,21393,,0.006993601098656654
,,,21394,,0.008265695534646511
,,,21395,,0.006691050715744495
,,,21396,,0.006851400248706341
,,,21397,,0.007677087560296059
,,,21398,,0.006636316888034344
,,,21399,,0.005834613926708698
,,,21400,,0.005633701104670763
,,,21401,,0.007895492017269135
,,,21402,,0.007525729481130838
,,,21403,,0.008118914440274239
,,,21404,,0.007437395863234997
,,,21405,,0.0069756582379341125
,,,21406,,0.009450674057006836
,,,21407,,0.007891951128840446
,,,21408,,0.005967453122138977
,,,21409,,0.00794935692101717
,,,21410,,0.007980053313076496
,,,21411,,0.0057868631556630135
,,,21412,,0.005846636835485697
,,,21413,,0.004931512288749218
,,,21414,,0.007128824479877949
,,,21415,,0.006604291498661041
,,,21416,,0.007787706330418587
,,,21417,,0.006026301998645067
,,,21418,,0.006669031456112862
,,,21419,,0.006970551796257496
,,,21420,,0.006734606344252825
,,,21421,,0.0065874867141246796
,,,21422,,0.006811877712607384
,,,21423,,0.005621199030429125
,,,21424,,0.005726485513150692
,,,21425,,0.0059349811635911465
,,,21426,,0.00776557344943285
,,,21427,,0.006728725973516703
,,,21428,,0.007700822316110134
,,,21429,,0.006835303269326687
,,,21430,,0.00787772424519062
,,,21431,,0.007403112947940826
,,,21432,,0.006970415823161602
,,,21433,,0.006436258554458618
,,,21434,,0.007490947376936674
,,,21435,,0.0049241892993450165
,,,21436,,0.0051201446913182735
,,,21437,,0.004467618651688099
,,,21438,,0.004374559037387371
,,,21439,,0.004612119868397713
,,,21440,,0.005126979202032089
,,,21441,,0.004528271034359932
,,,21442,,0.00474120769649744
,,,21443,,0.004416749347001314
,,,21444,,0.004628712311387062
,,,21445,,0.003959481604397297
,,,21446,,0.003760404884815216
,,,21447,,0.0043032364919781685
,,,21448,,0.004679483827203512
,,,21449,,0.004665758460760117
,,,21450,,0.004648682661354542
,,,21451,,0.005050489213317633
,,,21452,,0.004987148568034172
,,,21453,,0.005044189747422934
,,,21454,,0.004286300390958786
,,,21455,,0.004341428168118
,,,21456,,0.005147354677319527
,,,21457,,0.005092356353998184
,,,21458,,0.005653440020978451
,,,21459,,0.0061501795426011086
,,,21460,,0.0056625595316290855
,,,21461,,0.006065282970666885
,,,21462,,0.005294764414429665
,,,21463,,0.004645850509405136
,,,21464,,0.005019307602196932
,,,21465,,0.006751040928065777
,,,21466,,0.005780229344964027
,,,21467,,0.004903977736830711
,,,21468,,0.007051937747746706
,,,21469,,0.005471933167427778
,,,21470,,0.006709934677928686
,,,21471,,0.005421292968094349
,,,21472,,0.005115850362926722
,,,21473,,0.005953166633844376
,,,21474,,0.005718807224184275
,,,21475,,0.005068267695605755
,,,21476,,0.006276504136621952
,,,21477,,0.005679531488567591
,,,21478,,0.0053297788836061954
,,,21479,,0.0022759917192161083
,,,21480,,0.0021701676305383444
,,,21481,,0.0017244097543880343
,,,21482,,0.0018862239085137844
,,,21483,,0.0017168092308565974
,,,21484,,0.0016703095752745867
,,,21485,,0.0019490871345624328
,,,21486,,0.0016970618162304163
,,,21487,,0.0020487261936068535
,,,21488,,0.001987515017390251
,,,21489,,0.0019154550973325968
,,,21490,,0.001800987171009183
,,,21491,,0.0017999822739511728
,,,21492,,0.006263206712901592
,,,21493,,0.006822048220783472
,,,21494,,0.007275008596479893
,,,21495,,0.005336466245353222
,,,21496,,0.0028743953444063663
,,,21497,,0.01862305775284767
,,,21498,,0.0037584241945296526
,,,21499,,0.016173921525478363
,,,21500,,0.0070821684785187244
,,,21501,,0.00729346601292491
,,,21502,,0.011627242900431156
,,,21503,,0.014349745586514473
,,,21504,,0.01468656212091446
,,,21505,,0.01254667341709137
,,,21506,,0.010730575770139694
,,,21507,,0.016362037509679794
,,,21508,,0.013410656712949276
,,,21509,,0.06428772211074829
,,,21510,,0.04966247081756592
,,,21511,,0.038618139922618866
,,,21512,,0.04439295083284378
,,,21513,,0.06364940106868744
,,,21514,,0.034695230424404144
,,,21515,,0.040339142084121704
,,,21516,,0.052844226360321045
,,,21517,,0.037480954080820084
,,,21518,,0.04842454940080643
,,,21519,,0.03812205046415329
,,,21520,,0.04255661368370056
,,,21521,,0.053211018443107605
,,,21522,,0.04691346734762192
,,,21523,,0.044381510466337204
,,,21524,,0.04310430958867073
,,,21525,,0.022961780428886414
93,,,7613,0.008799958974123001,
93,0.006693303119391203,,7613,,
94,,0.00375263555906713,7619,,
94,,0.008235529996454716,7629,,
94,,0.010579782538115978,7639,,
94,,0.0068344976752996445,7649,,
94,,0.009090404957532883,7659,,
94,,0.0051381248049438,7669,,
94,,0.012954376637935638,7679,,
94,,0.005604471080005169,7689,,
,,,21526,,0.00042399310041218996
,,,21527,,0.00037778215482831
,,,21528,,0.0005839525256305933
,,,21529,,0.0003794444492086768
,,,21530,,0.0005114733939990401
,,,21531,,0.00035137555096298456
,,,21532,,0.0006250684382393956
,,,21533,,0.0003179276827722788
,,,21534,,0.00041068167774938047
,,,21535,,0.00036337002529762685
,,,21536,,0.0007487644907087088
,,,21537,,0.0007220590487122536
,,,21538,,0.00032612914219498634
,,,21539,,0.00045896205119788647
,,,21540,,0.0006886423798277974
,,,21541,,0.0005032287444919348
,,,21542,,0.000783365685492754
,,,21543,,0.0006109879468567669
,,,21544,,0.0005726198432967067
,,,21545,,0.0010491176508367062
,,,21546,,0.0005649008089676499
,,,21547,,0.00046237994683906436
,,,21548,,0.00044606009032577276
,,,21549,,0.0008100043050944805
,,,21550,,0.0007164219859987497
,,,21551,,0.0006806016899645329
,,,21552,,0.0006451503140851855
,,,21553,,0.004332244396209717
,,,21554,,0.013989905826747417
,,,21555,,0.011574123986065388
,,,21556,,0.011508705094456673
,,,21557,,0.012787825427949429
,,,21558,,0.01144105102866888
,,,21559,,0.06272261589765549
,,,21560,,0.01961306855082512
,,,21561,,0.009237423539161682
,,,21562,,0.011498176492750645
,,,21563,,0.007577407173812389
,,,21564,,0.0040414901450276375
,,,21565,,0.0099591463804245
,,,21566,,0.006038691848516464
,,,21567,,0.0037562507204711437
,,,21568,,0.009012395516037941
,,,21569,,0.008851984515786171
,,,21570,,0.0043112183921039104
,,,21571,,0.011546391993761063
,,,21572,,0.005597114562988281
,,,21573,,0.0021163492929190397
,,,21574,,0.005630739964544773
,,,21575,,0.003469143295660615
,,,21576,,0.004428811836987734
,,,21577,,0.00597578939050436
,,,21578,,0.002027061302214861
,,,21579,,0.005054126493632793
,,,21580,,0.00424087792634964
,,,21581,,0.008330680429935455
,,,21582,,0.007764521986246109
,,,21583,,0.0038309269584715366
,,,21584,,0.005440388806164265
,,,21585,,0.004015926271677017
,,,21586,,0.004737673327326775
,,,21587,,0.004461090080440044
,,,21588,,0.004097929690033197
,,,21589,,0.005055303685367107
,,,21590,,0.004568478558212519
,,,21591,,0.002740966621786356
,,,21592,,0.0036214441061019897
,,,21593,,0.0077546872198581696
,,,21594,,0.0043325782753527164
,,,21595,,0.002882915548980236
,,,21596,,0.0030559655278921127
,,,21597,,0.00041097888606600463
,,,21598,,0.000679063843563199
,,,21599,,0.0008269958198070526
,,,21600,,0.0005284869694150984
,,,21601,,0.0004523371462710202
,,,21602,,0.0004643751890398562
,,,21603,,0.00024174329882953316
,,,21604,,0.0005584427271969616
,,,21605,,0.0003452608361840248
,,,21606,,0.0005848146975040436
,,,21607,,0.0005223124753683805
,,,21608,,0.00027390234754420817
,,,21609,,0.0005269633838906884
,,,21610,,0.005337039940059185
,,,21611,,0.006475504487752914
,,,21612,,0.0060545047745108604
,,,21613,,0.019722305238246918
,,,21614,,0.013867883943021297
,,,21615,,0.012597731314599514
,,,21616,,0.022061869502067566
,,,21617,,0.0204341858625412
,,,21618,,0.0072951242327690125
,,,21619,,0.007971743121743202
,,,21620,,0.008009995333850384
,,,21621,,0.005768902134150267
,,,21622,,0.006856764666736126
,,,21623,,0.008091473951935768
,,,21624,,0.0065846676006913185
,,,21625,,0.006689846515655518
,,,21626,,0.00757594546303153
,,,21627,,0.006532640196382999
,,,21628,,0.005708669312298298
,,,21629,,0.005552259273827076
,,,21630,,0.007813817821443081
,,,21631,,0.007477078586816788
,,,21632,,0.007969673722982407
,,,21633,,0.007322672754526138
,,,21634,,0.0069317142479121685
,,,21635,,0.009243562817573547
,,,21636,,0.007762829773128033
,,,21637,,0.005897962022572756
,,,21638,,0.007796584162861109
,,,21639,,0.007828171364963055
,,,21640,,0.005317471921443939
,,,21641,,0.00534695154055953
,,,21642,,0.004599230829626322
,,,21643,,0.0069801644422113895
,,,21644,,0.006484152749180794
,,,21645,,0.007677039131522179
,,,21646,,0.005893161986023188
,,,21647,,0.006567758973687887
,,,21648,,0.006846382282674313
,,,21649,,0.00665679108351469
,,,21650,,0.006513611879199743
,,,21651,,0.006671218201518059
,,,21652,,0.005540770478546619
,,,21653,,0.005597127601504326
,,,21654,,0.005854418966919184
,,,21655,,0.007654846645891666
,,,21656,,0.00659733172506094
,,,21657,,0.007622613105922937
,,,21658,,0.006711294408887625
,,,21659,,0.007759276311844587
,,,21660,,0.0073403650894761086
,,,21661,,0.006839888170361519
,,,21662,,0.0063223629258573055
,,,21663,,0.007340849377214909
,,,21664,,0.004845389164984226
,,,21665,,0.0050074318423867226
,,,21666,,0.004328032955527306
,,,21667,,0.0043397024273872375
,,,21668,,0.00453474884852767
,,,21669,,0.005018237978219986
,,,21670,,0.004516498185694218
,,,21671,,0.004595714155584574
,,,21672,,0.004386354703456163
,,,21673,,0.004592695739120245
,,,21674,,0.003854356938973069
,,,21675,,0.0036824746057391167
,,,21676,,0.004291600082069635
,,,21677,,0.004575859755277634
,,,21678,,0.004604129120707512
,,,21679,,0.004539061337709427
,,,21680,,0.005035972222685814
,,,21681,,0.004928559996187687
,,,21682,,0.00494528841227293
,,,21683,,0.004231568425893784
,,,21684,,0.004202662035822868
,,,21685,,0.005031556822359562
,,,21686,,0.004843553993850946
,,,21687,,0.005405060015618801
,,,21688,,0.005917202681303024
,,,21689,,0.005341296084225178
,,,21690,,0.005822406150400639
,,,21691,,0.005047183018177748
,,,21692,,0.0043749501928687096
,,,21693,,0.0047576152719557285
,,,21694,,0.006560498382896185
,,,21695,,0.005546367261558771
,,,21696,,0.004652164876461029
,,,21697,,0.006768469698727131
,,,21698,,0.005256264004856348
,,,21699,,0.006510836072266102
,,,21700,,0.005182337947189808
,,,21701,,0.0048963106237351894
,,,21702,,0.005712924525141716
,,,21703,,0.0054962290450930595
,,,21704,,0.004832975100725889
,,,21705,,0.006035876460373402
,,,21706,,0.005425877869129181
,,,21707,,0.005084172356873751
,,,21708,,0.0016105222748592496
,,,21709,,0.0015221465146169066
,,,21710,,0.001120053930208087
,,,21711,,0.001152154291048646
,,,21712,,0.0009934422560036182
,,,21713,,0.0009882960002869368
,,,21714,,0.0013071529101580381
,,,21715,,0.001010390929877758
,,,21716,,0.0014327100943773985
,,,21717,,0.0012252784799784422
,,,21718,,0.0012199773918837309
,,,21719,,0.0011013715993613005
,,,21720,,0.0011151564540341496
,,,21721,,0.006056415848433971
,,,21722,,0.006331934593617916
,,,21723,,0.007374041713774204
,,,21724,,0.005714883096516132
,,,21725,,0.002814752049744129
,,,21726,,0.01878579705953598
,,,21727,,0.003765295259654522
,,,21728,,0.015860099345445633
,,,21729,,0.0073200613260269165
,,,21730,,0.006997119635343552
,,,21731,,0.011648916639387608
,,,21732,,0.01424296572804451
,,,21733,,0.013815770857036114
,,,21734,,0.012715432792901993
,,,21735,,0.010589050129055977
,,,21736,,0.01651415228843689
,,,21737,,0.013428675010800362
,,,21738,,0.06382052600383759
,,,21739,,0.04940135031938553
,,,21740,,0.038281384855508804
,,,21741,,0.04363306239247322
,,,21742,,0.06313570588827133
,,,21743,,0.03418206423521042
,,,21744,,0.03995586186647415
,,,21745,,0.05275508016347885
,,,21746,,0.03727145493030548
,,,21747,,0.04727572202682495
,,,21748,,0.037705034017562866
,,,21749,,0.042196646332740784
,,,21750,,0.053143374621868134
,,,21751,,0.046647198498249054
,,,21752,,0.04378031939268112
,,,21753,,0.04251366853713989
,,,21754,,0.021716594696044922
94,,,7694,0.00850540492683649,
94,0.007109008263796568,,7694,,
95,,0.008583256974816322,7699,,
95,,0.0035376036539673805,7709,,
95,,0.00606210483238101,7719,,
95,,0.0025905976071953773,7729,,
95,,0.004625687841325998,7739,,
95,,0.004591873846948147,7749,,
95,,0.00398232601583004,7759,,
95,,0.0036857931409031153,7769,,
,,,21755,,0.0004577630606945604
,,,21756,,0.00042318447958678007
,,,21757,,0.0006285471608862281
,,,21758,,0.0004410780384205282
,,,21759,,0.0005829603760503232
,,,21760,,0.0004167590232100338
,,,21761,,0.0006958601297810674
,,,21762,,0.0003763881977647543
,,,21763,,0.00048206557403318584
,,,21764,,0.0004117116623092443
,,,21765,,0.0008811978623270988
,,,21766,,0.0010280897840857506
,,,21767,,0.0003709588199853897
,,,21768,,0.00045995658729225397
,,,21769,,0.0006680058431811631
,,,21770,,0.00045927008613944054
,,,21771,,0.0007373025291599333
,,,21772,,0.0005428327131085098
,,,21773,,0.0005435872008092701
,,,21774,,0.0010098686907440424
,,,21775,,0.0005132845835760236
,,,21776,,0.00042795389890670776
,,,21777,,0.00039314356399700046
,,,21778,,0.000709444866515696
,,,21779,,0.0006343842251226306
,,,21780,,0.0006185779348015785
,,,21781,,0.0005978647968731821
,,,21782,,0.004397539887577295
,,,21783,,0.01401391252875328
,,,21784,,0.011661820113658905
,,,21785,,0.011623270809650421
,,,21786,,0.01290583610534668
,,,21787,,0.011503642424941063
,,,21788,,0.062235668301582336
,,,21789,,0.01962948590517044
,,,21790,,0.009296036325395107
,,,21791,,0.011573570780456066
,,,21792,,0.0076398830860853195
,,,21793,,0.004158314783126116
,,,21794,,0.01001422293484211
,,,21795,,0.0061016264371573925
,,,21796,,0.0036615272983908653
,,,21797,,0.008821504190564156
,,,21798,,0.008602325804531574
,,,21799,,0.004273631609976292
,,,21800,,0.011253483593463898
,,,21801,,0.005449078977108002
,,,21802,,0.002126086037606001
,,,21803,,0.0054932888597249985
,,,21804,,0.003439982421696186
,,,21805,,0.004348696209490299
,,,21806,,0.005839699879288673
,,,21807,,0.001971111400052905
,,,21808,,0.004962236620485783
,,,21809,,0.0037196713965386152
,,,21810,,0.007757964543998241
,,,21811,,0.007480035535991192
,,,21812,,0.0034476371947675943
,,,21813,,0.005130122881382704
,,,21814,,0.0032832478173077106
,,,21815,,0.004409764427691698
,,,21816,,0.0035273288376629353
,,,21817,,0.0033571170642971992
,,,21818,,0.004463061690330505
,,,21819,,0.0038524572737514973
,,,21820,,0.0022559575736522675
,,,21821,,0.0032912944443523884
,,,21822,,0.007616785820573568
,,,21823,,0.0040362440049648285
,,,21824,,0.002336275763809681
,,,21825,,0.0028570254798978567
,,,21826,,0.0005040451651439071
,,,21827,,0.0008161112200468779
,,,21828,,0.0008320981869474053
,,,21829,,0.000521597103215754
,,,21830,,0.0004977250937372446
,,,21831,,0.000526936782989651
,,,21832,,0.00040332000935450196
,,,21833,,0.0006610467098653316
,,,21834,,0.0004928496200591326
,,,21835,,0.0007096276385709643
,,,21836,,0.00048022609553299844
,,,21837,,0.0005310126580297947
,,,21838,,0.0006885648472234607
,,,21839,,0.005317787639796734
,,,21840,,0.0064474609680473804
,,,21841,,0.005847256630659103
,,,21842,,0.018403206020593643
,,,21843,,0.012751591391861439
,,,21844,,0.012511935085058212
,,,21845,,0.02229989692568779
,,,21846,,0.02063729427754879
,,,21847,,0.00753693375736475
,,,21848,,0.008195629343390465
,,,21849,,0.008247977122664452
,,,21850,,0.006019958760589361
,,,21851,,0.007100743241608143
,,,21852,,0.008310733363032341
,,,21853,,0.006812680512666702
,,,21854,,0.006896266248077154
,,,21855,,0.007799834944307804
,,,21856,,0.006692614406347275
,,,21857,,0.00595193263143301
,,,21858,,0.00575941801071167
,,,21859,,0.00801602378487587
,,,21860,,0.0077272807247936726
,,,21861,,0.008263181895017624
,,,21862,,0.0075671011582016945
,,,21863,,0.007116362452507019
,,,21864,,0.00949882809072733
,,,21865,,0.007990386337041855
,,,21866,,0.006100150290876627
,,,21867,,0.008040948770940304
,,,21868,,0.008057428523898125
,,,21869,,0.005352255888283253
,,,21870,,0.005372254177927971
,,,21871,,0.004661425016820431
,,,21872,,0.007162916474044323
,,,21873,,0.006677910685539246
,,,21874,,0.007932075299322605
,,,21875,,0.0060922326520085335
,,,21876,,0.006763138342648745
,,,21877,,0.0069927191361784935
,,,21878,,0.006834228988736868
,,,21879,,0.006697835400700569
,,,21880,,0.006803156808018684
,,,21881,,0.005740968510508537
,,,21882,,0.0057886745780706406
,,,21883,,0.005992158316075802
,,,21884,,0.00788544025272131
,,,21885,,0.006789339240640402
,,,21886,,0.007799924351274967
,,,21887,,0.006913906428962946
,,,21888,,0.007957516238093376
,,,21889,,0.007528552319854498
,,,21890,,0.0069755930453538895
,,,21891,,0.006510102190077305
,,,21892,,0.0075429449789226055
,,,21893,,0.004985365085303783
,,,21894,,0.005200385581701994
,,,21895,,0.004528840072453022
,,,21896,,0.004565021954476833
,,,21897,,0.004754436202347279
,,,21898,,0.005192212760448456
,,,21899,,0.004737429320812225
,,,21900,,0.00479778740555048
,,,21901,,0.004578084219247103
,,,21902,,0.0048128534108400345
,,,21903,,0.0040883286856114864
,,,21904,,0.0038768593221902847
,,,21905,,0.004550252575427294
,,,21906,,0.004783441312611103
,,,21907,,0.004868365824222565
,,,21908,,0.00473044952377677
,,,21909,,0.005195054225623608
,,,21910,,0.0051576802507042885
,,,21911,,0.005102886352688074
,,,21912,,0.004430324770510197
,,,21913,,0.004390776623040438
,,,21914,,0.005287757609039545
,,,21915,,0.0049068741500377655
,,,21916,,0.005456148646771908
,,,21917,,0.005927480757236481
,,,21918,,0.0054031359031796455
,,,21919,,0.005877061281353235
,,,21920,,0.005105912685394287
,,,21921,,0.004454018082469702
,,,21922,,0.004796920344233513
,,,21923,,0.00659116730093956
,,,21924,,0.005564059130847454
,,,21925,,0.0046860650181770325
,,,21926,,0.006791681982576847
,,,21927,,0.005278080701828003
,,,21928,,0.006518765352666378
,,,21929,,0.005214978940784931
,,,21930,,0.004960526712238789
,,,21931,,0.005713978782296181
,,,21932,,0.005494928453117609
,,,21933,,0.004924763925373554
,,,21934,,0.006068268325179815
,,,21935,,0.005445234477519989
,,,21936,,0.005063381511718035
,,,21937,,0.0017006327398121357
,,,21938,,0.001605865778401494
,,,21939,,0.0012425530003383756
,,,21940,,0.001213706680573523
,,,21941,,0.0010746887419372797
,,,21942,,0.0010617809602990746
,,,21943,,0.0013731415383517742
,,,21944,,0.0010963156819343567
,,,21945,,0.0015788930468261242
,,,21946,,0.0012776455841958523
,,,21947,,0.0013086744584143162
,,,21948,,0.0012137528974562883
,,,21949,,0.001202081679366529
,,,21950,,0.005924911238253117
,,,21951,,0.006145733408629894
,,,21952,,0.006935719400644302
,,,21953,,0.00482953991740942
,,,21954,,0.0026440517976880074
,,,21955,,0.018703510984778404
,,,21956,,0.0033031017519533634
,,,21957,,0.016121629625558853
,,,21958,,0.0070891412906348705
,,,21959,,0.006797186564654112
,,,21960,,0.01153024472296238
,,,21961,,0.014163896441459656
,,,21962,,0.013725468888878822
,,,21963,,0.012560495175421238
,,,21964,,0.010302737355232239
,,,21965,,0.015705730766057968
,,,21966,,0.012955689802765846
,,,21967,,0.06324497610330582
,,,21968,,0.04895583540201187
,,,21969,,0.0379263237118721
,,,21970,,0.04414324834942818
,,,21971,,0.06340804696083069
,,,21972,,0.03394962102174759
,,,21973,,0.03985230624675751
,,,21974,,0.0521826408803463
,,,21975,,0.03695443272590637
,,,21976,,0.047027476131916046
,,,21977,,0.037386007606983185
,,,21978,,0.041967540979385376
,,,21979,,0.05235818773508072
,,,21980,,0.04644308239221573
,,,21981,,0.04347663372755051
,,,21982,,0.042378537356853485
,,,21983,,0.023005587980151176
95,,,7775,0.008492975495755672,
95,0.0066599054262042046,,7775,,
96,,0.00933576188981533,7779,,
96,,0.0059360722079873085,7789,,
96,,0.0057941023260355,7799,,
96,,0.005078181624412537,7809,,
96,,0.006492261774837971,7819,,
96,,0.007993418723344803,7829,,
96,,0.003841567086055875,7839,,
96,,0.00569536630064249,7849,,
,,,21984,,0.00022569669818039984
,,,21985,,0.0002063894789898768
,,,21986,,0.0003562027122825384
,,,21987,,0.00020292989211156964
,,,21988,,0.0003669091092888266
,,,21989,,0.00014315766748040915
,,,21990,,0.00042259212932549417
,,,21991,,0.00014208073844201863
,,,21992,,0.0002543865120969713
,,,21993,,0.00018819716933649033
,,,21994,,0.0005606607301160693
,,,21995,,0.0005805125110782683
,,,21996,,0.0001574408815940842
,,,21997,,0.00021545207710005343
,,,21998,,0.00034635295742191374
,,,21999,,0.00020319738541729748
,,,22000,,0.0004411072004586458
,,,22001,,0.0003116335137747228
,,,22002,,0.00031907111406326294
,,,22003,,0.0005864719860255718
,,,22004,,0.00021334206394385546
,,,22005,,0.0001573242770973593
,,,22006,,0.00015323766274377704
,,,22007,,0.0004608562448993325
,,,22008,,0.00041170066106133163
,,,22009,,0.00034841394517570734
,,,22010,,0.0003337728267069906
,,,22011,,0.004195296671241522
,,,22012,,0.013773204758763313
,,,22013,,0.011384984478354454
,,,22014,,0.011354537680745125
,,,22015,,0.012631711550056934
,,,22016,,0.01128164492547512
,,,22017,,0.061610788106918335
,,,22018,,0.019360017031431198
,,,22019,,0.009068908169865608
,,,22020,,0.011362493969500065
,,,22021,,0.007438090164214373
,,,22022,,0.003942491021007299
,,,22023,,0.009784495458006859
,,,22024,,0.005885976366698742
,,,22025,,0.003535883966833353
,,,22026,,0.00873347744345665
,,,22027,,0.008464287966489792
,,,22028,,0.004116624128073454
,,,22029,,0.01113312877714634
,,,22030,,0.005341940559446812
,,,22031,,0.0019707144238054752
,,,22032,,0.005359409376978874
,,,22033,,0.003291849046945572
,,,22034,,0.004231692757457495
,,,22035,,0.005730022676289082
,,,22036,,0.0018552426481619477
,,,22037,,0.004837330896407366
,,,22038,,0.0036614472046494484
,,,22039,,0.007523730397224426
,,,22040,,0.007347656413912773
,,,22041,,0.003253223607316613
,,,22042,,0.004873543046414852
,,,22043,,0.003118236782029271
,,,22044,,0.00424199877306819
,,,22045,,0.00329530518501997
,,,22046,,0.003052922897040844
,,,22047,,0.004293511621654034
,,,22048,,0.0036073203664273024
,,,22049,,0.0019938317127525806
,,,22050,,0.0030793151818215847
,,,22051,,0.007391368970274925
,,,22052,,0.003817920805886388
,,,22053,,0.002109191846102476
,,,22054,,0.0026461954694241285
,,,22055,,0.00025048182578757405
,,,22056,,0.0005354618770070374
,,,22057,,0.00039297895273193717
,,,22058,,0.0003075911954510957
,,,22059,,0.0002651358372531831
,,,22060,,0.0002816147461999208
,,,22061,,0.00015290870214812458
,,,22062,,0.00027155110728926957
,,,22063,,0.00021082557213958353
,,,22064,,0.0003701726964209229
,,,22065,,0.0002881828404497355
,,,22066,,0.000512407801579684
,,,22067,,0.00035641761496663094
,,,22068,,0.005216245539486408
,,,22069,,0.00634360034018755
,,,22070,,0.00581832742318511
,,,22071,,0.018905172124505043
,,,22072,,0.013143368065357208
,,,22073,,0.012562843970954418
,,,22074,,0.02328503131866455
,,,22075,,0.021407319232821465
,,,22076,,0.007509015966206789
,,,22077,,0.008063016459345818
,,,22078,,0.008063946850597858
,,,22079,,0.005790626630187035
,,,22080,,0.006896992214024067
,,,22081,,0.00813375785946846
,,,22082,,0.006626656744629145
,,,22083,,0.0067487796768546104
,,,22084,,0.007619702257215977
,,,22085,,0.006563520058989525
,,,22086,,0.005756034515798092
,,,22087,,0.005496502388268709
,,,22088,,0.007825696840882301
,,,22089,,0.007469806354492903
,,,22090,,0.008041638880968094
,,,22091,,0.007308976724743843
,,,22092,,0.0068869865499436855
,,,22093,,0.00927666574716568
,,,22094,,0.007814107462763786
,,,22095,,0.00591554818674922
,,,22096,,0.007851870730519295
,,,22097,,0.007867476902902126
,,,22098,,0.005270257126539946
,,,22099,,0.005335371941328049
,,,22100,,0.004616331309080124
,,,22101,,0.006990512832999229
,,,22102,,0.00647958368062973
,,,22103,,0.007676006760448217
,,,22104,,0.005920211784541607
,,,22105,,0.00653885817155242
,,,22106,,0.006836460437625647
,,,22107,,0.006602548528462648
,,,22108,,0.006450671702623367
,,,22109,,0.006769499741494656
,,,22110,,0.005502298008650541
,,,22111,,0.005669712089002132
,,,22112,,0.005809028632938862
,,,22113,,0.007623910903930664
,,,22114,,0.006629533600062132
,,,22115,,0.007554391399025917
,,,22116,,0.006668667308986187
,,,22117,,0.007755291182547808
,,,22118,,0.007266538683325052
,,,22119,,0.006866272538900375
,,,22120,,0.006332003511488438
,,,22121,,0.007393738254904747
,,,22122,,0.004907492082566023
,,,22123,,0.0051546860486269
,,,22124,,0.004511929117143154
,,,22125,,0.004336878191679716
,,,22126,,0.004650317132472992
,,,22127,,0.005183257628232241
,,,22128,,0.00446242606267333
,,,22129,,0.004733686335384846
,,,22130,,0.004377144388854504
,,,22131,,0.004650238901376724
,,,22132,,0.003971076104789972
,,,22133,,0.003740097861737013
,,,22134,,0.004180372692644596
,,,22135,,0.0046591972932219505
,,,22136,,0.004629561677575111
,,,22137,,0.004679277539253235
,,,22138,,0.004991981200873852
,,,22139,,0.004946709610521793
,,,22140,,0.005056621506810188
,,,22141,,0.004247043281793594
,,,22142,,0.004337528254836798
,,,22143,,0.005155093036592007
,,,22144,,0.004747835919260979
,,,22145,,0.005290192551910877
,,,22146,,0.005844668950885534
,,,22147,,0.005305708386003971
,,,22148,,0.005753930192440748
,,,22149,,0.0049941386096179485
,,,22150,,0.0042956797406077385
,,,22151,,0.004658546298742294
,,,22152,,0.006423609331250191
,,,22153,,0.005425296723842621
,,,22154,,0.004596238024532795
,,,22155,,0.00667912419885397
,,,22156,,0.005170262418687344
,,,22157,,0.006395426113158464
,,,22158,,0.005061118397861719
,,,22159,,0.004793985281139612
,,,22160,,0.005601441487669945
,,,22161,,0.005394551437348127
,,,22162,,0.0047346558421850204
,,,22163,,0.005967870354652405
,,,22164,,0.005304811056703329
,,,22165,,0.004961598664522171
,,,22166,,0.0015811811899766326
,,,22167,,0.0014401453081518412
,,,22168,,0.0010088908020406961
,,,22169,,0.0011207113275304437
,,,22170,,0.000998069765046239
,,,22171,,0.0009475736878812313
,,,22172,,0.0012491601519286633
,,,22173,,0.0009745339630171657
,,,22174,,0.0013503201771527529
,,,22175,,0.0012095649726688862
,,,22176,,0.0011654749978333712
,,,22177,,0.0011384551180526614
,,,22178,,0.0010608534794300795
,,,22179,,0.005649961531162262
,,,22180,,0.006091119721531868
,,,22181,,0.006540458649396896
,,,22182,,0.004617592319846153
,,,22183,,0.002159304451197386
,,,22184,,0.018015407025814056
,,,22185,,0.0030967281199991703
,,,22186,,0.015716513618826866
,,,22187,,0.006323517765849829
,,,22188,,0.006191470194607973
,,,22189,,0.010427646338939667
,,,22190,,0.013957091607153416
,,,22191,,0.013268415816128254
,,,22192,,0.011713660322129726
,,,22193,,0.00974438525736332
,,,22194,,0.015291707590222359
,,,22195,,0.012742489576339722
,,,22196,,0.06256715208292007
,,,22197,,0.04824215918779373
,,,22198,,0.03772488236427307
,,,22199,,0.043313439935445786
,,,22200,,0.06282633543014526
,,,22201,,0.033181142061948776
,,,22202,,0.039117783308029175
,,,22203,,0.05142393708229065
,,,22204,,0.03682193160057068
,,,22205,,0.04646743834018707
,,,22206,,0.037345029413700104
,,,22207,,0.041337672621011734
,,,22208,,0.05222600698471069
,,,22209,,0.045814111828804016
,,,22210,,0.042799338698387146
,,,22211,,0.04172735661268234
,,,22212,,0.022108647972345352
96,,,7856,0.008274892345070839,
96,0.006973481737077236,,7856,,
97,,0.0028107475955039263,7859,,
97,,0.005581976845860481,7869,,
97,,0.009954044595360756,7879,,
97,,0.01310734823346138,7889,,
97,,0.0030766441486775875,7899,,
97,,0.009139399975538254,7909,,
97,,0.002726851962506771,7919,,
97,,0.00837850384414196,7929,,
,,,22213,,0.00034796458203345537
,,,22214,,0.00031115987803786993
,,,22215,,0.000507743563503027
,,,22216,,0.0003086385258939117
,,,22217,,0.0004555501800496131
,,,22218,,0.00028084375662729144
,,,22219,,0.0005257030134089291
,,,22220,,0.0002540965215303004
,,,22221,,0.0003582630888558924
,,,22222,,0.00029551959596574306
,,,22223,,0.0007231890340335667
,,,22224,,0.0008407975547015667
,,,22225,,0.00026088464073836803
,,,22226,,0.0003531092079356313
,,,22227,,0.0005103332223370671
,,,22228,,0.00034551427233964205
,,,22229,,0.0005654851556755602
,,,22230,,0.0004618982784450054
,,,22231,,0.0004652706265915185
,,,22232,,0.0007942324737086892
,,,22233,,0.0003772290947381407
,,,22234,,0.00031937117455527186
,,,22235,,0.0002723707293625921
,,,22236,,0.0005969797493889928
,,,22237,,0.0005469433963298798
,,,22238,,0.0004901489010080695
,,,22239,,0.0004964538384228945
,,,22240,,0.004394063726067543
,,,22241,,0.01397414319217205
,,,22242,,0.011644275858998299
,,,22243,,0.011569593101739883
,,,22244,,0.012808911502361298
,,,22245,,0.011481072753667831
,,,22246,,0.06106390058994293
,,,22247,,0.019512951374053955
,,,22248,,0.009262097999453545
,,,22249,,0.011555731296539307
,,,22250,,0.007605542428791523
,,,22251,,0.004158807452768087
,,,22252,,0.00993778370320797
,,,22253,,0.006163915619254112
,,,22254,,0.0038493569009006023
,,,22255,,0.008992265909910202
,,,22256,,0.008670767769217491
,,,22257,,0.004467247985303402
,,,22258,,0.011358466930687428
,,,22259,,0.0056146979331970215
,,,22260,,0.002317001111805439
,,,22261,,0.005642707459628582
,,,22262,,0.0036281559150666
,,,22263,,0.004479244351387024
,,,22264,,0.006061241030693054
,,,22265,,0.0021906495094299316
,,,22266,,0.005124256946146488
,,,22267,,0.003859872929751873
,,,22268,,0.007786635309457779
,,,22269,,0.007798300124704838
,,,22270,,0.0035146507434546947
,,,22271,,0.005485371686518192
,,,22272,,0.0033233962021768093
,,,22273,,0.0044969236478209496
,,,22274,,0.0034890780225396156
,,,22275,,0.00333197508007288
,,,22276,,0.004589008167386055
,,,22277,,0.0038007129915058613
,,,22278,,0.002193945925682783
,,,22279,,0.003296995535492897
,,,22280,,0.00790918804705143
,,,22281,,0.004205723293125629
,,,22282,,0.002132137306034565
,,,22283,,0.002886042697355151
,,,22284,,0.00047462136717513204
,,,22285,,0.0007426029769703746
,,,22286,,0.0008510166080668569
,,,22287,,0.0005882036057300866
,,,22288,,0.0005228786030784249
,,,22289,,0.0004839065077248961
,,,22290,,0.0002545395400375128
,,,22291,,0.0005871299072168767
,,,22292,,0.0003941288450732827
,,,22293,,0.0006789139588363469
,,,22294,,0.0005713963182643056
,,,22295,,0.00027197186136618257
,,,22296,,0.0005427412688732147
,,,22297,,0.005364058073610067
,,,22298,,0.006556373089551926
,,,22299,,0.005939630325883627
,,,22300,,0.018352540209889412
,,,22301,,0.012716900557279587
,,,22302,,0.012059534899890423
,,,22303,,0.021677985787391663
,,,22304,,0.02002032846212387
,,,22305,,0.00727818813174963
,,,22306,,0.008088696748018265
,,,22307,,0.008144902065396309
,,,22308,,0.005931842606514692
,,,22309,,0.006994445808231831
,,,22310,,0.008171374909579754
,,,22311,,0.006656031124293804
,,,22312,,0.0067862351424992085
,,,22313,,0.007709034252911806
,,,22314,,0.006596423219889402
,,,22315,,0.005837748292833567
,,,22316,,0.005669722333550453
,,,22317,,0.007843738421797752
,,,22318,,0.007611320819705725
,,,22319,,0.008196672424674034
,,,22320,,0.0074381278827786446
,,,22321,,0.0070249177515506744
,,,22322,,0.009357810020446777
,,,22323,,0.007885506376624107
,,,22324,,0.005973245948553085
,,,22325,,0.007993959821760654
,,,22326,,0.007931491360068321
,,,22327,,0.0052528344094753265
,,,22328,,0.005274084396660328
,,,22329,,0.004617481492459774
,,,22330,,0.00709708034992218
,,,22331,,0.006663867738097906
,,,22332,,0.007747398689389229
,,,22333,,0.006053031422197819
,,,22334,,0.006705764681100845
,,,22335,,0.006966861430555582
,,,22336,,0.006752805784344673
,,,22337,,0.006615721620619297
,,,22338,,0.006822503171861172
,,,22339,,0.005610652267932892
,,,22340,,0.0057470290921628475
,,,22341,,0.005974628962576389
,,,22342,,0.007827213034033775
,,,22343,,0.006772128865122795
,,,22344,,0.0076494161039590836
,,,22345,,0.006865307688713074
,,,22346,,0.00783473253250122
,,,22347,,0.00743813207373023
,,,22348,,0.006973800715059042
,,,22349,,0.006506718695163727
,,,22350,,0.007418551482260227
,,,22351,,0.004923162050545216
,,,22352,,0.005166499875485897
,,,22353,,0.004519710782915354
,,,22354,,0.004435133188962936
,,,22355,,0.004644953645765781
,,,22356,,0.00517013855278492
,,,22357,,0.004553242586553097
,,,22358,,0.00477042980492115
,,,22359,,0.004504733718931675
,,,22360,,0.004650859162211418
,,,22361,,0.003985618241131306
,,,22362,,0.0038669598288834095
,,,22363,,0.004362761043012142
,,,22364,,0.0047339280135929585
,,,22365,,0.00475258519873023
,,,22366,,0.004688124172389507
,,,22367,,0.005094360560178757
,,,22368,,0.005108872428536415
,,,22369,,0.005096189212054014
,,,22370,,0.004344425164163113
,,,22371,,0.004435880109667778
,,,22372,,0.005214404780417681
,,,22373,,0.004775522276759148
,,,22374,,0.005324719473719597
,,,22375,,0.005816885270178318
,,,22376,,0.005259095691144466
,,,22377,,0.005762135609984398
,,,22378,,0.004992292728275061
,,,22379,,0.004289297387003899
,,,22380,,0.004686696920543909
,,,22381,,0.006418065167963505
,,,22382,,0.005390459205955267
,,,22383,,0.004550863057374954
,,,22384,,0.006713233422487974
,,,22385,,0.005104219540953636
,,,22386,,0.00634077237918973
,,,22387,,0.005062018521130085
,,,22388,,0.004773437976837158
,,,22389,,0.0055839065462350845
,,,22390,,0.0053564030677080154
,,,22391,,0.004756499547511339
,,,22392,,0.005983035545796156
,,,22393,,0.005270288325846195
,,,22394,,0.004938257858157158
,,,22395,,0.0016493231523782015
,,,22396,,0.0015914677642285824
,,,22397,,0.0011860514059662819
,,,22398,,0.0011826171539723873
,,,22399,,0.0010144587140530348
,,,22400,,0.000996235990896821
,,,22401,,0.0013641355326399207
,,,22402,,0.0010260894196107984
,,,22403,,0.0014812060398980975
,,,22404,,0.001295548165217042
,,,22405,,0.0012657481711357832
,,,22406,,0.0011005515698343515
,,,22407,,0.001163360895588994
,,,22408,,0.005679492838680744
,,,22409,,0.006003460846841335
,,,22410,,0.006746410857886076
,,,22411,,0.004618852399289608
,,,22412,,0.0024215795565396547
,,,22413,,0.018398864194750786
,,,22414,,0.0033047893084585667
,,,22415,,0.01504044234752655
,,,22416,,0.006915823556482792
,,,22417,,0.006264805793762207
,,,22418,,0.010761420242488384
,,,22419,,0.014313383027911186
,,,22420,,0.013625551015138626
,,,22421,,0.011895882897078991
,,,22422,,0.009771520271897316
,,,22423,,0.015092769637703896
,,,22424,,0.012895297259092331
,,,22425,,0.06308495253324509
,,,22426,,0.04908348619937897
,,,22427,,0.0380263552069664
,,,22428,,0.04368691146373749
,,,22429,,0.06307563930749893
,,,22430,,0.03395743668079376
,,,22431,,0.03992842137813568
,,,22432,,0.05255451425909996
,,,22433,,0.03681793063879013
,,,22434,,0.04729233682155609
,,,22435,,0.03720409423112869
,,,22436,,0.041995320469141006
,,,22437,,0.052981842309236526
,,,22438,,0.04656035080552101
,,,22439,,0.043246880173683167
,,,22440,,0.04262707754969597
,,,22441,,0.02226247638463974
97,,,7937,0.008411175571382046,
97,0.006565768737345934,,7937,,
98,,0.0054731592535972595,7939,,
98,,0.004612494260072708,7949,,
98,,0.005826584994792938,7959,,
98,,0.006381642539054155,7969,,
98,,0.005967386066913605,7979,,
98,,0.0038291476666927338,7989,,
98,,0.005684243980795145,7999,,
98,,0.004261494614183903,8009,,
,,,22442,,0.0005176778649911284
,,,22443,,0.0004480705829337239
,,,22444,,0.0005961799761280417
,,,22445,,0.00044793490087613463
,,,22446,,0.0006059269653633237
,,,22447,,0.0004386254586279392
,,,22448,,0.0006777078961022198
,,,22449,,0.0004076041223015636
,,,22450,,0.000477204448543489
,,,22451,,0.0004659100086428225
,,,22452,,0.0008675733115524054
,,,22453,,0.0009998006280511618
,,,22454,,0.00046695966739207506
,,,22455,,0.00044422977953217924
,,,22456,,0.0005222164327278733
,,,22457,,0.0004250293131917715
,,,22458,,0.0005904476856812835
,,,22459,,0.0005213841213844717
,,,22460,,0.0004923667875118554
,,,22461,,0.0007768042269162834
,,,22462,,0.0003918070287909359
,,,22463,,0.00036114960676059127
,,,22464,,0.00034099139156751335
,,,22465,,0.0006572740385308862
,,,22466,,0.0006209377897903323
,,,22467,,0.0005307291867211461
,,,22468,,0.0005254028947092593
,,,22469,,0.004752724431455135
,,,22470,,0.014286713674664497
,,,22471,,0.011905573308467865
,,,22472,,0.011911232955753803
,,,22473,,0.013152697123587132
,,,22474,,0.011839494109153748
,,,22475,,0.061724018305540085
,,,22476,,0.019848451018333435
,,,22477,,0.0096255112439394
,,,22478,,0.011912690475583076
,,,22479,,0.00803767703473568
,,,22480,,0.004531898535788059
,,,22481,,0.010364582762122154
,,,22482,,0.006449047941714525
,,,22483,,0.004041706211864948
,,,22484,,0.009020594879984856
,,,22485,,0.008945944719016552
,,,22486,,0.0045172604732215405
,,,22487,,0.011470803990960121
,,,22488,,0.0058109452947974205
,,,22489,,0.002448192797601223
,,,22490,,0.0058224983513355255
,,,22491,,0.0037808697670698166
,,,22492,,0.004789359867572784
,,,22493,,0.006232818588614464
,,,22494,,0.002393541857600212
,,,22495,,0.005298585630953312
,,,22496,,0.0038201650604605675
,,,22497,,0.007624296471476555
,,,22498,,0.007395715452730656
,,,22499,,0.0033510983921587467
,,,22500,,0.004964745603501797
,,,22501,,0.0032531237229704857
,,,22502,,0.004332004114985466
,,,22503,,0.003415584098547697
,,,22504,,0.0031652050092816353
,,,22505,,0.0043877167627215385
,,,22506,,0.003711855970323086
,,,22507,,0.0022305482998490334
,,,22508,,0.003409847617149353
,,,22509,,0.007445698603987694
,,,22510,,0.003905426012352109
,,,22511,,0.0021814194042235613
,,,22512,,0.003001383040100336
,,,22513,,0.0005604256875813007
,,,22514,,0.0008073371136561036
,,,22515,,0.0003918444272130728
,,,22516,,0.0006181889912113547
,,,22517,,0.0005498545942828059
,,,22518,,0.000646360102109611
,,,22519,,0.0005796233308501542
,,,22520,,0.0003849240601994097
,,,22521,,0.0004980625817552209
,,,22522,,0.0005853023030795157
,,,22523,,0.0006256835767999291
,,,22524,,0.0014299959875643253
,,,22525,,0.0006558483000844717
,,,22526,,0.005457668099552393
,,,22527,,0.0066506024450063705
,,,22528,,0.0062053389847278595
,,,22529,,0.019787758588790894
,,,22530,,0.014148375019431114
,,,22531,,0.013580724596977234
,,,22532,,0.02415056712925434
,,,22533,,0.022041112184524536
,,,22534,,0.008037123829126358
,,,22535,,0.008364833891391754
,,,22536,,0.00841614045202732
,,,22537,,0.006119860336184502
,,,22538,,0.007211672142148018
,,,22539,,0.008492045104503632
,,,22540,,0.006937069818377495
,,,22541,,0.00702164601534605
,,,22542,,0.00796362292021513
,,,22543,,0.0069834329187870026
,,,22544,,0.006042316555976868
,,,22545,,0.005822951905429363
,,,22546,,0.008170494809746742
,,,22547,,0.007831398397684097
,,,22548,,0.008249202743172646
,,,22549,,0.007645093835890293
,,,22550,,0.007200361229479313
,,,22551,,0.009588316082954407
,,,22552,,0.00812478456646204
,,,22553,,0.0061589633114635944
,,,22554,,0.008190513588488102
,,,22555,,0.008168011903762817
,,,22556,,0.0057141343131661415
,,,22557,,0.005793598014861345
,,,22558,,0.0050528040155768394
,,,22559,,0.007365233264863491
,,,22560,,0.007045830134302378
,,,22561,,0.008280293084681034
,,,22562,,0.0064188092947006226
,,,22563,,0.007056765258312225
,,,22564,,0.007314467802643776
,,,22565,,0.007029186934232712
,,,22566,,0.007021197117865086
,,,22567,,0.007311920635402203
,,,22568,,0.005933365784585476
,,,22569,,0.006220636423677206
,,,22570,,0.006415520794689655
,,,22571,,0.008178350515663624
,,,22572,,0.007104452699422836
,,,22573,,0.00804501585662365
,,,22574,,0.007367237936705351
,,,22575,,0.008296013809740543
,,,22576,,0.007797560654580593
,,,22577,,0.007382496260106564
,,,22578,,0.00684705376625061
,,,22579,,0.007855797186493874
,,,22580,,0.005364163313060999
,,,22581,,0.005517190787941217
,,,22582,,0.004864897113293409
,,,22583,,0.004813062958419323
,,,22584,,0.0049770791083574295
,,,22585,,0.005540980491787195
,,,22586,,0.00480299536138773
,,,22587,,0.005080212838947773
,,,22588,,0.0048196520656347275
,,,22589,,0.004983245395123959
,,,22590,,0.004179905168712139
,,,22591,,0.004160639829933643
,,,22592,,0.004690702073276043
,,,22593,,0.005175664089620113
,,,22594,,0.004968480207026005
,,,22595,,0.005008186679333448
,,,22596,,0.0054593319073319435
,,,22597,,0.005301957949995995
,,,22598,,0.005419805180281401
,,,22599,,0.004645315930247307
,,,22600,,0.004747707396745682
,,,22601,,0.0053816079162061214
,,,22602,,0.005122278351336718
,,,22603,,0.005681006237864494
,,,22604,,0.006274089217185974
,,,22605,,0.005627489183098078
,,,22606,,0.0062032463029026985
,,,22607,,0.005308455787599087
,,,22608,,0.00460667721927166
,,,22609,,0.00503510981798172
,,,22610,,0.0069094630889594555
,,,22611,,0.005839494056999683
,,,22612,,0.004922808147966862
,,,22613,,0.0070707909762859344
,,,22614,,0.005498717539012432
,,,22615,,0.006833415478467941
,,,22616,,0.0054512303322553635
,,,22617,,0.0051826476119458675
,,,22618,,0.005956015083938837
,,,22619,,0.005715454462915659
,,,22620,,0.005143851973116398
,,,22621,,0.006384871434420347
,,,22622,,0.0056737917475402355
,,,22623,,0.005398263689130545
,,,22624,,0.0020188437774777412
,,,22625,,0.0019032389391213655
,,,22626,,0.0014559724368155003
,,,22627,,0.001580500160343945
,,,22628,,0.001452564261853695
,,,22629,,0.0014255077112466097
,,,22630,,0.0016642374685034156
,,,22631,,0.001467068213969469
,,,22632,,0.001839746255427599
,,,22633,,0.0017613779054954648
,,,22634,,0.0016283780569210649
,,,22635,,0.0015563173219561577
,,,22636,,0.0015287980204448104
,,,22637,,0.005939790979027748
,,,22638,,0.0062283677980303764
,,,22639,,0.006796739064157009
,,,22640,,0.004926389083266258
,,,22641,,0.0023758821189403534
,,,22642,,0.018825631588697433
,,,22643,,0.003483058651909232
,,,22644,,0.015079371631145477
,,,22645,,0.006566033232957125
,,,22646,,0.006426984444260597
,,,22647,,0.010802038013935089
,,,22648,,0.013997826725244522
,,,22649,,0.014443906024098396
,,,22650,,0.01149388961493969
,,,22651,,0.010441446676850319
,,,22652,,0.017306778579950333
,,,22653,,0.01291463803499937
,,,22654,,0.06266088038682938
,,,22655,,0.04910356551408768
,,,22656,,0.037730440497398376
,,,22657,,0.04301842302083969
,,,22658,,0.06332823634147644
,,,22659,,0.03342694044113159
,,,22660,,0.039815787225961685
,,,22661,,0.05159161984920502
,,,22662,,0.03658798336982727
,,,22663,,0.046507492661476135
,,,22664,,0.036923401057720184
,,,22665,,0.041340697556734085
,,,22666,,0.0521155446767807
,,,22667,,0.04598357155919075
,,,22668,,0.042683664709329605
,,,22669,,0.04200943559408188
,,,22670,,0.021860918030142784
98,,,8018,0.008634328842163086,
98,0.006785943638533354,,8018,,
99,,0.004398890770971775,8019,,
99,,0.0066728610545396805,8029,,
99,,0.006749709602445364,8039,,
99,,0.006509709171950817,8049,,
99,,0.00827693473547697,8059,,
99,,0.005359163042157888,8069,,
99,,0.010373102501034737,8079,,
99,,0.007503500208258629,8089,,
99,,0.011420561000704765,8099,,
,,,22671,,0.00028632779140025377
,,,22672,,0.00025257986271753907
,,,22673,,0.0003692320315167308
,,,22674,,0.0002354816533625126
,,,22675,,0.0004105896223336458
,,,22676,,0.0001776349963620305
,,,22677,,0.00039251011912710965
,,,22678,,0.00019877776503562927
,,,22679,,0.0002838072832673788
,,,22680,,0.00023035828780848533
,,,22681,,0.0006143883801996708
,,,22682,,0.000680533004924655
,,,22683,,0.0002137499541277066
,,,22684,,0.00025086113600991666
,,,22685,,0.0003597921459004283
,,,22686,,0.0002196059504058212
,,,22687,,0.0004605072899721563
,,,22688,,0.0003235459444113076
,,,22689,,0.00034286524169147015
,,,22690,,0.0006067464710213244
,,,22691,,0.00022038439055904746
,,,22692,,0.00016720769053790718
,,,22693,,0.0001613566419109702
,,,22694,,0.0004246358876116574
,,,22695,,0.0004014255537185818
,,,22696,,0.00036826517316512764
,,,22697,,0.00036218235618434846
,,,22698,,0.0043289316818118095
,,,22699,,0.013879673555493355
,,,22700,,0.011500611901283264
,,,22701,,0.011484906077384949
,,,22702,,0.01273401454091072
,,,22703,,0.011383522301912308
,,,22704,,0.06091008707880974
,,,22705,,0.01940116286277771
,,,22706,,0.009166659787297249
,,,22707,,0.01147797517478466
,,,22708,,0.007604680489748716
,,,22709,,0.0041394345462322235
,,,22710,,0.009906632825732231
,,,22711,,0.006007399410009384
,,,22712,,0.0035611975472420454
,,,22713,,0.008591282181441784
,,,22714,,0.00840897299349308
,,,22715,,0.004112567752599716
,,,22716,,0.01094471849501133
,,,22717,,0.005317335017025471
,,,22718,,0.0019898279570043087
,,,22719,,0.005336349830031395
,,,22720,,0.0033292844891548157
,,,22721,,0.00426349276676774
,,,22722,,0.005756573751568794
,,,22723,,0.0019304391462355852
,,,22724,,0.004838556982576847
,,,22725,,0.0035866163671016693
,,,22726,,0.0074811773374676704
,,,22727,,0.007294156588613987
,,,22728,,0.003220838261768222
,,,22729,,0.0048578414134681225
,,,22730,,0.003106712829321623
,,,22731,,0.0042419699020683765
,,,22732,,0.0032565216533839703
,,,22733,,0.003003253135830164
,,,22734,,0.004275926388800144
,,,22735,,0.0035903388634324074
,,,22736,,0.0020774214062839746
,,,22737,,0.0032530250027775764
,,,22738,,0.007325370330363512
,,,22739,,0.003786478890106082
,,,22740,,0.001990942284464836
,,,22741,,0.0028083431534469128
,,,22742,,0.0003400786081328988
,,,22743,,0.0006610076525248587
,,,22744,,0.0003172495635226369
,,,22745,,0.0003682798705995083
,,,22746,,0.00031301399576477706
,,,22747,,0.0003665052936412394
,,,22748,,0.0003284775302745402
,,,22749,,0.00028370387735776603
,,,22750,,0.00036024267319589853
,,,22751,,0.00046539207687601447
,,,22752,,0.00034765159944072366
,,,22753,,0.0008593570091761649
,,,22754,,0.0004370442475192249
,,,22755,,0.005090056918561459
,,,22756,,0.006149681285023689
,,,22757,,0.005723326001316309
,,,22758,,0.018945354968309402
,,,22759,,0.013211195357143879
,,,22760,,0.012138277292251587
,,,22761,,0.02212119847536087
,,,22762,,0.020387206226587296
,,,22763,,0.00716376444324851
,,,22764,,0.0077816154807806015
,,,22765,,0.0078937578946352
,,,22766,,0.005639298819005489
,,,22767,,0.006714997813105583
,,,22768,,0.007956914603710175
,,,22769,,0.006471151486039162
,,,22770,,0.006560255773365498
,,,22771,,0.007422777824103832
,,,22772,,0.00636843778192997
,,,22773,,0.005632323212921619
,,,22774,,0.005405522882938385
,,,22775,,0.007620357908308506
,,,22776,,0.0072618518024683
,,,22777,,0.007883692160248756
,,,22778,,0.0071275681257247925
,,,22779,,0.006724066101014614
,,,22780,,0.009071361273527145
,,,22781,,0.0075784414075315
,,,22782,,0.005793679505586624
,,,22783,,0.00763620063662529
,,,22784,,0.007672526873648167
,,,22785,,0.005072630476206541
,,,22786,,0.005093087442219257
,,,22787,,0.004415217321366072
,,,22788,,0.0068456563167274
,,,22789,,0.006358692422509193
,,,22790,,0.0075143855065107346
,,,22791,,0.005795652978122234
,,,22792,,0.00642618490383029
,,,22793,,0.006680978462100029
,,,22794,,0.006548413075506687
,,,22795,,0.0063911667093634605
,,,22796,,0.006546247750520706
,,,22797,,0.0054262359626591206
,,,22798,,0.005475676618516445
,,,22799,,0.005712335929274559
,,,22800,,0.00747510464861989
,,,22801,,0.006466471590101719
,,,22802,,0.007408076897263527
,,,22803,,0.006561611779034138
,,,22804,,0.007571582216769457
,,,22805,,0.007134339306503534
,,,22806,,0.00670604920014739
,,,22807,,0.006186221726238728
,,,22808,,0.0071739391423761845
,,,22809,,0.0047216168604791164
,,,22810,,0.004883343819528818
,,,22811,,0.004215175751596689
,,,22812,,0.004235216416418552
,,,22813,,0.004425940103828907
,,,22814,,0.004955761134624481
,,,22815,,0.004426305647939444
,,,22816,,0.00450903782621026
,,,22817,,0.004248765297234058
,,,22818,,0.004448191728442907
,,,22819,,0.0037738641258329153
,,,22820,,0.003637683345004916
,,,22821,,0.00418171426281333
,,,22822,,0.00446355389431119
,,,22823,,0.004524734802544117
,,,22824,,0.004414942115545273
,,,22825,,0.004954462870955467
,,,22826,,0.004843720234930515
,,,22827,,0.004802232142537832
,,,22828,,0.004124288447201252
,,,22829,,0.004135745111852884
,,,22830,,0.004948733374476433
,,,22831,,0.004812980070710182
,,,22832,,0.005354378838092089
,,,22833,,0.005826408043503761
,,,22834,,0.005261021666228771
,,,22835,,0.00576678104698658
,,,22836,,0.004984329920262098
,,,22837,,0.004323676228523254
,,,22838,,0.0046781254932284355
,,,22839,,0.006475040223449469
,,,22840,,0.005444115027785301
,,,22841,,0.00464783888310194
,,,22842,,0.006701321341097355
,,,22843,,0.005153162404894829
,,,22844,,0.006372168194502592
,,,22845,,0.005087558180093765
,,,22846,,0.004831220023334026
,,,22847,,0.005687945056706667
,,,22848,,0.005399495363235474
,,,22849,,0.0047926148399710655
,,,22850,,0.005974749103188515
,,,22851,,0.005325753707438707
,,,22852,,0.005011076107621193
,,,22853,,0.0015922042075544596
,,,22854,,0.0014458328951150179
,,,22855,,0.001043732394464314
,,,22856,,0.0011292439885437489
,,,22857,,0.000988926738500595
,,,22858,,0.0009526865324005485
,,,22859,,0.0012671471340581775
,,,22860,,0.0009765351423993707
,,,22861,,0.0013806538190692663
,,,22862,,0.0012023327872157097
,,,22863,,0.0011866202112287283
,,,22864,,0.0011020603124052286
,,,22865,,0.0010779219446703792
,,,22866,,0.005657004192471504
,,,22867,,0.005761998705565929
,,,22868,,0.00657131802290678
,,,22869,,0.004593264311552048
,,,22870,,0.0022390559315681458
,,,22871,,0.018086876720190048
,,,22872,,0.003140459768474102
,,,22873,,0.016223490238189697
,,,22874,,0.006546958349645138
,,,22875,,0.0063466415740549564
,,,22876,,0.01039219181984663
,,,22877,,0.013501159846782684
,,,22878,,0.013931730762124062
,,,22879,,0.011242370121181011
,,,22880,,0.009929056279361248
,,,22881,,0.015536235645413399
,,,22882,,0.012574715539813042
,,,22883,,0.0626191645860672
,,,22884,,0.04801328107714653
,,,22885,,0.037281036376953125
,,,22886,,0.04307260364294052
,,,22887,,0.0625484436750412
,,,22888,,0.0327284038066864
,,,22889,,0.03910209238529205
,,,22890,,0.05177796259522438
,,,22891,,0.035957783460617065
,,,22892,,0.04601564258337021
,,,22893,,0.03660955652594566
,,,22894,,0.041238389909267426
,,,22895,,0.05210118740797043
,,,22896,,0.04566504806280136
,,,22897,,0.042457908391952515
,,,22898,,0.041938312351703644
,,,22899,,0.021842341870069504
99,,,8099,0.008211829699575901,
99,0.006727610714733601,,8099,,
,,,0,,0.00028632779140025377
,,,1,,0.00025257986271753907
,,,2,,0.0003692320315167308
,,,3,,0.0002354816533625126
,,,4,,0.0004105896223336458
,,,5,,0.0001776349963620305
,,,6,,0.00039251011912710965
,,,7,,0.00019877776503562927
,,,8,,0.0002838072832673788
,,,9,,0.00023035828780848533
,,,10,,0.0006143883801996708
,,,11,,0.000680533004924655
,,,12,,0.0002137499541277066
,,,13,,0.00025086113600991666
,,,14,,0.0003597921459004283
,,,15,,0.0002196059504058212
,,,16,,0.0004605072899721563
,,,17,,0.0003235459444113076
,,,18,,0.00034286524169147015
,,,19,,0.0006067464710213244
,,,20,,0.00022038439055904746
,,,21,,0.00016720769053790718
,,,22,,0.0001613566419109702
,,,23,,0.0004246358876116574
,,,24,,0.0004014255537185818
,,,25,,0.00036826517316512764
,,,26,,0.00036218235618434846
,,,27,,0.0043289316818118095
,,,28,,0.013879673555493355
,,,29,,0.011500611901283264
,,,30,,0.011484906077384949
,,,31,,0.01273401454091072
,,,32,,0.011383522301912308
,,,33,,0.06091008707880974
,,,34,,0.01940116286277771
,,,35,,0.009166659787297249
,,,36,,0.01147797517478466
,,,37,,0.007604680489748716
,,,38,,0.0041394345462322235
,,,39,,0.009906632825732231
,,,40,,0.006007399410009384
,,,41,,0.0035611975472420454
,,,42,,0.008591282181441784
,,,43,,0.00840897299349308
,,,44,,0.004112567752599716
,,,45,,0.01094471849501133
,,,46,,0.005317335017025471
,,,47,,0.0019898279570043087
,,,48,,0.005336349830031395
,,,49,,0.0033292844891548157
,,,50,,0.00426349276676774
,,,51,,0.005756573751568794
,,,52,,0.0019304391462355852
,,,53,,0.004838556982576847
,,,54,,0.0035866163671016693
,,,55,,0.0074811773374676704
,,,56,,0.007294156588613987
,,,57,,0.003220838261768222
,,,58,,0.0048578414134681225
,,,59,,0.003106712829321623
,,,60,,0.0042419699020683765
,,,61,,0.0032565216533839703
,,,62,,0.003003253135830164
,,,63,,0.004275926388800144
,,,64,,0.0035903388634324074
,,,65,,0.0020774214062839746
,,,66,,0.0032530250027775764
,,,67,,0.007325370330363512
,,,68,,0.003786478890106082
,,,69,,0.001990942284464836
,,,70,,0.0028083431534469128
,,,71,,0.0003400786081328988
,,,72,,0.0006610076525248587
,,,73,,0.0003172495635226369
,,,74,,0.0003682798705995083
,,,75,,0.00031301399576477706
,,,76,,0.0003665052936412394
,,,77,,0.0003284775302745402
,,,78,,0.00028370387735776603
,,,79,,0.00036024267319589853
,,,80,,0.00046539207687601447
,,,81,,0.00034765159944072366
,,,82,,0.0008593570091761649
,,,83,,0.0004370442475192249
,,,84,,0.005090056918561459
,,,85,,0.006149681285023689
,,,86,,0.005723326001316309
,,,87,,0.018945354968309402
,,,88,,0.013211195357143879
,,,89,,0.012138277292251587
,,,90,,0.02212119847536087
,,,91,,0.020387206226587296
,,,92,,0.00716376444324851
,,,93,,0.0077816154807806015
,,,94,,0.0078937578946352
,,,95,,0.005639298819005489
,,,96,,0.006714997813105583
,,,97,,0.007956914603710175
,,,98,,0.006471151486039162
,,,99,,0.006560255773365498
,,,100,,0.007422777824103832
,,,101,,0.00636843778192997
,,,102,,0.005632323212921619
,,,103,,0.005405522882938385
,,,104,,0.007620357908308506
,,,105,,0.0072618518024683
,,,106,,0.007883692160248756
,,,107,,0.0071275681257247925
,,,108,,0.006724066101014614
,,,109,,0.009071361273527145
,,,110,,0.0075784414075315
,,,111,,0.005793679505586624
,,,112,,0.00763620063662529
,,,113,,0.007672526873648167
,,,114,,0.005072630476206541
,,,115,,0.005093087442219257
,,,116,,0.004415217321366072
,,,117,,0.0068456563167274
,,,118,,0.006358692422509193
,,,119,,0.0075143855065107346
,,,120,,0.005795652978122234
,,,121,,0.00642618490383029
,,,122,,0.006680978462100029
,,,123,,0.006548413075506687
,,,124,,0.0063911667093634605
,,,125,,0.006546247750520706
,,,126,,0.0054262359626591206
,,,127,,0.005475676618516445
,,,128,,0.005712335929274559
,,,129,,0.00747510464861989
,,,130,,0.006466471590101719
,,,131,,0.007408076897263527
,,,132,,0.006561611779034138
,,,133,,0.007571582216769457
,,,134,,0.007134339306503534
,,,135,,0.00670604920014739
,,,136,,0.006186221726238728
,,,137,,0.0071739391423761845
,,,138,,0.0047216168604791164
,,,139,,0.004883343819528818
,,,140,,0.004215175751596689
,,,141,,0.004235216416418552
,,,142,,0.004425940103828907
,,,143,,0.004955761134624481
,,,144,,0.004426305647939444
,,,145,,0.00450903782621026
,,,146,,0.004248765297234058
,,,147,,0.004448191728442907
,,,148,,0.0037738641258329153
,,,149,,0.003637683345004916
,,,150,,0.00418171426281333
,,,151,,0.00446355389431119
,,,152,,0.004524734802544117
,,,153,,0.004414942115545273
,,,154,,0.004954462870955467
,,,155,,0.004843720234930515
,,,156,,0.004802232142537832
,,,157,,0.004124288447201252
,,,158,,0.004135745111852884
,,,159,,0.004948733374476433
,,,160,,0.004812980070710182
,,,161,,0.005354378838092089
,,,162,,0.005826408043503761
,,,163,,0.005261021666228771
,,,164,,0.00576678104698658
,,,165,,0.004984329920262098
,,,166,,0.004323676228523254
,,,167,,0.0046781254932284355
,,,168,,0.006475040223449469
,,,169,,0.005444115027785301
,,,170,,0.00464783888310194
,,,171,,0.006701321341097355
,,,172,,0.005153162404894829
,,,173,,0.006372168194502592
,,,174,,0.005087558180093765
,,,175,,0.004831220023334026
,,,176,,0.005687945056706667
,,,177,,0.005399495363235474
,,,178,,0.0047926148399710655
,,,179,,0.005974749103188515
,,,180,,0.005325753707438707
,,,181,,0.005011076107621193
,,,182,,0.0015922042075544596
,,,183,,0.0014458328951150179
,,,184,,0.001043732394464314
,,,185,,0.0011292439885437489
,,,186,,0.000988926738500595
,,,187,,0.0009526865324005485
,,,188,,0.0012671471340581775
,,,189,,0.0009765351423993707
,,,190,,0.0013806538190692663
,,,191,,0.0012023327872157097
,,,192,,0.0011866202112287283
,,,193,,0.0011020603124052286
,,,194,,0.0010779219446703792
,,,195,,0.005657004192471504
,,,196,,0.005761998705565929
,,,197,,0.00657131802290678
,,,198,,0.004593264311552048
,,,199,,0.0022390559315681458
,,,200,,0.018086876720190048
,,,201,,0.003140459768474102
,,,202,,0.016223490238189697
,,,203,,0.006546958349645138
,,,204,,0.0063466415740549564
,,,205,,0.01039219181984663
,,,206,,0.013501159846782684
,,,207,,0.013931730762124062
,,,208,,0.011242370121181011
,,,209,,0.009929056279361248
,,,210,,0.015536235645413399
,,,211,,0.012574715539813042
,,,212,,0.0626191645860672
,,,213,,0.04801328107714653
,,,214,,0.037281036376953125
,,,215,,0.04307260364294052
,,,216,,0.0625484436750412
,,,217,,0.0327284038066864
,,,218,,0.03910209238529205
,,,219,,0.05177796259522438
,,,220,,0.035957783460617065
,,,221,,0.04601564258337021
,,,222,,0.03660955652594566
,,,223,,0.041238389909267426
,,,224,,0.05210118740797043
,,,225,,0.04566504806280136
,,,226,,0.042457908391952515
,,,227,,0.041938312351703644
,,,228,,0.021842341870069504
100,,,8100,0.008211829699575901,
