epoch,loss_epoch,loss_step,step,val/loss_epoch,val/loss_step
0,,0.6575026512145996,9,,
0,,0.612014651298523,19,,
0,,0.424763947725296,29,,
0,,0.2919352650642395,39,,
0,,0.3210510015487671,49,,
0,,0.35258734226226807,59,,
0,,0.22663819789886475,69,,
0,,0.30538052320480347,79,,
,,,0,,0.022453879937529564
,,,1,,0.028570840135216713
,,,2,,0.014733727090060711
,,,3,,0.021075988188385963
,,,4,,0.06265060603618622
,,,5,,0.016297122463583946
,,,6,,0.012645644135773182
,,,7,,0.01541231106966734
,,,8,,0.03620532900094986
,,,9,,0.013774323277175426
,,,10,,0.018771685659885406
,,,11,,0.016256529837846756
,,,12,,0.017529448494315147
,,,13,,0.01350482925772667
,,,14,,0.015230493620038033
,,,15,,0.0156057458370924
,,,16,,0.03315720334649086
,,,17,,0.05581457167863846
,,,18,,0.03876961022615433
,,,19,,0.017546581104397774
,,,20,,0.00987786240875721
,,,21,,0.033015500754117966
,,,22,,0.017346303910017014
,,,23,,0.017977643758058548
,,,24,,0.02301417849957943
,,,25,,0.03849075734615326
,,,26,,0.030485117807984352
,,,27,,0.0975535437464714
,,,28,,0.17481347918510437
,,,29,,0.1669614464044571
,,,30,,0.13956554234027863
,,,31,,0.14813879132270813
,,,32,,0.14358964562416077
,,,33,,0.26947975158691406
,,,34,,0.18298649787902832
,,,35,,0.1424676477909088
,,,36,,0.13068698346614838
,,,37,,0.1106681227684021
,,,38,,0.10932927578687668
,,,39,,0.13853394985198975
,,,40,,0.11008933186531067
,,,41,,0.16964536905288696
,,,42,,0.22472038865089417
,,,43,,0.22036048769950867
,,,44,,0.1471438705921173
,,,45,,0.28952139616012573
,,,46,,0.23683136701583862
,,,47,,0.12885211408138275
,,,48,,0.20957636833190918
,,,49,,0.10699094831943512
,,,50,,0.10693340003490448
,,,51,,0.13659323751926422
,,,52,,0.08473705500364304
,,,53,,0.14026519656181335
,,,54,,0.15956011414527893
,,,55,,0.1660781353712082
,,,56,,0.19355157017707825
,,,57,,0.1207527294754982
,,,58,,0.18980319797992706
,,,59,,0.10417867451906204
,,,60,,0.14856669306755066
,,,61,,0.1203334778547287
,,,62,,0.1095486655831337
,,,63,,0.166398823261261
,,,64,,0.1147179827094078
,,,65,,0.05813033878803253
,,,66,,0.0914434939622879
,,,67,,0.19192510843276978
,,,68,,0.13234944641590118
,,,69,,0.04321862384676933
,,,70,,0.09240792691707611
,,,71,,0.029605617746710777
,,,72,,0.03857867047190666
,,,73,,0.019203059375286102
,,,74,,0.030643809586763382
,,,75,,0.034268930554389954
,,,76,,0.028559189289808273
,,,77,,0.02111363224685192
,,,78,,0.023796502500772476
,,,79,,0.018022559583187103
,,,80,,0.04393083602190018
,,,81,,0.03161880746483803
,,,82,,0.018817085772752762
,,,83,,0.02399100735783577
,,,84,,0.3810505270957947
,,,85,,0.4653698205947876
,,,86,,0.47895753383636475
,,,87,,0.8410419225692749
,,,88,,0.718001127243042
,,,89,,0.7270503640174866
,,,90,,0.962297797203064
,,,91,,0.9418462514877319
,,,92,,0.47185179591178894
,,,93,,0.4294378161430359
,,,94,,0.474065899848938
,,,95,,0.39874929189682007
,,,96,,0.4184059500694275
,,,97,,0.416525661945343
,,,98,,0.40838536620140076
,,,99,,0.3674791157245636
,,,100,,0.450786828994751
,,,101,,0.4486430585384369
,,,102,,0.4026367664337158
,,,103,,0.405387282371521
,,,104,,0.45666205883026123
,,,105,,0.44834256172180176
,,,106,,0.41924017667770386
,,,107,,0.4375731945037842
,,,108,,0.4141896963119507
,,,109,,0.4586462378501892
,,,110,,0.4238075315952301
,,,111,,0.3873971700668335
,,,112,,0.4296696186065674
,,,113,,0.4536947011947632
,,,114,,0.8366459012031555
,,,115,,0.8400692939758301
,,,116,,0.6246915459632874
,,,117,,0.33446967601776123
,,,118,,0.427558958530426
,,,119,,0.41306209564208984
,,,120,,0.37660646438598633
,,,121,,0.3821117579936981
,,,122,,0.38880980014801025
,,,123,,0.3540549576282501
,,,124,,0.42759254574775696
,,,125,,0.4299395978450775
,,,126,,0.3376762270927429
,,,127,,0.4059203565120697
,,,128,,0.44076091051101685
,,,129,,0.4126254916191101
,,,130,,0.3918170928955078
,,,131,,0.37537437677383423
,,,132,,0.46871668100357056
,,,133,,0.4004027247428894
,,,134,,0.4260457158088684
,,,135,,0.40761277079582214
,,,136,,0.4201454520225525
,,,137,,0.37763074040412903
,,,138,,0.37005844712257385
,,,139,,0.37928307056427
,,,140,,0.36699655652046204
,,,141,,0.3759968876838684
,,,142,,0.34110745787620544
,,,143,,0.3626381456851959
,,,144,,0.3109193444252014
,,,145,,0.35569286346435547
,,,146,,0.37542885541915894
,,,147,,0.39228445291519165
,,,148,,0.28137075901031494
,,,149,,0.39430537819862366
,,,150,,0.38750582933425903
,,,151,,0.42139095067977905
,,,152,,0.36562711000442505
,,,153,,0.35215580463409424
,,,154,,0.39773356914520264
,,,155,,0.35961419343948364
,,,156,,0.3909083902835846
,,,157,,0.3578824996948242
,,,158,,0.385875940322876
,,,159,,0.34268873929977417
,,,160,,0.35751450061798096
,,,161,,0.41493457555770874
,,,162,,0.44613218307495117
,,,163,,0.39086756110191345
,,,164,,0.42055216431617737
,,,165,,0.38136908411979675
,,,166,,0.3473206162452698
,,,167,,0.35237476229667664
,,,168,,0.4818660318851471
,,,169,,0.41794171929359436
,,,170,,0.35178783535957336
,,,171,,0.4428325891494751
,,,172,,0.41024139523506165
,,,173,,0.4649566411972046
,,,174,,0.39384225010871887
,,,175,,0.3754132390022278
,,,176,,0.41369107365608215
,,,177,,0.40614455938339233
,,,178,,0.3914477229118347
,,,179,,0.44318443536758423
,,,180,,0.3889252543449402
,,,181,,0.3978543281555176
,,,182,,0.4243241250514984
,,,183,,0.3921407461166382
,,,184,,0.29879868030548096
,,,185,,0.3467862010002136
,,,186,,0.17983683943748474
,,,187,,0.24295161664485931
,,,188,,0.38416025042533875
,,,189,,0.27972304821014404
,,,190,,0.31983643770217896
,,,191,,0.34838396310806274
,,,192,,0.27260488271713257
,,,193,,0.11261097341775894
,,,194,,0.32309409976005554
,,,195,,0.22692838311195374
,,,196,,0.07157769799232483
,,,197,,0.04879554361104965
,,,198,,0.06748552620410919
,,,199,,0.021093454211950302
,,,200,,0.13736757636070251
,,,201,,0.03697509691119194
,,,202,,0.08440858125686646
,,,203,,0.04417729377746582
,,,204,,0.06082689389586449
,,,205,,0.09198075532913208
,,,206,,0.08328128606081009
,,,207,,0.08324939012527466
,,,208,,0.1054115891456604
,,,209,,0.09627862274646759
,,,210,,0.13251352310180664
,,,211,,0.07213269174098969
,,,212,,0.18512597680091858
,,,213,,0.16091200709342957
,,,214,,0.14736071228981018
,,,215,,0.15738824009895325
,,,216,,0.19322146475315094
,,,217,,0.14139214158058167
,,,218,,0.14857591688632965
,,,219,,0.18365086615085602
,,,220,,0.14933964610099792
,,,221,,0.1744130700826645
,,,222,,0.15456721186637878
,,,223,,0.1652124673128128
,,,224,,0.16593196988105774
,,,225,,0.1603642851114273
,,,226,,0.1634489744901657
,,,227,,0.16174709796905518
,,,228,,0.09978319704532623
0,,,80,0.25468242168426514,
0,0.3930278718471527,,80,,
1,,0.20869719982147217,89,,
1,,0.1939660906791687,99,,
1,,0.222764253616333,109,,
1,,0.16999228298664093,119,,
1,,0.13308274745941162,129,,
1,,0.15544836223125458,139,,
1,,0.10212873667478561,149,,
1,,0.12594710290431976,159,,
,,,229,,0.006889466196298599
,,,230,,0.007874218747019768
,,,231,,0.006062867119908333
,,,232,,0.006896395701915026
,,,233,,0.015764180570840836
,,,234,,0.005792604759335518
,,,235,,0.006169814616441727
,,,236,,0.006020445376634598
,,,237,,0.010648027062416077
,,,238,,0.005861382465809584
,,,239,,0.0066891941241919994
,,,240,,0.006950112991034985
,,,241,,0.006642439868301153
,,,242,,0.0060928878374397755
,,,243,,0.006300002336502075
,,,244,,0.006240135990083218
,,,245,,0.009039489552378654
,,,246,,0.014639897271990776
,,,247,,0.012105099856853485
,,,248,,0.007787711918354034
,,,249,,0.004392491653561592
,,,250,,0.007818808779120445
,,,251,,0.005781962536275387
,,,252,,0.006917077116668224
,,,253,,0.007196485064923763
,,,254,,0.012106163427233696
,,,255,,0.007650865241885185
,,,256,,0.044624749571084976
,,,257,,0.08405834436416626
,,,258,,0.0845257043838501
,,,259,,0.07132899761199951
,,,260,,0.07384457439184189
,,,261,,0.076442189514637
,,,262,,0.16435572504997253
,,,263,,0.10249456763267517
,,,264,,0.07689698785543442
,,,265,,0.06981409341096878
,,,266,,0.05267702043056488
,,,267,,0.046124618500471115
,,,268,,0.07015129178762436
,,,269,,0.04942961037158966
,,,270,,0.0767318457365036
,,,271,,0.11772479116916656
,,,272,,0.1003766879439354
,,,273,,0.060595713555812836
,,,274,,0.1545179784297943
,,,275,,0.10919804871082306
,,,276,,0.046899694949388504
,,,277,,0.10552078485488892
,,,278,,0.05414603278040886
,,,279,,0.04766910895705223
,,,280,,0.06637744605541229
,,,281,,0.029782064259052277
,,,282,,0.06577984243631363
,,,283,,0.08085574954748154
,,,284,,0.1046152114868164
,,,285,,0.11664828658103943
,,,286,,0.06434794515371323
,,,287,,0.10434650629758835
,,,288,,0.05532518029212952
,,,289,,0.0822167918086052
,,,290,,0.05869515240192413
,,,291,,0.05556761473417282
,,,292,,0.08182738721370697
,,,293,,0.06143583357334137
,,,294,,0.031202256679534912
,,,295,,0.05329242721199989
,,,296,,0.12287827581167221
,,,297,,0.07588324695825577
,,,298,,0.030461376532912254
,,,299,,0.05129004269838333
,,,300,,0.010276895016431808
,,,301,,0.01477852463722229
,,,302,,0.007631829008460045
,,,303,,0.01182803139090538
,,,304,,0.01222445908933878
,,,305,,0.010416900739073753
,,,306,,0.006930642761290073
,,,307,,0.008576469495892525
,,,308,,0.00727279856801033
,,,309,,0.013492269441485405
,,,310,,0.009639380499720573
,,,311,,0.007142723072320223
,,,312,,0.010095816105604172
,,,313,,0.18067577481269836
,,,314,,0.21950572729110718
,,,315,,0.29043564200401306
,,,316,,0.6852642297744751
,,,317,,0.5843851566314697
,,,318,,0.3509598970413208
,,,319,,0.2954830825328827
,,,320,,0.2755900025367737
,,,321,,0.21716190874576569
,,,322,,0.21720342338085175
,,,323,,0.23149411380290985
,,,324,,0.19268283247947693
,,,325,,0.1955699324607849
,,,326,,0.20735064148902893
,,,327,,0.2114531695842743
,,,328,,0.20426344871520996
,,,329,,0.20255926251411438
,,,330,,0.207106351852417
,,,331,,0.2336898297071457
,,,332,,0.17097920179367065
,,,333,,0.23617452383041382
,,,334,,0.19993744790554047
,,,335,,0.23054233193397522
,,,336,,0.20305755734443665
,,,337,,0.1908409148454666
,,,338,,0.22486785054206848
,,,339,,0.21266967058181763
,,,340,,0.17583519220352173
,,,341,,0.21260008215904236
,,,342,,0.20187732577323914
,,,343,,0.15357771515846252
,,,344,,0.15660157799720764
,,,345,,0.13073259592056274
,,,346,,0.15655246376991272
,,,347,,0.1512197107076645
,,,348,,0.16125085949897766
,,,349,,0.13140371441841125
,,,350,,0.14908245205879211
,,,351,,0.15197612345218658
,,,352,,0.15267318487167358
,,,353,,0.14683151245117188
,,,354,,0.15558239817619324
,,,355,,0.1337278187274933
,,,356,,0.14282798767089844
,,,357,,0.13841626048088074
,,,358,,0.1642739474773407
,,,359,,0.14867183566093445
,,,360,,0.1629830300807953
,,,361,,0.1543598473072052
,,,362,,0.1740952879190445
,,,363,,0.16542474925518036
,,,364,,0.1525903344154358
,,,365,,0.14745932817459106
,,,366,,0.16064012050628662
,,,367,,0.1365455985069275
,,,368,,0.14567789435386658
,,,369,,0.1325244903564453
,,,370,,0.12045919895172119
,,,371,,0.1346282660961151
,,,372,,0.12892641127109528
,,,373,,0.13315364718437195
,,,374,,0.14674890041351318
,,,375,,0.12207725644111633
,,,376,,0.13761427998542786
,,,377,,0.1346292793750763
,,,378,,0.11340344697237015
,,,379,,0.12604233622550964
,,,380,,0.12965267896652222
,,,381,,0.1390668749809265
,,,382,,0.1375732421875
,,,383,,0.13323506712913513
,,,384,,0.13301575183868408
,,,385,,0.13458815217018127
,,,386,,0.12795796990394592
,,,387,,0.1293216347694397
,,,388,,0.14116013050079346
,,,389,,0.09401708841323853
,,,390,,0.10615900158882141
,,,391,,0.11169314384460449
,,,392,,0.10136262327432632
,,,393,,0.10854284465312958
,,,394,,0.09889828413724899
,,,395,,0.09128151834011078
,,,396,,0.09338076412677765
,,,397,,0.12381364405155182
,,,398,,0.10746265947818756
,,,399,,0.09300191700458527
,,,400,,0.11481866240501404
,,,401,,0.1039530485868454
,,,402,,0.11778761446475983
,,,403,,0.09939798712730408
,,,404,,0.09737609326839447
,,,405,,0.10901753604412079
,,,406,,0.104622483253479
,,,407,,0.10023364424705505
,,,408,,0.11463497579097748
,,,409,,0.09923896938562393
,,,410,,0.10432536900043488
,,,411,,0.10088533163070679
,,,412,,0.09258127212524414
,,,413,,0.07044309377670288
,,,414,,0.0780852884054184
,,,415,,0.04330448806285858
,,,416,,0.055146630853414536
,,,417,,0.08698205649852753
,,,418,,0.06062692031264305
,,,419,,0.07117385417222977
,,,420,,0.07795855402946472
,,,421,,0.06513691693544388
,,,422,,0.03445686772465706
,,,423,,0.06933269649744034
,,,424,,0.06662857532501221
,,,425,,0.0538683757185936
,,,426,,0.04108532890677452
,,,427,,0.0374751016497612
,,,428,,0.01728725992143154
,,,429,,0.1244092807173729
,,,430,,0.027483131736516953
,,,431,,0.07987817376852036
,,,432,,0.03822983801364899
,,,433,,0.05036458373069763
,,,434,,0.0652671754360199
,,,435,,0.07302790880203247
,,,436,,0.06706409156322479
,,,437,,0.0927724540233612
,,,438,,0.07452619820833206
,,,439,,0.11062060296535492
,,,440,,0.0536571741104126
,,,441,,0.1728113293647766
,,,442,,0.14794018864631653
,,,443,,0.13516701757907867
,,,444,,0.13843564689159393
,,,445,,0.1803714781999588
,,,446,,0.12513892352581024
,,,447,,0.12848135828971863
,,,448,,0.16927629709243774
,,,449,,0.13272938132286072
,,,450,,0.16032247245311737
,,,451,,0.1322316974401474
,,,452,,0.13961198925971985
,,,453,,0.1525181382894516
,,,454,,0.1465594321489334
,,,455,,0.14847862720489502
,,,456,,0.14696632325649261
,,,457,,0.07493405789136887
1,,,161,0.10669577121734619,
1,0.1765977442264557,,161,,
2,,0.09208858013153076,169,,
2,,0.12367555499076843,179,,
2,,0.10095103085041046,189,,
2,,0.09638966619968414,199,,
2,,0.07715350389480591,209,,
2,,0.09997241199016571,219,,
2,,0.11416435241699219,229,,
2,,0.0760902389883995,239,,
,,,458,,0.0031782512087374926
,,,459,,0.0036722817458212376
,,,460,,0.0033542397432029247
,,,461,,0.0031675929203629494
,,,462,,0.008757930248975754
,,,463,,0.002858092077076435
,,,464,,0.003326971549540758
,,,465,,0.002840969245880842
,,,466,,0.005280274897813797
,,,467,,0.0030182297341525555
,,,468,,0.0035775427240878344
,,,469,,0.003963038790971041
,,,470,,0.003115548286587
,,,471,,0.002879418432712555
,,,472,,0.0031600049696862698
,,,473,,0.0027528468053787947
,,,474,,0.004403165075927973
,,,475,,0.007896382361650467
,,,476,,0.006058618891984224
,,,477,,0.0043452102690935135
,,,478,,0.001861379947513342
,,,479,,0.003318315837532282
,,,480,,0.002523304196074605
,,,481,,0.0036713797599077225
,,,482,,0.0035221674479544163
,,,483,,0.005826403386890888
,,,484,,0.003644146490842104
,,,485,,0.03131188452243805
,,,486,,0.06280655413866043
,,,487,,0.061395950615406036
,,,488,,0.051076315343379974
,,,489,,0.05430582910776138
,,,490,,0.05471041798591614
,,,491,,0.13859617710113525
,,,492,,0.07889263331890106
,,,493,,0.05402148514986038
,,,494,,0.05112669616937637
,,,495,,0.04021435230970383
,,,496,,0.0334041565656662
,,,497,,0.05258021876215935
,,,498,,0.03583487495779991
,,,499,,0.04818730056285858
,,,500,,0.08139307051897049
,,,501,,0.06649524718523026
,,,502,,0.04229322075843811
,,,503,,0.10644964873790741
,,,504,,0.06331093609333038
,,,505,,0.03288934752345085
,,,506,,0.0714874193072319
,,,507,,0.03501414507627487
,,,508,,0.03331395238637924
,,,509,,0.04329906776547432
,,,510,,0.018980855122208595
,,,511,,0.042736172676086426
,,,512,,0.053611233830451965
,,,513,,0.08511363714933395
,,,514,,0.09430110454559326
,,,515,,0.04793141782283783
,,,516,,0.08034735918045044
,,,517,,0.040659837424755096
,,,518,,0.06286250054836273
,,,519,,0.04082072153687477
,,,520,,0.03950406238436699
,,,521,,0.05898129194974899
,,,522,,0.04581761732697487
,,,523,,0.022219417616724968
,,,524,,0.0417160801589489
,,,525,,0.10097089409828186
,,,526,,0.05886230245232582
,,,527,,0.023734215646982193
,,,528,,0.03859984502196312
,,,529,,0.005382291041314602
,,,530,,0.008694835938513279
,,,531,,0.0038088469300419092
,,,532,,0.005926663987338543
,,,533,,0.006348736584186554
,,,534,,0.006052175536751747
,,,535,,0.0037169018760323524
,,,536,,0.004254519008100033
,,,537,,0.0038370005786418915
,,,538,,0.007486006710678339
,,,539,,0.004760615527629852
,,,540,,0.004376118537038565
,,,541,,0.005621444899588823
,,,542,,0.12079545855522156
,,,543,,0.14504484832286835
,,,544,,0.2172558605670929
,,,545,,0.5900728702545166
,,,546,,0.49799251556396484
,,,547,,0.2795293927192688
,,,548,,0.21593120694160461
,,,549,,0.1987946480512619
,,,550,,0.16084520518779755
,,,551,,0.16331519186496735
,,,552,,0.17088408768177032
,,,553,,0.14197349548339844
,,,554,,0.14381977915763855
,,,555,,0.1535591185092926
,,,556,,0.1568792462348938
,,,557,,0.1543014943599701
,,,558,,0.147137850522995
,,,559,,0.1527612954378128
,,,560,,0.17724978923797607
,,,561,,0.1225656047463417
,,,562,,0.1752738654613495
,,,563,,0.14608865976333618
,,,564,,0.17381088435649872
,,,565,,0.14917820692062378
,,,566,,0.14053401350975037
,,,567,,0.16496534645557404
,,,568,,0.15719950199127197
,,,569,,0.12823927402496338
,,,570,,0.15741603076457977
,,,571,,0.14703115820884705
,,,572,,0.09017500281333923
,,,573,,0.09137116372585297
,,,574,,0.07982227206230164
,,,575,,0.10603854060173035
,,,576,,0.0977335274219513
,,,577,,0.10823526233434677
,,,578,,0.08512163162231445
,,,579,,0.0983605906367302
,,,580,,0.10082325339317322
,,,581,,0.10386064648628235
,,,582,,0.09494295716285706
,,,583,,0.10081101953983307
,,,584,,0.08896172046661377
,,,585,,0.0926659032702446
,,,586,,0.08872964978218079
,,,587,,0.11034448444843292
,,,588,,0.09775391966104507
,,,589,,0.11108441650867462
,,,590,,0.09777072817087173
,,,591,,0.11678817868232727
,,,592,,0.10905207693576813
,,,593,,0.0997825413942337
,,,594,,0.09455808997154236
,,,595,,0.10844694077968597
,,,596,,0.08602157980203629
,,,597,,0.0875769853591919
,,,598,,0.08015134930610657
,,,599,,0.07210704684257507
,,,600,,0.08401443064212799
,,,601,,0.07695649564266205
,,,602,,0.08358506858348846
,,,603,,0.09071104228496552
,,,604,,0.0712561309337616
,,,605,,0.08192645758390427
,,,606,,0.08500392735004425
,,,607,,0.06267993152141571
,,,608,,0.07198287546634674
,,,609,,0.07379122078418732
,,,610,,0.08318567276000977
,,,611,,0.08407033979892731
,,,612,,0.08001004904508591
,,,613,,0.08112458884716034
,,,614,,0.07937052845954895
,,,615,,0.07641996443271637
,,,616,,0.0755673348903656
,,,617,,0.08758564293384552
,,,618,,0.05149739608168602
,,,619,,0.05775469169020653
,,,620,,0.06286956369876862
,,,621,,0.056107185781002045
,,,622,,0.05982546508312225
,,,623,,0.054661575704813004
,,,624,,0.04979442059993744
,,,625,,0.051506396383047104
,,,626,,0.06813403964042664
,,,627,,0.058460332453250885
,,,628,,0.05045675113797188
,,,629,,0.06376683712005615
,,,630,,0.05715566501021385
,,,631,,0.065959632396698
,,,632,,0.055716272443532944
,,,633,,0.05320902168750763
,,,634,,0.059346750378608704
,,,635,,0.058364905416965485
,,,636,,0.054046012461185455
,,,637,,0.06438370048999786
,,,638,,0.05501934140920639
,,,639,,0.05696083977818489
,,,640,,0.04855390265583992
,,,641,,0.045528896152973175
,,,642,,0.03452109545469284
,,,643,,0.03755471110343933
,,,644,,0.022577403113245964
,,,645,,0.02794741652905941
,,,646,,0.04252982884645462
,,,647,,0.029240276664495468
,,,648,,0.03388671576976776
,,,649,,0.03853175789117813
,,,650,,0.03221927583217621
,,,651,,0.019729427993297577
,,,652,,0.032031841576099396
,,,653,,0.04628530889749527
,,,654,,0.04880796745419502
,,,655,,0.03731352463364601
,,,656,,0.03126826137304306
,,,657,,0.014902947470545769
,,,658,,0.11811279505491257
,,,659,,0.023693537339568138
,,,660,,0.07556670904159546
,,,661,,0.03460356965661049
,,,662,,0.04690049588680267
,,,663,,0.06069153919816017
,,,664,,0.06920123100280762
,,,665,,0.06131686270236969
,,,666,,0.08705228567123413
,,,667,,0.06819986552000046
,,,668,,0.104993537068367
,,,669,,0.04982856661081314
,,,670,,0.16298261284828186
,,,671,,0.13973194360733032
,,,672,,0.12667343020439148
,,,673,,0.12992894649505615
,,,674,,0.17065410315990448
,,,675,,0.11638731509447098
,,,676,,0.11880961060523987
,,,677,,0.15995436906814575
,,,678,,0.12378955632448196
,,,679,,0.15078192949295044
,,,680,,0.12240950763225555
,,,681,,0.12955667078495026
,,,682,,0.143935889005661
,,,683,,0.13692925870418549
,,,684,,0.13921841979026794
,,,685,,0.13852903246879578
,,,686,,0.06599215418100357
2,,,242,0.07576683908700943,
2,0.0891074687242508,,242,,
3,,0.05960514396429062,249,,
3,,0.06826497614383698,259,,
3,,0.08171006292104721,269,,
3,,0.05998065695166588,279,,
3,,0.06087493523955345,289,,
3,,0.08739154040813446,299,,
3,,0.04471898823976517,309,,
3,,0.05038413777947426,319,,
,,,687,,0.002868395298719406
,,,688,,0.0032575270161032677
,,,689,,0.002608241979032755
,,,690,,0.003011345397680998
,,,691,,0.007220519706606865
,,,692,,0.0023363977670669556
,,,693,,0.0027369658928364515
,,,694,,0.002395161660388112
,,,695,,0.004196184687316418
,,,696,,0.0026032193563878536
,,,697,,0.003101435024291277
,,,698,,0.003031478263437748
,,,699,,0.0026276959106326103
,,,700,,0.0024172039702534676
,,,701,,0.0027263956144452095
,,,702,,0.0024766181595623493
,,,703,,0.004036083817481995
,,,704,,0.006000877358019352
,,,705,,0.004853162448853254
,,,706,,0.0036239742767065763
,,,707,,0.0017156649846583605
,,,708,,0.002940964885056019
,,,709,,0.0022884593345224857
,,,710,,0.0033583403564989567
,,,711,,0.0030216434970498085
,,,712,,0.004139234311878681
,,,713,,0.003149639815092087
,,,714,,0.02785460278391838
,,,715,,0.05797237902879715
,,,716,,0.05682849884033203
,,,717,,0.04741378128528595
,,,718,,0.04837357997894287
,,,719,,0.050161492079496384
,,,720,,0.13042081892490387
,,,721,,0.07269161939620972
,,,722,,0.04810722544789314
,,,723,,0.046694930642843246
,,,724,,0.037083372473716736
,,,725,,0.029106613248586655
,,,726,,0.046980325132608414
,,,727,,0.032918643206357956
,,,728,,0.04275636002421379
,,,729,,0.07212823629379272
,,,730,,0.05921268090605736
,,,731,,0.03508961200714111
,,,732,,0.09317906200885773
,,,733,,0.05397365987300873
,,,734,,0.02676611766219139
,,,735,,0.06354457139968872
,,,736,,0.030322525650262833
,,,737,,0.02891971915960312
,,,738,,0.0378970205783844
,,,739,,0.016400456428527832
,,,740,,0.0385129489004612
,,,741,,0.045891761779785156
,,,742,,0.07439197599887848
,,,743,,0.07846720516681671
,,,744,,0.03910265117883682
,,,745,,0.06301810592412949
,,,746,,0.03278743848204613
,,,747,,0.050846703350543976
,,,748,,0.03306805342435837
,,,749,,0.03184891492128372
,,,750,,0.0459056980907917
,,,751,,0.03841828554868698
,,,752,,0.019885839894413948
,,,753,,0.034434448927640915
,,,754,,0.08645138889551163
,,,755,,0.04823940247297287
,,,756,,0.022436264902353287
,,,757,,0.03171679377555847
,,,758,,0.004330162890255451
,,,759,,0.007442979142069817
,,,760,,0.004236822947859764
,,,761,,0.0052564931102097034
,,,762,,0.004715053830295801
,,,763,,0.004622573498636484
,,,764,,0.003125279676169157
,,,765,,0.0036797872744500637
,,,766,,0.0027328897267580032
,,,767,,0.005122644826769829
,,,768,,0.004756167531013489
,,,769,,0.002854560036212206
,,,770,,0.004541500471532345
,,,771,,0.10950290411710739
,,,772,,0.13073599338531494
,,,773,,0.17690256237983704
,,,774,,0.4549180269241333
,,,775,,0.3710020184516907
,,,776,,0.21318858861923218
,,,777,,0.1783219873905182
,,,778,,0.1636742651462555
,,,779,,0.09367859363555908
,,,780,,0.09829659759998322
,,,781,,0.10396327078342438
,,,782,,0.07957248389720917
,,,783,,0.08470427244901657
,,,784,,0.09050985425710678
,,,785,,0.08795414865016937
,,,786,,0.08424576371908188
,,,787,,0.09057773649692535
,,,788,,0.09335631132125854
,,,789,,0.09785138070583344
,,,790,,0.06967979669570923
,,,791,,0.10361365973949432
,,,792,,0.08864894509315491
,,,793,,0.0997195914387703
,,,794,,0.08724406361579895
,,,795,,0.08245065063238144
,,,796,,0.09867103397846222
,,,797,,0.0900181233882904
,,,798,,0.07273512333631516
,,,799,,0.09017804265022278
,,,800,,0.08778724819421768
,,,801,,0.08699770271778107
,,,802,,0.08836948871612549
,,,803,,0.06559135019779205
,,,804,,0.062201980501413345
,,,805,,0.06075111776590347
,,,806,,0.06824417412281036
,,,807,,0.05282696336507797
,,,808,,0.06049751490354538
,,,809,,0.06115550175309181
,,,810,,0.06096404045820236
,,,811,,0.059796564280986786
,,,812,,0.06246807053685188
,,,813,,0.051869530230760574
,,,814,,0.0565221905708313
,,,815,,0.0570262111723423
,,,816,,0.06813879311084747
,,,817,,0.05936667323112488
,,,818,,0.06702424585819244
,,,819,,0.06362602114677429
,,,820,,0.06885713338851929
,,,821,,0.06653095781803131
,,,822,,0.06218823418021202
,,,823,,0.05868235230445862
,,,824,,0.06355678290128708
,,,825,,0.05261973291635513
,,,826,,0.05485774576663971
,,,827,,0.046136438846588135
,,,828,,0.04279457777738571
,,,829,,0.04824516922235489
,,,830,,0.04916837811470032
,,,831,,0.05170942470431328
,,,832,,0.05227380990982056
,,,833,,0.04662254452705383
,,,834,,0.048707570880651474
,,,835,,0.04676317796111107
,,,836,,0.039582572877407074
,,,837,,0.04505879804491997
,,,838,,0.044581662863492966
,,,839,,0.050529591739177704
,,,840,,0.04885111004114151
,,,841,,0.054980359971523285
,,,842,,0.050820253789424896
,,,843,,0.049201544374227524
,,,844,,0.04443523660302162
,,,845,,0.04763646051287651
,,,846,,0.05325957387685776
,,,847,,0.040889374911785126
,,,848,,0.04657166451215744
,,,849,,0.05119987577199936
,,,850,,0.04449644684791565
,,,851,,0.04822402447462082
,,,852,,0.04361545294523239
,,,853,,0.03938104212284088
,,,854,,0.04122113808989525
,,,855,,0.055027350783348083
,,,856,,0.04722888767719269
,,,857,,0.04042203351855278
,,,858,,0.051596902310848236
,,,859,,0.04616909474134445
,,,860,,0.05433172360062599
,,,861,,0.044796980917453766
,,,862,,0.04212963581085205
,,,863,,0.047188740223646164
,,,864,,0.04664525389671326
,,,865,,0.04378111660480499
,,,866,,0.05168873816728592
,,,867,,0.04380229115486145
,,,868,,0.04544726386666298
,,,869,,0.024477921426296234
,,,870,,0.021402589976787567
,,,871,,0.016110874712467194
,,,872,,0.01837846450507641
,,,873,,0.013116152957081795
,,,874,,0.015136072412133217
,,,875,,0.019668836146593094
,,,876,,0.015805916860699654
,,,877,,0.018253497779369354
,,,878,,0.018816478550434113
,,,879,,0.016208505257964134
,,,880,,0.012110654264688492
,,,881,,0.01600319892168045
,,,882,,0.03814811632037163
,,,883,,0.04689992964267731
,,,884,,0.03548657149076462
,,,885,,0.029166948050260544
,,,886,,0.014961056411266327
,,,887,,0.11350904405117035
,,,888,,0.02326197922229767
,,,889,,0.0719241052865982
,,,890,,0.034175094217061996
,,,891,,0.04652921110391617
,,,892,,0.05724966153502464
,,,893,,0.06685633957386017
,,,894,,0.05817563459277153
,,,895,,0.08497393131256104
,,,896,,0.06429294496774673
,,,897,,0.1002117395401001
,,,898,,0.04794379323720932
,,,899,,0.15494787693023682
,,,900,,0.13350547850131989
,,,901,,0.1204742044210434
,,,902,,0.12353204190731049
,,,903,,0.1628793179988861
,,,904,,0.11022692918777466
,,,905,,0.11262746155261993
,,,906,,0.15259379148483276
,,,907,,0.1180388480424881
,,,908,,0.14351734519004822
,,,909,,0.11630873382091522
,,,910,,0.12339773774147034
,,,911,,0.13666889071464539
,,,912,,0.13009749352931976
,,,913,,0.13250860571861267
,,,914,,0.13235029578208923
,,,915,,0.06338398903608322
3,,,323,0.05662193521857262,
3,0.0661533772945404,,323,,
4,,0.043074265122413635,329,,
4,,0.076155886054039,339,,
4,,0.077238067984581,349,,
4,,0.047977857291698456,359,,
4,,0.045983657240867615,369,,
4,,0.05619550496339798,379,,
4,,0.048539161682128906,389,,
4,,0.04448380321264267,399,,
,,,916,,0.0017083720304071903
,,,917,,0.00200735148973763
,,,918,,0.0020550191402435303
,,,919,,0.0018037075642496347
,,,920,,0.0044379932805895805
,,,921,,0.00166625389829278
,,,922,,0.0017950127366930246
,,,923,,0.0016685349401086569
,,,924,,0.002515565138310194
,,,925,,0.0014530160697177052
,,,926,,0.002106528263539076
,,,927,,0.0021828031167387962
,,,928,,0.001914828084409237
,,,929,,0.0016242839628830552
,,,930,,0.0020996672101318836
,,,931,,0.0016313015948981047
,,,932,,0.002605350222438574
,,,933,,0.00399802066385746
,,,934,,0.003029713872820139
,,,935,,0.002872442826628685
,,,936,,0.0013808717485517263
,,,937,,0.001648306380957365
,,,938,,0.0016231588087975979
,,,939,,0.002476293593645096
,,,940,,0.002140653785318136
,,,941,,0.003144540125504136
,,,942,,0.002158945193514228
,,,943,,0.022390544414520264
,,,944,,0.04499166086316109
,,,945,,0.044188786298036575
,,,946,,0.03806925192475319
,,,947,,0.04036808758974075
,,,948,,0.04161343723535538
,,,949,,0.11698020994663239
,,,950,,0.05981150642037392
,,,951,,0.03875305503606796
,,,952,,0.037412527948617935
,,,953,,0.028215618804097176
,,,954,,0.022496139630675316
,,,955,,0.036941222846508026
,,,956,,0.026313573122024536
,,,957,,0.031967855989933014
,,,958,,0.05847189202904701
,,,959,,0.04757655784487724
,,,960,,0.025917721912264824
,,,961,,0.07581056654453278
,,,962,,0.04035015404224396
,,,963,,0.0187708530575037
,,,964,,0.051985964179039
,,,965,,0.023241542279720306
,,,966,,0.022738270461559296
,,,967,,0.029575295746326447
,,,968,,0.010895801708102226
,,,969,,0.030090365558862686
,,,970,,0.03762015327811241
,,,971,,0.06573611497879028
,,,972,,0.06676062941551208
,,,973,,0.03356050327420235
,,,974,,0.05180826038122177
,,,975,,0.02883274294435978
,,,976,,0.04320543259382248
,,,977,,0.029158372431993484
,,,978,,0.027556955814361572
,,,979,,0.03879015892744064
,,,980,,0.03466276079416275
,,,981,,0.018386520445346832
,,,982,,0.02921333536505699
,,,983,,0.07423759996891022
,,,984,,0.04037792235612869
,,,985,,0.021934552118182182
,,,986,,0.027141660451889038
,,,987,,0.003433534875512123
,,,988,,0.005575759802013636
,,,989,,0.0028448104858398438
,,,990,,0.003502147737890482
,,,991,,0.003360525704920292
,,,992,,0.003279905766248703
,,,993,,0.002110299188643694
,,,994,,0.002659470308572054
,,,995,,0.001977830193936825
,,,996,,0.004162753000855446
,,,997,,0.002820360939949751
,,,998,,0.0029458366334438324
,,,999,,0.0035629163030534983
,,,1000,,0.07103034108877182
,,,1001,,0.08571235835552216
,,,1002,,0.09965109825134277
,,,1003,,0.27038973569869995
,,,1004,,0.20344534516334534
,,,1005,,0.13306015729904175
,,,1006,,0.16622546315193176
,,,1007,,0.15216925740242004
,,,1008,,0.07203039526939392
,,,1009,,0.07413259148597717
,,,1010,,0.07947427034378052
,,,1011,,0.0571124441921711
,,,1012,,0.06485210359096527
,,,1013,,0.06916548311710358
,,,1014,,0.06455294787883759
,,,1015,,0.0618952214717865
,,,1016,,0.07008355855941772
,,,1017,,0.06926827132701874
,,,1018,,0.06876366585493088
,,,1019,,0.05102251470088959
,,,1020,,0.07778564840555191
,,,1021,,0.06674026697874069
,,,1022,,0.074141725897789
,,,1023,,0.06633290648460388
,,,1024,,0.06196669116616249
,,,1025,,0.0755566880106926
,,,1026,,0.06781988590955734
,,,1027,,0.05402037873864174
,,,1028,,0.06881915032863617
,,,1029,,0.0670592337846756
,,,1030,,0.07338932156562805
,,,1031,,0.07504644989967346
,,,1032,,0.05498943105340004
,,,1033,,0.04902852326631546
,,,1034,,0.04935836046934128
,,,1035,,0.0540337972342968
,,,1036,,0.042452264577150345
,,,1037,,0.04849696904420853
,,,1038,,0.0485616996884346
,,,1039,,0.04898224025964737
,,,1040,,0.04861447960138321
,,,1041,,0.04953561723232269
,,,1042,,0.04137291759252548
,,,1043,,0.04501661658287048
,,,1044,,0.04613051563501358
,,,1045,,0.0556071512401104
,,,1046,,0.04746269807219505
,,,1047,,0.054149895906448364
,,,1048,,0.05181022733449936
,,,1049,,0.054864928126335144
,,,1050,,0.053004924207925797
,,,1051,,0.05017341300845146
,,,1052,,0.04790538549423218
,,,1053,,0.051132962107658386
,,,1054,,0.04391149431467056
,,,1055,,0.045547984540462494
,,,1056,,0.03888935223221779
,,,1057,,0.036897651851177216
,,,1058,,0.04019441083073616
,,,1059,,0.04156355559825897
,,,1060,,0.04311453551054001
,,,1061,,0.042931340634822845
,,,1062,,0.03963838145136833
,,,1063,,0.04071550816297531
,,,1064,,0.038850415498018265
,,,1065,,0.0344209223985672
,,,1066,,0.039092086255550385
,,,1067,,0.03767206519842148
,,,1068,,0.041962072253227234
,,,1069,,0.04003860428929329
,,,1070,,0.04645320028066635
,,,1071,,0.0421612448990345
,,,1072,,0.041361745446920395
,,,1073,,0.03720874711871147
,,,1074,,0.040770456194877625
,,,1075,,0.04346807301044464
,,,1076,,0.03329218924045563
,,,1077,,0.03774435818195343
,,,1078,,0.04226233810186386
,,,1079,,0.03765278309583664
,,,1080,,0.03962549567222595
,,,1081,,0.03617407754063606
,,,1082,,0.032678600400686264
,,,1083,,0.03362783044576645
,,,1084,,0.045783258974552155
,,,1085,,0.038690995424985886
,,,1086,,0.03386504203081131
,,,1087,,0.04243077337741852
,,,1088,,0.037527211010456085
,,,1089,,0.04416149854660034
,,,1090,,0.037057630717754364
,,,1091,,0.03501392900943756
,,,1092,,0.03911910951137543
,,,1093,,0.03861258924007416
,,,1094,,0.03608712553977966
,,,1095,,0.04348716884851456
,,,1096,,0.036880478262901306
,,,1097,,0.036853328347206116
,,,1098,,0.015271255746483803
,,,1099,,0.013006376102566719
,,,1100,,0.009835530072450638
,,,1101,,0.011372246779501438
,,,1102,,0.008719773031771183
,,,1103,,0.009522472508251667
,,,1104,,0.011866353452205658
,,,1105,,0.010012187063694
,,,1106,,0.011944785714149475
,,,1107,,0.011073017492890358
,,,1108,,0.010118630714714527
,,,1109,,0.00816777441650629
,,,1110,,0.009750253520905972
,,,1111,,0.03297088295221329
,,,1112,,0.045945629477500916
,,,1113,,0.034134574234485626
,,,1114,,0.02675243653357029
,,,1115,,0.014115997590124607
,,,1116,,0.11125515401363373
,,,1117,,0.022243672981858253
,,,1118,,0.07030012458562851
,,,1119,,0.03284265846014023
,,,1120,,0.04507889226078987
,,,1121,,0.055778369307518005
,,,1122,,0.06562013924121857
,,,1123,,0.056476693600416183
,,,1124,,0.08380724489688873
,,,1125,,0.0632011666893959
,,,1126,,0.0986890196800232
,,,1127,,0.04620655998587608
,,,1128,,0.15274570882320404
,,,1129,,0.13119271397590637
,,,1130,,0.1184854805469513
,,,1131,,0.12140488624572754
,,,1132,,0.16069643199443817
,,,1133,,0.10770586878061295
,,,1134,,0.11001493781805038
,,,1135,,0.15034174919128418
,,,1136,,0.11567129194736481
,,,1137,,0.14123374223709106
,,,1138,,0.11378554999828339
,,,1139,,0.12056756764650345
,,,1140,,0.1336885690689087
,,,1141,,0.12772876024246216
,,,1142,,0.13006773591041565
,,,1143,,0.13010773062705994
,,,1144,,0.06056054309010506
4,,,404,0.046452123671770096,
4,0.05006662756204605,,404,,
5,,0.038129694759845734,409,,
5,,0.022792614996433258,419,,
5,,0.026066098362207413,429,,
5,,0.062187645584344864,439,,
5,,0.05846255645155907,449,,
5,,0.055257633328437805,459,,
5,,0.026303160935640335,469,,
5,,0.020651251077651978,479,,
,,,1145,,0.0012123623164370656
,,,1146,,0.001305901212617755
,,,1147,,0.001615367946214974
,,,1148,,0.0011986310128122568
,,,1149,,0.0033894674852490425
,,,1150,,0.0011495850048959255
,,,1151,,0.0013028340181335807
,,,1152,,0.0010443530045449734
,,,1153,,0.0018282925011590123
,,,1154,,0.0009771143086254597
,,,1155,,0.001619893591850996
,,,1156,,0.001678252243436873
,,,1157,,0.0012850650819018483
,,,1158,,0.0012089990777894855
,,,1159,,0.0016226951265707612
,,,1160,,0.0010619357926771045
,,,1161,,0.001983023714274168
,,,1162,,0.0030648240353912115
,,,1163,,0.0022843526676297188
,,,1164,,0.002320239320397377
,,,1165,,0.0009499540319666266
,,,1166,,0.0011535342782735825
,,,1167,,0.001004546182230115
,,,1168,,0.001996600767597556
,,,1169,,0.0016591486055403948
,,,1170,,0.002123030833899975
,,,1171,,0.001510054455138743
,,,1172,,0.017330698668956757
,,,1173,,0.03993949294090271
,,,1174,,0.03842609003186226
,,,1175,,0.03306165337562561
,,,1176,,0.0344790518283844
,,,1177,,0.035308584570884705
,,,1178,,0.11051633208990097
,,,1179,,0.0532645508646965
,,,1180,,0.033929966390132904
,,,1181,,0.03309037536382675
,,,1182,,0.02454855479300022
,,,1183,,0.01820943132042885
,,,1184,,0.03126408904790878
,,,1185,,0.02143145352602005
,,,1186,,0.025083187967538834
,,,1187,,0.050659313797950745
,,,1188,,0.041006799787282944
,,,1189,,0.02134321630001068
,,,1190,,0.06611062586307526
,,,1191,,0.0332518070936203
,,,1192,,0.014777766540646553
,,,1193,,0.043796733021736145
,,,1194,,0.018368884921073914
,,,1195,,0.01793605089187622
,,,1196,,0.0236558448523283
,,,1197,,0.009024354629218578
,,,1198,,0.02430732175707817
,,,1199,,0.03258980065584183
,,,1200,,0.06019700691103935
,,,1201,,0.05970604345202446
,,,1202,,0.02995649166405201
,,,1203,,0.044610679149627686
,,,1204,,0.025582330301404
,,,1205,,0.03831974416971207
,,,1206,,0.02650679647922516
,,,1207,,0.024468407034873962
,,,1208,,0.03440079092979431
,,,1209,,0.030948996543884277
,,,1210,,0.017071153968572617
,,,1211,,0.025856608524918556
,,,1212,,0.06599028408527374
,,,1213,,0.03573170676827431
,,,1214,,0.020428091287612915
,,,1215,,0.024260831996798515
,,,1216,,0.0023970631882548332
,,,1217,,0.004193307366222143
,,,1218,,0.0016207625158131123
,,,1219,,0.0023627120535820723
,,,1220,,0.0023252391256392
,,,1221,,0.0024582529440522194
,,,1222,,0.0015445917379111052
,,,1223,,0.0016670047771185637
,,,1224,,0.0014909643214195967
,,,1225,,0.002947228029370308
,,,1226,,0.0018851610366255045
,,,1227,,0.0027347994036972523
,,,1228,,0.0027124707121402025
,,,1229,,0.05784890055656433
,,,1230,,0.0698227658867836
,,,1231,,0.07517781853675842
,,,1232,,0.1974104344844818
,,,1233,,0.1459072232246399
,,,1234,,0.10553525388240814
,,,1235,,0.1492084264755249
,,,1236,,0.13663017749786377
,,,1237,,0.05917733535170555
,,,1238,,0.06066570430994034
,,,1239,,0.06372608989477158
,,,1240,,0.0460941381752491
,,,1241,,0.052987486124038696
,,,1242,,0.05725402384996414
,,,1243,,0.05171128734946251
,,,1244,,0.05084765702486038
,,,1245,,0.056490834802389145
,,,1246,,0.055490102618932724
,,,1247,,0.05352998897433281
,,,1248,,0.04102106764912605
,,,1249,,0.06217499449849129
,,,1250,,0.054419662803411484
,,,1251,,0.06103961169719696
,,,1252,,0.05352601408958435
,,,1253,,0.050571732223033905
,,,1254,,0.06218429654836655
,,,1255,,0.05597732961177826
,,,1256,,0.04398820549249649
,,,1257,,0.05589735880494118
,,,1258,,0.055397190153598785
,,,1259,,0.060228973627090454
,,,1260,,0.060946330428123474
,,,1261,,0.0460226833820343
,,,1262,,0.04106098413467407
,,,1263,,0.03945981711149216
,,,1264,,0.044131796807050705
,,,1265,,0.034938931465148926
,,,1266,,0.03967737406492233
,,,1267,,0.040043462067842484
,,,1268,,0.0405832976102829
,,,1269,,0.0386994369328022
,,,1270,,0.03992031514644623
,,,1271,,0.0343162827193737
,,,1272,,0.03634078800678253
,,,1273,,0.036428797990083694
,,,1274,,0.045168712735176086
,,,1275,,0.03906133025884628
,,,1276,,0.0440605990588665
,,,1277,,0.04076572507619858
,,,1278,,0.04505527392029762
,,,1279,,0.04311538487672806
,,,1280,,0.040653958916664124
,,,1281,,0.03864685818552971
,,,1282,,0.04206911846995354
,,,1283,,0.034540481865406036
,,,1284,,0.03648262470960617
,,,1285,,0.03044472634792328
,,,1286,,0.028972378000617027
,,,1287,,0.031809695065021515
,,,1288,,0.033066727221012115
,,,1289,,0.03478933498263359
,,,1290,,0.03439309448003769
,,,1291,,0.031051039695739746
,,,1292,,0.03279324620962143
,,,1293,,0.031673625111579895
,,,1294,,0.026262860745191574
,,,1295,,0.030553355813026428
,,,1296,,0.029700463637709618
,,,1297,,0.03400876000523567
,,,1298,,0.03216193616390228
,,,1299,,0.03720962256193161
,,,1300,,0.03395535424351692
,,,1301,,0.032906923443078995
,,,1302,,0.02959689125418663
,,,1303,,0.032224141061306
,,,1304,,0.035238996148109436
,,,1305,,0.027799904346466064
,,,1306,,0.03184640035033226
,,,1307,,0.0355430506169796
,,,1308,,0.03145356848835945
,,,1309,,0.03302418813109398
,,,1310,,0.030322931706905365
,,,1311,,0.026980873197317123
,,,1312,,0.02838823013007641
,,,1313,,0.03802741318941116
,,,1314,,0.032583702355623245
,,,1315,,0.028515243902802467
,,,1316,,0.03574776649475098
,,,1317,,0.031172174960374832
,,,1318,,0.03740525245666504
,,,1319,,0.030991297215223312
,,,1320,,0.029280897229909897
,,,1321,,0.032960355281829834
,,,1322,,0.03264293447136879
,,,1323,,0.029935237020254135
,,,1324,,0.03613012656569481
,,,1325,,0.030816614627838135
,,,1326,,0.030962347984313965
,,,1327,,0.011955101042985916
,,,1328,,0.010310436598956585
,,,1329,,0.007800159510225058
,,,1330,,0.008861133828759193
,,,1331,,0.006874757818877697
,,,1332,,0.007430477999150753
,,,1333,,0.009450715035200119
,,,1334,,0.007963759824633598
,,,1335,,0.0096292058005929
,,,1336,,0.008662366308271885
,,,1337,,0.007899552583694458
,,,1338,,0.0066441744565963745
,,,1339,,0.007919469848275185
,,,1340,,0.031245486810803413
,,,1341,,0.0454920157790184
,,,1342,,0.033869389444589615
,,,1343,,0.02621319517493248
,,,1344,,0.01396583765745163
,,,1345,,0.11043889820575714
,,,1346,,0.021920382976531982
,,,1347,,0.06954531371593475
,,,1348,,0.03268701955676079
,,,1349,,0.044643938541412354
,,,1350,,0.05467449873685837
,,,1351,,0.06478921324014664
,,,1352,,0.05524379760026932
,,,1353,,0.08287913352251053
,,,1354,,0.06175588443875313
,,,1355,,0.09661348164081573
,,,1356,,0.0458984337747097
,,,1357,,0.1504785418510437
,,,1358,,0.1292271763086319
,,,1359,,0.1164345070719719
,,,1360,,0.11935551464557648
,,,1361,,0.15829995274543762
,,,1362,,0.10578978061676025
,,,1363,,0.10769688338041306
,,,1364,,0.14812318980693817
,,,1365,,0.11366268247365952
,,,1366,,0.13910605013370514
,,,1367,,0.11189767718315125
,,,1368,,0.1184823215007782
,,,1369,,0.13160207867622375
,,,1370,,0.12563349306583405
,,,1371,,0.12842977046966553
,,,1372,,0.12840096652507782
,,,1373,,0.05923343077301979
5,,,485,0.04031744226813316,
5,0.04274243861436844,,485,,
6,,0.043295037001371384,489,,
6,,0.050514593720436096,499,,
6,,0.03031964972615242,509,,
6,,0.046937376260757446,519,,
6,,0.028433211147785187,529,,
6,,0.05034640431404114,539,,
6,,0.0372132882475853,549,,
6,,0.04476242512464523,559,,
,,,1374,,0.001013094326481223
,,,1375,,0.0010402252664789557
,,,1376,,0.0014127639587968588
,,,1377,,0.0010650497861206532
,,,1378,,0.0028022953774780035
,,,1379,,0.0009568313835188746
,,,1380,,0.0011598165147006512
,,,1381,,0.0008499891846440732
,,,1382,,0.0015340137761086226
,,,1383,,0.0008843099931254983
,,,1384,,0.001384478877298534
,,,1385,,0.0014858993235975504
,,,1386,,0.0009974587010219693
,,,1387,,0.0009742672555148602
,,,1388,,0.0015166735975071788
,,,1389,,0.0009335200302302837
,,,1390,,0.0018606630619615316
,,,1391,,0.0026902235113084316
,,,1392,,0.0019503525691106915
,,,1393,,0.0022071923594921827
,,,1394,,0.0007753812242299318
,,,1395,,0.00102839688770473
,,,1396,,0.0007687821052968502
,,,1397,,0.0018258691998198628
,,,1398,,0.001548463711515069
,,,1399,,0.001645930577069521
,,,1400,,0.001330020953901112
,,,1401,,0.015179479494690895
,,,1402,,0.0365418940782547
,,,1403,,0.034744080156087875
,,,1404,,0.0303411316126585
,,,1405,,0.03161978721618652
,,,1406,,0.03256566822528839
,,,1407,,0.10730232298374176
,,,1408,,0.049309320747852325
,,,1409,,0.03062831610441208
,,,1410,,0.030646629631519318
,,,1411,,0.022180605679750443
,,,1412,,0.015667911618947983
,,,1413,,0.028697658330202103
,,,1414,,0.01930275186896324
,,,1415,,0.021394379436969757
,,,1416,,0.045833539217710495
,,,1417,,0.03718149662017822
,,,1418,,0.01893363520503044
,,,1419,,0.05991228669881821
,,,1420,,0.02904590591788292
,,,1421,,0.012627953663468361
,,,1422,,0.03917539119720459
,,,1423,,0.015873560681939125
,,,1424,,0.01579696498811245
,,,1425,,0.020368047058582306
,,,1426,,0.007704908959567547
,,,1427,,0.02139679156243801
,,,1428,,0.02978651225566864
,,,1429,,0.05675242468714714
,,,1430,,0.055561769753694534
,,,1431,,0.028290219604969025
,,,1432,,0.04060407727956772
,,,1433,,0.024222377687692642
,,,1434,,0.03587678074836731
,,,1435,,0.02541172504425049
,,,1436,,0.023247400298714638
,,,1437,,0.03208155184984207
,,,1438,,0.029466914013028145
,,,1439,,0.016728775575757027
,,,1440,,0.02434670738875866
,,,1441,,0.061143264174461365
,,,1442,,0.0333271399140358
,,,1443,,0.020172927528619766
,,,1444,,0.022591013461351395
,,,1445,,0.0018467053305357695
,,,1446,,0.0035220030695199966
,,,1447,,0.0018362777773290873
,,,1448,,0.002078763674944639
,,,1449,,0.001915157656185329
,,,1450,,0.0019463576609268785
,,,1451,,0.0012109113158658147
,,,1452,,0.0015250751748681068
,,,1453,,0.0011391087900847197
,,,1454,,0.0023660873994231224
,,,1455,,0.0017108293250203133
,,,1456,,0.0017737183952704072
,,,1457,,0.0022402391768991947
,,,1458,,0.0512438639998436
,,,1459,,0.062135566025972366
,,,1460,,0.06535231322050095
,,,1461,,0.16794495284557343
,,,1462,,0.12187828123569489
,,,1463,,0.09034336358308792
,,,1464,,0.1321198046207428
,,,1465,,0.12001023441553116
,,,1466,,0.04940320923924446
,,,1467,,0.052609506994485855
,,,1468,,0.05489311367273331
,,,1469,,0.03935561329126358
,,,1470,,0.04512610286474228
,,,1471,,0.04905824363231659
,,,1472,,0.0439877025783062
,,,1473,,0.04275227338075638
,,,1474,,0.049067333340644836
,,,1475,,0.04709871858358383
,,,1476,,0.04530627280473709
,,,1477,,0.035923250019550323
,,,1478,,0.05341751128435135
,,,1479,,0.047351084649562836
,,,1480,,0.05156217887997627
,,,1481,,0.04620138183236122
,,,1482,,0.04296468198299408
,,,1483,,0.05419376119971275
,,,1484,,0.04829159379005432
,,,1485,,0.03760901838541031
,,,1486,,0.048357877880334854
,,,1487,,0.04795283079147339
,,,1488,,0.050889480859041214
,,,1489,,0.05114923045039177
,,,1490,,0.039266861975193024
,,,1491,,0.03495856001973152
,,,1492,,0.034180525690317154
,,,1493,,0.03774171695113182
,,,1494,,0.03021620772778988
,,,1495,,0.03395460546016693
,,,1496,,0.03495220094919205
,,,1497,,0.0349569246172905
,,,1498,,0.03375312685966492
,,,1499,,0.03456501662731171
,,,1500,,0.02953748032450676
,,,1501,,0.03180018439888954
,,,1502,,0.03185764700174332
,,,1503,,0.039006248116493225
,,,1504,,0.03342534974217415
,,,1505,,0.03793897107243538
,,,1506,,0.03563820570707321
,,,1507,,0.03913920000195503
,,,1508,,0.037212908267974854
,,,1509,,0.03493460267782211
,,,1510,,0.03350013494491577
,,,1511,,0.03646969422698021
,,,1512,,0.029559437185525894
,,,1513,,0.031912531703710556
,,,1514,,0.025572365149855614
,,,1515,,0.024996398016810417
,,,1516,,0.026919683441519737
,,,1517,,0.028229784220457077
,,,1518,,0.029791047796607018
,,,1519,,0.02991277351975441
,,,1520,,0.027157487347722054
,,,1521,,0.02851725183427334
,,,1522,,0.026448165997862816
,,,1523,,0.022983893752098083
,,,1524,,0.02614293247461319
,,,1525,,0.026701588183641434
,,,1526,,0.029481925070285797
,,,1527,,0.027550172060728073
,,,1528,,0.03292418271303177
,,,1529,,0.029235534369945526
,,,1530,,0.028574615716934204
,,,1531,,0.025500740855932236
,,,1532,,0.028095323592424393
,,,1533,,0.029960762709379196
,,,1534,,0.024976499378681183
,,,1535,,0.02865336462855339
,,,1536,,0.03220318257808685
,,,1537,,0.028276536613702774
,,,1538,,0.029615722596645355
,,,1539,,0.027074802666902542
,,,1540,,0.02375834994018078
,,,1541,,0.02536570467054844
,,,1542,,0.03438270837068558
,,,1543,,0.02924523502588272
,,,1544,,0.025526171550154686
,,,1545,,0.032348789274692535
,,,1546,,0.027808941900730133
,,,1547,,0.03400897979736328
,,,1548,,0.027762282639741898
,,,1549,,0.026094388216733932
,,,1550,,0.02975844219326973
,,,1551,,0.029484547674655914
,,,1552,,0.02666650153696537
,,,1553,,0.03256502002477646
,,,1554,,0.027647875249385834
,,,1555,,0.02780197560787201
,,,1556,,0.010380850173532963
,,,1557,,0.008955318480730057
,,,1558,,0.007214350160211325
,,,1559,,0.00795504916459322
,,,1560,,0.006432606838643551
,,,1561,,0.006707394495606422
,,,1562,,0.008914891630411148
,,,1563,,0.007009441033005714
,,,1564,,0.008661684580147266
,,,1565,,0.007824340835213661
,,,1566,,0.007192473392933607
,,,1567,,0.006292000412940979
,,,1568,,0.00761409942060709
,,,1569,,0.02972550317645073
,,,1570,,0.04494968056678772
,,,1571,,0.03296525403857231
,,,1572,,0.025340884923934937
,,,1573,,0.01366665679961443
,,,1574,,0.10894922912120819
,,,1575,,0.021503889933228493
,,,1576,,0.06817734986543655
,,,1577,,0.03217969089746475
,,,1578,,0.04392565041780472
,,,1579,,0.05386003851890564
,,,1580,,0.06431760638952255
,,,1581,,0.054429277777671814
,,,1582,,0.08118118345737457
,,,1583,,0.060844965279102325
,,,1584,,0.0945783406496048
,,,1585,,0.04470899701118469
,,,1586,,0.1492699682712555
,,,1587,,0.12799857556819916
,,,1588,,0.1150098368525505
,,,1589,,0.11744359135627747
,,,1590,,0.15686897933483124
,,,1591,,0.10444532334804535
,,,1592,,0.106253981590271
,,,1593,,0.14655949175357819
,,,1594,,0.1121099516749382
,,,1595,,0.13779465854167938
,,,1596,,0.11028178036212921
,,,1597,,0.11671610176563263
,,,1598,,0.1299038529396057
,,,1599,,0.12421742081642151
,,,1600,,0.12736836075782776
,,,1601,,0.12713702023029327
,,,1602,,0.05747241526842117
6,,,566,0.036853089928627014,
6,0.038070883601903915,,566,,
7,,0.026149749755859375,569,,
7,,0.030936073511838913,579,,
7,,0.03181089088320732,589,,
7,,0.03983058035373688,599,,
7,,0.03686556965112686,609,,
7,,0.06644532829523087,619,,
7,,0.033292241394519806,629,,
7,,0.05097046494483948,639,,
,,,1603,,0.0009167930111289024
,,,1604,,0.0010501109063625336
,,,1605,,0.00144783197902143
,,,1606,,0.0008633905090391636
,,,1607,,0.002404487691819668
,,,1608,,0.0008085439330898225
,,,1609,,0.0010694186203181744
,,,1610,,0.0007627148879691958
,,,1611,,0.0012953539844602346
,,,1612,,0.0008285805815830827
,,,1613,,0.0012914336984977126
,,,1614,,0.0015041844453662634
,,,1615,,0.0009828361216932535
,,,1616,,0.0008770798449404538
,,,1617,,0.0013444074429571629
,,,1618,,0.0007855768199078739
,,,1619,,0.0016842858167365193
,,,1620,,0.0024528009817004204
,,,1621,,0.0017575901001691818
,,,1622,,0.0020012082532048225
,,,1623,,0.0006828035111539066
,,,1624,,0.0008013923070393503
,,,1625,,0.0006314705824479461
,,,1626,,0.0016124676913022995
,,,1627,,0.0013505085371434689
,,,1628,,0.0013904887018725276
,,,1629,,0.001107475021854043
,,,1630,,0.01402957458049059
,,,1631,,0.03445929288864136
,,,1632,,0.03282046318054199
,,,1633,,0.02869141474366188
,,,1634,,0.030337588861584663
,,,1635,,0.03086768090724945
,,,1636,,0.10484481602907181
,,,1637,,0.0468977726995945
,,,1638,,0.029029110446572304
,,,1639,,0.02903389371931553
,,,1640,,0.020852528512477875
,,,1641,,0.014955980703234673
,,,1642,,0.026854224503040314
,,,1643,,0.018205460160970688
,,,1644,,0.019293546676635742
,,,1645,,0.04275774210691452
,,,1646,,0.03483596071600914
,,,1647,,0.017095522955060005
,,,1648,,0.05572360008955002
,,,1649,,0.02648700773715973
,,,1650,,0.011274033226072788
,,,1651,,0.0359966903924942
,,,1652,,0.014538057148456573
,,,1653,,0.014663813635706902
,,,1654,,0.019095398485660553
,,,1655,,0.007355754263699055
,,,1656,,0.019735705107450485
,,,1657,,0.027792729437351227
,,,1658,,0.05339719355106354
,,,1659,,0.05200391262769699
,,,1660,,0.02673744596540928
,,,1661,,0.03783651441335678
,,,1662,,0.023188799619674683
,,,1663,,0.033787909895181656
,,,1664,,0.024203596636652946
,,,1665,,0.02214938774704933
,,,1666,,0.030105184763669968
,,,1667,,0.028299719095230103
,,,1668,,0.01586856320500374
,,,1669,,0.022947391495108604
,,,1670,,0.05710138753056526
,,,1671,,0.03115358203649521
,,,1672,,0.019816040992736816
,,,1673,,0.021343862637877464
,,,1674,,0.0016899715410545468
,,,1675,,0.0032935163471847773
,,,1676,,0.0015132103580981493
,,,1677,,0.001831289380788803
,,,1678,,0.001775601296685636
,,,1679,,0.00182628002949059
,,,1680,,0.0011255857534706593
,,,1681,,0.0013101475778967142
,,,1682,,0.0010530523722991347
,,,1683,,0.0021233553998172283
,,,1684,,0.0014726284425705671
,,,1685,,0.0018740106606855989
,,,1686,,0.0021096784621477127
,,,1687,,0.0474710650742054
,,,1688,,0.057392582297325134
,,,1689,,0.05988437309861183
,,,1690,,0.14671964943408966
,,,1691,,0.10588458180427551
,,,1692,,0.08028572052717209
,,,1693,,0.12414656579494476
,,,1694,,0.11196968704462051
,,,1695,,0.043616391718387604
,,,1696,,0.04557777941226959
,,,1697,,0.04716058820486069
,,,1698,,0.03425956517457962
,,,1699,,0.039244718849658966
,,,1700,,0.04288407042622566
,,,1701,,0.03803495317697525
,,,1702,,0.03775427117943764
,,,1703,,0.042516760528087616
,,,1704,,0.0398494191467762
,,,1705,,0.03812394663691521
,,,1706,,0.031149646267294884
,,,1707,,0.046048372983932495
,,,1708,,0.04116951674222946
,,,1709,,0.04484197869896889
,,,1710,,0.03986950218677521
,,,1711,,0.03774498403072357
,,,1712,,0.047991324216127396
,,,1713,,0.04254654422402382
,,,1714,,0.032393816858530045
,,,1715,,0.042767129838466644
,,,1716,,0.0423431321978569
,,,1717,,0.047681115567684174
,,,1718,,0.04787221550941467
,,,1719,,0.03627721965312958
,,,1720,,0.03098503313958645
,,,1721,,0.029891422018408775
,,,1722,,0.03310459107160568
,,,1723,,0.02672971785068512
,,,1724,,0.029939832165837288
,,,1725,,0.031128598377108574
,,,1726,,0.03098955750465393
,,,1727,,0.029499219730496407
,,,1728,,0.030437245965003967
,,,1729,,0.025873836129903793
,,,1730,,0.027818087488412857
,,,1731,,0.02793630212545395
,,,1732,,0.03453485667705536
,,,1733,,0.02966870740056038
,,,1734,,0.033523641526699066
,,,1735,,0.031072326004505157
,,,1736,,0.034875623881816864
,,,1737,,0.03266257792711258
,,,1738,,0.030567588284611702
,,,1739,,0.02936030738055706
,,,1740,,0.03242845833301544
,,,1741,,0.02518668957054615
,,,1742,,0.027747277170419693
,,,1743,,0.022514954209327698
,,,1744,,0.022543422877788544
,,,1745,,0.023501038551330566
,,,1746,,0.024629633873701096
,,,1747,,0.025394100695848465
,,,1748,,0.026061199605464935
,,,1749,,0.023833420127630234
,,,1750,,0.02522173710167408
,,,1751,,0.022992325946688652
,,,1752,,0.02056635171175003
,,,1753,,0.023371055722236633
,,,1754,,0.023981746286153793
,,,1755,,0.02552281692624092
,,,1756,,0.024092691019177437
,,,1757,,0.028317060321569443
,,,1758,,0.02540276199579239
,,,1759,,0.02514638751745224
,,,1760,,0.022567374631762505
,,,1761,,0.024694954976439476
,,,1762,,0.02597428858280182
,,,1763,,0.022595303133130074
,,,1764,,0.026074755936861038
,,,1765,,0.029395293444395065
,,,1766,,0.02595840021967888
,,,1767,,0.02697036601603031
,,,1768,,0.0246899351477623
,,,1769,,0.021905694156885147
,,,1770,,0.02311202883720398
,,,1771,,0.03157774358987808
,,,1772,,0.026944175362586975
,,,1773,,0.023231972008943558
,,,1774,,0.029651930555701256
,,,1775,,0.025556135922670364
,,,1776,,0.03104473277926445
,,,1777,,0.02511456608772278
,,,1778,,0.023801330476999283
,,,1779,,0.027203012257814407
,,,1780,,0.027149327099323273
,,,1781,,0.024283550679683685
,,,1782,,0.029989494010806084
,,,1783,,0.025359999388456345
,,,1784,,0.02536727860569954
,,,1785,,0.0094623863697052
,,,1786,,0.007929222658276558
,,,1787,,0.006227387581020594
,,,1788,,0.007031987886875868
,,,1789,,0.005538543686270714
,,,1790,,0.005867583677172661
,,,1791,,0.007524638902395964
,,,1792,,0.006226679310202599
,,,1793,,0.007554978132247925
,,,1794,,0.006707779131829739
,,,1795,,0.006299832835793495
,,,1796,,0.00549491960555315
,,,1797,,0.006265641190111637
,,,1798,,0.029168227687478065
,,,1799,,0.043841615319252014
,,,1800,,0.032766230404376984
,,,1801,,0.024699265137314796
,,,1802,,0.013195840641856194
,,,1803,,0.1080283522605896
,,,1804,,0.020767495036125183
,,,1805,,0.06786096841096878
,,,1806,,0.03151599317789078
,,,1807,,0.04308830201625824
,,,1808,,0.053026191890239716
,,,1809,,0.06339622288942337
,,,1810,,0.05341097712516785
,,,1811,,0.07958284020423889
,,,1812,,0.06038465350866318
,,,1813,,0.09333445131778717
,,,1814,,0.0440613254904747
,,,1815,,0.1471812129020691
,,,1816,,0.12616315484046936
,,,1817,,0.11329136043787003
,,,1818,,0.11555901914834976
,,,1819,,0.15435057878494263
,,,1820,,0.10262884944677353
,,,1821,,0.10464319586753845
,,,1822,,0.14494405686855316
,,,1823,,0.1100965291261673
,,,1824,,0.13538415729999542
,,,1825,,0.10895060002803802
,,,1826,,0.11487248539924622
,,,1827,,0.12787285447120667
,,,1828,,0.12228623032569885
,,,1829,,0.12545716762542725
,,,1830,,0.12529882788658142
,,,1831,,0.05662260577082634
7,,,647,0.03429798781871796,
7,0.03538398817181587,,647,,
8,,0.032351549714803696,649,,
8,,0.028786364942789078,659,,
8,,0.021138083189725876,669,,
8,,0.04625075310468674,679,,
8,,0.04206076264381409,689,,
8,,0.024412721395492554,699,,
8,,0.011556187644600868,709,,
8,,0.033082012087106705,719,,
,,,1832,,0.0011286241933703423
,,,1833,,0.0013928194530308247
,,,1834,,0.0016596681671217084
,,,1835,,0.0008997670956887305
,,,1836,,0.00249653123319149
,,,1837,,0.0008579763816669583
,,,1838,,0.0011037460062652826
,,,1839,,0.0008720578625798225
,,,1840,,0.0013587821740657091
,,,1841,,0.000965212588198483
,,,1842,,0.0013930564746260643
,,,1843,,0.0016571073792874813
,,,1844,,0.0013924653176218271
,,,1845,,0.0010409345850348473
,,,1846,,0.0014659197768196464
,,,1847,,0.0009223844390362501
,,,1848,,0.002479338552802801
,,,1849,,0.0023596491664648056
,,,1850,,0.0016844007186591625
,,,1851,,0.002332734875380993
,,,1852,,0.0009089913219213486
,,,1853,,0.0010323591995984316
,,,1854,,0.0009445432806387544
,,,1855,,0.0020945316646248102
,,,1856,,0.0017289530951529741
,,,1857,,0.0018588450038805604
,,,1858,,0.001489058486185968
,,,1859,,0.014481345191597939
,,,1860,,0.03390245512127876
,,,1861,,0.03184249997138977
,,,1862,,0.028474148362874985
,,,1863,,0.02987338975071907
,,,1864,,0.02991948463022709
,,,1865,,0.10434050112962723
,,,1866,,0.045761838555336
,,,1867,,0.02837463840842247
,,,1868,,0.029266707599163055
,,,1869,,0.021481389179825783
,,,1870,,0.015168117359280586
,,,1871,,0.0268094502389431
,,,1872,,0.018212247639894485
,,,1873,,0.01980658993124962
,,,1874,,0.04196780174970627
,,,1875,,0.03507060557603836
,,,1876,,0.018547993153333664
,,,1877,,0.054979681968688965
,,,1878,,0.026013221591711044
,,,1879,,0.012821445241570473
,,,1880,,0.03593594580888748
,,,1881,,0.015296322293579578
,,,1882,,0.015856731683015823
,,,1883,,0.01956317014992237
,,,1884,,0.0093232411891222
,,,1885,,0.0204661563038826
,,,1886,,0.026553519070148468
,,,1887,,0.050416868180036545
,,,1888,,0.048598892986774445
,,,1889,,0.025256771594285965
,,,1890,,0.0349050834774971
,,,1891,,0.021834086626768112
,,,1892,,0.03159928694367409
,,,1893,,0.0229233056306839
,,,1894,,0.020901374518871307
,,,1895,,0.02790256030857563
,,,1896,,0.02689475193619728
,,,1897,,0.015392933040857315
,,,1898,,0.02169526368379593
,,,1899,,0.053406815975904465
,,,1900,,0.02903834730386734
,,,1901,,0.019213436171412468
,,,1902,,0.020004432648420334
,,,1903,,0.0020054555498063564
,,,1904,,0.0031594750471413136
,,,1905,,0.0012960410676896572
,,,1906,,0.0018094135448336601
,,,1907,,0.0017911915201693773
,,,1908,,0.002039941493421793
,,,1909,,0.001392010017298162
,,,1910,,0.0014128542970865965
,,,1911,,0.0012212194269523025
,,,1912,,0.002185247838497162
,,,1913,,0.0016103505622595549
,,,1914,,0.0023248600773513317
,,,1915,,0.002209615893661976
,,,1916,,0.044449370354413986
,,,1917,,0.05338427796959877
,,,1918,,0.05530901253223419
,,,1919,,0.13079527020454407
,,,1920,,0.09407208859920502
,,,1921,,0.07268086075782776
,,,1922,,0.11277412623167038
,,,1923,,0.10309271514415741
,,,1924,,0.04040456563234329
,,,1925,,0.04277791827917099
,,,1926,,0.04321896284818649
,,,1927,,0.03171605244278908
,,,1928,,0.03780629113316536
,,,1929,,0.0417197123169899
,,,1930,,0.03595205396413803
,,,1931,,0.036322832107543945
,,,1932,,0.04027395695447922
,,,1933,,0.037463583052158356
,,,1934,,0.035135019570589066
,,,1935,,0.02929571270942688
,,,1936,,0.04292052239179611
,,,1937,,0.03961074352264404
,,,1938,,0.04224006086587906
,,,1939,,0.03811158239841461
,,,1940,,0.03642977774143219
,,,1941,,0.046359945088624954
,,,1942,,0.04102751612663269
,,,1943,,0.031150147318840027
,,,1944,,0.04134773463010788
,,,1945,,0.040870845317840576
,,,1946,,0.040326692163944244
,,,1947,,0.04104955494403839
,,,1948,,0.03158620372414589
,,,1949,,0.029523517936468124
,,,1950,,0.028437606990337372
,,,1951,,0.031550731509923935
,,,1952,,0.025062445551156998
,,,1953,,0.02857080101966858
,,,1954,,0.029352853074669838
,,,1955,,0.029241159558296204
,,,1956,,0.02780623361468315
,,,1957,,0.028875965625047684
,,,1958,,0.024274978786706924
,,,1959,,0.025861959904432297
,,,1960,,0.02624957635998726
,,,1961,,0.032975271344184875
,,,1962,,0.02804599329829216
,,,1963,,0.031815335154533386
,,,1964,,0.02916857600212097
,,,1965,,0.03259116783738136
,,,1966,,0.03115001693367958
,,,1967,,0.02910441718995571
,,,1968,,0.027419213205575943
,,,1969,,0.030566031113266945
,,,1970,,0.02372562512755394
,,,1971,,0.026402682065963745
,,,1972,,0.021467987447977066
,,,1973,,0.02115311101078987
,,,1974,,0.02277788706123829
,,,1975,,0.024243727326393127
,,,1976,,0.02432488277554512
,,,1977,,0.024822665378451347
,,,1978,,0.02254454605281353
,,,1979,,0.02384759671986103
,,,1980,,0.021510370075702667
,,,1981,,0.019348762929439545
,,,1982,,0.021759675815701485
,,,1983,,0.022853387519717216
,,,1984,,0.02417965605854988
,,,1985,,0.022285718470811844
,,,1986,,0.02703985944390297
,,,1987,,0.024102330207824707
,,,1988,,0.02389875240623951
,,,1989,,0.02139991894364357
,,,1990,,0.02317441627383232
,,,1991,,0.02505500614643097
,,,1992,,0.021471429616212845
,,,1993,,0.0244721919298172
,,,1994,,0.027655066922307014
,,,1995,,0.02465212158858776
,,,1996,,0.025306615978479385
,,,1997,,0.0231879074126482
,,,1998,,0.020591072738170624
,,,1999,,0.021758411079645157
,,,2000,,0.029779208824038506
,,,2001,,0.025072814896702766
,,,2002,,0.02183924801647663
,,,2003,,0.027936000376939774
,,,2004,,0.02390005625784397
,,,2005,,0.029109610244631767
,,,2006,,0.02362549491226673
,,,2007,,0.022456161677837372
,,,2008,,0.025629375129938126
,,,2009,,0.025621537119150162
,,,2010,,0.02263662964105606
,,,2011,,0.028394417837262154
,,,2012,,0.02384251356124878
,,,2013,,0.02360650897026062
,,,2014,,0.008766809478402138
,,,2015,,0.007272906601428986
,,,2016,,0.0058819991536438465
,,,2017,,0.006795266177505255
,,,2018,,0.005406420677900314
,,,2019,,0.005747624672949314
,,,2020,,0.0071279387921094894
,,,2021,,0.005975051317363977
,,,2022,,0.007138650864362717
,,,2023,,0.006418528035283089
,,,2024,,0.0060516418889164925
,,,2025,,0.005550279747694731
,,,2026,,0.0060029411688447
,,,2027,,0.028438014909625053
,,,2028,,0.043395645916461945
,,,2029,,0.03218091279268265
,,,2030,,0.02460348978638649
,,,2031,,0.01269539725035429
,,,2032,,0.10573215782642365
,,,2033,,0.02043711207807064
,,,2034,,0.06679540872573853
,,,2035,,0.030751537531614304
,,,2036,,0.04214704409241676
,,,2037,,0.05242380499839783
,,,2038,,0.06221780925989151
,,,2039,,0.05239414423704147
,,,2040,,0.07797087728977203
,,,2041,,0.0595056414604187
,,,2042,,0.09156960248947144
,,,2043,,0.0432569645345211
,,,2044,,0.14477121829986572
,,,2045,,0.12393909692764282
,,,2046,,0.11138448864221573
,,,2047,,0.11305181682109833
,,,2048,,0.15148383378982544
,,,2049,,0.10063919425010681
,,,2050,,0.1030946895480156
,,,2051,,0.14237436652183533
,,,2052,,0.10810624063014984
,,,2053,,0.13273438811302185
,,,2054,,0.10705151408910751
,,,2055,,0.11288748681545258
,,,2056,,0.12538811564445496
,,,2057,,0.12015961110591888
,,,2058,,0.1232224553823471
,,,2059,,0.12287075817584991
,,,2060,,0.05503801256418228
8,,,728,0.0329580120742321,
8,0.03276859596371651,,728,,
9,,0.06043626740574837,729,,
9,,0.02818857505917549,739,,
9,,0.04353680461645126,749,,
9,,0.03560364991426468,759,,
9,,0.032641615718603134,769,,
9,,0.015335534699261189,779,,
9,,0.016434501856565475,789,,
9,,0.020615261048078537,799,,
9,,0.03041556105017662,809,,
,,,2061,,0.0008092789212241769
,,,2062,,0.000881488318555057
,,,2063,,0.001222751336172223
,,,2064,,0.0008174882968887687
,,,2065,,0.002185913734138012
,,,2066,,0.0006963810883462429
,,,2067,,0.000969742308370769
,,,2068,,0.000703768921084702
,,,2069,,0.0014233285328373313
,,,2070,,0.0007118661305867136
,,,2071,,0.0012388022150844336
,,,2072,,0.0013360381126403809
,,,2073,,0.0007946750265546143
,,,2074,,0.0009428579942323267
,,,2075,,0.0012136651203036308
,,,2076,,0.0007751885568723083
,,,2077,,0.0017580685671418905
,,,2078,,0.0021531437523663044
,,,2079,,0.0015662885271012783
,,,2080,,0.001838165451772511
,,,2081,,0.0006639230414293706
,,,2082,,0.0007598153897561133
,,,2083,,0.0006129879038780928
,,,2084,,0.001535625895485282
,,,2085,,0.0012993302661925554
,,,2086,,0.001315868808887899
,,,2087,,0.0011078754905611277
,,,2088,,0.012723894789814949
,,,2089,,0.031819287687540054
,,,2090,,0.030085299164056778
,,,2091,,0.02679331600666046
,,,2092,,0.028086252510547638
,,,2093,,0.02856002002954483
,,,2094,,0.10167340934276581
,,,2095,,0.04344962164759636
,,,2096,,0.026611246168613434
,,,2097,,0.027036014944314957
,,,2098,,0.019228173419833183
,,,2099,,0.013497005216777325
,,,2100,,0.024658039212226868
,,,2101,,0.016490567475557327
,,,2102,,0.017028097063302994
,,,2103,,0.03904081881046295
,,,2104,,0.0319022499024868
,,,2105,,0.01531222090125084
,,,2106,,0.05128161981701851
,,,2107,,0.02344689518213272
,,,2108,,0.009802253916859627
,,,2109,,0.03238661587238312
,,,2110,,0.012961002066731453
,,,2111,,0.012921672314405441
,,,2112,,0.017061473801732063
,,,2113,,0.006477606017142534
,,,2114,,0.018012961372733116
,,,2115,,0.025009073317050934
,,,2116,,0.048028163611888885
,,,2117,,0.04596096649765968
,,,2118,,0.02399091050028801
,,,2119,,0.03276727348566055
,,,2120,,0.02084604650735855
,,,2121,,0.029894819483160973
,,,2122,,0.021981418132781982
,,,2123,,0.019988832995295525
,,,2124,,0.026343438774347305
,,,2125,,0.025507789105176926
,,,2126,,0.014666249975562096
,,,2127,,0.020794138312339783
,,,2128,,0.050411324948072433
,,,2129,,0.027441423386335373
,,,2130,,0.018354950472712517
,,,2131,,0.018892137333750725
,,,2132,,0.0016111196018755436
,,,2133,,0.003102485556155443
,,,2134,,0.0011445317650213838
,,,2135,,0.0016373787075281143
,,,2136,,0.0015643199440091848
,,,2137,,0.0017270391108468175
,,,2138,,0.0011146842734888196
,,,2139,,0.0011000075610354543
,,,2140,,0.0011221017921343446
,,,2141,,0.0018467542249709368
,,,2142,,0.0012561536859720945
,,,2143,,0.0019843257032334805
,,,2144,,0.0019318904960528016
,,,2145,,0.040002137422561646
,,,2146,,0.04835997521877289
,,,2147,,0.04786065220832825
,,,2148,,0.11408301442861557
,,,2149,,0.08217762410640717
,,,2150,,0.06563137471675873
,,,2151,,0.10559965670108795
,,,2152,,0.09670742601156235
,,,2153,,0.03545735776424408
,,,2154,,0.03627382218837738
,,,2155,,0.03774415701627731
,,,2156,,0.027323231101036072
,,,2157,,0.03135433420538902
,,,2158,,0.03432827815413475
,,,2159,,0.03050839900970459
,,,2160,,0.030442144721746445
,,,2161,,0.03415381908416748
,,,2162,,0.03197535127401352
,,,2163,,0.030484002083539963
,,,2164,,0.025031842291355133
,,,2165,,0.036845698952674866
,,,2166,,0.03304346650838852
,,,2167,,0.035780277103185654
,,,2168,,0.0315522737801075
,,,2169,,0.030238160863518715
,,,2170,,0.038654472678899765
,,,2171,,0.03424103558063507
,,,2172,,0.026201775297522545
,,,2173,,0.034565191715955734
,,,2174,,0.034056536853313446
,,,2175,,0.03624126315116882
,,,2176,,0.037152864038944244
,,,2177,,0.028505735099315643
,,,2178,,0.02596832439303398
,,,2179,,0.02482619322836399
,,,2180,,0.027302511036396027
,,,2181,,0.022156327962875366
,,,2182,,0.024506699293851852
,,,2183,,0.02554761990904808
,,,2184,,0.025542862713336945
,,,2185,,0.02440246194601059
,,,2186,,0.025139955803751945
,,,2187,,0.021323412656784058
,,,2188,,0.02272278256714344
,,,2189,,0.02276052162051201
,,,2190,,0.028289569541811943
,,,2191,,0.024576568976044655
,,,2192,,0.027759186923503876
,,,2193,,0.025326499715447426
,,,2194,,0.028804507106542587
,,,2195,,0.026988603174686432
,,,2196,,0.025140143930912018
,,,2197,,0.024094631895422935
,,,2198,,0.027135679498314857
,,,2199,,0.02072061412036419
,,,2200,,0.022850055247545242
,,,2201,,0.018697619438171387
,,,2202,,0.019196104258298874
,,,2203,,0.019511153921484947
,,,2204,,0.020285019651055336
,,,2205,,0.020662391558289528
,,,2206,,0.0217217318713665
,,,2207,,0.019614264369010925
,,,2208,,0.02134159952402115
,,,2209,,0.01910366676747799
,,,2210,,0.017107266932725906
,,,2211,,0.01963454857468605
,,,2212,,0.020562097430229187
,,,2213,,0.021134087815880775
,,,2214,,0.020000122487545013
,,,2215,,0.02353956364095211
,,,2216,,0.02107761800289154
,,,2217,,0.021058030426502228
,,,2218,,0.019029531627893448
,,,2219,,0.020470570772886276
,,,2220,,0.02134038880467415
,,,2221,,0.019791755825281143
,,,2222,,0.022770971059799194
,,,2223,,0.02560511976480484
,,,2224,,0.022837460041046143
,,,2225,,0.023549091070890427
,,,2226,,0.021517818793654442
,,,2227,,0.019104156643152237
,,,2228,,0.02017914690077305
,,,2229,,0.027629010379314423
,,,2230,,0.023422978818416595
,,,2231,,0.020290736109018326
,,,2232,,0.025843743234872818
,,,2233,,0.022317927330732346
,,,2234,,0.027144134044647217
,,,2235,,0.02198881097137928
,,,2236,,0.02084159478545189
,,,2237,,0.02380920574069023
,,,2238,,0.023933563381433487
,,,2239,,0.0210963636636734
,,,2240,,0.026406068354845047
,,,2241,,0.02219686470925808
,,,2242,,0.02194708213210106
,,,2243,,0.007938308641314507
,,,2244,,0.00644976831972599
,,,2245,,0.005161243956536055
,,,2246,,0.005934273824095726
,,,2247,,0.004582887981086969
,,,2248,,0.004952087998390198
,,,2249,,0.006099469494074583
,,,2250,,0.0052761174738407135
,,,2251,,0.006496386136859655
,,,2252,,0.0057298894971609116
,,,2253,,0.005334452725946903
,,,2254,,0.004935765638947487
,,,2255,,0.0054112449288368225
,,,2256,,0.026944035664200783
,,,2257,,0.041443247348070145
,,,2258,,0.030282968655228615
,,,2259,,0.023332037031650543
,,,2260,,0.011845525354146957
,,,2261,,0.1020011454820633
,,,2262,,0.01937764137983322
,,,2263,,0.06382320076227188
,,,2264,,0.029516391456127167
,,,2265,,0.03959652781486511
,,,2266,,0.04941202700138092
,,,2267,,0.05984796956181526
,,,2268,,0.050708457827568054
,,,2269,,0.07298485934734344
,,,2270,,0.057116955518722534
,,,2271,,0.08600369095802307
,,,2272,,0.04112480580806732
,,,2273,,0.14024648070335388
,,,2274,,0.11977876722812653
,,,2275,,0.10752465575933456
,,,2276,,0.10847920179367065
,,,2277,,0.14619740843772888
,,,2278,,0.09703606367111206
,,,2279,,0.10016316920518875
,,,2280,,0.13714614510536194
,,,2281,,0.10381510853767395
,,,2282,,0.12790389358997345
,,,2283,,0.10373669862747192
,,,2284,,0.10998307168483734
,,,2285,,0.12096071988344193
,,,2286,,0.11618612706661224
,,,2287,,0.11898623406887054
,,,2288,,0.11799270659685135
,,,2289,,0.052494753152132034
9,,,809,0.030289707705378532,
9,0.031050795689225197,,809,,
10,,0.04286123439669609,819,,
10,,0.03944841027259827,829,,
10,,0.020134713500738144,839,,
10,,0.02369563654065132,849,,
10,,0.021000970155000687,859,,
10,,0.04226881265640259,869,,
10,,0.03573741018772125,879,,
10,,0.027333829551935196,889,,
,,,2290,,0.0011265093926340342
,,,2291,,0.001163290347903967
,,,2292,,0.0013756097760051489
,,,2293,,0.001084637944586575
,,,2294,,0.0028927791863679886
,,,2295,,0.0008149885688908398
,,,2296,,0.0011556472163647413
,,,2297,,0.0009549598908051848
,,,2298,,0.002007868140935898
,,,2299,,0.0008987090550363064
,,,2300,,0.0014323790092021227
,,,2301,,0.0015058862045407295
,,,2302,,0.0009565970976836979
,,,2303,,0.0013281512074172497
,,,2304,,0.001509923255071044
,,,2305,,0.0011120849521830678
,,,2306,,0.002216035732999444
,,,2307,,0.002472687978297472
,,,2308,,0.002133314497768879
,,,2309,,0.0020324033685028553
,,,2310,,0.0008810362196527421
,,,2311,,0.001140694716013968
,,,2312,,0.0009553615236654878
,,,2313,,0.0018567200750112534
,,,2314,,0.0015365646686404943
,,,2315,,0.0017120081465691328
,,,2316,,0.0015756181674078107
,,,2317,,0.012353727594017982
,,,2318,,0.03083515726029873
,,,2319,,0.0290827676653862
,,,2320,,0.02574816718697548
,,,2321,,0.0272957906126976
,,,2322,,0.027907032519578934
,,,2323,,0.10066136717796326
,,,2324,,0.042207010090351105
,,,2325,,0.025909367948770523
,,,2326,,0.026301473379135132
,,,2327,,0.018645424395799637
,,,2328,,0.01294051855802536
,,,2329,,0.023838365450501442
,,,2330,,0.015996698290109634
,,,2331,,0.015904955565929413
,,,2332,,0.037608325481414795
,,,2333,,0.030759336426854134
,,,2334,,0.01462799496948719
,,,2335,,0.049407586455345154
,,,2336,,0.022260792553424835
,,,2337,,0.009236760437488556
,,,2338,,0.03084244579076767
,,,2339,,0.012470807880163193
,,,2340,,0.01220934372395277
,,,2341,,0.01644723117351532
,,,2342,,0.0062639908865094185
,,,2343,,0.017257623374462128
,,,2344,,0.024039361625909805
,,,2345,,0.045092545449733734
,,,2346,,0.04301606863737106
,,,2347,,0.02289538085460663
,,,2348,,0.030599301680922508
,,,2349,,0.020156066864728928
,,,2350,,0.028248514980077744
,,,2351,,0.021345488727092743
,,,2352,,0.019473847001791
,,,2353,,0.0250115767121315
,,,2354,,0.024621136486530304
,,,2355,,0.014524179510772228
,,,2356,,0.0198135394603014
,,,2357,,0.047044701874256134
,,,2358,,0.025803973898291588
,,,2359,,0.018090467900037766
,,,2360,,0.01789250411093235
,,,2361,,0.0017608723137527704
,,,2362,,0.0030186583753675222
,,,2363,,0.0013774919789284468
,,,2364,,0.0016697507817298174
,,,2365,,0.0015729628503322601
,,,2366,,0.0017049817834049463
,,,2367,,0.0011310144327580929
,,,2368,,0.0012866369215771556
,,,2369,,0.001206275774165988
,,,2370,,0.0017834946047514677
,,,2371,,0.0014262724434956908
,,,2372,,0.0018347997684031725
,,,2373,,0.0019382939208298922
,,,2374,,0.037065017968416214
,,,2375,,0.044779859483242035
,,,2376,,0.043835997581481934
,,,2377,,0.10253195464611053
,,,2378,,0.07385857403278351
,,,2379,,0.06014283001422882
,,,2380,,0.09699932485818863
,,,2381,,0.08799256384372711
,,,2382,,0.03275078907608986
,,,2383,,0.033608824014663696
,,,2384,,0.03508147969841957
,,,2385,,0.025387149304151535
,,,2386,,0.028801865875720978
,,,2387,,0.031807791441679
,,,2388,,0.027954502031207085
,,,2389,,0.02796081267297268
,,,2390,,0.03166346251964569
,,,2391,,0.02916834130883217
,,,2392,,0.02780773863196373
,,,2393,,0.023421432822942734
,,,2394,,0.0339830219745636
,,,2395,,0.030730802565813065
,,,2396,,0.033189691603183746
,,,2397,,0.028986552730202675
,,,2398,,0.027893543243408203
,,,2399,,0.035854440182447433
,,,2400,,0.03188445419073105
,,,2401,,0.024377768859267235
,,,2402,,0.03216426819562912
,,,2403,,0.031437814235687256
,,,2404,,0.03382140398025513
,,,2405,,0.034705206751823425
,,,2406,,0.02615385502576828
,,,2407,,0.024089325219392776
,,,2408,,0.02329060062766075
,,,2409,,0.025766048580408096
,,,2410,,0.020790208131074905
,,,2411,,0.02285904437303543
,,,2412,,0.0240397397428751
,,,2413,,0.02436370775103569
,,,2414,,0.02316419780254364
,,,2415,,0.023463033139705658
,,,2416,,0.020259343087673187
,,,2417,,0.021510247141122818
,,,2418,,0.02146841585636139
,,,2419,,0.026645800098776817
,,,2420,,0.02275698259472847
,,,2421,,0.026446925476193428
,,,2422,,0.023803820833563805
,,,2423,,0.027292873710393906
,,,2424,,0.025517337024211884
,,,2425,,0.023468755185604095
,,,2426,,0.022629734128713608
,,,2427,,0.025454634800553322
,,,2428,,0.01993977651000023
,,,2429,,0.02223833277821541
,,,2430,,0.017644669860601425
,,,2431,,0.018130093812942505
,,,2432,,0.018383141607046127
,,,2433,,0.019444238394498825
,,,2434,,0.0200045146048069
,,,2435,,0.021066660061478615
,,,2436,,0.019129835069179535
,,,2437,,0.020278584212064743
,,,2438,,0.01816365122795105
,,,2439,,0.01633959636092186
,,,2440,,0.01866726577281952
,,,2441,,0.0197346992790699
,,,2442,,0.02036675438284874
,,,2443,,0.01928984373807907
,,,2444,,0.023073352873325348
,,,2445,,0.02025591768324375
,,,2446,,0.020143257454037666
,,,2447,,0.017963867634534836
,,,2448,,0.019779827445745468
,,,2449,,0.02042945846915245
,,,2450,,0.018962085247039795
,,,2451,,0.021562058478593826
,,,2452,,0.02423357218503952
,,,2453,,0.021527623757719994
,,,2454,,0.022233812138438225
,,,2455,,0.020204339176416397
,,,2456,,0.01784096285700798
,,,2457,,0.019170060753822327
,,,2458,,0.025996457785367966
,,,2459,,0.02181055024266243
,,,2460,,0.019171586260199547
,,,2461,,0.02448558621108532
,,,2462,,0.020875737071037292
,,,2463,,0.025832701474428177
,,,2464,,0.020876027643680573
,,,2465,,0.01964220404624939
,,,2466,,0.022405538707971573
,,,2467,,0.022635091096162796
,,,2468,,0.01974397897720337
,,,2469,,0.024708569049835205
,,,2470,,0.020809169858694077
,,,2471,,0.020557567477226257
,,,2472,,0.007462944835424423
,,,2473,,0.0061400169506669044
,,,2474,,0.004790397360920906
,,,2475,,0.0053405677899718285
,,,2476,,0.004353654570877552
,,,2477,,0.004730850458145142
,,,2478,,0.005534857977181673
,,,2479,,0.005014466587454081
,,,2480,,0.006385340355336666
,,,2481,,0.005495838820934296
,,,2482,,0.0050611915066838264
,,,2483,,0.004883349873125553
,,,2484,,0.0050413841381669044
,,,2485,,0.02419545315206051
,,,2486,,0.03714892268180847
,,,2487,,0.026496022939682007
,,,2488,,0.02147677354514599
,,,2489,,0.010526970960199833
,,,2490,,0.0921994298696518
,,,2491,,0.017908204346895218
,,,2492,,0.058183714747428894
,,,2493,,0.027609804645180702
,,,2494,,0.03394497558474541
,,,2495,,0.044561512768268585
,,,2496,,0.05539637804031372
,,,2497,,0.047132644802331924
,,,2498,,0.0654347762465477
,,,2499,,0.0514809787273407
,,,2500,,0.07642995566129684
,,,2501,,0.03841908276081085
,,,2502,,0.13434043526649475
,,,2503,,0.11444593220949173
,,,2504,,0.10255810618400574
,,,2505,,0.10246485471725464
,,,2506,,0.13933177292346954
,,,2507,,0.09210431575775146
,,,2508,,0.096448615193367
,,,2509,,0.1288687288761139
,,,2510,,0.0986468493938446
,,,2511,,0.12047877162694931
,,,2512,,0.09930896759033203
,,,2513,,0.10481730103492737
,,,2514,,0.11478735506534576
,,,2515,,0.11025141924619675
,,,2516,,0.11268425732851028
,,,2517,,0.11078944802284241
,,,2518,,0.049198951572179794
10,,,890,0.02851124107837677,
10,0.02911214344203472,,890,,
11,,0.04242800921201706,899,,
11,,0.017339881509542465,909,,
11,,0.02835908718407154,919,,
11,,0.012197084724903107,929,,
11,,0.03647828847169876,939,,
11,,0.07070890069007874,949,,
11,,0.03721847012639046,959,,
11,,0.02188829332590103,969,,
,,,2519,,0.0023901350796222687
,,,2520,,0.0028218384832143784
,,,2521,,0.002981028985232115
,,,2522,,0.002239297144114971
,,,2523,,0.004530993290245533
,,,2524,,0.0017447741702198982
,,,2525,,0.0022854318376630545
,,,2526,,0.0020429485011845827
,,,2527,,0.0033334088511765003
,,,2528,,0.0018661880167201161
,,,2529,,0.0026946242433041334
,,,2530,,0.0030199293978512287
,,,2531,,0.0025983233936131
,,,2532,,0.00232907198369503
,,,2533,,0.0023264295887202024
,,,2534,,0.0017694015987217426
,,,2535,,0.0030434189829975367
,,,2536,,0.0034023993648588657
,,,2537,,0.0029086011927574873
,,,2538,,0.0029178259428590536
,,,2539,,0.001835177419707179
,,,2540,,0.001775719691067934
,,,2541,,0.0017980521079152822
,,,2542,,0.0029244625475257635
,,,2543,,0.002517193788662553
,,,2544,,0.0027944850735366344
,,,2545,,0.0022434373386204243
,,,2546,,0.015657814219594002
,,,2547,,0.03311783820390701
,,,2548,,0.03132762759923935
,,,2549,,0.02895585633814335
,,,2550,,0.030906207859516144
,,,2551,,0.03076968714594841
,,,2552,,0.10272679477930069
,,,2553,,0.044637516140937805
,,,2554,,0.028602927923202515
,,,2555,,0.028554316610097885
,,,2556,,0.02098577655851841
,,,2557,,0.016308311372995377
,,,2558,,0.026532083749771118
,,,2559,,0.020037967711687088
,,,2560,,0.02007307857275009
,,,2561,,0.04064518213272095
,,,2562,,0.03444838151335716
,,,2563,,0.017792869359254837
,,,2564,,0.05203332379460335
,,,2565,,0.025866512209177017
,,,2566,,0.012176422402262688
,,,2567,,0.03489348292350769
,,,2568,,0.015293518081307411
,,,2569,,0.01546138059347868
,,,2570,,0.02005089446902275
,,,2571,,0.008763719350099564
,,,2572,,0.020943818613886833
,,,2573,,0.02552391216158867
,,,2574,,0.045180611312389374
,,,2575,,0.04351643845438957
,,,2576,,0.024072621017694473
,,,2577,,0.031493205577135086
,,,2578,,0.021169917657971382
,,,2579,,0.02905210107564926
,,,2580,,0.0220649354159832
,,,2581,,0.020205799490213394
,,,2582,,0.026082463562488556
,,,2583,,0.02581709995865822
,,,2584,,0.015445335768163204
,,,2585,,0.02053244225680828
,,,2586,,0.04723181575536728
,,,2587,,0.026511751115322113
,,,2588,,0.019330743700265884
,,,2589,,0.018764056265354156
,,,2590,,0.003939385060220957
,,,2591,,0.004586485214531422
,,,2592,,0.0021897251717746258
,,,2593,,0.003221069695428014
,,,2594,,0.0034685153514146805
,,,2595,,0.0036626975052058697
,,,2596,,0.002503390656784177
,,,2597,,0.002641510684043169
,,,2598,,0.0027449019253253937
,,,2599,,0.0035340911708772182
,,,2600,,0.0029665897600352764
,,,2601,,0.004162727389484644
,,,2602,,0.003644027980044484
,,,2603,,0.03859996050596237
,,,2604,,0.0461789071559906
,,,2605,,0.04756169766187668
,,,2606,,0.12176449596881866
,,,2607,,0.09163045883178711
,,,2608,,0.0687265545129776
,,,2609,,0.09922155737876892
,,,2610,,0.08878075331449509
,,,2611,,0.03538588061928749
,,,2612,,0.03632955998182297
,,,2613,,0.03699003532528877
,,,2614,,0.027486659586429596
,,,2615,,0.03181582689285278
,,,2616,,0.035850781947374344
,,,2617,,0.0308900848031044
,,,2618,,0.031466223299503326
,,,2619,,0.034708887338638306
,,,2620,,0.032127998769283295
,,,2621,,0.03031422197818756
,,,2622,,0.02480846270918846
,,,2623,,0.03672385960817337
,,,2624,,0.033862583339214325
,,,2625,,0.036158934235572815
,,,2626,,0.03224314749240875
,,,2627,,0.031155312433838844
,,,2628,,0.03889809176325798
,,,2629,,0.03494054079055786
,,,2630,,0.026762090623378754
,,,2631,,0.035270534455776215
,,,2632,,0.034874483942985535
,,,2633,,0.038052525371313095
,,,2634,,0.038929253816604614
,,,2635,,0.02927454188466072
,,,2636,,0.024844437837600708
,,,2637,,0.023557838052511215
,,,2638,,0.025932880118489265
,,,2639,,0.021348003298044205
,,,2640,,0.023715563118457794
,,,2641,,0.024768095463514328
,,,2642,,0.024480542168021202
,,,2643,,0.02310929447412491
,,,2644,,0.024273965507745743
,,,2645,,0.020854491740465164
,,,2646,,0.0220726877450943
,,,2647,,0.02143615111708641
,,,2648,,0.02713308110833168
,,,2649,,0.02379048615694046
,,,2650,,0.025964871048927307
,,,2651,,0.024135202169418335
,,,2652,,0.027274776250123978
,,,2653,,0.025511736050248146
,,,2654,,0.02391093224287033
,,,2655,,0.022882334887981415
,,,2656,,0.026266176253557205
,,,2657,,0.020277634263038635
,,,2658,,0.022755315527319908
,,,2659,,0.01882820948958397
,,,2660,,0.01873089000582695
,,,2661,,0.0192105732858181
,,,2662,,0.020924478769302368
,,,2663,,0.0208369642496109
,,,2664,,0.02149507962167263
,,,2665,,0.019663626328110695
,,,2666,,0.020637813955545425
,,,2667,,0.018488455563783646
,,,2668,,0.01748945191502571
,,,2669,,0.019053662195801735
,,,2670,,0.02012479677796364
,,,2671,,0.02093327045440674
,,,2672,,0.01942894048988819
,,,2673,,0.023190049454569817
,,,2674,,0.020682580769062042
,,,2675,,0.020515751093626022
,,,2676,,0.0185999795794487
,,,2677,,0.020164204761385918
,,,2678,,0.020860083401203156
,,,2679,,0.019030481576919556
,,,2680,,0.021791767328977585
,,,2681,,0.0243816077709198
,,,2682,,0.02178213931620121
,,,2683,,0.02249324321746826
,,,2684,,0.020404152572155
,,,2685,,0.01845390722155571
,,,2686,,0.019304677844047546
,,,2687,,0.026217367500066757
,,,2688,,0.022308386862277985
,,,2689,,0.019320104271173477
,,,2690,,0.024803120642900467
,,,2691,,0.021623728796839714
,,,2692,,0.02581479586660862
,,,2693,,0.020915038883686066
,,,2694,,0.02004108764231205
,,,2695,,0.02277281880378723
,,,2696,,0.02286141738295555
,,,2697,,0.019968386739492416
,,,2698,,0.02500198222696781
,,,2699,,0.020891644060611725
,,,2700,,0.02115851826965809
,,,2701,,0.009553227573633194
,,,2702,,0.007963255047798157
,,,2703,,0.006473497021943331
,,,2704,,0.007250461261719465
,,,2705,,0.00661872373893857
,,,2706,,0.006764838472008705
,,,2707,,0.0069193290546536446
,,,2708,,0.007096188608556986
,,,2709,,0.008728846907615662
,,,2710,,0.007418219465762377
,,,2711,,0.006786678452044725
,,,2712,,0.007168189622461796
,,,2713,,0.00661969231441617
,,,2714,,0.023585278540849686
,,,2715,,0.0340154767036438
,,,2716,,0.023929432034492493
,,,2717,,0.02100413292646408
,,,2718,,0.010136570781469345
,,,2719,,0.08197654783725739
,,,2720,,0.018874499946832657
,,,2721,,0.0520879402756691
,,,2722,,0.026313386857509613
,,,2723,,0.029950760304927826
,,,2724,,0.04059126228094101
,,,2725,,0.049757543951272964
,,,2726,,0.04422187805175781
,,,2727,,0.05771329998970032
,,,2728,,0.04604822024703026
,,,2729,,0.06787131726741791
,,,2730,,0.03652206435799599
,,,2731,,0.130045086145401
,,,2732,,0.11136966943740845
,,,2733,,0.09925736486911774
,,,2734,,0.09906263649463654
,,,2735,,0.1357959508895874
,,,2736,,0.08914520591497421
,,,2737,,0.09369029104709625
,,,2738,,0.12292779982089996
,,,2739,,0.09469359368085861
,,,2740,,0.1153407096862793
,,,2741,,0.09629286825656891
,,,2742,,0.10274919867515564
,,,2743,,0.11133566498756409
,,,2744,,0.10768667608499527
,,,2745,,0.10962921380996704
,,,2746,,0.10632079094648361
,,,2747,,0.048794060945510864
11,,,971,0.029425278306007385,
11,0.029784047976136208,,971,,
12,,0.02150440216064453,979,,
12,,0.026254218071699142,989,,
12,,0.018411174416542053,999,,
12,,0.04732199013233185,1009,,
12,,0.017781440168619156,1019,,
12,,0.029469653964042664,1029,,
12,,0.011771663092076778,1039,,
12,,0.020157046616077423,1049,,
,,,2748,,0.0008550912025384605
,,,2749,,0.0009011790971271694
,,,2750,,0.0012720474041998386
,,,2751,,0.0007963798707351089
,,,2752,,0.002312596421688795
,,,2753,,0.0005660735769197345
,,,2754,,0.0010650798212736845
,,,2755,,0.0006315852515399456
,,,2756,,0.0015242628287523985
,,,2757,,0.0006739635718986392
,,,2758,,0.0012888736091554165
,,,2759,,0.0014121013227850199
,,,2760,,0.0007096718763932586
,,,2761,,0.001081165624782443
,,,2762,,0.0011665814090520144
,,,2763,,0.0007352073444053531
,,,2764,,0.0016547678969800472
,,,2765,,0.0020149871706962585
,,,2766,,0.0016838673036545515
,,,2767,,0.0017755372682586312
,,,2768,,0.000545144488569349
,,,2769,,0.0007022245554253459
,,,2770,,0.0005682115443050861
,,,2771,,0.001532871276140213
,,,2772,,0.0012780054239556193
,,,2773,,0.0011966959573328495
,,,2774,,0.0011845717672258615
,,,2775,,0.01170974038541317
,,,2776,,0.029617782682180405
,,,2777,,0.027732733637094498
,,,2778,,0.02487773448228836
,,,2779,,0.026186585426330566
,,,2780,,0.026788221672177315
,,,2781,,0.0989709347486496
,,,2782,,0.04060284048318863
,,,2783,,0.024648291990160942
,,,2784,,0.02503233030438423
,,,2785,,0.01770295947790146
,,,2786,,0.011967688798904419
,,,2787,,0.02266230806708336
,,,2788,,0.01522991992533207
,,,2789,,0.014896145090460777
,,,2790,,0.03537282347679138
,,,2791,,0.029143720865249634
,,,2792,,0.01361674815416336
,,,2793,,0.04653564468026161
,,,2794,,0.021077394485473633
,,,2795,,0.008457659743726254
,,,2796,,0.028907690197229385
,,,2797,,0.011559788137674332
,,,2798,,0.011552037671208382
,,,2799,,0.015683509409427643
,,,2800,,0.00588556844741106
,,,2801,,0.01642337441444397
,,,2802,,0.022475309669971466
,,,2803,,0.04028010368347168
,,,2804,,0.03807923570275307
,,,2805,,0.02116159349679947
,,,2806,,0.027005935087800026
,,,2807,,0.018492549657821655
,,,2808,,0.025419291108846664
,,,2809,,0.019611380994319916
,,,2810,,0.017744572833180428
,,,2811,,0.022419283166527748
,,,2812,,0.02251444011926651
,,,2813,,0.013583866879343987
,,,2814,,0.01815490424633026
,,,2815,,0.041757386177778244
,,,2816,,0.023058289662003517
,,,2817,,0.017250221222639084
,,,2818,,0.015954360365867615
,,,2819,,0.0014464864507317543
,,,2820,,0.0028729564510285854
,,,2821,,0.0011894376948475838
,,,2822,,0.001399557339027524
,,,2823,,0.0013790060766041279
,,,2824,,0.0014849597355350852
,,,2825,,0.0009691278100945055
,,,2826,,0.0010878557804971933
,,,2827,,0.0010452293790876865
,,,2828,,0.0016778791323304176
,,,2829,,0.0011674279812723398
,,,2830,,0.0019245968433097005
,,,2831,,0.001742771826684475
,,,2832,,0.0327184721827507
,,,2833,,0.03930140659213066
,,,2834,,0.038796111941337585
,,,2835,,0.09433107823133469
,,,2836,,0.06736297905445099
,,,2837,,0.05472199618816376
,,,2838,,0.08938056230545044
,,,2839,,0.08086611330509186
,,,2840,,0.02919427677989006
,,,2841,,0.028707504272460938
,,,2842,,0.029979299753904343
,,,2843,,0.021979592740535736
,,,2844,,0.02515031397342682
,,,2845,,0.028043147176504135
,,,2846,,0.02431807667016983
,,,2847,,0.02470611408352852
,,,2848,,0.027647526934742928
,,,2849,,0.025202486664056778
,,,2850,,0.0239824540913105
,,,2851,,0.020186759531497955
,,,2852,,0.029203685000538826
,,,2853,,0.026802508160471916
,,,2854,,0.028900887817144394
,,,2855,,0.02527570351958275
,,,2856,,0.024520602077245712
,,,2857,,0.0312705896794796
,,,2858,,0.027847515419125557
,,,2859,,0.02109604887664318
,,,2860,,0.02823295257985592
,,,2861,,0.027596622705459595
,,,2862,,0.031602486968040466
,,,2863,,0.03253382071852684
,,,2864,,0.023768525570631027
,,,2865,,0.021118585020303726
,,,2866,,0.020065991207957268
,,,2867,,0.022194601595401764
,,,2868,,0.01789841055870056
,,,2869,,0.01984567753970623
,,,2870,,0.020723292604088783
,,,2871,,0.020729009062051773
,,,2872,,0.0198708176612854
,,,2873,,0.020392626523971558
,,,2874,,0.017544064670801163
,,,2875,,0.018328607082366943
,,,2876,,0.01838149130344391
,,,2877,,0.023135971277952194
,,,2878,,0.019832314923405647
,,,2879,,0.022674717009067535
,,,2880,,0.02053452655673027
,,,2881,,0.023299675434827805
,,,2882,,0.021998506039381027
,,,2883,,0.020196150988340378
,,,2884,,0.01951679214835167
,,,2885,,0.02197830192744732
,,,2886,,0.016688697040081024
,,,2887,,0.01877121813595295
,,,2888,,0.015413030982017517
,,,2889,,0.015551500022411346
,,,2890,,0.01612517237663269
,,,2891,,0.017209889367222786
,,,2892,,0.01701393350958824
,,,2893,,0.018039928749203682
,,,2894,,0.015934303402900696
,,,2895,,0.017467927187681198
,,,2896,,0.015125848352909088
,,,2897,,0.01414720993489027
,,,2898,,0.015759501606225967
,,,2899,,0.017109429463744164
,,,2900,,0.01736566796898842
,,,2901,,0.016325868666172028
,,,2902,,0.019123390316963196
,,,2903,,0.017276562750339508
,,,2904,,0.01731547713279724
,,,2905,,0.015618780627846718
,,,2906,,0.016643861308693886
,,,2907,,0.01754588820040226
,,,2908,,0.01673344150185585
,,,2909,,0.019075598567724228
,,,2910,,0.021407000720500946
,,,2911,,0.019196001812815666
,,,2912,,0.01975090801715851
,,,2913,,0.017899606376886368
,,,2914,,0.015945613384246826
,,,2915,,0.017039600759744644
,,,2916,,0.023172108456492424
,,,2917,,0.01954897865653038
,,,2918,,0.016939746215939522
,,,2919,,0.021852491423487663
,,,2920,,0.018748130649328232
,,,2921,,0.022998139262199402
,,,2922,,0.018353333696722984
,,,2923,,0.017500389367341995
,,,2924,,0.020071787759661674
,,,2925,,0.02027752250432968
,,,2926,,0.01746382564306259
,,,2927,,0.02213020622730255
,,,2928,,0.018470538780093193
,,,2929,,0.018276801332831383
,,,2930,,0.006543631665408611
,,,2931,,0.005458474159240723
,,,2932,,0.004475338384509087
,,,2933,,0.004855697974562645
,,,2934,,0.00399130629375577
,,,2935,,0.004271022044122219
,,,2936,,0.005061393603682518
,,,2937,,0.004536859691143036
,,,2938,,0.005955354776233435
,,,2939,,0.004848616663366556
,,,2940,,0.004521509632468224
,,,2941,,0.00456134183332324
,,,2942,,0.004847927019000053
,,,2943,,0.01737980917096138
,,,2944,,0.026320775970816612
,,,2945,,0.0184556283056736
,,,2946,,0.017521964386105537
,,,2947,,0.007381777744740248
,,,2948,,0.06608790904283524
,,,2949,,0.01494133472442627
,,,2950,,0.04319808632135391
,,,2951,,0.02224035933613777
,,,2952,,0.022316936403512955
,,,2953,,0.0306779183447361
,,,2954,,0.03842500224709511
,,,2955,,0.0344465896487236
,,,2956,,0.04014138504862785
,,,2957,,0.03166724368929863
,,,2958,,0.04860364645719528
,,,2959,,0.03144598752260208
,,,2960,,0.12151360511779785
,,,2961,,0.10310028493404388
,,,2962,,0.09265217930078506
,,,2963,,0.09143197536468506
,,,2964,,0.12716995179653168
,,,2965,,0.08237550407648087
,,,2966,,0.08745583891868591
,,,2967,,0.11360588669776917
,,,2968,,0.08713097125291824
,,,2969,,0.10733206570148468
,,,2970,,0.08848259598016739
,,,2971,,0.09446611255407333
,,,2972,,0.10362362861633301
,,,2973,,0.09959156811237335
,,,2974,,0.1013609766960144
,,,2975,,0.09861764311790466
,,,2976,,0.043687302619218826
12,,,1052,0.024919606745243073,
12,0.025857115164399147,,1052,,
13,,0.019000103697180748,1059,,
13,,0.026948563754558563,1069,,
13,,0.02714845910668373,1079,,
13,,0.013448990881443024,1089,,
13,,0.018741343170404434,1099,,
13,,0.013954002410173416,1109,,
13,,0.032371118664741516,1119,,
13,,0.020831398665905,1129,,
,,,2977,,0.0006860886933282018
,,,2978,,0.0007021916680969298
,,,2979,,0.00116109405644238
,,,2980,,0.0006646582041867077
,,,2981,,0.0017802148358896375
,,,2982,,0.0004567273426800966
,,,2983,,0.0009633254376240075
,,,2984,,0.0005319829797372222
,,,2985,,0.0011995533714070916
,,,2986,,0.0005353390006348491
,,,2987,,0.0011509810574352741
,,,2988,,0.0012801740085706115
,,,2989,,0.0005352873704396188
,,,2990,,0.000837893458083272
,,,2991,,0.0010113671887665987
,,,2992,,0.0006264632102102041
,,,2993,,0.001416747341863811
,,,2994,,0.001569588202983141
,,,2995,,0.0012872217921540141
,,,2996,,0.0016759242862462997
,,,2997,,0.0005053763743489981
,,,2998,,0.0005517123499885201
,,,2999,,0.00046742791892029345
,,,3000,,0.0013697838876396418
,,,3001,,0.0011167414486408234
,,,3002,,0.0009650109568610787
,,,3003,,0.0009558197343721986
,,,3004,,0.011250126175582409
,,,3005,,0.028528008610010147
,,,3006,,0.026785023510456085
,,,3007,,0.024054942652583122
,,,3008,,0.025503085926175117
,,,3009,,0.025999777019023895
,,,3010,,0.09794056415557861
,,,3011,,0.039553552865982056
,,,3012,,0.02386767975986004
,,,3013,,0.024387549608945847
,,,3014,,0.01712881773710251
,,,3015,,0.011389050632715225
,,,3016,,0.022001443430781364
,,,3017,,0.014700329862535
,,,3018,,0.014215770177543163
,,,3019,,0.03407076746225357
,,,3020,,0.02827822044491768
,,,3021,,0.013130190782248974
,,,3022,,0.04515140503644943
,,,3023,,0.020165622234344482
,,,3024,,0.008082273416221142
,,,3025,,0.027742553502321243
,,,3026,,0.011108020320534706
,,,3027,,0.011060877703130245
,,,3028,,0.015179721638560295
,,,3029,,0.0055129495449364185
,,,3030,,0.015837883576750755
,,,3031,,0.021429499611258507
,,,3032,,0.037561409175395966
,,,3033,,0.03526485711336136
,,,3034,,0.019938845187425613
,,,3035,,0.02490120753645897
,,,3036,,0.01757916435599327
,,,3037,,0.023794811218976974
,,,3038,,0.01859353482723236
,,,3039,,0.01685522496700287
,,,3040,,0.020958201959729195
,,,3041,,0.021411122754216194
,,,3042,,0.013026906177401543
,,,3043,,0.017169995233416557
,,,3044,,0.0386706106364727
,,,3045,,0.021373065188527107
,,,3046,,0.016535595059394836
,,,3047,,0.014786957763135433
,,,3048,,0.0012410065392032266
,,,3049,,0.0024925479665398598
,,,3050,,0.0011569601483643055
,,,3051,,0.001293049193918705
,,,3052,,0.0011572949588298798
,,,3053,,0.0012739297235384583
,,,3054,,0.0007472096476703882
,,,3055,,0.0009988343808799982
,,,3056,,0.0007990937447175384
,,,3057,,0.0013843390624970198
,,,3058,,0.0010638642124831676
,,,3059,,0.0014979036059230566
,,,3060,,0.0015219217166304588
,,,3061,,0.030555181205272675
,,,3062,,0.03692576661705971
,,,3063,,0.03569062054157257
,,,3064,,0.08500319719314575
,,,3065,,0.0606631338596344
,,,3066,,0.05082175135612488
,,,3067,,0.08505500853061676
,,,3068,,0.07710855454206467
,,,3069,,0.027449773624539375
,,,3070,,0.02676502987742424
,,,3071,,0.02791689522564411
,,,3072,,0.020660648122429848
,,,3073,,0.023505408316850662
,,,3074,,0.026149559766054153
,,,3075,,0.0225907601416111
,,,3076,,0.022928990423679352
,,,3077,,0.025842713192105293
,,,3078,,0.023420728743076324
,,,3079,,0.02208460494875908
,,,3080,,0.01893012225627899
,,,3081,,0.02716844342648983
,,,3082,,0.024962183088064194
,,,3083,,0.027084792032837868
,,,3084,,0.023689722642302513
,,,3085,,0.02274559810757637
,,,3086,,0.02922692522406578
,,,3087,,0.026023410260677338
,,,3088,,0.01974678412079811
,,,3089,,0.02637496218085289
,,,3090,,0.025763997808098793
,,,3091,,0.029995542019605637
,,,3092,,0.030792027711868286
,,,3093,,0.022468794137239456
,,,3094,,0.01979054883122444
,,,3095,,0.0189894400537014
,,,3096,,0.020988229662179947
,,,3097,,0.016899272799491882
,,,3098,,0.018673324957489967
,,,3099,,0.019595390185713768
,,,3100,,0.019524279981851578
,,,3101,,0.018765095621347427
,,,3102,,0.019322607666254044
,,,3103,,0.016367889940738678
,,,3104,,0.017275985330343246
,,,3105,,0.01732673868536949
,,,3106,,0.021724848076701164
,,,3107,,0.01868896186351776
,,,3108,,0.02129412069916725
,,,3109,,0.019390173256397247
,,,3110,,0.02201530523598194
,,,3111,,0.020802507176995277
,,,3112,,0.019034724682569504
,,,3113,,0.01835472509264946
,,,3114,,0.020869553089141846
,,,3115,,0.015525597147643566
,,,3116,,0.017287645488977432
,,,3117,,0.014459414407610893
,,,3118,,0.014734780415892601
,,,3119,,0.015026872046291828
,,,3120,,0.015884650871157646
,,,3121,,0.015546825714409351
,,,3122,,0.01631113886833191
,,,3123,,0.014795943163335323
,,,3124,,0.016394440084695816
,,,3125,,0.014008300378918648
,,,3126,,0.013200677931308746
,,,3127,,0.01480393297970295
,,,3128,,0.0159804318100214
,,,3129,,0.01593514159321785
,,,3130,,0.015238460153341293
,,,3131,,0.0175869669765234
,,,3132,,0.01591029018163681
,,,3133,,0.016090277582406998
,,,3134,,0.014611180871725082
,,,3135,,0.015133099630475044
,,,3136,,0.01621416211128235
,,,3137,,0.0158626027405262
,,,3138,,0.018053174018859863
,,,3139,,0.02033410593867302
,,,3140,,0.018252279609441757
,,,3141,,0.01876591145992279
,,,3142,,0.016996197402477264
,,,3143,,0.0150877945125103
,,,3144,,0.01615292765200138
,,,3145,,0.021991053596138954
,,,3146,,0.0185393076390028
,,,3147,,0.016116905957460403
,,,3148,,0.020759325474500656
,,,3149,,0.017835598438978195
,,,3150,,0.021864376962184906
,,,3151,,0.017510641366243362
,,,3152,,0.016574572771787643
,,,3153,,0.0190486591309309
,,,3154,,0.01918904110789299
,,,3155,,0.016570638865232468
,,,3156,,0.02111961506307125
,,,3157,,0.017639556899666786
,,,3158,,0.017331019043922424
,,,3159,,0.0062586646527051926
,,,3160,,0.004924982786178589
,,,3161,,0.003958883695304394
,,,3162,,0.004465540871024132
,,,3163,,0.003560805693268776
,,,3164,,0.003913127817213535
,,,3165,,0.004563633818179369
,,,3166,,0.004143416881561279
,,,3167,,0.005316258408129215
,,,3168,,0.004458528012037277
,,,3169,,0.0041476101614534855
,,,3170,,0.0041236355900764465
,,,3171,,0.004187900107353926
,,,3172,,0.01374761201441288
,,,3173,,0.0194895938038826
,,,3174,,0.015385454520583153
,,,3175,,0.015697309747338295
,,,3176,,0.00562895555049181
,,,3177,,0.05533972010016441
,,,3178,,0.013507304713129997
,,,3179,,0.03731139749288559
,,,3180,,0.019950997084379196
,,,3181,,0.01838580146431923
,,,3182,,0.02522328868508339
,,,3183,,0.03127247840166092
,,,3184,,0.028285479173064232
,,,3185,,0.031134147197008133
,,,3186,,0.024430014193058014
,,,3187,,0.037998296320438385
,,,3188,,0.028832916170358658
,,,3189,,0.11564433574676514
,,,3190,,0.09802748262882233
,,,3191,,0.08710795640945435
,,,3192,,0.08627702295780182
,,,3193,,0.12061312794685364
,,,3194,,0.07753238081932068
,,,3195,,0.08232098817825317
,,,3196,,0.10664362460374832
,,,3197,,0.08181315660476685
,,,3198,,0.1004229262471199
,,,3199,,0.08319391310214996
,,,3200,,0.08974190801382065
,,,3201,,0.09859159588813782
,,,3202,,0.09433551877737045
,,,3203,,0.09459646046161652
,,,3204,,0.09224671870470047
,,,3205,,0.041422486305236816
13,,,1133,0.023202726617455482,
13,0.0242905430495739,,1133,,
14,,0.015402419492602348,1139,,
14,,0.013905735686421394,1149,,
14,,0.03139614313840866,1159,,
14,,0.035918813198804855,1169,,
14,,0.015639107674360275,1179,,
14,,0.016398955136537552,1189,,
14,,0.019541587680578232,1199,,
14,,0.036635641008615494,1209,,
,,,3206,,0.0007793355034664273
,,,3207,,0.0008180434233509004
,,,3208,,0.0014002751559019089
,,,3209,,0.0007302506128326058
,,,3210,,0.0017531743505969644
,,,3211,,0.0006442597950808704
,,,3212,,0.0011537622194737196
,,,3213,,0.0006597337778657675
,,,3214,,0.0012348403688520193
,,,3215,,0.000703368685208261
,,,3216,,0.001371300546452403
,,,3217,,0.0015154413413256407
,,,3218,,0.0007929914863780141
,,,3219,,0.0009512640535831451
,,,3220,,0.0011796894250437617
,,,3221,,0.0007418157765641809
,,,3222,,0.0014760640915483236
,,,3223,,0.0016272494103759527
,,,3224,,0.0013226924929767847
,,,3225,,0.001772491610608995
,,,3226,,0.0006978459423407912
,,,3227,,0.0007037348113954067
,,,3228,,0.000639935489743948
,,,3229,,0.001414777711033821
,,,3230,,0.0012554636923596263
,,,3231,,0.0010589798912405968
,,,3232,,0.0010525576071813703
,,,3233,,0.011207024566829205
,,,3234,,0.028149526566267014
,,,3235,,0.026518072932958603
,,,3236,,0.024065446108579636
,,,3237,,0.02543371170759201
,,,3238,,0.02560625970363617
,,,3239,,0.09747949242591858
,,,3240,,0.03911425918340683
,,,3241,,0.0235104002058506
,,,3242,,0.02411959506571293
,,,3243,,0.01717621088027954
,,,3244,,0.011637791059911251
,,,3245,,0.021793870255351067
,,,3246,,0.014677739702165127
,,,3247,,0.014002669602632523
,,,3248,,0.0334787480533123
,,,3249,,0.028138671070337296
,,,3250,,0.0132256168872118
,,,3251,,0.0443367138504982
,,,3252,,0.019929064437747
,,,3253,,0.008172500878572464
,,,3254,,0.02726105973124504
,,,3255,,0.01109781488776207
,,,3256,,0.011243666522204876
,,,3257,,0.015295848250389099
,,,3258,,0.006045049522072077
,,,3259,,0.0158231221139431
,,,3260,,0.020712528377771378
,,,3261,,0.035371679812669754
,,,3262,,0.03365324065089226
,,,3263,,0.01919957809150219
,,,3264,,0.024077879264950752
,,,3265,,0.017203912138938904
,,,3266,,0.02273557335138321
,,,3267,,0.01790948025882244
,,,3268,,0.016325170174241066
,,,3269,,0.020613864064216614
,,,3270,,0.020570920780301094
,,,3271,,0.012545546516776085
,,,3272,,0.016515258699655533
,,,3273,,0.03631162270903587
,,,3274,,0.020337581634521484
,,,3275,,0.015710333362221718
,,,3276,,0.01405891589820385
,,,3277,,0.0013918820768594742
,,,3278,,0.0025693972129374743
,,,3279,,0.0009617737377993762
,,,3280,,0.0012957006692886353
,,,3281,,0.0012693379539996386
,,,3282,,0.0015043867751955986
,,,3283,,0.0008894391357898712
,,,3284,,0.0009137950255535543
,,,3285,,0.0009367294842377305
,,,3286,,0.0014455784112215042
,,,3287,,0.0010604907292872667
,,,3288,,0.001983105204999447
,,,3289,,0.0016730489442124963
,,,3290,,0.028708510100841522
,,,3291,,0.034717485308647156
,,,3292,,0.033567070960998535
,,,3293,,0.08009212464094162
,,,3294,,0.05648564547300339
,,,3295,,0.04775916785001755
,,,3296,,0.0818813219666481
,,,3297,,0.07377735525369644
,,,3298,,0.02647123485803604
,,,3299,,0.02547994628548622
,,,3300,,0.02642861008644104
,,,3301,,0.019890453666448593
,,,3302,,0.022734802216291428
,,,3303,,0.02539215236902237
,,,3304,,0.021810855716466904
,,,3305,,0.02237555757164955
,,,3306,,0.024680817499756813
,,,3307,,0.022342875599861145
,,,3308,,0.021108217537403107
,,,3309,,0.018154513090848923
,,,3310,,0.025858990848064423
,,,3311,,0.024160288274288177
,,,3312,,0.025800438597798347
,,,3313,,0.023042259737849236
,,,3314,,0.022256016731262207
,,,3315,,0.02809733711183071
,,,3316,,0.02511480823159218
,,,3317,,0.01904514618217945
,,,3318,,0.025693263858556747
,,,3319,,0.025048254057765007
,,,3320,,0.02878321148455143
,,,3321,,0.029534578323364258
,,,3322,,0.021735042333602905
,,,3323,,0.01905456930398941
,,,3324,,0.018408801406621933
,,,3325,,0.020276864990592003
,,,3326,,0.016369953751564026
,,,3327,,0.018145423382520676
,,,3328,,0.01905648782849312
,,,3329,,0.018611028790473938
,,,3330,,0.0180264413356781
,,,3331,,0.01889343000948429
,,,3332,,0.01565367728471756
,,,3333,,0.01654776558279991
,,,3334,,0.016622671857476234
,,,3335,,0.020917627960443497
,,,3336,,0.018050823360681534
,,,3337,,0.020311959087848663
,,,3338,,0.018657047301530838
,,,3339,,0.021260131150484085
,,,3340,,0.019849851727485657
,,,3341,,0.018459390848875046
,,,3342,,0.017538338899612427
,,,3343,,0.020186254754662514
,,,3344,,0.015036633238196373
,,,3345,,0.016840388998389244
,,,3346,,0.01453563291579485
,,,3347,,0.014566117897629738
,,,3348,,0.014876540750265121
,,,3349,,0.015736721456050873
,,,3350,,0.015030723996460438
,,,3351,,0.015925252810120583
,,,3352,,0.014343669638037682
,,,3353,,0.016044527292251587
,,,3354,,0.013678190298378468
,,,3355,,0.01300303265452385
,,,3356,,0.014494482427835464
,,,3357,,0.015705976635217667
,,,3358,,0.015579063445329666
,,,3359,,0.0149645134806633
,,,3360,,0.016666892915964127
,,,3361,,0.01550697535276413
,,,3362,,0.01569024845957756
,,,3363,,0.014306213706731796
,,,3364,,0.014703749679028988
,,,3365,,0.01597190648317337
,,,3366,,0.015144199132919312
,,,3367,,0.017153769731521606
,,,3368,,0.019361890852451324
,,,3369,,0.017434652894735336
,,,3370,,0.017890021204948425
,,,3371,,0.016082797199487686
,,,3372,,0.014559557661414146
,,,3373,,0.01539286132901907
,,,3374,,0.020994696766138077
,,,3375,,0.017740778625011444
,,,3376,,0.015350413508713245
,,,3377,,0.019803417846560478
,,,3378,,0.01710636168718338
,,,3379,,0.02080700360238552
,,,3380,,0.016548022627830505
,,,3381,,0.0157969668507576
,,,3382,,0.01822502538561821
,,,3383,,0.01833237335085869
,,,3384,,0.01575416326522827
,,,3385,,0.020115206018090248
,,,3386,,0.016831275075674057
,,,3387,,0.01656291075050831
,,,3388,,0.006057115271687508
,,,3389,,0.0050081005319952965
,,,3390,,0.004114577081054449
,,,3391,,0.0044186534360051155
,,,3392,,0.0035723671317100525
,,,3393,,0.003884426085278392
,,,3394,,0.004705950152128935
,,,3395,,0.004090750589966774
,,,3396,,0.005366543773561716
,,,3397,,0.004499397240579128
,,,3398,,0.004214862827211618
,,,3399,,0.004195413552224636
,,,3400,,0.004524501971900463
,,,3401,,0.011494945734739304
,,,3402,,0.015402036719024181
,,,3403,,0.01302429474890232
,,,3404,,0.01279640756547451
,,,3405,,0.004883301444351673
,,,3406,,0.04666145518422127
,,,3407,,0.012459127232432365
,,,3408,,0.03271577134728432
,,,3409,,0.01825322024524212
,,,3410,,0.01566840335726738
,,,3411,,0.022315680980682373
,,,3412,,0.02677660807967186
,,,3413,,0.024453120306134224
,,,3414,,0.0254378542304039
,,,3415,,0.019581593573093414
,,,3416,,0.03139059618115425
,,,3417,,0.026781167834997177
,,,3418,,0.11086809635162354
,,,3419,,0.09354621171951294
,,,3420,,0.08367320895195007
,,,3421,,0.0830485075712204
,,,3422,,0.11652172356843948
,,,3423,,0.07405225187540054
,,,3424,,0.07942374795675278
,,,3425,,0.10222770273685455
,,,3426,,0.07853923738002777
,,,3427,,0.09587520360946655
,,,3428,,0.07969342172145844
,,,3429,,0.0857890322804451
,,,3430,,0.09437611699104309
,,,3431,,0.09072715044021606
,,,3432,,0.09010350704193115
,,,3433,,0.08909961581230164
,,,3434,,0.039842236787080765
14,,,1214,0.022207802161574364,
14,0.022224344313144684,,1214,,
15,,0.023574238643050194,1219,,
15,,0.026689356192946434,1229,,
15,,0.018805719912052155,1239,,
15,,0.030290769413113594,1249,,
15,,0.025303706526756287,1259,,
15,,0.0304371677339077,1269,,
15,,0.021847490221261978,1279,,
15,,0.020954690873622894,1289,,
,,,3435,,0.0008944350993260741
,,,3436,,0.0009446920012123883
,,,3437,,0.001557968556880951
,,,3438,,0.0009062655735760927
,,,3439,,0.001729800016619265
,,,3440,,0.0007609076565131545
,,,3441,,0.0013166747521609068
,,,3442,,0.0008219571318477392
,,,3443,,0.0013215267099440098
,,,3444,,0.0008347993134520948
,,,3445,,0.0014292860869318247
,,,3446,,0.0016345737967640162
,,,3447,,0.0007970193400979042
,,,3448,,0.0010269320337101817
,,,3449,,0.0012926345225423574
,,,3450,,0.0009074275149032474
,,,3451,,0.0015045918989926577
,,,3452,,0.0016155914636328816
,,,3453,,0.0013188929297029972
,,,3454,,0.0019773670937865973
,,,3455,,0.0008439767989329994
,,,3456,,0.0007410398102365434
,,,3457,,0.0007587482687085867
,,,3458,,0.0016157201025635004
,,,3459,,0.0012987145455554128
,,,3460,,0.001257138792425394
,,,3461,,0.0011830665171146393
,,,3462,,0.011197167448699474
,,,3463,,0.02818043902516365
,,,3464,,0.026192596182227135
,,,3465,,0.023788049817085266
,,,3466,,0.025294022634625435
,,,3467,,0.0257481187582016
,,,3468,,0.09730832278728485
,,,3469,,0.038991428911685944
,,,3470,,0.023463936522603035
,,,3471,,0.024455875158309937
,,,3472,,0.016957057639956474
,,,3473,,0.011504451744258404
,,,3474,,0.021747544407844543
,,,3475,,0.014981006272137165
,,,3476,,0.014122182503342628
,,,3477,,0.03304436430335045
,,,3478,,0.027740707620978355
,,,3479,,0.013502403162419796
,,,3480,,0.04404547065496445
,,,3481,,0.020030967891216278
,,,3482,,0.008210483938455582
,,,3483,,0.026629701256752014
,,,3484,,0.011487137526273727
,,,3485,,0.011410381644964218
,,,3486,,0.015604229643940926
,,,3487,,0.006102985702455044
,,,3488,,0.01590479537844658
,,,3489,,0.019576458260416985
,,,3490,,0.0332517996430397
,,,3491,,0.0313701331615448
,,,3492,,0.01759698987007141
,,,3493,,0.02211064100265503
,,,3494,,0.01608464866876602
,,,3495,,0.02109673246741295
,,,3496,,0.016626698896288872
,,,3497,,0.015142491087317467
,,,3498,,0.01869110018014908
,,,3499,,0.019154949113726616
,,,3500,,0.011632182635366917
,,,3501,,0.015499250032007694
,,,3502,,0.033978063613176346
,,,3503,,0.01871662400662899
,,,3504,,0.014503071084618568
,,,3505,,0.013035165145993233
,,,3506,,0.0014463558327406645
,,,3507,,0.0025993266608566046
,,,3508,,0.002077723853290081
,,,3509,,0.0017097380477935076
,,,3510,,0.0014870816376060247
,,,3511,,0.001466356567107141
,,,3512,,0.0009595917072147131
,,,3513,,0.0016477296594530344
,,,3514,,0.0010485532693564892
,,,3515,,0.0015825653681531549
,,,3516,,0.0016143533866852522
,,,3517,,0.0010629687458276749
,,,3518,,0.0017788378754630685
,,,3519,,0.029243052005767822
,,,3520,,0.0355745330452919
,,,3521,,0.033586595207452774
,,,3522,,0.07546819746494293
,,,3523,,0.05277876555919647
,,,3524,,0.04558519273996353
,,,3525,,0.07925577461719513
,,,3526,,0.07155159115791321
,,,3527,,0.025023967027664185
,,,3528,,0.024129753932356834
,,,3529,,0.024880796670913696
,,,3530,,0.018783215433359146
,,,3531,,0.021409865468740463
,,,3532,,0.02409130334854126
,,,3533,,0.020416073501110077
,,,3534,,0.021072868257761
,,,3535,,0.023345138877630234
,,,3536,,0.021283406764268875
,,,3537,,0.02002052590250969
,,,3538,,0.017240989953279495
,,,3539,,0.0244525745511055
,,,3540,,0.022767022252082825
,,,3541,,0.02453102171421051
,,,3542,,0.021527031436562538
,,,3543,,0.02080400101840496
,,,3544,,0.02641112729907036
,,,3545,,0.02371818758547306
,,,3546,,0.018031097948551178
,,,3547,,0.024232666939496994
,,,3548,,0.023536227643489838
,,,3549,,0.030210528522729874
,,,3550,,0.030899321660399437
,,,3551,,0.022314053028821945
,,,3552,,0.01797907054424286
,,,3553,,0.01723754219710827
,,,3554,,0.019162418320775032
,,,3555,,0.015375344082713127
,,,3556,,0.017011800780892372
,,,3557,,0.018100185319781303
,,,3558,,0.017970766872167587
,,,3559,,0.017194943502545357
,,,3560,,0.01761702075600624
,,,3561,,0.01496757660061121
,,,3562,,0.015746600925922394
,,,3563,,0.015881918370723724
,,,3564,,0.01987023651599884
,,,3565,,0.016963370144367218
,,,3566,,0.01948634162545204
,,,3567,,0.017681516706943512
,,,3568,,0.020144810900092125
,,,3569,,0.0188820231705904
,,,3570,,0.017432095482945442
,,,3571,,0.016645066440105438
,,,3572,,0.01902693510055542
,,,3573,,0.014198009856045246
,,,3574,,0.01591060496866703
,,,3575,,0.01334082055836916
,,,3576,,0.013552330434322357
,,,3577,,0.013882754370570183
,,,3578,,0.014881907030940056
,,,3579,,0.014388504438102245
,,,3580,,0.015047727152705193
,,,3581,,0.013622557744383812
,,,3582,,0.014964761212468147
,,,3583,,0.012823487631976604
,,,3584,,0.012159839272499084
,,,3585,,0.013568108901381493
,,,3586,,0.014791889116168022
,,,3587,,0.014676234684884548
,,,3588,,0.014043590053915977
,,,3589,,0.016111088916659355
,,,3590,,0.014703398570418358
,,,3591,,0.014826452359557152
,,,3592,,0.013404268771409988
,,,3593,,0.01400759071111679
,,,3594,,0.01506136916577816
,,,3595,,0.015094809234142303
,,,3596,,0.01696116104722023
,,,3597,,0.01919875107705593
,,,3598,,0.017248455435037613
,,,3599,,0.01775682531297207
,,,3600,,0.015886956825852394
,,,3601,,0.014338578097522259
,,,3602,,0.015277986414730549
,,,3603,,0.02066083997488022
,,,3604,,0.017279624938964844
,,,3605,,0.015269113704562187
,,,3606,,0.019517727196216583
,,,3607,,0.016751129180192947
,,,3608,,0.020612454041838646
,,,3609,,0.01657215692102909
,,,3610,,0.015610454604029655
,,,3611,,0.018054381012916565
,,,3612,,0.018094854429364204
,,,3613,,0.015602035447955132
,,,3614,,0.01965184509754181
,,,3615,,0.01669226586818695
,,,3616,,0.016316784545779228
,,,3617,,0.0060422830283641815
,,,3618,,0.00531343137845397
,,,3619,,0.004553989972919226
,,,3620,,0.004685532301664352
,,,3621,,0.003751275362446904
,,,3622,,0.004224784206598997
,,,3623,,0.005186904221773148
,,,3624,,0.00426481245085597
,,,3625,,0.0053553711622953415
,,,3626,,0.004790436010807753
,,,3627,,0.0046107168309390545
,,,3628,,0.004122504964470863
,,,3629,,0.004887725692242384
,,,3630,,0.010060780681669712
,,,3631,,0.013639445416629314
,,,3632,,0.012061512097716331
,,,3633,,0.012046955525875092
,,,3634,,0.00473797507584095
,,,3635,,0.04259036108851433
,,,3636,,0.011746563948690891
,,,3637,,0.030323710292577744
,,,3638,,0.01694652996957302
,,,3639,,0.014531007036566734
,,,3640,,0.02052363008260727
,,,3641,,0.023976512253284454
,,,3642,,0.021962614730000496
,,,3643,,0.021809279918670654
,,,3644,,0.017071044072508812
,,,3645,,0.0273737870156765
,,,3646,,0.025562148541212082
,,,3647,,0.10713644325733185
,,,3648,,0.09060133993625641
,,,3649,,0.0807366743683815
,,,3650,,0.08002139627933502
,,,3651,,0.11244213581085205
,,,3652,,0.07138890773057938
,,,3653,,0.07668228447437286
,,,3654,,0.09821856021881104
,,,3655,,0.07502249628305435
,,,3656,,0.09190705418586731
,,,3657,,0.07677300274372101
,,,3658,,0.0827576071023941
,,,3659,,0.09125558286905289
,,,3660,,0.08770178258419037
,,,3661,,0.08671970665454865
,,,3662,,0.08593162149190903
,,,3663,,0.03880973905324936
15,,,1295,0.021384580060839653,
15,0.02103167027235031,,1295,,
16,,0.03117978945374489,1299,,
16,,0.011649558320641518,1309,,
16,,0.012929112650454044,1319,,
16,,0.02916434407234192,1329,,
16,,0.016416111961007118,1339,,
16,,0.02099088579416275,1349,,
16,,0.016667921096086502,1359,,
16,,0.025708599016070366,1369,,
,,,3664,,0.0007358033326454461
,,,3665,,0.0007570243906229734
,,,3666,,0.0013573538744822145
,,,3667,,0.0006693826871924102
,,,3668,,0.0014458040241152048
,,,3669,,0.000598750717472285
,,,3670,,0.0011047841981053352
,,,3671,,0.0006634535966441035
,,,3672,,0.0009896771516650915
,,,3673,,0.0006523769116029143
,,,3674,,0.001215033931657672
,,,3675,,0.001497055171057582
,,,3676,,0.0006110920221544802
,,,3677,,0.0007650323095731437
,,,3678,,0.0010415948927402496
,,,3679,,0.0006628943956457078
,,,3680,,0.0013721423456445336
,,,3681,,0.0012577308807522058
,,,3682,,0.00105839385651052
,,,3683,,0.0017156427493318915
,,,3684,,0.0006718349177390337
,,,3685,,0.0005942824063822627
,,,3686,,0.0005500534316524863
,,,3687,,0.0014174827374517918
,,,3688,,0.0011734017170965672
,,,3689,,0.001038786955177784
,,,3690,,0.0009074712288565934
,,,3691,,0.010443486273288727
,,,3692,,0.02699269913136959
,,,3693,,0.02488546073436737
,,,3694,,0.022743530571460724
,,,3695,,0.02436363510787487
,,,3696,,0.024582674726843834
,,,3697,,0.09610623866319656
,,,3698,,0.03744388371706009
,,,3699,,0.022232111543416977
,,,3700,,0.023130683228373528
,,,3701,,0.01605846732854843
,,,3702,,0.010678883641958237
,,,3703,,0.020680051296949387
,,,3704,,0.013933589681982994
,,,3705,,0.012741075828671455
,,,3706,,0.031100083142518997
,,,3707,,0.02605806291103363
,,,3708,,0.012437635101377964
,,,3709,,0.04172956198453903
,,,3710,,0.01835745759308338
,,,3711,,0.007191600278019905
,,,3712,,0.024855077266693115
,,,3713,,0.010416688397526741
,,,3714,,0.010444797575473785
,,,3715,,0.014341373927891254
,,,3716,,0.00525796040892601
,,,3717,,0.014769342727959156
,,,3718,,0.01870773360133171
,,,3719,,0.031655993312597275
,,,3720,,0.02968648076057434
,,,3721,,0.01663382351398468
,,,3722,,0.020968668162822723
,,,3723,,0.015402713790535927
,,,3724,,0.02020406164228916
,,,3725,,0.01600952446460724
,,,3726,,0.014631809666752815
,,,3727,,0.01818929985165596
,,,3728,,0.018406175076961517
,,,3729,,0.011445637792348862
,,,3730,,0.014930548146367073
,,,3731,,0.032109811902046204
,,,3732,,0.01763872802257538
,,,3733,,0.01371442899107933
,,,3734,,0.012536616064608097
,,,3735,,0.001287371153011918
,,,3736,,0.002370685338973999
,,,3737,,0.0013791709206998348
,,,3738,,0.0012507339706644416
,,,3739,,0.0010417724261060357
,,,3740,,0.0012623999500647187
,,,3741,,0.0008429810404777527
,,,3742,,0.0011197966523468494
,,,3743,,0.0008488500025123358
,,,3744,,0.0013993323082104325
,,,3745,,0.0010939138010144234
,,,3746,,0.0014614192768931389
,,,3747,,0.0016430397517979145
,,,3748,,0.024796903133392334
,,,3749,,0.03006874769926071
,,,3750,,0.028997601941227913
,,,3751,,0.07028194516897202
,,,3752,,0.04918089881539345
,,,3753,,0.04333292692899704
,,,3754,,0.07509329915046692
,,,3755,,0.06834326684474945
,,,3756,,0.02348770759999752
,,,3757,,0.022276192903518677
,,,3758,,0.023367512971162796
,,,3759,,0.01746101677417755
,,,3760,,0.019850004464387894
,,,3761,,0.022238435223698616
,,,3762,,0.01904861442744732
,,,3763,,0.019367368891835213
,,,3764,,0.021856501698493958
,,,3765,,0.01968657411634922
,,,3766,,0.018441177904605865
,,,3767,,0.016164541244506836
,,,3768,,0.022886529564857483
,,,3769,,0.02091376855969429
,,,3770,,0.02276233211159706
,,,3771,,0.02006707154214382
,,,3772,,0.019180871546268463
,,,3773,,0.02444607764482498
,,,3774,,0.021718639880418777
,,,3775,,0.016420140862464905
,,,3776,,0.022512223571538925
,,,3777,,0.021736159920692444
,,,3778,,0.02691592648625374
,,,3779,,0.027396513149142265
,,,3780,,0.019777145236730576
,,,3781,,0.01696418598294258
,,,3782,,0.016248859465122223
,,,3783,,0.01804140955209732
,,,3784,,0.014381843619048595
,,,3785,,0.015853218734264374
,,,3786,,0.016626864671707153
,,,3787,,0.016511328518390656
,,,3788,,0.01601552590727806
,,,3789,,0.016369793564081192
,,,3790,,0.013906756415963173
,,,3791,,0.01452687568962574
,,,3792,,0.014692646451294422
,,,3793,,0.018565243110060692
,,,3794,,0.015931660309433937
,,,3795,,0.018123511224985123
,,,3796,,0.016562674194574356
,,,3797,,0.018775463104248047
,,,3798,,0.017645642161369324
,,,3799,,0.01630266383290291
,,,3800,,0.015564817003905773
,,,3801,,0.01776697486639023
,,,3802,,0.01327728945761919
,,,3803,,0.01499519869685173
,,,3804,,0.012610736303031445
,,,3805,,0.012928016483783722
,,,3806,,0.01292246300727129
,,,3807,,0.013783451169729233
,,,3808,,0.013266348280012608
,,,3809,,0.013923393562436104
,,,3810,,0.01275918073952198
,,,3811,,0.014364771544933319
,,,3812,,0.011831669136881828
,,,3813,,0.011473591439425945
,,,3814,,0.012876122258603573
,,,3815,,0.013933058828115463
,,,3816,,0.013603943400084972
,,,3817,,0.013112884946167469
,,,3818,,0.015131587162613869
,,,3819,,0.01371979434043169
,,,3820,,0.01379979308694601
,,,3821,,0.012566502206027508
,,,3822,,0.01291901245713234
,,,3823,,0.014019451104104519
,,,3824,,0.013762391172349453
,,,3825,,0.015507710166275501
,,,3826,,0.017628934234380722
,,,3827,,0.0158151313662529
,,,3828,,0.016348008066415787
,,,3829,,0.01456204429268837
,,,3830,,0.01317225769162178
,,,3831,,0.01389810536056757
,,,3832,,0.01908768154680729
,,,3833,,0.016091957688331604
,,,3834,,0.013802537694573402
,,,3835,,0.018039340153336525
,,,3836,,0.015500334091484547
,,,3837,,0.019039440900087357
,,,3838,,0.015046713873744011
,,,3839,,0.014298771508038044
,,,3840,,0.01662294939160347
,,,3841,,0.01659920997917652
,,,3842,,0.014234823174774647
,,,3843,,0.018318895250558853
,,,3844,,0.015279638580977917
,,,3845,,0.015005932189524174
,,,3846,,0.0058060591109097
,,,3847,,0.004491919185966253
,,,3848,,0.0036810897290706635
,,,3849,,0.004071982577443123
,,,3850,,0.0031849639490246773
,,,3851,,0.0035607055760920048
,,,3852,,0.004161580931395292
,,,3853,,0.003750271163880825
,,,3854,,0.004796884022653103
,,,3855,,0.004263471812009811
,,,3856,,0.0038759205490350723
,,,3857,,0.003722187364473939
,,,3858,,0.0037698219530284405
,,,3859,,0.010017686523497105
,,,3860,,0.012710719369351864
,,,3861,,0.011682331562042236
,,,3862,,0.011095033958554268
,,,3863,,0.004147009924054146
,,,3864,,0.04066997021436691
,,,3865,,0.010774455964565277
,,,3866,,0.027539994567632675
,,,3867,,0.014766414649784565
,,,3868,,0.01317054033279419
,,,3869,,0.019733894616365433
,,,3870,,0.022408783435821533
,,,3871,,0.020885061472654343
,,,3872,,0.020779188722372055
,,,3873,,0.016051288694143295
,,,3874,,0.026447510346770287
,,,3875,,0.024414654821157455
,,,3876,,0.10294881463050842
,,,3877,,0.08681706339120865
,,,3878,,0.07733052968978882
,,,3879,,0.07683449238538742
,,,3880,,0.1085851863026619
,,,3881,,0.0687417984008789
,,,3882,,0.07338497787714005
,,,3883,,0.09421952068805695
,,,3884,,0.07162885367870331
,,,3885,,0.08856287598609924
,,,3886,,0.07329097390174866
,,,3887,,0.07900948822498322
,,,3888,,0.08784739673137665
,,,3889,,0.08448345214128494
,,,3890,,0.0823480486869812
,,,3891,,0.08182981610298157
,,,3892,,0.03687722235918045
16,,,1376,0.020077640190720558,
16,0.020885631442070007,,1376,,
17,,0.017635274678468704,1379,,
17,,0.022268222644925117,1389,,
17,,0.01631653681397438,1399,,
17,,0.028633207082748413,1409,,
17,,0.013629596680402756,1419,,
17,,0.028288908302783966,1429,,
17,,0.018975991755723953,1439,,
17,,0.031211601570248604,1449,,
,,,3893,,0.0006498805596493185
,,,3894,,0.0006356271915137768
,,,3895,,0.0009161393390968442
,,,3896,,0.0006970848189666867
,,,3897,,0.0016933875158429146
,,,3898,,0.00046239979565143585
,,,3899,,0.0007770732045173645
,,,3900,,0.0005164546309970319
,,,3901,,0.0012459438294172287
,,,3902,,0.0005361305084079504
,,,3903,,0.0011042141122743487
,,,3904,,0.000971937202848494
,,,3905,,0.0005151760997250676
,,,3906,,0.0007186956936493516
,,,3907,,0.0009034005925059319
,,,3908,,0.0006014722166582942
,,,3909,,0.001217433949932456
,,,3910,,0.0011574075324460864
,,,3911,,0.0012190209235996008
,,,3912,,0.001391453086398542
,,,3913,,0.0004585639981087297
,,,3914,,0.0005319110350683331
,,,3915,,0.0005070441402494907
,,,3916,,0.0011368982959538698
,,,3917,,0.0010087850969284773
,,,3918,,0.0009209325071424246
,,,3919,,0.0009255105978809297
,,,3920,,0.010762779973447323
,,,3921,,0.0268910750746727
,,,3922,,0.02492731437087059
,,,3923,,0.02303818240761757
,,,3924,,0.02434631437063217
,,,3925,,0.02453036420047283
,,,3926,,0.09576147049665451
,,,3927,,0.03707636520266533
,,,3928,,0.022054526954889297
,,,3929,,0.022984225302934647
,,,3930,,0.016313083469867706
,,,3931,,0.010928361676633358
,,,3932,,0.020974067971110344
,,,3933,,0.014355432242155075
,,,3934,,0.013049973174929619
,,,3935,,0.03061504289507866
,,,3936,,0.02589869126677513
,,,3937,,0.012258714064955711
,,,3938,,0.04090871661901474
,,,3939,,0.018430080264806747
,,,3940,,0.0075685749761760235
,,,3941,,0.024888068437576294
,,,3942,,0.010759110562503338
,,,3943,,0.010564850643277168
,,,3944,,0.014706499874591827
,,,3945,,0.005935863591730595
,,,3946,,0.015042108483612537
,,,3947,,0.017187681049108505
,,,3948,,0.030354700982570648
,,,3949,,0.028489217162132263
,,,3950,,0.015191623941063881
,,,3951,,0.020040856674313545
,,,3952,,0.01483237650245428
,,,3953,,0.018600596114993095
,,,3954,,0.015229981392621994
,,,3955,,0.013905100524425507
,,,3956,,0.0170754361897707
,,,3957,,0.016804341226816177
,,,3958,,0.010090074501931667
,,,3959,,0.013751874677836895
,,,3960,,0.030394097790122032
,,,3961,,0.016455113887786865
,,,3962,,0.011798065155744553
,,,3963,,0.01154603436589241
,,,3964,,0.0010800024028867483
,,,3965,,0.0024591325782239437
,,,3966,,0.0013325210893526673
,,,3967,,0.0012369633186608553
,,,3968,,0.0010557458736002445
,,,3969,,0.001181022496894002
,,,3970,,0.0006737349322065711
,,,3971,,0.0009880510624498129
,,,3972,,0.0007159116212278605
,,,3973,,0.0012796324444934726
,,,3974,,0.0010616360232234001
,,,3975,,0.0010528177954256535
,,,3976,,0.0014314003055915236
,,,3977,,0.023662736639380455
,,,3978,,0.028833048418164253
,,,3979,,0.02739734947681427
,,,3980,,0.06660880148410797
,,,3981,,0.04732270538806915
,,,3982,,0.04161909967660904
,,,3983,,0.07199922204017639
,,,3984,,0.06536269187927246
,,,3985,,0.02236674353480339
,,,3986,,0.021049324423074722
,,,3987,,0.02215392515063286
,,,3988,,0.016807571053504944
,,,3989,,0.01889348030090332
,,,3990,,0.02148951217532158
,,,3991,,0.018072891980409622
,,,3992,,0.018495384603738785
,,,3993,,0.020791662856936455
,,,3994,,0.018697844818234444
,,,3995,,0.017399290576577187
,,,3996,,0.015556691214442253
,,,3997,,0.02159900777041912
,,,3998,,0.02007659152150154
,,,3999,,0.02150583639740944
,,,4000,,0.01921394281089306
,,,4001,,0.018576495349407196
,,,4002,,0.0233754962682724
,,,4003,,0.02100006863474846
,,,4004,,0.015865210443735123
,,,4005,,0.021495133638381958
,,,4006,,0.020902119576931
,,,4007,,0.026505926623940468
,,,4008,,0.02725449576973915
,,,4009,,0.019544541835784912
,,,4010,,0.016458071768283844
,,,4011,,0.016136489808559418
,,,4012,,0.017919043079018593
,,,4013,,0.014373390935361385
,,,4014,,0.015838228166103363
,,,4015,,0.016758501529693604
,,,4016,,0.01623982936143875
,,,4017,,0.016090791672468185
,,,4018,,0.016472969204187393
,,,4019,,0.013794501312077045
,,,4020,,0.014621943235397339
,,,4021,,0.01490781456232071
,,,4022,,0.018375791609287262
,,,4023,,0.01567698083817959
,,,4024,,0.017940852791070938
,,,4025,,0.016771990805864334
,,,4026,,0.018540019169449806
,,,4027,,0.017449848353862762
,,,4028,,0.016252275556325912
,,,4029,,0.015559295192360878
,,,4030,,0.017626646906137466
,,,4031,,0.013389058411121368
,,,4032,,0.014901621267199516
,,,4033,,0.012870771810412407
,,,4034,,0.01280677504837513
,,,4035,,0.013083421625196934
,,,4036,,0.014052685350179672
,,,4037,,0.013196201995015144
,,,4038,,0.01396020594984293
,,,4039,,0.013029233552515507
,,,4040,,0.0139098409563303
,,,4041,,0.011473365128040314
,,,4042,,0.011783675290644169
,,,4043,,0.012888524681329727
,,,4044,,0.014075785875320435
,,,4045,,0.013724235817790031
,,,4046,,0.013029232621192932
,,,4047,,0.01499161683022976
,,,4048,,0.013690207153558731
,,,4049,,0.013916509225964546
,,,4050,,0.012480158358812332
,,,4051,,0.013094523921608925
,,,4052,,0.014174457639455795
,,,4053,,0.013240065425634384
,,,4054,,0.014720363542437553
,,,4055,,0.016847901046276093
,,,4056,,0.015138514339923859
,,,4057,,0.01557768601924181
,,,4058,,0.01394999772310257
,,,4059,,0.01255284808576107
,,,4060,,0.013255642727017403
,,,4061,,0.01822724938392639
,,,4062,,0.015318401157855988
,,,4063,,0.013287666253745556
,,,4064,,0.01721121557056904
,,,4065,,0.014778290875256062
,,,4066,,0.018247703090310097
,,,4067,,0.014447282999753952
,,,4068,,0.013688849285244942
,,,4069,,0.01581048034131527
,,,4070,,0.015861984342336655
,,,4071,,0.01360755693167448
,,,4072,,0.01748024672269821
,,,4073,,0.014605439268052578
,,,4074,,0.014308176003396511
,,,4075,,0.006301060318946838
,,,4076,,0.005382083356380463
,,,4077,,0.004000578075647354
,,,4078,,0.004745792597532272
,,,4079,,0.0034578563645482063
,,,4080,,0.004008633084595203
,,,4081,,0.004677527584135532
,,,4082,,0.004183064214885235
,,,4083,,0.005405533127486706
,,,4084,,0.004632558207958937
,,,4085,,0.004341057501733303
,,,4086,,0.0038408292457461357
,,,4087,,0.004329085350036621
,,,4088,,0.009393029846251011
,,,4089,,0.010879920795559883
,,,4090,,0.010197320021688938
,,,4091,,0.009852382354438305
,,,4092,,0.003412061370909214
,,,4093,,0.037330493330955505
,,,4094,,0.010012878105044365
,,,4095,,0.02490321919322014
,,,4096,,0.013995330780744553
,,,4097,,0.011794136837124825
,,,4098,,0.01797087863087654
,,,4099,,0.020440198481082916
,,,4100,,0.01908443123102188
,,,4101,,0.017729097977280617
,,,4102,,0.013809519819915295
,,,4103,,0.022510718554258347
,,,4104,,0.023194702342152596
,,,4105,,0.10017970204353333
,,,4106,,0.08434189856052399
,,,4107,,0.07500636577606201
,,,4108,,0.07441138476133347
,,,4109,,0.10487215220928192
,,,4110,,0.06606672704219818
,,,4111,,0.07088141143321991
,,,4112,,0.0913303792476654
,,,4113,,0.06920309364795685
,,,4114,,0.08544409275054932
,,,4115,,0.07095450907945633
,,,4116,,0.07622652500867844
,,,4117,,0.08539813756942749
,,,4118,,0.08209105581045151
,,,4119,,0.08005969226360321
,,,4120,,0.07881415635347366
,,,4121,,0.03582049533724785
17,,,1457,0.01943603903055191,
17,0.019706757739186287,,1457,,
18,,0.012927820906043053,1459,,
18,,0.021150335669517517,1469,,
18,,0.028788786381483078,1479,,
18,,0.02044522762298584,1489,,
18,,0.009496324695646763,1499,,
18,,0.021432671695947647,1509,,
18,,0.01718643307685852,1519,,
18,,0.007372457534074783,1529,,
,,,4122,,0.0006100969621911645
,,,4123,,0.0006158942123875022
,,,4124,,0.0012539448216557503
,,,4125,,0.0006040366133674979
,,,4126,,0.0011229395167902112
,,,4127,,0.00046175572788342834
,,,4128,,0.0010050309356302023
,,,4129,,0.0005192181561142206
,,,4130,,0.0008334690937772393
,,,4131,,0.0005467966548167169
,,,4132,,0.0011307199019938707
,,,4133,,0.0013987220590934157
,,,4134,,0.0005390679580159485
,,,4135,,0.0006194469751790166
,,,4136,,0.0009258858626708388
,,,4137,,0.0005683815106749535
,,,4138,,0.0011283888015896082
,,,4139,,0.0011776280589401722
,,,4140,,0.0008592426311224699
,,,4141,,0.001632927218452096
,,,4142,,0.0005270635010674596
,,,4143,,0.0004697192052844912
,,,4144,,0.0004226304008625448
,,,4145,,0.0012855554232373834
,,,4146,,0.001006945502012968
,,,4147,,0.0009084391640499234
,,,4148,,0.0007606314029544592
,,,4149,,0.009784337133169174
,,,4150,,0.02606600522994995
,,,4151,,0.023966766893863678
,,,4152,,0.02195275016129017
,,,4153,,0.023468375205993652
,,,4154,,0.02361118420958519
,,,4155,,0.09473857283592224
,,,4156,,0.03618638962507248
,,,4157,,0.021214839071035385
,,,4158,,0.022184856235980988
,,,4159,,0.015333980321884155
,,,4160,,0.010050949640572071
,,,4161,,0.019856326282024384
,,,4162,,0.013293467462062836
,,,4163,,0.011635418981313705
,,,4164,,0.02927917242050171
,,,4165,,0.024661995470523834
,,,4166,,0.011500916443765163
,,,4167,,0.039282217621803284
,,,4168,,0.017103740945458412
,,,4169,,0.006526554003357887
,,,4170,,0.023221449926495552
,,,4171,,0.00961228646337986
,,,4172,,0.00970599427819252
,,,4173,,0.013506797142326832
,,,4174,,0.0048270635306835175
,,,4175,,0.013866233639419079
,,,4176,,0.015623359009623528
,,,4177,,0.028257958590984344
,,,4178,,0.026515968143939972
,,,4179,,0.013603627681732178
,,,4180,,0.018454812467098236
,,,4181,,0.013210762292146683
,,,4182,,0.017181217670440674
,,,4183,,0.01367863267660141
,,,4184,,0.01243571937084198
,,,4185,,0.015838738530874252
,,,4186,,0.015757828950881958
,,,4187,,0.00908346101641655
,,,4188,,0.012513749301433563
,,,4189,,0.028438912704586983
,,,4190,,0.015003470703959465
,,,4191,,0.010533370077610016
,,,4192,,0.010793504305183887
,,,4193,,0.0010256320238113403
,,,4194,,0.0020895828492939472
,,,4195,,0.001275867223739624
,,,4196,,0.0012122729094699025
,,,4197,,0.0009901472367346287
,,,4198,,0.0011067262385040522
,,,4199,,0.0006753306370228529
,,,4200,,0.0010657639941200614
,,,4201,,0.0007330213556997478
,,,4202,,0.001179991289973259
,,,4203,,0.001048052916303277
,,,4204,,0.0011113985674455762
,,,4205,,0.0013979413779452443
,,,4206,,0.022312141954898834
,,,4207,,0.02746821567416191
,,,4208,,0.02554079331457615
,,,4209,,0.06295648962259293
,,,4210,,0.04442412778735161
,,,4211,,0.039199844002723694
,,,4212,,0.06862844526767731
,,,4213,,0.062431883066892624
,,,4214,,0.020867684856057167
,,,4215,,0.01945527270436287
,,,4216,,0.020786546170711517
,,,4217,,0.015515439212322235
,,,4218,,0.0175615306943655
,,,4219,,0.01977088861167431
,,,4220,,0.01666206121444702
,,,4221,,0.017009425908327103
,,,4222,,0.019412290304899216
,,,4223,,0.01707734726369381
,,,4224,,0.016087431460618973
,,,4225,,0.014477424323558807
,,,4226,,0.020182672888040543
,,,4227,,0.0184311680495739
,,,4228,,0.02008873224258423
,,,4229,,0.0177093967795372
,,,4230,,0.016880318522453308
,,,4231,,0.021747995167970657
,,,4232,,0.01929023116827011
,,,4233,,0.014582866802811623
,,,4234,,0.020006272941827774
,,,4235,,0.019366834312677383
,,,4236,,0.025208769366145134
,,,4237,,0.02575773373246193
,,,4238,,0.018375080078840256
,,,4239,,0.01532092783600092
,,,4240,,0.014617083594202995
,,,4241,,0.016384992748498917
,,,4242,,0.012987470254302025
,,,4243,,0.014389789663255215
,,,4244,,0.01506093516945839
,,,4245,,0.014943297952413559
,,,4246,,0.014558625407516956
,,,4247,,0.014839792624115944
,,,4248,,0.012653220444917679
,,,4249,,0.013189982622861862
,,,4250,,0.013356925919651985
,,,4251,,0.01680893450975418
,,,4252,,0.014450492337346077
,,,4253,,0.01650090143084526
,,,4254,,0.015035717748105526
,,,4255,,0.017047863453626633
,,,4256,,0.01605207845568657
,,,4257,,0.014777174219489098
,,,4258,,0.014116458594799042
,,,4259,,0.016087351366877556
,,,4260,,0.012033965438604355
,,,4261,,0.013641361147165298
,,,4262,,0.011433044448494911
,,,4263,,0.011610979214310646
,,,4264,,0.011669375002384186
,,,4265,,0.012628190219402313
,,,4266,,0.012188060209155083
,,,4267,,0.01271534152328968
,,,4268,,0.011718188412487507
,,,4269,,0.012786872684955597
,,,4270,,0.010612215846776962
,,,4271,,0.010434309020638466
,,,4272,,0.011622056365013123
,,,4273,,0.012647949159145355
,,,4274,,0.0124917421489954
,,,4275,,0.011938723735511303
,,,4276,,0.013894869014620781
,,,4277,,0.01256304420530796
,,,4278,,0.012587292119860649
,,,4279,,0.01136532798409462
,,,4280,,0.011907825246453285
,,,4281,,0.012840306386351585
,,,4282,,0.012375597842037678
,,,4283,,0.013924762606620789
,,,4284,,0.01591196097433567
,,,4285,,0.014276555739343166
,,,4286,,0.014791837893426418
,,,4287,,0.013105342164635658
,,,4288,,0.011827939189970493
,,,4289,,0.01255492027848959
,,,4290,,0.017176490277051926
,,,4291,,0.014407510869204998
,,,4292,,0.012468970380723476
,,,4293,,0.01633075438439846
,,,4294,,0.013964686542749405
,,,4295,,0.017226124182343483
,,,4296,,0.01371381338685751
,,,4297,,0.012867322191596031
,,,4298,,0.014997631311416626
,,,4299,,0.01498318649828434
,,,4300,,0.0128693962469697
,,,4301,,0.01642843522131443
,,,4302,,0.013779912143945694
,,,4303,,0.01348413061350584
,,,4304,,0.005535019561648369
,,,4305,,0.004408249631524086
,,,4306,,0.0033938055858016014
,,,4307,,0.003781445324420929
,,,4308,,0.0028259120881557465
,,,4309,,0.0033057741820812225
,,,4310,,0.003829764202237129
,,,4311,,0.003529369831085205
,,,4312,,0.004530979320406914
,,,4313,,0.004115931689739227
,,,4314,,0.003737534862011671
,,,4315,,0.0034952708519995213
,,,4316,,0.003566034836694598
,,,4317,,0.007950734347105026
,,,4318,,0.01003226824104786
,,,4319,,0.009480002336204052
,,,4320,,0.009207574650645256
,,,4321,,0.0032684688922017813
,,,4322,,0.034256525337696075
,,,4323,,0.009521220810711384
,,,4324,,0.02382197603583336
,,,4325,,0.012835805304348469
,,,4326,,0.01120229996740818
,,,4327,,0.016779374331235886
,,,4328,,0.019053155556321144
,,,4329,,0.017353644594550133
,,,4330,,0.016392286866903305
,,,4331,,0.013423904776573181
,,,4332,,0.021149281412363052
,,,4333,,0.022655455395579338
,,,4334,,0.09823092818260193
,,,4335,,0.08187805116176605
,,,4336,,0.07311356067657471
,,,4337,,0.07294171303510666
,,,4338,,0.10289189219474792
,,,4339,,0.06461188197135925
,,,4340,,0.06882937997579575
,,,4341,,0.08905549347400665
,,,4342,,0.06788339465856552
,,,4343,,0.08358009159564972
,,,4344,,0.0687718614935875
,,,4345,,0.07477094233036041
,,,4346,,0.08355262130498886
,,,4347,,0.08001738041639328
,,,4348,,0.0776558369398117
,,,4349,,0.07694758474826813
,,,4350,,0.03485725075006485
18,,,1538,0.018358314409852028,
18,0.01845799759030342,,1538,,
19,,0.01325333584100008,1539,,
19,,0.018088016659021378,1549,,
19,,0.009631764143705368,1559,,
19,,0.008337652310729027,1569,,
19,,0.011847089976072311,1579,,
19,,0.01458505354821682,1589,,
19,,0.022135185077786446,1599,,
19,,0.019665446132421494,1609,,
19,,0.033291418105363846,1619,,
,,,4351,,0.0006702905520796776
,,,4352,,0.0006499978480860591
,,,4353,,0.0012921369634568691
,,,4354,,0.0006274081533774734
,,,4355,,0.0011059484677389264
,,,4356,,0.000540474895387888
,,,4357,,0.0010398782324045897
,,,4358,,0.0005579518619924784
,,,4359,,0.0008412171737290919
,,,4360,,0.0005957161774858832
,,,4361,,0.0011527147144079208
,,,4362,,0.001459762454032898
,,,4363,,0.0005781656946055591
,,,4364,,0.0007149484008550644
,,,4365,,0.0010416230652481318
,,,4366,,0.0006405587773770094
,,,4367,,0.001260763150639832
,,,4368,,0.001323397853411734
,,,4369,,0.0009225339163094759
,,,4370,,0.0017413462046533823
,,,4371,,0.0006231591105461121
,,,4372,,0.0006309293676167727
,,,4373,,0.0004924677778035402
,,,4374,,0.0013755832333117723
,,,4375,,0.0011444763513281941
,,,4376,,0.0009635280002839863
,,,4377,,0.0008834321051836014
,,,4378,,0.009661484509706497
,,,4379,,0.025507893413305283
,,,4380,,0.023441549390554428
,,,4381,,0.021655481308698654
,,,4382,,0.023039264604449272
,,,4383,,0.02323932573199272
,,,4384,,0.09393886476755142
,,,4385,,0.035566531121730804
,,,4386,,0.020743895322084427
,,,4387,,0.0217635128647089
,,,4388,,0.015000191517174244
,,,4389,,0.009796731173992157
,,,4390,,0.01957334391772747
,,,4391,,0.013124825432896614
,,,4392,,0.011389972642064095
,,,4393,,0.028505511581897736
,,,4394,,0.024203116074204445
,,,4395,,0.011141927912831306
,,,4396,,0.0384092703461647
,,,4397,,0.01662544719874859
,,,4398,,0.0062768603675067425
,,,4399,,0.02262096293270588
,,,4400,,0.009393603540956974
,,,4401,,0.009566009975969791
,,,4402,,0.013242937624454498
,,,4403,,0.004720469005405903
,,,4404,,0.013572601601481438
,,,4405,,0.01520618051290512
,,,4406,,0.027370847761631012
,,,4407,,0.025691982358694077
,,,4408,,0.01306813582777977
,,,4409,,0.017688050866127014
,,,4410,,0.012305078096687794
,,,4411,,0.016409890726208687
,,,4412,,0.012732824310660362
,,,4413,,0.0116732157766819
,,,4414,,0.015131291002035141
,,,4415,,0.014849445782601833
,,,4416,,0.008698808029294014
,,,4417,,0.012129072099924088
,,,4418,,0.027510490268468857
,,,4419,,0.014373515732586384
,,,4420,,0.010071668773889542
,,,4421,,0.010348742827773094
,,,4422,,0.0010381063912063837
,,,4423,,0.002075311727821827
,,,4424,,0.0011769053526222706
,,,4425,,0.0011328115360811353
,,,4426,,0.0009432330261915922
,,,4427,,0.0011083115823566914
,,,4428,,0.0006859258282929659
,,,4429,,0.0009806209709495306
,,,4430,,0.0006996017182245851
,,,4431,,0.001123811467550695
,,,4432,,0.0009662461234256625
,,,4433,,0.0012837823014706373
,,,4434,,0.0013484419323503971
,,,4435,,0.020924162119627
,,,4436,,0.02569245919585228
,,,4437,,0.024161871522665024
,,,4438,,0.05946223810315132
,,,4439,,0.04191760718822479
,,,4440,,0.03757298365235329
,,,4441,,0.06610266119241714
,,,4442,,0.06004023551940918
,,,4443,,0.020676912739872932
,,,4444,,0.01930091343820095
,,,4445,,0.020093120634555817
,,,4446,,0.015515239909291267
,,,4447,,0.01756586879491806
,,,4448,,0.01975920796394348
,,,4449,,0.016640277579426765
,,,4450,,0.0170271098613739
,,,4451,,0.01899697259068489
,,,4452,,0.016873162239789963
,,,4453,,0.016017068177461624
,,,4454,,0.014171924442052841
,,,4455,,0.01972375065088272
,,,4456,,0.018048781901597977
,,,4457,,0.019647948443889618
,,,4458,,0.01744513399899006
,,,4459,,0.016862643882632256
,,,4460,,0.021313868463039398
,,,4461,,0.019022585824131966
,,,4462,,0.01469707116484642
,,,4463,,0.019580243155360222
,,,4464,,0.019089028239250183
,,,4465,,0.02440798655152321
,,,4466,,0.02489287778735161
,,,4467,,0.01846366375684738
,,,4468,,0.015918998047709465
,,,4469,,0.0151633620262146
,,,4470,,0.01669425144791603
,,,4471,,0.01352003961801529
,,,4472,,0.015305917710065842
,,,4473,,0.015743928030133247
,,,4474,,0.01524350419640541
,,,4475,,0.014996879734098911
,,,4476,,0.01571420580148697
,,,4477,,0.013048635795712471
,,,4478,,0.013724821619689465
,,,4479,,0.013686859048902988
,,,4480,,0.017201125621795654
,,,4481,,0.014876037836074829
,,,4482,,0.016907239332795143
,,,4483,,0.015282542444765568
,,,4484,,0.017350146546959877
,,,4485,,0.016624445095658302
,,,4486,,0.015370756387710571
,,,4487,,0.0146762290969491
,,,4488,,0.01666615717113018
,,,4489,,0.012002683244645596
,,,4490,,0.01300949975848198
,,,4491,,0.01172073557972908
,,,4492,,0.011601351201534271
,,,4493,,0.011851433664560318
,,,4494,,0.012473151087760925
,,,4495,,0.011771723628044128
,,,4496,,0.012211291119456291
,,,4497,,0.011424049735069275
,,,4498,,0.01245115790516138
,,,4499,,0.010611755773425102
,,,4500,,0.010310518555343151
,,,4501,,0.011353878304362297
,,,4502,,0.01232822798192501
,,,4503,,0.01214781403541565
,,,4504,,0.011873399838805199
,,,4505,,0.01274930965155363
,,,4506,,0.012156899087131023
,,,4507,,0.012444721534848213
,,,4508,,0.01121314987540245
,,,4509,,0.011303474195301533
,,,4510,,0.012652376666665077
,,,4511,,0.012430652976036072
,,,4512,,0.01405814103782177
,,,4513,,0.016037022694945335
,,,4514,,0.014339499175548553
,,,4515,,0.014858109876513481
,,,4516,,0.013261930085718632
,,,4517,,0.011932242661714554
,,,4518,,0.01277194544672966
,,,4519,,0.01702362485229969
,,,4520,,0.014382670633494854
,,,4521,,0.012620603665709496
,,,4522,,0.01628730446100235
,,,4523,,0.014162459410727024
,,,4524,,0.01716976799070835
,,,4525,,0.013819044455885887
,,,4526,,0.012854784727096558
,,,4527,,0.015032825991511345
,,,4528,,0.015106938779354095
,,,4529,,0.013064255937933922
,,,4530,,0.016320878639817238
,,,4531,,0.013974029570817947
,,,4532,,0.013433869928121567
,,,4533,,0.004829693119972944
,,,4534,,0.003902179654687643
,,,4535,,0.00304907257668674
,,,4536,,0.0033462403807789087
,,,4537,,0.0025553007144480944
,,,4538,,0.0029354067519307137
,,,4539,,0.003439288353547454
,,,4540,,0.0030454702209681273
,,,4541,,0.004018410108983517
,,,4542,,0.003529864829033613
,,,4543,,0.0032632448710501194
,,,4544,,0.00316984998062253
,,,4545,,0.0032482645474374294
,,,4546,,0.007572634145617485
,,,4547,,0.009408513084053993
,,,4548,,0.009016864001750946
,,,4549,,0.008259015157818794
,,,4550,,0.003123137867078185
,,,4551,,0.03282659128308296
,,,4552,,0.0093868188560009
,,,4553,,0.022246692329645157
,,,4554,,0.012378707528114319
,,,4555,,0.010973671451210976
,,,4556,,0.01623605191707611
,,,4557,,0.018143244087696075
,,,4558,,0.016494639217853546
,,,4559,,0.01531083695590496
,,,4560,,0.012104308232665062
,,,4561,,0.01933642476797104
,,,4562,,0.021841641515493393
,,,4563,,0.09646190702915192
,,,4564,,0.0800493061542511
,,,4565,,0.07171820849180222
,,,4566,,0.07140295952558517
,,,4567,,0.10069388896226883
,,,4568,,0.06363578140735626
,,,4569,,0.06749642640352249
,,,4570,,0.08717072010040283
,,,4571,,0.06633070856332779
,,,4572,,0.0817539319396019
,,,4573,,0.06739586591720581
,,,4574,,0.07312320172786713
,,,4575,,0.08220740407705307
,,,4576,,0.0785752534866333
,,,4577,,0.07603663206100464
,,,4578,,0.07479628920555115
,,,4579,,0.03469378873705864
19,,,1619,0.017992855980992317,
19,0.018182657659053802,,1619,,
20,,0.016723426058888435,1629,,
20,,0.018340349197387695,1639,,
20,,0.01525314711034298,1649,,
20,,0.013236043974757195,1659,,
20,,0.017111683264374733,1669,,
20,,0.012109304778277874,1679,,
20,,0.009792240336537361,1689,,
20,,0.01922467350959778,1699,,
,,,4580,,0.0005795315955765545
,,,4581,,0.0005521895946003497
,,,4582,,0.0010133393807336688
,,,4583,,0.0006505874916911125
,,,4584,,0.0012491962406784296
,,,4585,,0.0004899702034890652
,,,4586,,0.0008665103232488036
,,,4587,,0.0004953474272042513
,,,4588,,0.0009903283789753914
,,,4589,,0.0005155136459507048
,,,4590,,0.0010718365665525198
,,,4591,,0.0011051571927964687
,,,4592,,0.0004730983928311616
,,,4593,,0.0006500838790088892
,,,4594,,0.0008852022001519799
,,,4595,,0.0005609286017715931
,,,4596,,0.0010274836095049977
,,,4597,,0.0010041093919426203
,,,4598,,0.0009478041902184486
,,,4599,,0.0014049577293917537
,,,4600,,0.0005006155697628856
,,,4601,,0.0004893165314570069
,,,4602,,0.00045028660679236054
,,,4603,,0.0011185475159436464
,,,4604,,0.0009370514308102429
,,,4605,,0.0008092285133898258
,,,4606,,0.000807909294962883
,,,4607,,0.009522665292024612
,,,4608,,0.025202713906764984
,,,4609,,0.023101553320884705
,,,4610,,0.02137264609336853
,,,4611,,0.022744759917259216
,,,4612,,0.022829648107290268
,,,4613,,0.09362532198429108
,,,4614,,0.03507544845342636
,,,4615,,0.020508401095867157
,,,4616,,0.021349240094423294
,,,4617,,0.014870074577629566
,,,4618,,0.009677545167505741
,,,4619,,0.019391098991036415
,,,4620,,0.01281896885484457
,,,4621,,0.011099395342171192
,,,4622,,0.028069771826267242
,,,4623,,0.023816725239157677
,,,4624,,0.011009996756911278
,,,4625,,0.037540502846241
,,,4626,,0.016325879842042923
,,,4627,,0.006134998984634876
,,,4628,,0.022124119102954865
,,,4629,,0.009332004934549332
,,,4630,,0.009428923949599266
,,,4631,,0.01304220873862505
,,,4632,,0.0045743295922875404
,,,4633,,0.013467597775161266
,,,4634,,0.01410123985260725
,,,4635,,0.026157114654779434
,,,4636,,0.024548739194869995
,,,4637,,0.011648828163743019
,,,4638,,0.016697484999895096
,,,4639,,0.011624131351709366
,,,4640,,0.015300676226615906
,,,4641,,0.01200497429817915
,,,4642,,0.010904239490628242
,,,4643,,0.014206476509571075
,,,4644,,0.013812249526381493
,,,4645,,0.00786307081580162
,,,4646,,0.011107750236988068
,,,4647,,0.026103060692548752
,,,4648,,0.013355981558561325
,,,4649,,0.008798196911811829
,,,4650,,0.009785841219127178
,,,4651,,0.0009832888608798385
,,,4652,,0.002015015110373497
,,,4653,,0.0011361606884747744
,,,4654,,0.0010798294097185135
,,,4655,,0.0008795028552412987
,,,4656,,0.0010373187251389027
,,,4657,,0.0006271762540563941
,,,4658,,0.0009339434909634292
,,,4659,,0.0006272578029893339
,,,4660,,0.0010909584816545248
,,,4661,,0.0009057432180270553
,,,4662,,0.001235186355188489
,,,4663,,0.0013452016282826662
,,,4664,,0.020251963287591934
,,,4665,,0.024933258071541786
,,,4666,,0.023230426013469696
,,,4667,,0.05800154432654381
,,,4668,,0.04096709564328194
,,,4669,,0.03650189936161041
,,,4670,,0.06371854990720749
,,,4671,,0.05817127972841263
,,,4672,,0.019521158188581467
,,,4673,,0.01855986937880516
,,,4674,,0.01958509534597397
,,,4675,,0.014779751189053059
,,,4676,,0.01667676866054535
,,,4677,,0.01890016347169876
,,,4678,,0.015714015811681747
,,,4679,,0.016045019030570984
,,,4680,,0.01846364140510559
,,,4681,,0.016389623284339905
,,,4682,,0.015237279236316681
,,,4683,,0.01394621841609478
,,,4684,,0.018950726836919785
,,,4685,,0.017665375024080276
,,,4686,,0.01897914707660675
,,,4687,,0.016817595809698105
,,,4688,,0.016175206750631332
,,,4689,,0.02069389820098877
,,,4690,,0.018204323947429657
,,,4691,,0.013897869735956192
,,,4692,,0.01915621943771839
,,,4693,,0.018210649490356445
,,,4694,,0.02433580346405506
,,,4695,,0.024768441915512085
,,,4696,,0.017617732286453247
,,,4697,,0.014495685696601868
,,,4698,,0.013887807726860046
,,,4699,,0.015614284202456474
,,,4700,,0.012337161228060722
,,,4701,,0.013668602332472801
,,,4702,,0.014420047402381897
,,,4703,,0.014330525882542133
,,,4704,,0.014057304710149765
,,,4705,,0.01402256265282631
,,,4706,,0.01212084386497736
,,,4707,,0.01261480525135994
,,,4708,,0.01306036114692688
,,,4709,,0.0161559097468853
,,,4710,,0.013740085065364838
,,,4711,,0.015786588191986084
,,,4712,,0.01452944241464138
,,,4713,,0.01619301736354828
,,,4714,,0.015389131382107735
,,,4715,,0.014088110998272896
,,,4716,,0.013571513816714287
,,,4717,,0.015177730470895767
,,,4718,,0.011500710621476173
,,,4719,,0.013099499978125095
,,,4720,,0.010988080874085426
,,,4721,,0.011219854466617107
,,,4722,,0.011196209117770195
,,,4723,,0.012148430570960045
,,,4724,,0.011614641174674034
,,,4725,,0.011977314949035645
,,,4726,,0.011437293142080307
,,,4727,,0.01241132989525795
,,,4728,,0.01007415633648634
,,,4729,,0.010159097611904144
,,,4730,,0.011318448930978775
,,,4731,,0.012328308075666428
,,,4732,,0.011939983814954758
,,,4733,,0.011356869712471962
,,,4734,,0.013359975069761276
,,,4735,,0.012210294604301453
,,,4736,,0.012093676254153252
,,,4737,,0.011024976149201393
,,,4738,,0.011442633345723152
,,,4739,,0.012329936027526855
,,,4740,,0.011894764378666878
,,,4741,,0.01316816546022892
,,,4742,,0.015029686503112316
,,,4743,,0.013487877324223518
,,,4744,,0.014068296179175377
,,,4745,,0.012385283596813679
,,,4746,,0.011254331097006798
,,,4747,,0.011898419819772243
,,,4748,,0.01625727489590645
,,,4749,,0.013592774048447609
,,,4750,,0.011731268838047981
,,,4751,,0.01543513499200344
,,,4752,,0.013211062178015709
,,,4753,,0.01642744056880474
,,,4754,,0.013013966381549835
,,,4755,,0.012160612270236015
,,,4756,,0.01419045776128769
,,,4757,,0.014240546151995659
,,,4758,,0.01215030811727047
,,,4759,,0.015447927638888359
,,,4760,,0.01308012381196022
,,,4761,,0.012662453576922417
,,,4762,,0.00458905752748251
,,,4763,,0.003646617289632559
,,,4764,,0.0029423313681036234
,,,4765,,0.003221469232812524
,,,4766,,0.0025163539685308933
,,,4767,,0.00280552520416677
,,,4768,,0.0033052917569875717
,,,4769,,0.0028606518171727657
,,,4770,,0.003774452954530716
,,,4771,,0.0032694567926228046
,,,4772,,0.0030505903996527195
,,,4773,,0.0030443621799349785
,,,4774,,0.0030995626002550125
,,,4775,,0.007363342680037022
,,,4776,,0.009002406150102615
,,,4777,,0.009181361645460129
,,,4778,,0.008745274506509304
,,,4779,,0.003015168011188507
,,,4780,,0.031935617327690125
,,,4781,,0.009128735400736332
,,,4782,,0.021515779197216034
,,,4783,,0.011892957612872124
,,,4784,,0.01066463440656662
,,,4785,,0.01572621427476406
,,,4786,,0.017257744446396828
,,,4787,,0.015948031097650528
,,,4788,,0.01496757473796606
,,,4789,,0.01189051941037178
,,,4790,,0.0184251107275486
,,,4791,,0.02136930637061596
,,,4792,,0.09439273178577423
,,,4793,,0.07840098440647125
,,,4794,,0.06988824158906937
,,,4795,,0.0692213848233223
,,,4796,,0.09862422198057175
,,,4797,,0.061838798224925995
,,,4798,,0.06552379578351974
,,,4799,,0.08474366366863251
,,,4800,,0.06443551182746887
,,,4801,,0.07944875955581665
,,,4802,,0.06501898169517517
,,,4803,,0.07111816853284836
,,,4804,,0.0796576738357544
,,,4805,,0.07620950043201447
,,,4806,,0.07353091239929199
,,,4807,,0.07276704162359238
,,,4808,,0.03367010876536369
20,,,1700,0.017355192452669144,
20,0.01722431369125843,,1700,,
21,,0.019468192011117935,1709,,
21,,0.019481297582387924,1719,,
21,,0.018462974578142166,1729,,
21,,0.015131275169551373,1739,,
21,,0.010513460263609886,1749,,
21,,0.01071690209209919,1759,,
21,,0.018134502694010735,1769,,
21,,0.015454540029168129,1779,,
,,,4809,,0.0005213679978623986
,,,4810,,0.0005015400820411742
,,,4811,,0.0009864425519481301
,,,4812,,0.0005354210734367371
,,,4813,,0.0010882406495511532
,,,4814,,0.00041009177220985293
,,,4815,,0.0008126810425892472
,,,4816,,0.00046075094724074006
,,,4817,,0.0009165012161247432
,,,4818,,0.00045201892498880625
,,,4819,,0.000996496994048357
,,,4820,,0.0010501493234187365
,,,4821,,0.0004328619106672704
,,,4822,,0.0005624591722153127
,,,4823,,0.000801716058049351
,,,4824,,0.0005031891632825136
,,,4825,,0.0009661078220233321
,,,4826,,0.0009218335617333651
,,,4827,,0.0008378722704946995
,,,4828,,0.0013333719689399004
,,,4829,,0.00046522964839823544
,,,4830,,0.00042818544898182154
,,,4831,,0.0004046402173116803
,,,4832,,0.0010818075388669968
,,,4833,,0.0008801600779406726
,,,4834,,0.0007535771001130342
,,,4835,,0.0006928245420567691
,,,4836,,0.009719355031847954
,,,4837,,0.02525104582309723
,,,4838,,0.02297358587384224
,,,4839,,0.021352393552660942
,,,4840,,0.02291882410645485
,,,4841,,0.023028962314128876
,,,4842,,0.09348705410957336
,,,4843,,0.035207055509090424
,,,4844,,0.020574843510985374
,,,4845,,0.021698707714676857
,,,4846,,0.014980405569076538
,,,4847,,0.009943219833076
,,,4848,,0.01939614862203598
,,,4849,,0.013005111366510391
,,,4850,,0.011303743347525597
,,,4851,,0.027688931673765182
,,,4852,,0.023582644760608673
,,,4853,,0.011184570379555225
,,,4854,,0.03721737116575241
,,,4855,,0.016356993466615677
,,,4856,,0.006272094789892435
,,,4857,,0.02156684175133705
,,,4858,,0.00947626493871212
,,,4859,,0.00965411588549614
,,,4860,,0.0133229810744524
,,,4861,,0.004662894178181887
,,,4862,,0.013572483323514462
,,,4863,,0.013469668105244637
,,,4864,,0.025306468829512596
,,,4865,,0.023936942219734192
,,,4866,,0.011103130877017975
,,,4867,,0.016039572656154633
,,,4868,,0.011483632028102875
,,,4869,,0.014556070789694786
,,,4870,,0.01168269757181406
,,,4871,,0.010873252525925636
,,,4872,,0.01360973622649908
,,,4873,,0.013170627877116203
,,,4874,,0.007404102943837643
,,,4875,,0.011065545491874218
,,,4876,,0.02515476755797863
,,,4877,,0.012955380603671074
,,,4878,,0.008252734318375587
,,,4879,,0.0093524269759655
,,,4880,,0.0010065673850476742
,,,4881,,0.002067966153845191
,,,4882,,0.0013375894632190466
,,,4883,,0.0011693413835018873
,,,4884,,0.0009040954173542559
,,,4885,,0.0009909552754834294
,,,4886,,0.0006139008328318596
,,,4887,,0.0010965862311422825
,,,4888,,0.0006703008548356593
,,,4889,,0.0011139868292957544
,,,4890,,0.0010393608827143908
,,,4891,,0.0010076449252665043
,,,4892,,0.0013191786129027605
,,,4893,,0.018851010128855705
,,,4894,,0.023015320301055908
,,,4895,,0.021717198193073273
,,,4896,,0.05542337894439697
,,,4897,,0.03895268216729164
,,,4898,,0.0347193144261837
,,,4899,,0.060935553163290024
,,,4900,,0.055683303624391556
,,,4901,,0.018481262028217316
,,,4902,,0.017208071425557137
,,,4903,,0.018039634451270103
,,,4904,,0.013718982227146626
,,,4905,,0.015601720660924911
,,,4906,,0.017773859202861786
,,,4907,,0.014566034078598022
,,,4908,,0.015168853104114532
,,,4909,,0.017157379537820816
,,,4910,,0.01499326340854168
,,,4911,,0.014035211876034737
,,,4912,,0.012756647542119026
,,,4913,,0.017652012407779694
,,,4914,,0.0164782777428627
,,,4915,,0.017777658998966217
,,,4916,,0.015846844762563705
,,,4917,,0.015128577128052711
,,,4918,,0.019343940541148186
,,,4919,,0.01717684045433998
,,,4920,,0.01286964863538742
,,,4921,,0.01779237575829029
,,,4922,,0.01722836121916771
,,,4923,,0.022898295894265175
,,,4924,,0.02336490899324417
,,,4925,,0.01665201038122177
,,,4926,,0.013830842450261116
,,,4927,,0.013256052508950233
,,,4928,,0.014926675707101822
,,,4929,,0.011837759986519814
,,,4930,,0.013291869312524796
,,,4931,,0.013865555636584759
,,,4932,,0.013471134006977081
,,,4933,,0.013518722727894783
,,,4934,,0.013639193959534168
,,,4935,,0.01158205047249794
,,,4936,,0.012053484097123146
,,,4937,,0.012479126453399658
,,,4938,,0.01539970189332962
,,,4939,,0.013242868706583977
,,,4940,,0.01517484337091446
,,,4941,,0.013808281160891056
,,,4942,,0.015483034774661064
,,,4943,,0.014752782881259918
,,,4944,,0.01359545812010765
,,,4945,,0.013065746985375881
,,,4946,,0.014697913080453873
,,,4947,,0.010805275291204453
,,,4948,,0.01177758164703846
,,,4949,,0.010477415286004543
,,,4950,,0.010373936966061592
,,,4951,,0.010483118705451488
,,,4952,,0.011214337311685085
,,,4953,,0.010530156083405018
,,,4954,,0.011013925075531006
,,,4955,,0.010428037494421005
,,,4956,,0.01105959340929985
,,,4957,,0.009236727841198444
,,,4958,,0.009392337873578072
,,,4959,,0.010320347733795643
,,,4960,,0.011236291378736496
,,,4961,,0.010955778881907463
,,,4962,,0.010698402300477028
,,,4963,,0.01175196934491396
,,,4964,,0.01101392786949873
,,,4965,,0.011134451255202293
,,,4966,,0.01004143338650465
,,,4967,,0.010361549444496632
,,,4968,,0.011343715712428093
,,,4969,,0.011218409053981304
,,,4970,,0.012469358742237091
,,,4971,,0.014328066259622574
,,,4972,,0.012862739153206348
,,,4973,,0.013334646821022034
,,,4974,,0.01183348149061203
,,,4975,,0.010748489759862423
,,,4976,,0.01125931553542614
,,,4977,,0.015477193519473076
,,,4978,,0.01304047740995884
,,,4979,,0.01122274436056614
,,,4980,,0.014763934537768364
,,,4981,,0.01253058947622776
,,,4982,,0.015608484856784344
,,,4983,,0.012308137491345406
,,,4984,,0.01156572811305523
,,,4985,,0.013506564311683178
,,,4986,,0.013414323329925537
,,,4987,,0.011509399861097336
,,,4988,,0.01481859851628542
,,,4989,,0.012406382709741592
,,,4990,,0.012078626081347466
,,,4991,,0.004487932659685612
,,,4992,,0.0036777008790522814
,,,4993,,0.003031574422493577
,,,4994,,0.003203153610229492
,,,4995,,0.002495286986231804
,,,4996,,0.0028213774785399437
,,,4997,,0.0034368899650871754
,,,4998,,0.0028537518810480833
,,,4999,,0.003812123090028763
,,,5000,,0.003330847015604377
,,,5001,,0.003122701309621334
,,,5002,,0.002977234311401844
,,,5003,,0.003212760202586651
,,,5004,,0.00699709914624691
,,,5005,,0.008240393362939358
,,,5006,,0.008788013830780983
,,,5007,,0.008288673125207424
,,,5008,,0.0028859726153314114
,,,5009,,0.030813604593276978
,,,5010,,0.008625008165836334
,,,5011,,0.0205446258187294
,,,5012,,0.01146942563354969
,,,5013,,0.010037741623818874
,,,5014,,0.015431299805641174
,,,5015,,0.01679314486682415
,,,5016,,0.015494340099394321
,,,5017,,0.013671784661710262
,,,5018,,0.011178804561495781
,,,5019,,0.017235174775123596
,,,5020,,0.020757760852575302
,,,5021,,0.09183197468519211
,,,5022,,0.07589656114578247
,,,5023,,0.06744267791509628
,,,5024,,0.06752529740333557
,,,5025,,0.0959305465221405
,,,5026,,0.05984203517436981
,,,5027,,0.06331396847963333
,,,5028,,0.08279934525489807
,,,5029,,0.062416210770606995
,,,5030,,0.07717019319534302
,,,5031,,0.06322366744279861
,,,5032,,0.06878794729709625
,,,5033,,0.0778704583644867
,,,5034,,0.0743221566081047
,,,5035,,0.07162996381521225
,,,5036,,0.07025761157274246
,,,5037,,0.03205542266368866
21,,,1781,0.016705190762877464,
21,0.01718500256538391,,1781,,
22,,0.016314897686243057,1789,,
22,,0.028469426557421684,1799,,
22,,0.008955452591180801,1809,,
22,,0.022511137649416924,1819,,
22,,0.020082268863916397,1829,,
22,,0.020641405135393143,1839,,
22,,0.02454640343785286,1849,,
22,,0.008329637348651886,1859,,
,,,5038,,0.00047734571853652596
,,,5039,,0.0004736265982501209
,,,5040,,0.0010236789239570498
,,,5041,,0.0004304842441342771
,,,5042,,0.0008881884859874845
,,,5043,,0.0003549902467057109
,,,5044,,0.0007883866783231497
,,,5045,,0.00036479305708780885
,,,5046,,0.0006405168678611517
,,,5047,,0.00040905040805228055
,,,5048,,0.0009587005479261279
,,,5049,,0.0011364948004484177
,,,5050,,0.00040783899021334946
,,,5051,,0.0004967593704350293
,,,5052,,0.000797152635641396
,,,5053,,0.00041846762178465724
,,,5054,,0.0010190097382292151
,,,5055,,0.0010397036094218493
,,,5056,,0.0007052072905935347
,,,5057,,0.0014731079572811723
,,,5058,,0.00043341692071408033
,,,5059,,0.0003699418739415705
,,,5060,,0.0003062341420445591
,,,5061,,0.0011717883171513677
,,,5062,,0.0009070330997928977
,,,5063,,0.000764393771532923
,,,5064,,0.0006247836863622069
,,,5065,,0.009227106347680092
,,,5066,,0.0243817325681448
,,,5067,,0.022208288311958313
,,,5068,,0.02068411558866501
,,,5069,,0.022249069064855576
,,,5070,,0.022195834666490555
,,,5071,,0.09259402751922607
,,,5072,,0.03421741724014282
,,,5073,,0.019795041531324387
,,,5074,,0.020984824746847153
,,,5075,,0.014365357346832752
,,,5076,,0.009303268045186996
,,,5077,,0.0186174176633358
,,,5078,,0.012469921261072159
,,,5079,,0.010717807337641716
,,,5080,,0.02662608027458191
,,,5081,,0.023102864623069763
,,,5082,,0.01044514775276184
,,,5083,,0.03593779727816582
,,,5084,,0.01573287695646286
,,,5085,,0.005962769500911236
,,,5086,,0.021105453372001648
,,,5087,,0.008888697251677513
,,,5088,,0.009187012910842896
,,,5089,,0.012814164161682129
,,,5090,,0.004486572928726673
,,,5091,,0.012973101809620857
,,,5092,,0.012945431284606457
,,,5093,,0.024262188002467155
,,,5094,,0.022990679368376732
,,,5095,,0.010414700023829937
,,,5096,,0.015297743491828442
,,,5097,,0.010270380415022373
,,,5098,,0.013936735689640045
,,,5099,,0.010524524375796318
,,,5100,,0.009741552174091339
,,,5101,,0.012922685593366623
,,,5102,,0.012511050328612328
,,,5103,,0.0068204691633582115
,,,5104,,0.010426296852529049
,,,5105,,0.024307068437337875
,,,5106,,0.012130673043429852
,,,5107,,0.007723846472799778
,,,5108,,0.008847326040267944
,,,5109,,0.0009022499434649944
,,,5110,,0.0018022139556705952
,,,5111,,0.0009789005853235722
,,,5112,,0.0009534556302241981
,,,5113,,0.0008168452186509967
,,,5114,,0.0009453903185203671
,,,5115,,0.0005292703863233328
,,,5116,,0.000891593168489635
,,,5117,,0.0005958304973319173
,,,5118,,0.0009616350871510804
,,,5119,,0.0008798472699709237
,,,5120,,0.0011726622469723225
,,,5121,,0.0012478171847760677
,,,5122,,0.019261078909039497
,,,5123,,0.023517893627285957
,,,5124,,0.022212056443095207
,,,5125,,0.05344481021165848
,,,5126,,0.03724519908428192
,,,5127,,0.03349487483501434
,,,5128,,0.058482181280851364
,,,5129,,0.05410710722208023
,,,5130,,0.018224086612462997
,,,5131,,0.01699884422123432
,,,5132,,0.017969682812690735
,,,5133,,0.013816561549901962
,,,5134,,0.015485699288547039
,,,5135,,0.017489463090896606
,,,5136,,0.01481635496020317
,,,5137,,0.014908109791576862
,,,5138,,0.0171763114631176
,,,5139,,0.015044027008116245
,,,5140,,0.013976922258734703
,,,5141,,0.012909328565001488
,,,5142,,0.01761496625840664
,,,5143,,0.016399003565311432
,,,5144,,0.017589060589671135
,,,5145,,0.016026059165596962
,,,5146,,0.01508346013724804
,,,5147,,0.01908186636865139
,,,5148,,0.017011715099215508
,,,5149,,0.012996925041079521
,,,5150,,0.017608555033802986
,,,5151,,0.017259730026125908
,,,5152,,0.022473275661468506
,,,5153,,0.022952692583203316
,,,5154,,0.016628358513116837
,,,5155,,0.014041639864444733
,,,5156,,0.013527552597224712
,,,5157,,0.015270988456904888
,,,5158,,0.012235033325850964
,,,5159,,0.013282114639878273
,,,5160,,0.013966433703899384
,,,5161,,0.01364327035844326
,,,5162,,0.013550009578466415
,,,5163,,0.01377085316926241
,,,5164,,0.011663561686873436
,,,5165,,0.012316146865487099
,,,5166,,0.01250295341014862
,,,5167,,0.015507776290178299
,,,5168,,0.013249252922832966
,,,5169,,0.015077745541930199
,,,5170,,0.01422797329723835
,,,5171,,0.015667077153921127
,,,5172,,0.014720980077981949
,,,5173,,0.01372199784964323
,,,5174,,0.013185317628085613
,,,5175,,0.01484154723584652
,,,5176,,0.011183171533048153
,,,5177,,0.012301996350288391
,,,5178,,0.010701973922550678
,,,5179,,0.010977988131344318
,,,5180,,0.010905695147812366
,,,5181,,0.011536581441760063
,,,5182,,0.010887489654123783
,,,5183,,0.011388784274458885
,,,5184,,0.010857458226382732
,,,5185,,0.011750400066375732
,,,5186,,0.009415867738425732
,,,5187,,0.009873923845589161
,,,5188,,0.01079166866838932
,,,5189,,0.01167462207376957
,,,5190,,0.011278838850557804
,,,5191,,0.010847150348126888
,,,5192,,0.0123678520321846
,,,5193,,0.011366626247763634
,,,5194,,0.011528601869940758
,,,5195,,0.01032695360481739
,,,5196,,0.010697761550545692
,,,5197,,0.01179814524948597
,,,5198,,0.011608627624809742
,,,5199,,0.012806123122572899
,,,5200,,0.01467953436076641
,,,5201,,0.01320808008313179
,,,5202,,0.013684410601854324
,,,5203,,0.012220196425914764
,,,5204,,0.011242451146245003
,,,5205,,0.01164490357041359
,,,5206,,0.015827303752303123
,,,5207,,0.013608685694634914
,,,5208,,0.01169980876147747
,,,5209,,0.015178481116890907
,,,5210,,0.012945998460054398
,,,5211,,0.015926357358694077
,,,5212,,0.01262565515935421
,,,5213,,0.012008273042738438
,,,5214,,0.013970697298645973
,,,5215,,0.01371181383728981
,,,5216,,0.011929243803024292
,,,5217,,0.015257872641086578
,,,5218,,0.012845315039157867
,,,5219,,0.012515928596258163
,,,5220,,0.004544866271317005
,,,5221,,0.003549246583133936
,,,5222,,0.0027153249830007553
,,,5223,,0.00296787079423666
,,,5224,,0.002243736060336232
,,,5225,,0.002545994007959962
,,,5226,,0.0031160188373178244
,,,5227,,0.002696961397305131
,,,5228,,0.0035942220129072666
,,,5229,,0.003231767565011978
,,,5230,,0.002958225551992655
,,,5231,,0.002789334626868367
,,,5232,,0.0028888359665870667
,,,5233,,0.007032013963907957
,,,5234,,0.007845472544431686
,,,5235,,0.00858347024768591
,,,5236,,0.007963020354509354
,,,5237,,0.0028219278901815414
,,,5238,,0.029623284935951233
,,,5239,,0.008284218609333038
,,,5240,,0.020037490874528885
,,,5241,,0.010940488427877426
,,,5242,,0.009469438344240189
,,,5243,,0.015024078078567982
,,,5244,,0.01595478691160679
,,,5245,,0.015565915033221245
,,,5246,,0.013138914480805397
,,,5247,,0.011003455147147179
,,,5248,,0.017287718132138252
,,,5249,,0.020662767812609673
,,,5250,,0.09002688527107239
,,,5251,,0.074002206325531
,,,5252,,0.0658951848745346
,,,5253,,0.06580972671508789
,,,5254,,0.09392747282981873
,,,5255,,0.05887085199356079
,,,5256,,0.06212640553712845
,,,5257,,0.08050045371055603
,,,5258,,0.06091564893722534
,,,5259,,0.07530035078525543
,,,5260,,0.06150326132774353
,,,5261,,0.06713808327913284
,,,5262,,0.07615965604782104
,,,5263,,0.07269956916570663
,,,5264,,0.06969881057739258
,,,5265,,0.06866440922021866
,,,5266,,0.031024565920233727
22,,,1862,0.016447056084871292,
22,0.016227779909968376,,1862,,
23,,0.020087461918592453,1869,,
23,,0.03484445437788963,1879,,
23,,0.03845909237861633,1889,,
23,,0.03056301176548004,1899,,
23,,0.02584953047335148,1909,,
23,,0.023311883211135864,1919,,
23,,0.021276360377669334,1929,,
23,,0.018326330929994583,1939,,
,,,5267,,0.0007519907085224986
,,,5268,,0.0007708512712270021
,,,5269,,0.0014967063907533884
,,,5270,,0.0006766969454474747
,,,5271,,0.0014693840639665723
,,,5272,,0.0005306339589878917
,,,5273,,0.0014636184787377715
,,,5274,,0.000606248970143497
,,,5275,,0.0009696320630609989
,,,5276,,0.0006627088878303766
,,,5277,,0.0014393411111086607
,,,5278,,0.001678497064858675
,,,5279,,0.0006168625550344586
,,,5280,,0.0007634101202711463
,,,5281,,0.001074905740097165
,,,5282,,0.0006379394908435643
,,,5283,,0.001290536834858358
,,,5284,,0.0014023319818079472
,,,5285,,0.0011237070430070162
,,,5286,,0.001747065456584096
,,,5287,,0.0006326030706986785
,,,5288,,0.0006208723643794656
,,,5289,,0.0005268097156658769
,,,5290,,0.0015309590380638838
,,,5291,,0.0012993465643376112
,,,5292,,0.0011266643414273858
,,,5293,,0.0009238036582246423
,,,5294,,0.010318992659449577
,,,5295,,0.026532161980867386
,,,5296,,0.023991942405700684
,,,5297,,0.022145934402942657
,,,5298,,0.02354826033115387
,,,5299,,0.023415058851242065
,,,5300,,0.09460239857435226
,,,5301,,0.03610587865114212
,,,5302,,0.021498732268810272
,,,5303,,0.022212371230125427
,,,5304,,0.016273226588964462
,,,5305,,0.010713166557252407
,,,5306,,0.02033858373761177
,,,5307,,0.013731664977967739
,,,5308,,0.012213995680212975
,,,5309,,0.02928517386317253
,,,5310,,0.025105606764554977
,,,5311,,0.012383229099214077
,,,5312,,0.03867186978459358
,,,5313,,0.01763780415058136
,,,5314,,0.007541578263044357
,,,5315,,0.02310233935713768
,,,5316,,0.010157343000173569
,,,5317,,0.010410457849502563
,,,5318,,0.014119245111942291
,,,5319,,0.005787516012787819
,,,5320,,0.0146188298240304
,,,5321,,0.016116788610816002
,,,5322,,0.02692623808979988
,,,5323,,0.025598593056201935
,,,5324,,0.013494608923792839
,,,5325,,0.017827926203608513
,,,5326,,0.01303802989423275
,,,5327,,0.016821373254060745
,,,5328,,0.013725589960813522
,,,5329,,0.012534172274172306
,,,5330,,0.015571653842926025
,,,5331,,0.015234471298754215
,,,5332,,0.009094072505831718
,,,5333,,0.01274495106190443
,,,5334,,0.026811713352799416
,,,5335,,0.01461220346391201
,,,5336,,0.01043751835823059
,,,5337,,0.010716462507843971
,,,5338,,0.0012977814767509699
,,,5339,,0.0023753484711050987
,,,5340,,0.001085831318050623
,,,5341,,0.0015189507976174355
,,,5342,,0.0011915453942492604
,,,5343,,0.001274947775527835
,,,5344,,0.0008062315173447132
,,,5345,,0.0011869545560330153
,,,5346,,0.0008330452255904675
,,,5347,,0.0015818211250007153
,,,5348,,0.0012181441998109221
,,,5349,,0.0014830466825515032
,,,5350,,0.001554424874484539
,,,5351,,0.02458043396472931
,,,5352,,0.03004547767341137
,,,5353,,0.02864060550928116
,,,5354,,0.08257891237735748
,,,5355,,0.054956842213869095
,,,5356,,0.04411092773079872
,,,5357,,0.07426783442497253
,,,5358,,0.06637999415397644
,,,5359,,0.022023333236575127
,,,5360,,0.01938467286527157
,,,5361,,0.020753588527441025
,,,5362,,0.015306113287806511
,,,5363,,0.018035776913166046
,,,5364,,0.01949952356517315
,,,5365,,0.017073415219783783
,,,5366,,0.017310209572315216
,,,5367,,0.019553167745471
,,,5368,,0.018073420971632004
,,,5369,,0.016777146607637405
,,,5370,,0.014409806579351425
,,,5371,,0.02096952125430107
,,,5372,,0.018587518483400345
,,,5373,,0.02005905844271183
,,,5374,,0.01794891059398651
,,,5375,,0.017374642193317413
,,,5376,,0.02189900539815426
,,,5377,,0.01967233419418335
,,,5378,,0.014372030273079872
,,,5379,,0.019856173545122147
,,,5380,,0.019754741340875626
,,,5381,,0.033212482929229736
,,,5382,,0.033946119248867035
,,,5383,,0.02462588995695114
,,,5384,,0.01650150865316391
,,,5385,,0.01531043741852045
,,,5386,,0.0166518222540617
,,,5387,,0.013910319656133652
,,,5388,,0.015502122230827808
,,,5389,,0.016110148280858994
,,,5390,,0.015560029074549675
,,,5391,,0.014764956198632717
,,,5392,,0.015624908730387688
,,,5393,,0.013174794614315033
,,,5394,,0.014213991351425648
,,,5395,,0.013524122536182404
,,,5396,,0.01731250248849392
,,,5397,,0.015732869505882263
,,,5398,,0.016842767596244812
,,,5399,,0.015217328444123268
,,,5400,,0.017776228487491608
,,,5401,,0.016372112557291985
,,,5402,,0.014934795908629894
,,,5403,,0.014572903513908386
,,,5404,,0.017188619822263718
,,,5405,,0.012302529066801071
,,,5406,,0.01335989311337471
,,,5407,,0.011549042537808418
,,,5408,,0.011197661980986595
,,,5409,,0.01146954856812954
,,,5410,,0.012407885864377022
,,,5411,,0.011981111951172352
,,,5412,,0.012955524027347565
,,,5413,,0.011775260791182518
,,,5414,,0.012011460959911346
,,,5415,,0.010562019422650337
,,,5416,,0.010443801991641521
,,,5417,,0.011165361851453781
,,,5418,,0.012227961793541908
,,,5419,,0.012265855446457863
,,,5420,,0.01182290818542242
,,,5421,,0.013394143432378769
,,,5422,,0.012110949493944645
,,,5423,,0.01201564259827137
,,,5424,,0.010926847346127033
,,,5425,,0.011790243908762932
,,,5426,,0.012424387969076633
,,,5427,,0.011942480690777302
,,,5428,,0.01343473605811596
,,,5429,,0.015203127637505531
,,,5430,,0.013756056316196918
,,,5431,,0.014254555106163025
,,,5432,,0.012714090757071972
,,,5433,,0.011441169306635857
,,,5434,,0.012086302042007446
,,,5435,,0.01651092618703842
,,,5436,,0.013932997360825539
,,,5437,,0.011943181976675987
,,,5438,,0.015644051134586334
,,,5439,,0.013713249936699867
,,,5440,,0.016481921076774597
,,,5441,,0.01299550011754036
,,,5442,,0.012368335388600826
,,,5443,,0.014359126798808575
,,,5444,,0.014345258474349976
,,,5445,,0.012359512969851494
,,,5446,,0.015761572867631912
,,,5447,,0.013257443904876709
,,,5448,,0.01304463017731905
,,,5449,,0.005879361182451248
,,,5450,,0.004243870265781879
,,,5451,,0.0037223431281745434
,,,5452,,0.004172586370259523
,,,5453,,0.0033623669296503067
,,,5454,,0.003573402762413025
,,,5455,,0.003920017741620541
,,,5456,,0.003794984659180045
,,,5457,,0.004964974708855152
,,,5458,,0.004138596821576357
,,,5459,,0.0038313285913318396
,,,5460,,0.003891524625942111
,,,5461,,0.003923342097550631
,,,5462,,0.008186093531548977
,,,5463,,0.008701780810952187
,,,5464,,0.009461335837841034
,,,5465,,0.00906871072947979
,,,5466,,0.0032355915755033493
,,,5467,,0.031440041959285736
,,,5468,,0.009019752033054829
,,,5469,,0.0207825917750597
,,,5470,,0.011927708052098751
,,,5471,,0.010529948398470879
,,,5472,,0.015617800876498222
,,,5473,,0.01754169724881649
,,,5474,,0.016730718314647675
,,,5475,,0.01471593976020813
,,,5476,,0.011469971388578415
,,,5477,,0.018866974860429764
,,,5478,,0.021754832938313484
,,,5479,,0.09131070971488953
,,,5480,,0.07533034682273865
,,,5481,,0.06713096797466278
,,,5482,,0.06679317355155945
,,,5483,,0.09566174447536469
,,,5484,,0.059821244329214096
,,,5485,,0.06363551318645477
,,,5486,,0.08197025954723358
,,,5487,,0.06228870898485184
,,,5488,,0.07694118469953537
,,,5489,,0.06280966848134995
,,,5490,,0.06903936713933945
,,,5491,,0.07747030258178711
,,,5492,,0.07418286800384521
,,,5493,,0.07097266614437103
,,,5494,,0.0702417641878128
,,,5495,,0.03232704848051071
23,,,1943,0.01824294403195381,
23,0.02570539526641369,,1943,,
24,,0.010321109555661678,1949,,
24,,0.016766663640737534,1959,,
24,,0.016970377415418625,1969,,
24,,0.01624419167637825,1979,,
24,,0.012105527333915234,1989,,
24,,0.011523125693202019,1999,,
24,,0.01994076371192932,2009,,
24,,0.009287107735872269,2019,,
,,,5496,,0.00042807290446944535
,,,5497,,0.0003942199982702732
,,,5498,,0.0009858922567218542
,,,5499,,0.00040298060048371553
,,,5500,,0.0009427854092791677
,,,5501,,0.0003066042554564774
,,,5502,,0.0008475563954561949
,,,5503,,0.0003307950682938099
,,,5504,,0.0006346477894112468
,,,5505,,0.00033759220968931913
,,,5506,,0.000985303078778088
,,,5507,,0.001069450518116355
,,,5508,,0.0003767013258766383
,,,5509,,0.0004627177258953452
,,,5510,,0.0007319577853195369
,,,5511,,0.00039959343848749995
,,,5512,,0.0008842047536745667
,,,5513,,0.0009402842842973769
,,,5514,,0.0007042281213216484
,,,5515,,0.0013104958925396204
,,,5516,,0.0003697491774801165
,,,5517,,0.0003536278672982007
,,,5518,,0.00028721551643684506
,,,5519,,0.0010765918996185064
,,,5520,,0.0008596688858233392
,,,5521,,0.0006960867904126644
,,,5522,,0.0006282646209001541
,,,5523,,0.009271635673940182
,,,5524,,0.02449626289308071
,,,5525,,0.02226218953728676
,,,5526,,0.02064923197031021
,,,5527,,0.022263705730438232
,,,5528,,0.022108614444732666
,,,5529,,0.09284993261098862
,,,5530,,0.03421676158905029
,,,5531,,0.01984233781695366
,,,5532,,0.02090643346309662
,,,5533,,0.014601915143430233
,,,5534,,0.009433778934180737
,,,5535,,0.01885576918721199
,,,5536,,0.01244262047111988
,,,5537,,0.010725204832851887
,,,5538,,0.026716530323028564
,,,5539,,0.023018239066004753
,,,5540,,0.01070860680192709
,,,5541,,0.03602275997400284
,,,5542,,0.015752693638205528
,,,5543,,0.0060339681804180145
,,,5544,,0.02099784091114998
,,,5545,,0.008969857357442379
,,,5546,,0.00921584665775299
,,,5547,,0.012867633253335953
,,,5548,,0.004529158119112253
,,,5549,,0.013105887919664383
,,,5550,,0.012878108769655228
,,,5551,,0.0239022858440876
,,,5552,,0.02272981032729149
,,,5553,,0.01048297993838787
,,,5554,,0.015008616261184216
,,,5555,,0.010622084140777588
,,,5556,,0.013633046299219131
,,,5557,,0.01093137077987194
,,,5558,,0.010008130222558975
,,,5559,,0.012874518521130085
,,,5560,,0.012443771585822105
,,,5561,,0.006759483367204666
,,,5562,,0.010348325595259666
,,,5563,,0.0236200001090765
,,,5564,,0.011913636699318886
,,,5565,,0.007439563982188702
,,,5566,,0.008783852681517601
,,,5567,,0.0008582668961025774
,,,5568,,0.0018426630413159728
,,,5569,,0.0008245036005973816
,,,5570,,0.000917427649255842
,,,5571,,0.0007498005870729685
,,,5572,,0.0009138498571701348
,,,5573,,0.0005273714778013527
,,,5574,,0.0007527652196586132
,,,5575,,0.0005090925842523575
,,,5576,,0.0010016269516199827
,,,5577,,0.0007303239544853568
,,,5578,,0.0012817482929676771
,,,5579,,0.0011839206563308835
,,,5580,,0.019930265843868256
,,,5581,,0.02467750571668148
,,,5582,,0.022778574377298355
,,,5583,,0.061763204634189606
,,,5584,,0.04285997524857521
,,,5585,,0.035618994385004044
,,,5586,,0.06144968047738075
,,,5587,,0.05592457205057144
,,,5588,,0.01830437406897545
,,,5589,,0.016640232875943184
,,,5590,,0.017699720337986946
,,,5591,,0.01309851836413145
,,,5592,,0.014967485330998898
,,,5593,,0.01678302511572838
,,,5594,,0.014331365004181862
,,,5595,,0.014518771320581436
,,,5596,,0.01660113036632538
,,,5597,,0.01480085588991642
,,,5598,,0.014051174744963646
,,,5599,,0.012436412274837494
,,,5600,,0.017442073673009872
,,,5601,,0.01575961336493492
,,,5602,,0.017090091481804848
,,,5603,,0.01520861592143774
,,,5604,,0.0145780760794878
,,,5605,,0.01853928156197071
,,,5606,,0.016573432832956314
,,,5607,,0.012396546080708504
,,,5608,,0.01709328591823578
,,,5609,,0.016586173325777054
,,,5610,,0.023954374715685844
,,,5611,,0.024465098977088928
,,,5612,,0.01726532354950905
,,,5613,,0.013258249498903751
,,,5614,,0.012553533539175987
,,,5615,,0.01403697021305561
,,,5616,,0.01129825972020626
,,,5617,,0.012476267293095589
,,,5618,,0.013151352293789387
,,,5619,,0.012881665490567684
,,,5620,,0.012562092393636703
,,,5621,,0.012926988303661346
,,,5622,,0.010887403972446918
,,,5623,,0.011458581313490868
,,,5624,,0.0116334930062294
,,,5625,,0.014603512361645699
,,,5626,,0.012540515512228012
,,,5627,,0.014292609877884388
,,,5628,,0.013138767331838608
,,,5629,,0.014711419120430946
,,,5630,,0.013771316036581993
,,,5631,,0.01281336322426796
,,,5632,,0.012198282405734062
,,,5633,,0.01396873313933611
,,,5634,,0.010533998720347881
,,,5635,,0.011831702664494514
,,,5636,,0.009914814494550228
,,,5637,,0.009960888884961605
,,,5638,,0.010091138072311878
,,,5639,,0.011020353063941002
,,,5640,,0.010489676147699356
,,,5641,,0.011265617795288563
,,,5642,,0.010184469632804394
,,,5643,,0.011124582961201668
,,,5644,,0.009257333353161812
,,,5645,,0.009103497490286827
,,,5646,,0.010037750005722046
,,,5647,,0.011112750507891178
,,,5648,,0.010887635871767998
,,,5649,,0.010392301715910435
,,,5650,,0.012162034399807453
,,,5651,,0.010774924419820309
,,,5652,,0.0108058862388134
,,,5653,,0.009938055649399757
,,,5654,,0.010324783623218536
,,,5655,,0.011016171425580978
,,,5656,,0.010729974135756493
,,,5657,,0.011950304731726646
,,,5658,,0.013570599257946014
,,,5659,,0.012237449176609516
,,,5660,,0.012764486484229565
,,,5661,,0.01131774764508009
,,,5662,,0.01024433970451355
,,,5663,,0.010801589116454124
,,,5664,,0.014763692393898964
,,,5665,,0.0124288871884346
,,,5666,,0.01071839313954115
,,,5667,,0.014027721248567104
,,,5668,,0.011961152777075768
,,,5669,,0.0148624861612916
,,,5670,,0.01167750172317028
,,,5671,,0.01091036107391119
,,,5672,,0.012900193221867085
,,,5673,,0.012834960594773293
,,,5674,,0.010983694344758987
,,,5675,,0.014023537747561932
,,,5676,,0.011902710422873497
,,,5677,,0.01153989601880312
,,,5678,,0.004641305655241013
,,,5679,,0.0036016395315527916
,,,5680,,0.0027515096589922905
,,,5681,,0.0029575093649327755
,,,5682,,0.002324613742530346
,,,5683,,0.0026098641101270914
,,,5684,,0.0030922985170036554
,,,5685,,0.002717685652896762
,,,5686,,0.003797757439315319
,,,5687,,0.003113151527941227
,,,5688,,0.00294070178642869
,,,5689,,0.0029600232373923063
,,,5690,,0.003104118863120675
,,,5691,,0.006921267136931419
,,,5692,,0.0076858485117554665
,,,5693,,0.0082161333411932
,,,5694,,0.007760660257190466
,,,5695,,0.002619200386106968
,,,5696,,0.028375480324029922
,,,5697,,0.008047346957027912
,,,5698,,0.018745839595794678
,,,5699,,0.010684307664632797
,,,5700,,0.00908421166241169
,,,5701,,0.014076359570026398
,,,5702,,0.01572795957326889
,,,5703,,0.015453539788722992
,,,5704,,0.012693769298493862
,,,5705,,0.009900756180286407
,,,5706,,0.0162129458039999
,,,5707,,0.01984785497188568
,,,5708,,0.08830751478672028
,,,5709,,0.07260605692863464
,,,5710,,0.06439223885536194
,,,5711,,0.06434264034032822
,,,5712,,0.09202763438224792
,,,5713,,0.05719907581806183
,,,5714,,0.06098927929997444
,,,5715,,0.07904797792434692
,,,5716,,0.059741951525211334
,,,5717,,0.0737241879105568
,,,5718,,0.06012044847011566
,,,5719,,0.06589312851428986
,,,5720,,0.07476766407489777
,,,5721,,0.07144071161746979
,,,5722,,0.06796365976333618
,,,5723,,0.06700163334608078
,,,5724,,0.03048175573348999
24,,,2024,0.016139663755893707,
24,0.016999972984194756,,2024,,
25,,0.014636736363172531,2029,,
25,,0.017695214599370956,2039,,
25,,0.010133622214198112,2049,,
25,,0.006500975228846073,2059,,
25,,0.012147162109613419,2069,,
25,,0.016473740339279175,2079,,
25,,0.019569890573620796,2089,,
25,,0.0142251867800951,2099,,
,,,5725,,0.0004388800007291138
,,,5726,,0.00039450841723009944
,,,5727,,0.000925992731936276
,,,5728,,0.0004215641238261014
,,,5729,,0.00097398750949651
,,,5730,,0.00029608418117277324
,,,5731,,0.000833975151181221
,,,5732,,0.00031670130556449294
,,,5733,,0.0006930081872269511
,,,5734,,0.0003450346412137151
,,,5735,,0.0009539946913719177
,,,5736,,0.0010098392376676202
,,,5737,,0.0003249705187045038
,,,5738,,0.00047347243526019156
,,,5739,,0.0007168929441832006
,,,5740,,0.00037879173760302365
,,,5741,,0.0008787138503976166
,,,5742,,0.000841792207211256
,,,5743,,0.0006942154141142964
,,,5744,,0.0012698493665084243
,,,5745,,0.000357094599166885
,,,5746,,0.000361612910637632
,,,5747,,0.0002833427570294589
,,,5748,,0.001043575699441135
,,,5749,,0.0008423769613727927
,,,5750,,0.0006594536826014519
,,,5751,,0.0005925198784098029
,,,5752,,0.008830420672893524
,,,5753,,0.02388148009777069
,,,5754,,0.021615684032440186
,,,5755,,0.020305689424276352
,,,5756,,0.021740160882472992
,,,5757,,0.021585065871477127
,,,5758,,0.09196607768535614
,,,5759,,0.033455781638622284
,,,5760,,0.01924329437315464
,,,5761,,0.020254218950867653
,,,5762,,0.014040939509868622
,,,5763,,0.008953278884291649
,,,5764,,0.018259789794683456
,,,5765,,0.011929603293538094
,,,5766,,0.010153967887163162
,,,5767,,0.025723734870553017
,,,5768,,0.022224128246307373
,,,5769,,0.010155766271054745
,,,5770,,0.03482506051659584
,,,5771,,0.015116799622774124
,,,5772,,0.005528330337256193
,,,5773,,0.020033739507198334
,,,5774,,0.00851292721927166
,,,5775,,0.00884254090487957
,,,5776,,0.012302166782319546
,,,5777,,0.004187798127532005
,,,5778,,0.012454826384782791
,,,5779,,0.01217607595026493
,,,5780,,0.022982202470302582
,,,5781,,0.021660998463630676
,,,5782,,0.009703442454338074
,,,5783,,0.014086867682635784
,,,5784,,0.009601407684385777
,,,5785,,0.012755529955029488
,,,5786,,0.010040102526545525
,,,5787,,0.009202932007610798
,,,5788,,0.011966479010879993
,,,5789,,0.011466000229120255
,,,5790,,0.006240743678063154
,,,5791,,0.009712638333439827
,,,5792,,0.022718334570527077
,,,5793,,0.011173803359270096
,,,5794,,0.006731911096721888
,,,5795,,0.008175959810614586
,,,5796,,0.0007782552856951952
,,,5797,,0.0017487435834482312
,,,5798,,0.000866132031660527
,,,5799,,0.0008806127007119358
,,,5800,,0.0007109404541552067
,,,5801,,0.0008162816520780325
,,,5802,,0.0004824382485821843
,,,5803,,0.0007412023842334747
,,,5804,,0.0004670152557082474
,,,5805,,0.0009246969129890203
,,,5806,,0.0007595515344291925
,,,5807,,0.0011525149457156658
,,,5808,,0.001064459909684956
,,,5809,,0.017915058881044388
,,,5810,,0.022161390632390976
,,,5811,,0.02058444917201996
,,,5812,,0.05493143945932388
,,,5813,,0.038634758442640305
,,,5814,,0.033119671046733856
,,,5815,,0.05737576261162758
,,,5816,,0.052668530493974686
,,,5817,,0.017073389142751694
,,,5818,,0.015376899391412735
,,,5819,,0.01631110906600952
,,,5820,,0.012216555885970592
,,,5821,,0.013965120539069176
,,,5822,,0.01565674878656864
,,,5823,,0.01333658304065466
,,,5824,,0.013338631950318813
,,,5825,,0.015455584973096848
,,,5826,,0.013489335775375366
,,,5827,,0.01251235045492649
,,,5828,,0.011580631136894226
,,,5829,,0.015910927206277847
,,,5830,,0.014628326520323753
,,,5831,,0.015920985490083694
,,,5832,,0.014191145077347755
,,,5833,,0.013521375134587288
,,,5834,,0.017166607081890106
,,,5835,,0.015297360718250275
,,,5836,,0.011570879258215427
,,,5837,,0.015717852860689163
,,,5838,,0.01552600972354412
,,,5839,,0.022410355508327484
,,,5840,,0.022847704589366913
,,,5841,,0.01629089005291462
,,,5842,,0.012802418321371078
,,,5843,,0.012134592980146408
,,,5844,,0.01367831602692604
,,,5845,,0.010920875705778599
,,,5846,,0.012050388380885124
,,,5847,,0.012622985988855362
,,,5848,,0.012279989197850227
,,,5849,,0.012040538713335991
,,,5850,,0.0124551085755229
,,,5851,,0.010366285219788551
,,,5852,,0.010982564650475979
,,,5853,,0.011079365387558937
,,,5854,,0.013955119997262955
,,,5855,,0.01205061748623848
,,,5856,,0.0136426892131567
,,,5857,,0.012647558934986591
,,,5858,,0.014110660180449486
,,,5859,,0.013265139423310757
,,,5860,,0.01236419752240181
,,,5861,,0.011801410466432571
,,,5862,,0.013467052951455116
,,,5863,,0.009831791743636131
,,,5864,,0.010964225977659225
,,,5865,,0.009517216123640537
,,,5866,,0.009516803547739983
,,,5867,,0.009663151577115059
,,,5868,,0.010294577106833458
,,,5869,,0.009635752066969872
,,,5870,,0.01010853797197342
,,,5871,,0.00950590055435896
,,,5872,,0.01046635489910841
,,,5873,,0.008506000973284245
,,,5874,,0.008543906733393669
,,,5875,,0.009447984397411346
,,,5876,,0.010296987369656563
,,,5877,,0.0099248131737113
,,,5878,,0.009728829376399517
,,,5879,,0.010881872847676277
,,,5880,,0.010030091740190983
,,,5881,,0.010137487202882767
,,,5882,,0.009256880730390549
,,,5883,,0.009343286976218224
,,,5884,,0.010389281436800957
,,,5885,,0.010073927231132984
,,,5886,,0.011294126510620117
,,,5887,,0.01286037266254425
,,,5888,,0.011565178632736206
,,,5889,,0.012153677642345428
,,,5890,,0.01075325533747673
,,,5891,,0.009576739743351936
,,,5892,,0.010189809836447239
,,,5893,,0.013952776789665222
,,,5894,,0.011759590357542038
,,,5895,,0.01013603899627924
,,,5896,,0.013333136215806007
,,,5897,,0.011468466371297836
,,,5898,,0.014100360684096813
,,,5899,,0.011038665659725666
,,,5900,,0.010331252589821815
,,,5901,,0.01219999697059393
,,,5902,,0.012143170461058617
,,,5903,,0.01039387471973896
,,,5904,,0.013382097706198692
,,,5905,,0.011240256018936634
,,,5906,,0.010899020358920097
,,,5907,,0.004424397833645344
,,,5908,,0.0032995115034282207
,,,5909,,0.0025720340199768543
,,,5910,,0.0028211232274770737
,,,5911,,0.0021491283550858498
,,,5912,,0.0024256608448922634
,,,5913,,0.002915517892688513
,,,5914,,0.002530983416363597
,,,5915,,0.0035378998145461082
,,,5916,,0.002951923292130232
,,,5917,,0.0027686627581715584
,,,5918,,0.0027458458207547665
,,,5919,,0.002843881491571665
,,,5920,,0.0065225875005126
,,,5921,,0.00709977000951767
,,,5922,,0.008014123886823654
,,,5923,,0.007352865766733885
,,,5924,,0.002564894501119852
,,,5925,,0.027372196316719055
,,,5926,,0.007795203477144241
,,,5927,,0.01811319589614868
,,,5928,,0.010266946628689766
,,,5929,,0.008664613589644432
,,,5930,,0.013572599738836288
,,,5931,,0.015329970978200436
,,,5932,,0.014378261752426624
,,,5933,,0.011905932798981667
,,,5934,,0.009772839024662971
,,,5935,,0.015395051799714565
,,,5936,,0.0192258320748806
,,,5937,,0.08653328567743301
,,,5938,,0.0706695169210434
,,,5939,,0.0627642571926117
,,,5940,,0.06284309178590775
,,,5941,,0.09027528762817383
,,,5942,,0.05584898591041565
,,,5943,,0.05934802442789078
,,,5944,,0.07710999250411987
,,,5945,,0.05808694660663605
,,,5946,,0.07172265648841858
,,,5947,,0.05857165902853012
,,,5948,,0.06434504687786102
,,,5949,,0.07291921973228455
,,,5950,,0.06969164311885834
,,,5951,,0.06619460880756378
,,,5952,,0.06533142924308777
,,,5953,,0.03011065535247326
25,,,2105,0.015398780815303326,
25,0.015542971901595592,,2105,,
26,,0.01681024208664894,2109,,
26,,0.025483272969722748,2119,,
26,,0.015871748328208923,2129,,
26,,0.013251037336885929,2139,,
26,,0.00913429819047451,2149,,
26,,0.01182523462921381,2159,,
26,,0.013361720368266106,2169,,
26,,0.02303168922662735,2179,,
,,,5954,,0.0004893125733360648
,,,5955,,0.00044228212209418416
,,,5956,,0.0008810481522232294
,,,5957,,0.0005266082007437944
,,,5958,,0.001087875571101904
,,,5959,,0.0003571979468688369
,,,5960,,0.0007702248403802514
,,,5961,,0.00038102755206637084
,,,5962,,0.0007765863556414843
,,,5963,,0.00040614535100758076
,,,5964,,0.000949488952755928
,,,5965,,0.0009902105666697025
,,,5966,,0.0003629585262387991
,,,5967,,0.0005393330357037485
,,,5968,,0.0007804667693562806
,,,5969,,0.0004947117413394153
,,,5970,,0.0009810924530029297
,,,5971,,0.0008514494402334094
,,,5972,,0.0008493262575939298
,,,5973,,0.0012540046591311693
,,,5974,,0.0004023975052405149
,,,5975,,0.0004184371791779995
,,,5976,,0.00036853094934485853
,,,5977,,0.0010403826599940658
,,,5978,,0.0008848830475471914
,,,5979,,0.0007173785124905407
,,,5980,,0.0007242767605930567
,,,5981,,0.008708076551556587
,,,5982,,0.02359798364341259
,,,5983,,0.02138993889093399
,,,5984,,0.02004830911755562
,,,5985,,0.021472817286849022
,,,5986,,0.021335583180189133
,,,5987,,0.09158267080783844
,,,5988,,0.03309626504778862
,,,5989,,0.018964428454637527
,,,5990,,0.020112596452236176
,,,5991,,0.013843795284628868
,,,5992,,0.0087839774787426
,,,5993,,0.018014967441558838
,,,5994,,0.011874770745635033
,,,5995,,0.009881644509732723
,,,5996,,0.025193840265274048
,,,5997,,0.02208944596350193
,,,5998,,0.009949546307325363
,,,5999,,0.0342586375772953
,,,6000,,0.014793803915381432
,,,6001,,0.005451073404401541
,,,6002,,0.019692420959472656
,,,6003,,0.008372269570827484
,,,6004,,0.008669400587677956
,,,6005,,0.012043126858770847
,,,6006,,0.004154047928750515
,,,6007,,0.012259860523045063
,,,6008,,0.011576755903661251
,,,6009,,0.022213773801922798
,,,6010,,0.020969510078430176
,,,6011,,0.009193480014801025
,,,6012,,0.01377587765455246
,,,6013,,0.009466955438256264
,,,6014,,0.01238419208675623
,,,6015,,0.009870938956737518
,,,6016,,0.009133219718933105
,,,6017,,0.011721611954271793
,,,6018,,0.011147323995828629
,,,6019,,0.006140787620097399
,,,6020,,0.009507914073765278
,,,6021,,0.021855296567082405
,,,6022,,0.010954618453979492
,,,6023,,0.00642160139977932
,,,6024,,0.007929549552500248
,,,6025,,0.0008098488906398416
,,,6026,,0.0017944318242371082
,,,6027,,0.0011737421154975891
,,,6028,,0.000977303716354072
,,,6029,,0.0008099975530058146
,,,6030,,0.0008737511234357953
,,,6031,,0.0004980229423381388
,,,6032,,0.0009715945343486965
,,,6033,,0.0005320960190147161
,,,6034,,0.0010045168455690145
,,,6035,,0.0009180298657156527
,,,6036,,0.0008597744163125753
,,,6037,,0.0011289874091744423
,,,6038,,0.01671478897333145
,,,6039,,0.02052098512649536
,,,6040,,0.019478969275951385
,,,6041,,0.0524107851088047
,,,6042,,0.036577433347702026
,,,6043,,0.03199179470539093
,,,6044,,0.0556018128991127
,,,6045,,0.05099019035696983
,,,6046,,0.016577059403061867
,,,6047,,0.01482408121228218
,,,6048,,0.015765365213155746
,,,6049,,0.011827316135168076
,,,6050,,0.013434134423732758
,,,6051,,0.015188958495855331
,,,6052,,0.012739668600261211
,,,6053,,0.012941653840243816
,,,6054,,0.01494146790355444
,,,6055,,0.0129355788230896
,,,6056,,0.012066658586263657
,,,6057,,0.01121852919459343
,,,6058,,0.015344631858170033
,,,6059,,0.014142559841275215
,,,6060,,0.015495041385293007
,,,6061,,0.013735724613070488
,,,6062,,0.013012005016207695
,,,6063,,0.016671445220708847
,,,6064,,0.0149230370298028
,,,6065,,0.01116765197366476
,,,6066,,0.015342283993959427
,,,6067,,0.014995677396655083
,,,6068,,0.021519258618354797
,,,6069,,0.02180776186287403
,,,6070,,0.015633398666977882
,,,6071,,0.012198174372315407
,,,6072,,0.011552944779396057
,,,6073,,0.013086477294564247
,,,6074,,0.010428205132484436
,,,6075,,0.0115159060806036
,,,6076,,0.012081971392035484
,,,6077,,0.011815108358860016
,,,6078,,0.01167792733758688
,,,6079,,0.011834939941763878
,,,6080,,0.010021654888987541
,,,6081,,0.010530509054660797
,,,6082,,0.010753360576927662
,,,6083,,0.013417981564998627
,,,6084,,0.011499028652906418
,,,6085,,0.013230538927018642
,,,6086,,0.012137513607740402
,,,6087,,0.013516821898519993
,,,6088,,0.012788069434463978
,,,6089,,0.011852642521262169
,,,6090,,0.011299559846520424
,,,6091,,0.012876058928668499
,,,6092,,0.009453264065086842
,,,6093,,0.01054476946592331
,,,6094,,0.009146427735686302
,,,6095,,0.009111909195780754
,,,6096,,0.009228141978383064
,,,6097,,0.009898283518850803
,,,6098,,0.009313198737800121
,,,6099,,0.00977002177387476
,,,6100,,0.009199941530823708
,,,6101,,0.009798138402402401
,,,6102,,0.008077294565737247
,,,6103,,0.008252717554569244
,,,6104,,0.009073298424482346
,,,6105,,0.00992018636316061
,,,6106,,0.009635021910071373
,,,6107,,0.009436648339033127
,,,6108,,0.010488076135516167
,,,6109,,0.009668134152889252
,,,6110,,0.009766597300767899
,,,6111,,0.00881766714155674
,,,6112,,0.00911258440464735
,,,6113,,0.010053751990199089
,,,6114,,0.009768769145011902
,,,6115,,0.010935299098491669
,,,6116,,0.01246707234531641
,,,6117,,0.011169938370585442
,,,6118,,0.011781143955886364
,,,6119,,0.010413515381515026
,,,6120,,0.009294052608311176
,,,6121,,0.009908937849104404
,,,6122,,0.01347404159605503
,,,6123,,0.011414304375648499
,,,6124,,0.009838912636041641
,,,6125,,0.012952912598848343
,,,6126,,0.011048633605241776
,,,6127,,0.013710652478039265
,,,6128,,0.010716091841459274
,,,6129,,0.01002034917473793
,,,6130,,0.01182559970766306
,,,6131,,0.011781019158661366
,,,6132,,0.010119020007550716
,,,6133,,0.012931281700730324
,,,6134,,0.010935073718428612
,,,6135,,0.010540876537561417
,,,6136,,0.0043313466012477875
,,,6137,,0.0033511659130454063
,,,6138,,0.0026626696344465017
,,,6139,,0.0027973526157438755
,,,6140,,0.0021965038031339645
,,,6141,,0.002500704023987055
,,,6142,,0.00302470987662673
,,,6143,,0.002534432802349329
,,,6144,,0.0034460676833987236
,,,6145,,0.002949979156255722
,,,6146,,0.002831075806170702
,,,6147,,0.002686736173927784
,,,6148,,0.002957133110612631
,,,6149,,0.006130794528871775
,,,6150,,0.006909176241606474
,,,6151,,0.00757342204451561
,,,6152,,0.006903804372996092
,,,6153,,0.002426290651783347
,,,6154,,0.026051970198750496
,,,6155,,0.007699443958699703
,,,6156,,0.01753942295908928
,,,6157,,0.010119402781128883
,,,6158,,0.00837597344070673
,,,6159,,0.012902745977044106
,,,6160,,0.014500629156827927
,,,6161,,0.013573444448411465
,,,6162,,0.011136556044220924
,,,6163,,0.009038137272000313
,,,6164,,0.014632408507168293
,,,6165,,0.018832895904779434
,,,6166,,0.08525273203849792
,,,6167,,0.06945846974849701
,,,6168,,0.061490755528211594
,,,6169,,0.06170470640063286
,,,6170,,0.0886169821023941
,,,6171,,0.05472338944673538
,,,6172,,0.05850685387849808
,,,6173,,0.07565270364284515
,,,6174,,0.057086460292339325
,,,6175,,0.07024778425693512
,,,6176,,0.0574956089258194
,,,6177,,0.06290055066347122
,,,6178,,0.071947380900383
,,,6179,,0.06837333738803864
,,,6180,,0.06475405395030975
,,,6181,,0.06412987411022186
,,,6182,,0.029144633561372757
26,,,2186,0.014996368438005447,
26,0.014805587008595467,,2186,,
27,,0.02645941823720932,2189,,
27,,0.013779712840914726,2199,,
27,,0.013949341140687466,2209,,
27,,0.014316592365503311,2219,,
27,,0.012880531139671803,2229,,
27,,0.009110935032367706,2239,,
27,,0.011116916313767433,2249,,
27,,0.016348283737897873,2259,,
,,,6183,,0.001096217893064022
,,,6184,,0.0011638206196948886
,,,6185,,0.0013141174567863345
,,,6186,,0.0011003087274730206
,,,6187,,0.002111614914610982
,,,6188,,0.0007237690733745694
,,,6189,,0.001152574084699154
,,,6190,,0.0009693943429738283
,,,6191,,0.0016208367887884378
,,,6192,,0.000873398152180016
,,,6193,,0.001441699219867587
,,,6194,,0.001314359251409769
,,,6195,,0.0008721132762730122
,,,6196,,0.0011089453473687172
,,,6197,,0.0011251087998971343
,,,6198,,0.0009687505662441254
,,,6199,,0.001807325636036694
,,,6200,,0.001394746359437704
,,,6201,,0.0017294487915933132
,,,6202,,0.001602841541171074
,,,6203,,0.0008089608745649457
,,,6204,,0.001030834042467177
,,,6205,,0.0008855066262185574
,,,6206,,0.00162052595987916
,,,6207,,0.0013448564568534493
,,,6208,,0.0013553407043218613
,,,6209,,0.0013414487475529313
,,,6210,,0.009900165721774101
,,,6211,,0.024568594992160797
,,,6212,,0.02242405340075493
,,,6213,,0.021160833537578583
,,,6214,,0.02253563702106476
,,,6215,,0.02247500978410244
,,,6216,,0.09295269846916199
,,,6217,,0.03384792059659958
,,,6218,,0.020015433430671692
,,,6219,,0.02123868279159069
,,,6220,,0.015182731673121452
,,,6221,,0.009997405111789703
,,,6222,,0.019261714071035385
,,,6223,,0.013571817427873611
,,,6224,,0.011767099611461163
,,,6225,,0.02637552097439766
,,,6226,,0.02331811562180519
,,,6227,,0.011114832013845444
,,,6228,,0.03522689267992973
,,,6229,,0.01602962426841259
,,,6230,,0.007014893926680088
,,,6231,,0.020488932728767395
,,,6232,,0.010096915997564793
,,,6233,,0.010303433984518051
,,,6234,,0.01384046021848917
,,,6235,,0.00621697586029768
,,,6236,,0.013985604047775269
,,,6237,,0.01420903392136097
,,,6238,,0.024372871965169907
,,,6239,,0.023113122209906578
,,,6240,,0.011485605500638485
,,,6241,,0.015250811353325844
,,,6242,,0.010924962349236012
,,,6243,,0.014280298724770546
,,,6244,,0.011296940967440605
,,,6245,,0.01001996174454689
,,,6246,,0.013190701603889465
,,,6247,,0.012759805656969547
,,,6248,,0.00785866379737854
,,,6249,,0.011568197049200535
,,,6250,,0.024304775521159172
,,,6251,,0.012698540464043617
,,,6252,,0.008754692040383816
,,,6253,,0.009173871949315071
,,,6254,,0.0015824974980205297
,,,6255,,0.0023468276485800743
,,,6256,,0.0019138569477945566
,,,6257,,0.0018567797960713506
,,,6258,,0.001659147790633142
,,,6259,,0.0014512680936604738
,,,6260,,0.00104265077970922
,,,6261,,0.0016892007552087307
,,,6262,,0.0010360714513808489
,,,6263,,0.0017768280813470483
,,,6264,,0.001867268467321992
,,,6265,,0.0013759291032329202
,,,6266,,0.0016296554822474718
,,,6267,,0.01622639410197735
,,,6268,,0.019989682361483574
,,,6269,,0.01959596760571003
,,,6270,,0.0511968731880188
,,,6271,,0.037181783467531204
,,,6272,,0.03304728865623474
,,,6273,,0.05704148858785629
,,,6274,,0.05207543820142746
,,,6275,,0.017488447949290276
,,,6276,,0.015723278746008873
,,,6277,,0.01681778021156788
,,,6278,,0.012605614960193634
,,,6279,,0.01402947586029768
,,,6280,,0.015877021476626396
,,,6281,,0.013516634702682495
,,,6282,,0.013761420734226704
,,,6283,,0.01563929207623005
,,,6284,,0.013773531652987003
,,,6285,,0.013362498953938484
,,,6286,,0.011991197243332863
,,,6287,,0.01639644056558609
,,,6288,,0.014910775236785412
,,,6289,,0.016334807500243187
,,,6290,,0.014601638540625572
,,,6291,,0.013758854940533638
,,,6292,,0.01766178011894226
,,,6293,,0.01568572223186493
,,,6294,,0.011873316019773483
,,,6295,,0.016320345923304558
,,,6296,,0.01590421237051487
,,,6297,,0.02374321222305298
,,,6298,,0.023737331852316856
,,,6299,,0.017857693135738373
,,,6300,,0.012530186213552952
,,,6301,,0.011958388611674309
,,,6302,,0.01356266438961029
,,,6303,,0.010655703023076057
,,,6304,,0.011715849861502647
,,,6305,,0.012302049435675144
,,,6306,,0.012235719710588455
,,,6307,,0.01192112360149622
,,,6308,,0.01195873785763979
,,,6309,,0.01032915897667408
,,,6310,,0.010777687653899193
,,,6311,,0.011172955855727196
,,,6312,,0.013858403079211712
,,,6313,,0.011898472905158997
,,,6314,,0.013652809895575047
,,,6315,,0.012393251992762089
,,,6316,,0.014058845117688179
,,,6317,,0.01312939077615738
,,,6318,,0.012067282572388649
,,,6319,,0.011480006389319897
,,,6320,,0.013239405117928982
,,,6321,,0.010919012129306793
,,,6322,,0.012290805578231812
,,,6323,,0.009777804836630821
,,,6324,,0.009926766157150269
,,,6325,,0.009915781207382679
,,,6326,,0.01097896695137024
,,,6327,,0.011334552429616451
,,,6328,,0.01168285496532917
,,,6329,,0.010560166090726852
,,,6330,,0.011024417355656624
,,,6331,,0.009797545149922371
,,,6332,,0.009281480684876442
,,,6333,,0.010170601308345795
,,,6334,,0.010932102799415588
,,,6335,,0.011242066510021687
,,,6336,,0.01026858389377594
,,,6337,,0.012753051705658436
,,,6338,,0.011155670508742332
,,,6339,,0.010791577398777008
,,,6340,,0.009918717667460442
,,,6341,,0.010741222649812698
,,,6342,,0.011149768717586994
,,,6343,,0.010626541450619698
,,,6344,,0.012114403769373894
,,,6345,,0.01350204087793827
,,,6346,,0.012390822172164917
,,,6347,,0.012827220372855663
,,,6348,,0.011364826001226902
,,,6349,,0.010518386028707027
,,,6350,,0.010760138742625713
,,,6351,,0.014800991863012314
,,,6352,,0.012619215995073318
,,,6353,,0.010808884166181087
,,,6354,,0.01399104855954647
,,,6355,,0.011662155389785767
,,,6356,,0.014805813319981098
,,,6357,,0.011800918728113174
,,,6358,,0.011018875986337662
,,,6359,,0.012940842658281326
,,,6360,,0.012765434570610523
,,,6361,,0.011091121472418308
,,,6362,,0.014098439365625381
,,,6363,,0.011926170438528061
,,,6364,,0.011713667772710323
,,,6365,,0.006293345708400011
,,,6366,,0.006039432715624571
,,,6367,,0.004791861400008202
,,,6368,,0.005214895587414503
,,,6369,,0.003580343909561634
,,,6370,,0.003982024732977152
,,,6371,,0.004950570873916149
,,,6372,,0.004304512403905392
,,,6373,,0.005412629805505276
,,,6374,,0.004737649112939835
,,,6375,,0.004656917415559292
,,,6376,,0.0032007128465920687
,,,6377,,0.0049712215550243855
,,,6378,,0.008291144855320454
,,,6379,,0.008546723052859306
,,,6380,,0.009330971166491508
,,,6381,,0.009929941035807133
,,,6382,,0.003356253495439887
,,,6383,,0.029294297099113464
,,,6384,,0.008895778097212315
,,,6385,,0.019231677055358887
,,,6386,,0.010710475966334343
,,,6387,,0.009576581418514252
,,,6388,,0.015456748194992542
,,,6389,,0.016507118940353394
,,,6390,,0.015354924835264683
,,,6391,,0.012937711551785469
,,,6392,,0.011150820180773735
,,,6393,,0.01843361370265484
,,,6394,,0.020595911890268326
,,,6395,,0.08712109178304672
,,,6396,,0.07175253331661224
,,,6397,,0.06366445869207382
,,,6398,,0.06355592608451843
,,,6399,,0.09028299152851105
,,,6400,,0.056109488010406494
,,,6401,,0.06033140420913696
,,,6402,,0.07779761403799057
,,,6403,,0.05873267725110054
,,,6404,,0.07214844971895218
,,,6405,,0.05902083218097687
,,,6406,,0.06468410789966583
,,,6407,,0.07375247776508331
,,,6408,,0.06981191784143448
,,,6409,,0.06729087233543396
,,,6410,,0.0652419924736023
,,,6411,,0.030781710520386696
27,,,2267,0.016147077083587646,
27,0.014424839057028294,,2267,,
28,,0.009204638190567493,2269,,
28,,0.010562863200902939,2279,,
28,,0.014092108234763145,2289,,
28,,0.018427422270178795,2299,,
28,,0.013668588362634182,2309,,
28,,0.014447974972426891,2319,,
28,,0.015319542959332466,2329,,
28,,0.017925962805747986,2339,,
,,,6412,,0.0005987008335068822
,,,6413,,0.0005579065764322877
,,,6414,,0.0009196313330903649
,,,6415,,0.0006798137328587472
,,,6416,,0.0011831033043563366
,,,6417,,0.00046401366125792265
,,,6418,,0.0008183636819012463
,,,6419,,0.0005227443762123585
,,,6420,,0.001082457136362791
,,,6421,,0.0004947790876030922
,,,6422,,0.0010749647626653314
,,,6423,,0.0010217515518888831
,,,6424,,0.0005209957016631961
,,,6425,,0.000649545225314796
,,,6426,,0.0008094857912510633
,,,6427,,0.0005426723510026932
,,,6428,,0.001040052273310721
,,,6429,,0.001058719353750348
,,,6430,,0.0009619702468626201
,,,6431,,0.0013274017255753279
,,,6432,,0.0004812304105143994
,,,6433,,0.0004968767752870917
,,,6434,,0.0004271163488738239
,,,6435,,0.001121465116739273
,,,6436,,0.0009151850827038288
,,,6437,,0.0007179419626481831
,,,6438,,0.0006990664987824857
,,,6439,,0.008618347346782684
,,,6440,,0.023487243801355362
,,,6441,,0.0212132278829813
,,,6442,,0.0200379379093647
,,,6443,,0.02152244560420513
,,,6444,,0.0211886428296566
,,,6445,,0.09139880537986755
,,,6446,,0.03281022608280182
,,,6447,,0.0187319815158844
,,,6448,,0.01989593543112278
,,,6449,,0.013781623914837837
,,,6450,,0.008857732638716698
,,,6451,,0.01799316145479679
,,,6452,,0.011882772669196129
,,,6453,,0.009745396673679352
,,,6454,,0.024874810129404068
,,,6455,,0.021971069276332855
,,,6456,,0.009990062564611435
,,,6457,,0.03350267559289932
,,,6458,,0.014680808410048485
,,,6459,,0.005492566153407097
,,,6460,,0.019164126366376877
,,,6461,,0.008474010974168777
,,,6462,,0.008855837397277355
,,,6463,,0.012069891206920147
,,,6464,,0.004326359368860722
,,,6465,,0.012374491430819035
,,,6466,,0.012674377299845219
,,,6467,,0.02184518612921238
,,,6468,,0.02072511799633503
,,,6469,,0.009679298847913742
,,,6470,,0.01331767626106739
,,,6471,,0.009440816007554531
,,,6472,,0.012531360611319542
,,,6473,,0.009662449359893799
,,,6474,,0.008858738467097282
,,,6475,,0.011308599263429642
,,,6476,,0.011027373373508453
,,,6477,,0.006453013513237238
,,,6478,,0.010034575127065182
,,,6479,,0.02163556218147278
,,,6480,,0.010829422622919083
,,,6481,,0.007371099665760994
,,,6482,,0.008232327178120613
,,,6483,,0.0010776860872283578
,,,6484,,0.002294017467647791
,,,6485,,0.0007435476290993392
,,,6486,,0.000966422026976943
,,,6487,,0.0007787030190229416
,,,6488,,0.0011131661012768745
,,,6489,,0.0007566100684925914
,,,6490,,0.0006926910718902946
,,,6491,,0.0007755205733701587
,,,6492,,0.001119663822464645
,,,6493,,0.000777045264840126
,,,6494,,0.0017992258071899414
,,,6495,,0.0013257530517876148
,,,6496,,0.016296446323394775
,,,6497,,0.01959291845560074
,,,6498,,0.01929403468966484
,,,6499,,0.05086216330528259
,,,6500,,0.03667813539505005
,,,6501,,0.030844230204820633
,,,6502,,0.0523388609290123
,,,6503,,0.04790918529033661
,,,6504,,0.015601450577378273
,,,6505,,0.014380073174834251
,,,6506,,0.015135016292333603
,,,6507,,0.011387992650270462
,,,6508,,0.012804849073290825
,,,6509,,0.014710593968629837
,,,6510,,0.012298611924052238
,,,6511,,0.012408753857016563
,,,6512,,0.014317076653242111
,,,6513,,0.012447274290025234
,,,6514,,0.011649020947515965
,,,6515,,0.010667320340871811
,,,6516,,0.014815066009759903
,,,6517,,0.01354134175926447
,,,6518,,0.014707723632454872
,,,6519,,0.013192563317716122
,,,6520,,0.012406954541802406
,,,6521,,0.016015009954571724
,,,6522,,0.014167305082082748
,,,6523,,0.01075709518045187
,,,6524,,0.01467218715697527
,,,6525,,0.014488670974969864
,,,6526,,0.020974017679691315
,,,6527,,0.02146475575864315
,,,6528,,0.015137748792767525
,,,6529,,0.011707216501235962
,,,6530,,0.011163823306560516
,,,6531,,0.01270296797156334
,,,6532,,0.010012002661824226
,,,6533,,0.011110261082649231
,,,6534,,0.011677831411361694
,,,6535,,0.011352647095918655
,,,6536,,0.011235104873776436
,,,6537,,0.011417334899306297
,,,6538,,0.0096762515604496
,,,6539,,0.010183604434132576
,,,6540,,0.010366043075919151
,,,6541,,0.013014968484640121
,,,6542,,0.011246619746088982
,,,6543,,0.01280578225851059
,,,6544,,0.011782445013523102
,,,6545,,0.013068321160972118
,,,6546,,0.012409078888595104
,,,6547,,0.01148325763642788
,,,6548,,0.011001610197126865
,,,6549,,0.012381576001644135
,,,6550,,0.009196868166327477
,,,6551,,0.01010115072131157
,,,6552,,0.008786611258983612
,,,6553,,0.008872941136360168
,,,6554,,0.00894694123417139
,,,6555,,0.009525256231427193
,,,6556,,0.009007114917039871
,,,6557,,0.009265728294849396
,,,6558,,0.008935438469052315
,,,6559,,0.00955701619386673
,,,6560,,0.007772527169436216
,,,6561,,0.007916026748716831
,,,6562,,0.0088313864544034
,,,6563,,0.009533432312309742
,,,6564,,0.009339273907244205
,,,6565,,0.008955790661275387
,,,6566,,0.010235177353024483
,,,6567,,0.009402409195899963
,,,6568,,0.009343214333057404
,,,6569,,0.008528929203748703
,,,6570,,0.008743474259972572
,,,6571,,0.009678307920694351
,,,6572,,0.009771686047315598
,,,6573,,0.01098053902387619
,,,6574,,0.012372631579637527
,,,6575,,0.011245738714933395
,,,6576,,0.011683467775583267
,,,6577,,0.010436445474624634
,,,6578,,0.00947316363453865
,,,6579,,0.009934753179550171
,,,6580,,0.013430597260594368
,,,6581,,0.01153757143765688
,,,6582,,0.009866111911833286
,,,6583,,0.012865662574768066
,,,6584,,0.01093127392232418
,,,6585,,0.013560213148593903
,,,6586,,0.010736286640167236
,,,6587,,0.010140260681509972
,,,6588,,0.011767705902457237
,,,6589,,0.011687729507684708
,,,6590,,0.010109815746545792
,,,6591,,0.012859813868999481
,,,6592,,0.010859670117497444
,,,6593,,0.010671393945813179
,,,6594,,0.005276261828839779
,,,6595,,0.003884454257786274
,,,6596,,0.002934394869953394
,,,6597,,0.003309014718979597
,,,6598,,0.0028028872329741716
,,,6599,,0.00296661164611578
,,,6600,,0.003475331701338291
,,,6601,,0.0032964562997221947
,,,6602,,0.004021135158836842
,,,6603,,0.003959047608077526
,,,6604,,0.003366506425663829
,,,6605,,0.0032462971284985542
,,,6606,,0.0032657673582434654
,,,6607,,0.007265469059348106
,,,6608,,0.007205918896943331
,,,6609,,0.007984928786754608
,,,6610,,0.0071476357989013195
,,,6611,,0.0026088678278028965
,,,6612,,0.02619331330060959
,,,6613,,0.00769141735509038
,,,6614,,0.017454352229833603
,,,6615,,0.010571829974651337
,,,6616,,0.008713338524103165
,,,6617,,0.013190321624279022
,,,6618,,0.01506856270134449
,,,6619,,0.01406789943575859
,,,6620,,0.011411496438086033
,,,6621,,0.009424176067113876
,,,6622,,0.015452573075890541
,,,6623,,0.01904834248125553
,,,6624,,0.08371149003505707
,,,6625,,0.06834276765584946
,,,6626,,0.06014556437730789
,,,6627,,0.06096414849162102
,,,6628,,0.08697647601366043
,,,6629,,0.053785569965839386
,,,6630,,0.05736738443374634
,,,6631,,0.07391297817230225
,,,6632,,0.055865366011857986
,,,6633,,0.06913843750953674
,,,6634,,0.0564536489546299
,,,6635,,0.06177651882171631
,,,6636,,0.07058034837245941
,,,6637,,0.06748806685209274
,,,6638,,0.06370945274829865
,,,6639,,0.06285464763641357
,,,6640,,0.02861448936164379
28,,,2348,0.014808074571192265,
28,0.015191382728517056,,2348,,
29,,0.014792898669838905,2349,,
29,,0.014332105405628681,2359,,
29,,0.013395270332694054,2369,,
29,,0.012536284513771534,2379,,
29,,0.012006066739559174,2389,,
29,,0.011432932689785957,2399,,
29,,0.014310956001281738,2409,,
29,,0.015068813227117062,2419,,
29,,0.005877317860722542,2429,,
,,,6641,,0.00036384112900123
,,,6642,,0.00031917740125209093
,,,6643,,0.0008059939136728644
,,,6644,,0.0003551246481947601
,,,6645,,0.0007344660116359591
,,,6646,,0.00025404884945601225
,,,6647,,0.0006983872153796256
,,,6648,,0.00027082356973551214
,,,6649,,0.0005799868376925588
,,,6650,,0.0002894717617891729
,,,6651,,0.0008748293621465564
,,,6652,,0.0009192826109938323
,,,6653,,0.00030047993641346693
,,,6654,,0.00036710710264742374
,,,6655,,0.0006234418833628297
,,,6656,,0.00034841347951442003
,,,6657,,0.0008107598987407982
,,,6658,,0.0007220636471174657
,,,6659,,0.0006423179293051362
,,,6660,,0.0011543811997398734
,,,6661,,0.0003064688353333622
,,,6662,,0.0002804549294523895
,,,6663,,0.00023000671353656799
,,,6664,,0.0008995900861918926
,,,6665,,0.0007317869458347559
,,,6666,,0.0005351577419787645
,,,6667,,0.0005037822411395609
,,,6668,,0.008369944989681244
,,,6669,,0.02287673018872738
,,,6670,,0.020506618544459343
,,,6671,,0.019436897709965706
,,,6672,,0.020764727145433426
,,,6673,,0.020635144785046577
,,,6674,,0.09052056074142456
,,,6675,,0.03210076689720154
,,,6676,,0.01818966679275036
,,,6677,,0.019309476017951965
,,,6678,,0.013394002802670002
,,,6679,,0.008393649011850357
,,,6680,,0.01746845617890358
,,,6681,,0.011268369853496552
,,,6682,,0.009332515299320221
,,,6683,,0.02382964827120304
,,,6684,,0.02112663723528385
,,,6685,,0.009473133832216263
,,,6686,,0.03232424706220627
,,,6687,,0.01413678377866745
,,,6688,,0.005127636715769768
,,,6689,,0.018280893564224243
,,,6690,,0.008042036555707455
,,,6691,,0.008328452706336975
,,,6692,,0.011553454212844372
,,,6693,,0.0038833601865917444
,,,6694,,0.01173982210457325
,,,6695,,0.01078516524285078
,,,6696,,0.020195165649056435
,,,6697,,0.019303180277347565
,,,6698,,0.00814642570912838
,,,6699,,0.012152161449193954
,,,6700,,0.008521918207406998
,,,6701,,0.011006105691194534
,,,6702,,0.00826236978173256
,,,6703,,0.007661905139684677
,,,6704,,0.010221336036920547
,,,6705,,0.009922470897436142
,,,6706,,0.005281821824610233
,,,6707,,0.008729053661227226
,,,6708,,0.020034480839967728
,,,6709,,0.009529715403914452
,,,6710,,0.005767943803220987
,,,6711,,0.007005614228546619
,,,6712,,0.0007325797923840582
,,,6713,,0.001638180110603571
,,,6714,,0.000701189273968339
,,,6715,,0.0006946851499378681
,,,6716,,0.0005877047078683972
,,,6717,,0.0007510468713007867
,,,6718,,0.0004101585946045816
,,,6719,,0.0005466020666062832
,,,6720,,0.0004358287842478603
,,,6721,,0.000771920895203948
,,,6722,,0.0006143497885204852
,,,6723,,0.0012549834791570902
,,,6724,,0.0010034646838903427
,,,6725,,0.014678111299872398
,,,6726,,0.018070954829454422
,,,6727,,0.017350535839796066
,,,6728,,0.048259783536195755
,,,6729,,0.0339740589261055
,,,6730,,0.028599023818969727
,,,6731,,0.04871578887104988
,,,6732,,0.044485341757535934
,,,6733,,0.01456618681550026
,,,6734,,0.013502814806997776
,,,6735,,0.014294554479420185
,,,6736,,0.010732466354966164
,,,6737,,0.012182801030576229
,,,6738,,0.013914921320974827
,,,6739,,0.01151076890528202
,,,6740,,0.011633621528744698
,,,6741,,0.013545596972107887
,,,6742,,0.011716479435563087
,,,6743,,0.010909502394497395
,,,6744,,0.010257147252559662
,,,6745,,0.013971639797091484
,,,6746,,0.01286833081394434
,,,6747,,0.013949727639555931
,,,6748,,0.012424984946846962
,,,6749,,0.011797817423939705
,,,6750,,0.015174414962530136
,,,6751,,0.013465247116982937
,,,6752,,0.010127896443009377
,,,6753,,0.013923064805567265
,,,6754,,0.0136421462520957
,,,6755,,0.019675906747579575
,,,6756,,0.019913025200366974
,,,6757,,0.014273719862103462
,,,6758,,0.011279611848294735
,,,6759,,0.010641196742653847
,,,6760,,0.012115422636270523
,,,6761,,0.009625018574297428
,,,6762,,0.01062665693461895
,,,6763,,0.011054255068302155
,,,6764,,0.010745427571237087
,,,6765,,0.010791517794132233
,,,6766,,0.010869698598980904
,,,6767,,0.009159007109701633
,,,6768,,0.00968112237751484
,,,6769,,0.00988834910094738
,,,6770,,0.01241280697286129
,,,6771,,0.010712116956710815
,,,6772,,0.012175844050943851
,,,6773,,0.011215767823159695
,,,6774,,0.012399747967720032
,,,6775,,0.011842815205454826
,,,6776,,0.01095469482243061
,,,6777,,0.0104265958070755
,,,6778,,0.01179896853864193
,,,6779,,0.008581975474953651
,,,6780,,0.009426413103938103
,,,6781,,0.008275911211967468
,,,6782,,0.008252862840890884
,,,6783,,0.008372252807021141
,,,6784,,0.008927430957555771
,,,6785,,0.008380335755646229
,,,6786,,0.008714931085705757
,,,6787,,0.008333084173500538
,,,6788,,0.008844316005706787
,,,6789,,0.007216921541839838
,,,6790,,0.007448313292115927
,,,6791,,0.008209500461816788
,,,6792,,0.008917800150811672
,,,6793,,0.008694330230355263
,,,6794,,0.008457949385046959
,,,6795,,0.009394358843564987
,,,6796,,0.00880720280110836
,,,6797,,0.008822394534945488
,,,6798,,0.007990751415491104
,,,6799,,0.008227658458054066
,,,6800,,0.009087641723453999
,,,6801,,0.008906042203307152
,,,6802,,0.009939382784068584
,,,6803,,0.011414589360356331
,,,6804,,0.010274816304445267
,,,6805,,0.010781029239296913
,,,6806,,0.009522258304059505
,,,6807,,0.008547414094209671
,,,6808,,0.009036114439368248
,,,6809,,0.012389205396175385
,,,6810,,0.010458665899932384
,,,6811,,0.00900244154036045
,,,6812,,0.011894511058926582
,,,6813,,0.010016236454248428
,,,6814,,0.012570501305162907
,,,6815,,0.0098463399335742
,,,6816,,0.009136039763689041
,,,6817,,0.010910282842814922
,,,6818,,0.010748828761279583
,,,6819,,0.00923188030719757
,,,6820,,0.01189140323549509
,,,6821,,0.010020759887993336
,,,6822,,0.009637024253606796
,,,6823,,0.004018209874629974
,,,6824,,0.0030538667924702168
,,,6825,,0.0023252563551068306
,,,6826,,0.0025495714507997036
,,,6827,,0.0019432207336649299
,,,6828,,0.0021500298753380775
,,,6829,,0.002661032136529684
,,,6830,,0.002269697142764926
,,,6831,,0.003018677234649658
,,,6832,,0.0027492260560393333
,,,6833,,0.0025488128885626793
,,,6834,,0.0023816346656531096
,,,6835,,0.002508491277694702
,,,6836,,0.005756909027695656
,,,6837,,0.006274954881519079
,,,6838,,0.00701182521879673
,,,6839,,0.006054916884750128
,,,6840,,0.0022314204834401608
,,,6841,,0.02432091161608696
,,,6842,,0.006937420926988125
,,,6843,,0.016151119023561478
,,,6844,,0.009174199774861336
,,,6845,,0.007710063364356756
,,,6846,,0.012190407142043114
,,,6847,,0.01384824514389038
,,,6848,,0.012874344363808632
,,,6849,,0.010178687982261181
,,,6850,,0.008297786116600037
,,,6851,,0.01327347382903099
,,,6852,,0.01759057119488716
,,,6853,,0.0816226452589035
,,,6854,,0.06613817811012268
,,,6855,,0.05765317752957344
,,,6856,,0.058650195598602295
,,,6857,,0.08412003517150879
,,,6858,,0.051583923399448395
,,,6859,,0.055270805954933167
,,,6860,,0.07171078026294708
,,,6861,,0.0536104217171669
,,,6862,,0.06626874208450317
,,,6863,,0.054233428090810776
,,,6864,,0.05896689370274544
,,,6865,,0.06875967234373093
,,,6866,,0.0651559978723526
,,,6867,,0.061081014573574066
,,,6868,,0.060419388115406036
,,,6869,,0.02745775878429413
29,,,2429,0.013908264227211475,
29,0.01426413282752037,,2429,,
30,,0.007328331470489502,2439,,
30,,0.020274188369512558,2449,,
30,,0.025019589811563492,2459,,
30,,0.024089274927973747,2469,,
30,,0.011383202858269215,2479,,
30,,0.012854880653321743,2489,,
30,,0.016124941408634186,2499,,
30,,0.00979875773191452,2509,,
,,,6870,,0.0003953329287469387
,,,6871,,0.00034092681016772985
,,,6872,,0.0008249255479313433
,,,6873,,0.00038446157122962177
,,,6874,,0.0008132136426866055
,,,6875,,0.00028208858566358685
,,,6876,,0.0007069599814713001
,,,6877,,0.00029090914176777005
,,,6878,,0.0006280152592808008
,,,6879,,0.00032850084244273603
,,,6880,,0.0008969985065050423
,,,6881,,0.0009447958436794579
,,,6882,,0.00032082461984828115
,,,6883,,0.00040688441367819905
,,,6884,,0.0006907641654834151
,,,6885,,0.0003816148091573268
,,,6886,,0.0008639367879368365
,,,6887,,0.0007660499541088939
,,,6888,,0.0006467074854299426
,,,6889,,0.0012544537894427776
,,,6890,,0.0003264967235736549
,,,6891,,0.00031691737240180373
,,,6892,,0.0002640675811562687
,,,6893,,0.0009663188830018044
,,,6894,,0.0007989738951437175
,,,6895,,0.000589622650295496
,,,6896,,0.0005660942988470197
,,,6897,,0.008329176343977451
,,,6898,,0.02285875380039215
,,,6899,,0.02047160640358925
,,,6900,,0.019490055739879608
,,,6901,,0.02068154327571392
,,,6902,,0.020528359338641167
,,,6903,,0.09028017520904541
,,,6904,,0.03202607482671738
,,,6905,,0.018114937469363213
,,,6906,,0.0192764513194561
,,,6907,,0.013445846736431122
,,,6908,,0.008393660187721252
,,,6909,,0.01728130131959915
,,,6910,,0.01129593700170517
,,,6911,,0.009274325333535671
,,,6912,,0.02358541451394558
,,,6913,,0.02099902182817459
,,,6914,,0.009545963257551193
,,,6915,,0.032007258385419846
,,,6916,,0.013948854058980942
,,,6917,,0.0051452042534947395
,,,6918,,0.017969369888305664
,,,6919,,0.007955623790621758
,,,6920,,0.008417816832661629
,,,6921,,0.011576354503631592
,,,6922,,0.0040368507616221905
,,,6923,,0.011609562672674656
,,,6924,,0.010932907462120056
,,,6925,,0.02005685493350029
,,,6926,,0.01904827170073986
,,,6927,,0.008177500218153
,,,6928,,0.01195007748901844
,,,6929,,0.007961644791066647
,,,6930,,0.011010197922587395
,,,6931,,0.008080041036009789
,,,6932,,0.00743166683241725
,,,6933,,0.010009105317294598
,,,6934,,0.009569196030497551
,,,6935,,0.005399354733526707
,,,6936,,0.008832504972815514
,,,6937,,0.019814584404230118
,,,6938,,0.009388990700244904
,,,6939,,0.005827898159623146
,,,6940,,0.006802218500524759
,,,6941,,0.0007200124673545361
,,,6942,,0.001635722815990448
,,,6943,,0.0007722254376858473
,,,6944,,0.0007440951885655522
,,,6945,,0.0006140685873106122
,,,6946,,0.0007542697712779045
,,,6947,,0.00039565813494846225
,,,6948,,0.0006323130801320076
,,,6949,,0.0004473451408557594
,,,6950,,0.0008037132793106139
,,,6951,,0.0006700704689137638
,,,6952,,0.0010954902973026037
,,,6953,,0.000997822149656713
,,,6954,,0.01559304166585207
,,,6955,,0.019417036324739456
,,,6956,,0.017757851630449295
,,,6957,,0.0482078492641449
,,,6958,,0.033650729805231094
,,,6959,,0.031430233269929886
,,,6960,,0.05468744784593582
,,,6961,,0.05087653547525406
,,,6962,,0.015974286943674088
,,,6963,,0.013832847587764263
,,,6964,,0.014494558796286583
,,,6965,,0.010907161049544811
,,,6966,,0.012419642880558968
,,,6967,,0.014107850380241871
,,,6968,,0.011629419401288033
,,,6969,,0.011823952198028564
,,,6970,,0.013708667829632759
,,,6971,,0.011805776506662369
,,,6972,,0.01109023205935955
,,,6973,,0.010477416217327118
,,,6974,,0.014252579770982265
,,,6975,,0.013049296103417873
,,,6976,,0.014151151292026043
,,,6977,,0.012643006630241871
,,,6978,,0.012063652276992798
,,,6979,,0.015212494879961014
,,,6980,,0.013715572655200958
,,,6981,,0.010210756212472916
,,,6982,,0.014152148738503456
,,,6983,,0.013751840218901634
,,,6984,,0.02073793299496174
,,,6985,,0.021122409030795097
,,,6986,,0.01497669331729412
,,,6987,,0.011471214704215527
,,,6988,,0.010791238397359848
,,,6989,,0.012100440450012684
,,,6990,,0.009756779298186302
,,,6991,,0.010774748399853706
,,,6992,,0.011225633323192596
,,,6993,,0.010842295363545418
,,,6994,,0.010790854692459106
,,,6995,,0.011133207008242607
,,,6996,,0.009200891479849815
,,,6997,,0.009756192564964294
,,,6998,,0.00982312485575676
,,,6999,,0.01244510617107153
,,,7000,,0.010839194059371948
,,,7001,,0.012233274057507515
,,,7002,,0.01122642308473587
,,,7003,,0.01240213867276907
,,,7004,,0.0118030346930027
,,,7005,,0.01104796677827835
,,,7006,,0.010482674464583397
,,,7007,,0.011955604888498783
,,,7008,,0.008713092654943466
,,,7009,,0.009764909744262695
,,,7010,,0.008527692407369614
,,,7011,,0.008398661389946938
,,,7012,,0.008503842167556286
,,,7013,,0.009290015324950218
,,,7014,,0.008440273813903332
,,,7015,,0.00889554899185896
,,,7016,,0.008469169959425926
,,,7017,,0.009419072419404984
,,,7018,,0.007517320103943348
,,,7019,,0.0075820195488631725
,,,7020,,0.008455784991383553
,,,7021,,0.009212302044034004
,,,7022,,0.00884720403701067
,,,7023,,0.008681518957018852
,,,7024,,0.009723648428916931
,,,7025,,0.009034346789121628
,,,7026,,0.0090004438534379
,,,7027,,0.00814185943454504
,,,7028,,0.00839848630130291
,,,7029,,0.009202143177390099
,,,7030,,0.009105511009693146
,,,7031,,0.010201123543083668
,,,7032,,0.011486416682600975
,,,7033,,0.010438991710543633
,,,7034,,0.010897012427449226
,,,7035,,0.00961102545261383
,,,7036,,0.008752530440688133
,,,7037,,0.009221060201525688
,,,7038,,0.012548924423754215
,,,7039,,0.010591843165457249
,,,7040,,0.009154634550213814
,,,7041,,0.012020754627883434
,,,7042,,0.0101479422301054
,,,7043,,0.012752821668982506
,,,7044,,0.009959215298295021
,,,7045,,0.009249242953956127
,,,7046,,0.010995561257004738
,,,7047,,0.0109116081148386
,,,7048,,0.009316748008131981
,,,7049,,0.011989807710051537
,,,7050,,0.010114116594195366
,,,7051,,0.009791023097932339
,,,7052,,0.0040632132440805435
,,,7053,,0.0032121839467436075
,,,7054,,0.0023953758645802736
,,,7055,,0.0025728268083184958
,,,7056,,0.0019712201319634914
,,,7057,,0.0022169752046465874
,,,7058,,0.0027578226290643215
,,,7059,,0.002352773444727063
,,,7060,,0.003151833778247237
,,,7061,,0.0028883288614451885
,,,7062,,0.0026487812865525484
,,,7063,,0.002425504382699728
,,,7064,,0.002655708696693182
,,,7065,,0.0060793254524469376
,,,7066,,0.0063811661675572395
,,,7067,,0.0073980484157800674
,,,7068,,0.006559461355209351
,,,7069,,0.0022905133664608
,,,7070,,0.024589892476797104
,,,7071,,0.006935740355402231
,,,7072,,0.016309460625052452
,,,7073,,0.00905334297567606
,,,7074,,0.0075261290185153484
,,,7075,,0.012538150884211063
,,,7076,,0.01479467935860157
,,,7077,,0.013438133522868156
,,,7078,,0.010531198233366013
,,,7079,,0.009450653567910194
,,,7080,,0.01401025615632534
,,,7081,,0.01748090609908104
,,,7082,,0.0800546333193779
,,,7083,,0.06490938365459442
,,,7084,,0.056729499250650406
,,,7085,,0.057683587074279785
,,,7086,,0.08293385058641434
,,,7087,,0.05058341845870018
,,,7088,,0.05430667847394943
,,,7089,,0.07058169692754745
,,,7090,,0.0524209663271904
,,,7091,,0.0653267428278923
,,,7092,,0.05329003930091858
,,,7093,,0.05797149986028671
,,,7094,,0.06757275015115738
,,,7095,,0.06383849680423737
,,,7096,,0.060337379574775696
,,,7097,,0.05928092077374458
,,,7098,,0.026776548475027084
30,,,2510,0.014003191143274307,
30,0.015110540203750134,,2510,,
31,,0.01324502844363451,2519,,
31,,0.012997366487979889,2529,,
31,,0.007973525673151016,2539,,
31,,0.012117782607674599,2549,,
31,,0.006293904036283493,2559,,
31,,0.013575771823525429,2569,,
31,,0.01990644447505474,2579,,
31,,0.010287480428814888,2589,,
,,,7099,,0.00038170471088960767
,,,7100,,0.00033517659176141024
,,,7101,,0.0008066502632573247
,,,7102,,0.000375111005268991
,,,7103,,0.0007936881156638265
,,,7104,,0.0002718330069910735
,,,7105,,0.0007101199007593095
,,,7106,,0.00027566091739572585
,,,7107,,0.000611003371886909
,,,7108,,0.0003153504221700132
,,,7109,,0.0008736711461097002
,,,7110,,0.0009117111330851912
,,,7111,,0.00028549222042784095
,,,7112,,0.00040698915836401284
,,,7113,,0.0006554609863087535
,,,7114,,0.00036008181632496417
,,,7115,,0.0008440965320914984
,,,7116,,0.0006692912429571152
,,,7117,,0.0006369026377797127
,,,7118,,0.0012034507235512137
,,,7119,,0.0003340824623592198
,,,7120,,0.00030801002867519855
,,,7121,,0.0002650319947861135
,,,7122,,0.0009506517671979964
,,,7123,,0.000754653534386307
,,,7124,,0.000557070248760283
,,,7125,,0.0005448595620691776
,,,7126,,0.008272782899439335
,,,7127,,0.02255881577730179
,,,7128,,0.020144585520029068
,,,7129,,0.019077515229582787
,,,7130,,0.02047465741634369
,,,7131,,0.020284567028284073
,,,7132,,0.09009824693202972
,,,7133,,0.03169744834303856
,,,7134,,0.017830632627010345
,,,7135,,0.019090857356786728
,,,7136,,0.0132191376760602
,,,7137,,0.008241349831223488
,,,7138,,0.017186200246214867
,,,7139,,0.011139634996652603
,,,7140,,0.008991171605885029
,,,7141,,0.023016776889562607
,,,7142,,0.02069508470594883
,,,7143,,0.009317544288933277
,,,7144,,0.03141503036022186
,,,7145,,0.013690343126654625
,,,7146,,0.005069034174084663
,,,7147,,0.01754150539636612
,,,7148,,0.007842546328902245
,,,7149,,0.00825460534542799
,,,7150,,0.011395363137125969
,,,7151,,0.0039368788711726665
,,,7152,,0.011507855728268623
,,,7153,,0.010041843168437481
,,,7154,,0.019100844860076904
,,,7155,,0.018257299438118935
,,,7156,,0.00766103807836771
,,,7157,,0.01137331873178482
,,,7158,,0.007412985898554325
,,,7159,,0.010184228420257568
,,,7160,,0.007450633216649294
,,,7161,,0.007073885295540094
,,,7162,,0.009320355020463467
,,,7163,,0.00892748311161995
,,,7164,,0.004910064861178398
,,,7165,,0.007946813479065895
,,,7166,,0.019061202183365822
,,,7167,,0.009006613865494728
,,,7168,,0.005381028167903423
,,,7169,,0.006369498558342457
,,,7170,,0.000682805897668004
,,,7171,,0.0015298803336918354
,,,7172,,0.000778504996560514
,,,7173,,0.00075626460602507
,,,7174,,0.0006055807461962104
,,,7175,,0.0006946498760953546
,,,7176,,0.0004005982482340187
,,,7177,,0.000658866367302835
,,,7178,,0.000426558282924816
,,,7179,,0.0007497757906094193
,,,7180,,0.0006658962229266763
,,,7181,,0.0010782578028738499
,,,7182,,0.0009615163435228169
,,,7183,,0.01464058831334114
,,,7184,,0.017881792038679123
,,,7185,,0.016632435843348503
,,,7186,,0.04408090189099312
,,,7187,,0.030946379527449608
,,,7188,,0.02732403390109539
,,,7189,,0.046876419335603714
,,,7190,,0.04370003193616867
,,,7191,,0.014103331603109837
,,,7192,,0.012946812435984612
,,,7193,,0.013690533116459846
,,,7194,,0.01032937504351139
,,,7195,,0.011623106896877289
,,,7196,,0.013368776068091393
,,,7197,,0.011070881970226765
,,,7198,,0.01111922413110733
,,,7199,,0.01297348365187645
,,,7200,,0.011148056946694851
,,,7201,,0.010437490418553352
,,,7202,,0.009800437837839127
,,,7203,,0.013437677174806595
,,,7204,,0.012301493436098099
,,,7205,,0.013330265879631042
,,,7206,,0.0120273157954216
,,,7207,,0.011337455362081528
,,,7208,,0.014484571292996407
,,,7209,,0.01293945498764515
,,,7210,,0.009710791520774364
,,,7211,,0.013335801661014557
,,,7212,,0.01314623188227415
,,,7213,,0.019667331129312515
,,,7214,,0.019942332059144974
,,,7215,,0.014356657862663269
,,,7216,,0.010947109200060368
,,,7217,,0.010359704494476318
,,,7218,,0.011740006506443024
,,,7219,,0.009363850578665733
,,,7220,,0.010322746820747852
,,,7221,,0.010742280632257462
,,,7222,,0.010387862101197243
,,,7223,,0.010435488075017929
,,,7224,,0.010618397034704685
,,,7225,,0.008843226358294487
,,,7226,,0.009424497373402119
,,,7227,,0.009563027881085873
,,,7228,,0.01207817904651165
,,,7229,,0.010389387607574463
,,,7230,,0.011833855882287025
,,,7231,,0.010968117974698544
,,,7232,,0.012046478688716888
,,,7233,,0.011480309069156647
,,,7234,,0.010685390792787075
,,,7235,,0.010112054646015167
,,,7236,,0.01145155355334282
,,,7237,,0.008431725203990936
,,,7238,,0.009312983602285385
,,,7239,,0.008051905781030655
,,,7240,,0.008071284741163254
,,,7241,,0.008130276575684547
,,,7242,,0.008741552010178566
,,,7243,,0.008156015537679195
,,,7244,,0.008526486344635487
,,,7245,,0.0081290602684021
,,,7246,,0.008686579763889313
,,,7247,,0.0070678796619176865
,,,7248,,0.0072443666867911816
,,,7249,,0.008085766807198524
,,,7250,,0.00878246407955885
,,,7251,,0.008483384735882282
,,,7252,,0.008214730769395828
,,,7253,,0.009270468726754189
,,,7254,,0.008653353899717331
,,,7255,,0.008684329688549042
,,,7256,,0.007725068833678961
,,,7257,,0.008107051253318787
,,,7258,,0.008825970813632011
,,,7259,,0.00867924652993679
,,,7260,,0.009676268324255943
,,,7261,,0.011041309684515
,,,7262,,0.009948575869202614
,,,7263,,0.010406546294689178
,,,7264,,0.009188303723931313
,,,7265,,0.00825544074177742
,,,7266,,0.008763225749135017
,,,7267,,0.011941621080040932
,,,7268,,0.010047074407339096
,,,7269,,0.008743500337004662
,,,7270,,0.011445432901382446
,,,7271,,0.009693434461951256
,,,7272,,0.012162113562226295
,,,7273,,0.009572151117026806
,,,7274,,0.008803055621683598
,,,7275,,0.010581166483461857
,,,7276,,0.010444355197250843
,,,7277,,0.00892586074769497
,,,7278,,0.011502442881464958
,,,7279,,0.00972678791731596
,,,7280,,0.009331094101071358
,,,7281,,0.003857389325276017
,,,7282,,0.002974284812808037
,,,7283,,0.0022547575645148754
,,,7284,,0.002415287308394909
,,,7285,,0.0018593117129057646
,,,7286,,0.0020907314028590918
,,,7287,,0.0025897840969264507
,,,7288,,0.0021747848950326443
,,,7289,,0.002939778845757246
,,,7290,,0.002652422757819295
,,,7291,,0.002494554966688156
,,,7292,,0.002270723693072796
,,,7293,,0.0024341002572327852
,,,7294,,0.00534706749022007
,,,7295,,0.005941728129982948
,,,7296,,0.006809386890381575
,,,7297,,0.005880080163478851
,,,7298,,0.002078073099255562
,,,7299,,0.02293214574456215
,,,7300,,0.006485756486654282
,,,7301,,0.015658041462302208
,,,7302,,0.008742483332753181
,,,7303,,0.007281885482370853
,,,7304,,0.01146378368139267
,,,7305,,0.013559354469180107
,,,7306,,0.012521104887127876
,,,7307,,0.009685716591775417
,,,7308,,0.00816313736140728
,,,7309,,0.012561732903122902
,,,7310,,0.016920138150453568
,,,7311,,0.07833437621593475
,,,7312,,0.06350871175527573
,,,7313,,0.05500229820609093
,,,7314,,0.05629539489746094
,,,7315,,0.08109723031520844
,,,7316,,0.049286894500255585
,,,7317,,0.0531233474612236
,,,7318,,0.06874242424964905
,,,7319,,0.0511133037507534
,,,7320,,0.06355474144220352
,,,7321,,0.051729898899793625
,,,7322,,0.05652245879173279
,,,7323,,0.06653718650341034
,,,7324,,0.06243836134672165
,,,7325,,0.05881213769316673
,,,7326,,0.05780715495347977
,,,7327,,0.0263432115316391
31,,,2591,0.013413265347480774,
31,0.013437140733003616,,2591,,
32,,0.013949756510555744,2599,,
32,,0.010127094574272633,2609,,
32,,0.007829017005860806,2619,,
32,,0.010254097171127796,2629,,
32,,0.011619122698903084,2639,,
32,,0.01009422168135643,2649,,
32,,0.014992797747254372,2659,,
32,,0.011919917538762093,2669,,
,,,7328,,0.00033604400232434273
,,,7329,,0.00028158468194305897
,,,7330,,0.000723640900105238
,,,7331,,0.00034669903106987476
,,,7332,,0.0007188046001829207
,,,7333,,0.0002439375384710729
,,,7334,,0.0006152403657324612
,,,7335,,0.00024382198171224445
,,,7336,,0.000553882448002696
,,,7337,,0.0002741434727795422
,,,7338,,0.0008367919945158064
,,,7339,,0.0008280662004835904
,,,7340,,0.0002809521392919123
,,,7341,,0.00034522885107435286
,,,7342,,0.0006091530085541308
,,,7343,,0.0003300447133369744
,,,7344,,0.000780538422986865
,,,7345,,0.0006626990507356822
,,,7346,,0.0005880887620151043
,,,7347,,0.001142930006608367
,,,7348,,0.00028895767172798514
,,,7349,,0.00025803432799875736
,,,7350,,0.00021380827820394188
,,,7351,,0.0008854242623783648
,,,7352,,0.0007074039895087481
,,,7353,,0.0005103884031996131
,,,7354,,0.0004806034849025309
,,,7355,,0.007974401116371155
,,,7356,,0.022236417979002
,,,7357,,0.019796041771769524
,,,7358,,0.018898943439126015
,,,7359,,0.02020166628062725
,,,7360,,0.01994261145591736
,,,7361,,0.08965492248535156
,,,7362,,0.03125875070691109
,,,7363,,0.017515888437628746
,,,7364,,0.018736321479082108
,,,7365,,0.012948140501976013
,,,7366,,0.007983440533280373
,,,7367,,0.016818366944789886
,,,7368,,0.010830514132976532
,,,7369,,0.008734041824936867
,,,7370,,0.022461790591478348
,,,7371,,0.02029888704419136
,,,7372,,0.009047422558069229
,,,7373,,0.030633218586444855
,,,7374,,0.013341270387172699
,,,7375,,0.004830085206776857
,,,7376,,0.01696237176656723
,,,7377,,0.007588035427033901
,,,7378,,0.00803092960268259
,,,7379,,0.011027378961443901
,,,7380,,0.0037400852888822556
,,,7381,,0.011155594140291214
,,,7382,,0.010040126740932465
,,,7383,,0.018449533730745316
,,,7384,,0.017497187480330467
,,,7385,,0.007096400018781424
,,,7386,,0.010967903770506382
,,,7387,,0.0072806216776371
,,,7388,,0.00993664376437664
,,,7389,,0.007279320620000362
,,,7390,,0.00666382722556591
,,,7391,,0.009212419390678406
,,,7392,,0.00880803819745779
,,,7393,,0.004586884751915932
,,,7394,,0.007900427095592022
,,,7395,,0.018205976113677025
,,,7396,,0.008404657244682312
,,,7397,,0.005000564269721508
,,,7398,,0.006288482807576656
,,,7399,,0.0006201923824846745
,,,7400,,0.0014574214583262801
,,,7401,,0.0006759489187970757
,,,7402,,0.0006482076132670045
,,,7403,,0.0005456488579511642
,,,7404,,0.0006650560535490513
,,,7405,,0.0003804934676736593
,,,7406,,0.0005547802429646254
,,,7407,,0.00039712077705189586
,,,7408,,0.000713501067366451
,,,7409,,0.0005914913490414619
,,,7410,,0.0011091033229604363
,,,7411,,0.0009299052180722356
,,,7412,,0.013434937223792076
,,,7413,,0.01646270416676998
,,,7414,,0.015857303515076637
,,,7415,,0.04320104047656059
,,,7416,,0.03095829486846924
,,,7417,,0.026158407330513
,,,7418,,0.044548843055963516
,,,7419,,0.04158221185207367
,,,7420,,0.013452857732772827
,,,7421,,0.012462044134736061
,,,7422,,0.013113670982420444
,,,7423,,0.009886159561574459
,,,7424,,0.011237719096243382
,,,7425,,0.012805797159671783
,,,7426,,0.01059794146567583
,,,7427,,0.010619595646858215
,,,7428,,0.012447163462638855
,,,7429,,0.010725392028689384
,,,7430,,0.009869709610939026
,,,7431,,0.009372852742671967
,,,7432,,0.012822476215660572
,,,7433,,0.011852005496621132
,,,7434,,0.012844989076256752
,,,7435,,0.011482207104563713
,,,7436,,0.010818932205438614
,,,7437,,0.013871701434254646
,,,7438,,0.012399640865623951
,,,7439,,0.009372087195515633
,,,7440,,0.012753212824463844
,,,7441,,0.01257091574370861
,,,7442,,0.01813129335641861
,,,7443,,0.018334630876779556
,,,7444,,0.01316838338971138
,,,7445,,0.010439777746796608
,,,7446,,0.009826801717281342
,,,7447,,0.011269396170973778
,,,7448,,0.008932358585298061
,,,7449,,0.009887667372822762
,,,7450,,0.010233315639197826
,,,7451,,0.009973037987947464
,,,7452,,0.010048075579106808
,,,7453,,0.010105032473802567
,,,7454,,0.008496166206896305
,,,7455,,0.009007512591779232
,,,7456,,0.00919073075056076
,,,7457,,0.011555284261703491
,,,7458,,0.009974738582968712
,,,7459,,0.011323503218591213
,,,7460,,0.01047658734023571
,,,7461,,0.011483004316687584
,,,7462,,0.011025311425328255
,,,7463,,0.010198856703937054
,,,7464,,0.00973016582429409
,,,7465,,0.010933595709502697
,,,7466,,0.007938900962471962
,,,7467,,0.008690619841217995
,,,7468,,0.007622548379004002
,,,7469,,0.007530289702117443
,,,7470,,0.007693955674767494
,,,7471,,0.00823773629963398
,,,7472,,0.007703473325818777
,,,7473,,0.00801391713321209
,,,7474,,0.007693066261708736
,,,7475,,0.008144881576299667
,,,7476,,0.006580831948667765
,,,7477,,0.006829210557043552
,,,7478,,0.0075294156558811665
,,,7479,,0.008224675431847572
,,,7480,,0.007908636704087257
,,,7481,,0.007790796458721161
,,,7482,,0.0086837662383914
,,,7483,,0.008060558699071407
,,,7484,,0.00809316523373127
,,,7485,,0.007272552698850632
,,,7486,,0.007593908347189426
,,,7487,,0.008383248001337051
,,,7488,,0.00834093801677227
,,,7489,,0.009283033199608326
,,,7490,,0.010643831454217434
,,,7491,,0.009523345157504082
,,,7492,,0.010051475837826729
,,,7493,,0.008835004642605782
,,,7494,,0.007931625470519066
,,,7495,,0.008456571027636528
,,,7496,,0.011499496176838875
,,,7497,,0.009613243862986565
,,,7498,,0.008364013396203518
,,,7499,,0.011053173802793026
,,,7500,,0.009428697638213634
,,,7501,,0.011730034835636616
,,,7502,,0.009211525321006775
,,,7503,,0.008460888639092445
,,,7504,,0.010166039690375328
,,,7505,,0.010081098414957523
,,,7506,,0.008592871017754078
,,,7507,,0.010954692959785461
,,,7508,,0.009362495504319668
,,,7509,,0.008959906175732613
,,,7510,,0.00369523698464036
,,,7511,,0.0028314488008618355
,,,7512,,0.0021262746304273605
,,,7513,,0.0023338741157203913
,,,7514,,0.0017995410598814487
,,,7515,,0.002002888824790716
,,,7516,,0.0024650010745972395
,,,7517,,0.0021084726322442293
,,,7518,,0.00280680600553751
,,,7519,,0.0025269780308008194
,,,7520,,0.0023361712228506804
,,,7521,,0.002186307217925787
,,,7522,,0.0023118709214031696
,,,7523,,0.005362264811992645
,,,7524,,0.0059040565975010395
,,,7525,,0.00667740311473608
,,,7526,,0.005622622556984425
,,,7527,,0.0020522847771644592
,,,7528,,0.022287912666797638
,,,7529,,0.006281260401010513
,,,7530,,0.0150845842435956
,,,7531,,0.008258648216724396
,,,7532,,0.007243926636874676
,,,7533,,0.011230465956032276
,,,7534,,0.012984361499547958
,,,7535,,0.012057928368449211
,,,7536,,0.009355584159493446
,,,7537,,0.007813557982444763
,,,7538,,0.012132764793932438
,,,7539,,0.016433335840702057
,,,7540,,0.07701294124126434
,,,7541,,0.06222236156463623
,,,7542,,0.053613293915987015
,,,7543,,0.055126313120126724
,,,7544,,0.0794374942779541
,,,7545,,0.048184290528297424
,,,7546,,0.05182250589132309
,,,7547,,0.06727941334247589
,,,7548,,0.04979706555604935
,,,7549,,0.06195502728223801
,,,7550,,0.05062945932149887
,,,7551,,0.05500926077365875
,,,7552,,0.06509432196617126
,,,7553,,0.06127596274018288
,,,7554,,0.05749762803316116
,,,7555,,0.05639055743813515
,,,7556,,0.025747057050466537
32,,,2672,0.012973654083907604,
32,0.012821337208151817,,2672,,
33,,0.009952187538146973,2679,,
33,,0.014234506525099277,2689,,
33,,0.014411546289920807,2699,,
33,,0.007705470081418753,2709,,
33,,0.006478790193796158,2719,,
33,,0.011831045150756836,2729,,
33,,0.01530760433524847,2739,,
33,,0.015916746109724045,2749,,
,,,7557,,0.000516170752234757
,,,7558,,0.0004989876179024577
,,,7559,,0.00074677454540506
,,,7560,,0.0005379829090088606
,,,7561,,0.0011054622009396553
,,,7562,,0.0003309492894914001
,,,7563,,0.0006387823377735913
,,,7564,,0.00041945037082768977
,,,7565,,0.0009177439496852458
,,,7566,,0.0003802339197136462
,,,7567,,0.0009337622323073447
,,,7568,,0.0008013686165213585
,,,7569,,0.0003551856498233974
,,,7570,,0.0005078684771433473
,,,7571,,0.0007089546415954828
,,,7572,,0.0005122293950989842
,,,7573,,0.0010416856966912746
,,,7574,,0.0007078800699673593
,,,7575,,0.0010090970899909735
,,,7576,,0.0011541817802935839
,,,7577,,0.0003941278555430472
,,,7578,,0.00045559805585071445
,,,7579,,0.00041701033478602767
,,,7580,,0.0009864240419119596
,,,7581,,0.000861292821355164
,,,7582,,0.00073297752533108
,,,7583,,0.0007025169325061142
,,,7584,,0.007997400127351284
,,,7585,,0.0219656340777874
,,,7586,,0.019644182175397873
,,,7587,,0.018733743578195572
,,,7588,,0.020003650337457657
,,,7589,,0.019746966660022736
,,,7590,,0.0893220603466034
,,,7591,,0.03093765676021576
,,,7592,,0.017299532890319824
,,,7593,,0.018553946167230606
,,,7594,,0.012862698175013065
,,,7595,,0.007854425348341465
,,,7596,,0.016696123406291008
,,,7597,,0.010787224397063255
,,,7598,,0.008802473545074463
,,,7599,,0.02221026085317135
,,,7600,,0.02025739476084709
,,,7601,,0.008924041874706745
,,,7602,,0.03037719801068306
,,,7603,,0.013396977446973324
,,,7604,,0.004855803679674864
,,,7605,,0.01685323193669319
,,,7606,,0.007710013072937727
,,,7607,,0.008051769807934761
,,,7608,,0.011081203818321228
,,,7609,,0.0038609118200838566
,,,7610,,0.011192833073437214
,,,7611,,0.009868394583463669
,,,7612,,0.018667344003915787
,,,7613,,0.017471875995397568
,,,7614,,0.007401809096336365
,,,7615,,0.011092301458120346
,,,7616,,0.007443805690854788
,,,7617,,0.009785475209355354
,,,7618,,0.007654201239347458
,,,7619,,0.007306005340069532
,,,7620,,0.008983919396996498
,,,7621,,0.008533776737749577
,,,7622,,0.004771401174366474
,,,7623,,0.007704725954681635
,,,7624,,0.018261007964611053
,,,7625,,0.009032674133777618
,,,7626,,0.005312614142894745
,,,7627,,0.006252882070839405
,,,7628,,0.0007957275956869125
,,,7629,,0.0017449639271944761
,,,7630,,0.0008207335486076772
,,,7631,,0.000972024048678577
,,,7632,,0.0007950131548568606
,,,7633,,0.0007927088299766183
,,,7634,,0.0005150336655788124
,,,7635,,0.0007918848423287272
,,,7636,,0.0005692730192095041
,,,7637,,0.0009473557001911104
,,,7638,,0.0008746066596359015
,,,7639,,0.001060927752405405
,,,7640,,0.0009741079993546009
,,,7641,,0.013130126520991325
,,,7642,,0.01589053124189377
,,,7643,,0.015104714781045914
,,,7644,,0.041016820818185806
,,,7645,,0.028591081500053406
,,,7646,,0.025774797424674034
,,,7647,,0.04461503028869629
,,,7648,,0.0416070818901062
,,,7649,,0.013473390601575375
,,,7650,,0.012119213119149208
,,,7651,,0.0126950703561306
,,,7652,,0.009680302813649178
,,,7653,,0.011001071892678738
,,,7654,,0.012459881603717804
,,,7655,,0.01043616235256195
,,,7656,,0.01036660186946392
,,,7657,,0.012159002013504505
,,,7658,,0.010381076484918594
,,,7659,,0.009532876312732697
,,,7660,,0.009106051176786423
,,,7661,,0.012422112748026848
,,,7662,,0.011496300809085369
,,,7663,,0.012574701569974422
,,,7664,,0.011279124766588211
,,,7665,,0.010499371215701103
,,,7666,,0.013513542711734772
,,,7667,,0.012087006121873856
,,,7668,,0.00919490959495306
,,,7669,,0.012332466430962086
,,,7670,,0.012448549270629883
,,,7671,,0.018139075487852097
,,,7672,,0.018140800297260284
,,,7673,,0.013238289393484592
,,,7674,,0.010361680760979652
,,,7675,,0.00979476049542427
,,,7676,,0.011193711310625076
,,,7677,,0.008929960429668427
,,,7678,,0.0099241454154253
,,,7679,,0.010217676870524883
,,,7680,,0.009797978214919567
,,,7681,,0.009993123821914196
,,,7682,,0.010102592408657074
,,,7683,,0.008428620174527168
,,,7684,,0.008945800364017487
,,,7685,,0.00904606468975544
,,,7686,,0.011382017284631729
,,,7687,,0.009917497634887695
,,,7688,,0.01117309182882309
,,,7689,,0.010377553291618824
,,,7690,,0.011377676390111446
,,,7691,,0.01089351624250412
,,,7692,,0.010160980746150017
,,,7693,,0.0097116744145751
,,,7694,,0.01090294774621725
,,,7695,,0.007805461063981056
,,,7696,,0.008404785767197609
,,,7697,,0.007394835818558931
,,,7698,,0.007425388321280479
,,,7699,,0.007510935887694359
,,,7700,,0.007974786683917046
,,,7701,,0.007511269301176071
,,,7702,,0.007692965678870678
,,,7703,,0.0075458684004843235
,,,7704,,0.007778741419315338
,,,7705,,0.006359260529279709
,,,7706,,0.006710234563797712
,,,7707,,0.007349617779254913
,,,7708,,0.007897818461060524
,,,7709,,0.007672416977584362
,,,7710,,0.007553561590611935
,,,7711,,0.008431846275925636
,,,7712,,0.007840795442461967
,,,7713,,0.007939714007079601
,,,7714,,0.0070683835074305534
,,,7715,,0.007356301881372929
,,,7716,,0.0081680528819561
,,,7717,,0.008160334080457687
,,,7718,,0.009193935431540012
,,,7719,,0.010486378334462643
,,,7720,,0.009350227192044258
,,,7721,,0.00992384273558855
,,,7722,,0.008795936591923237
,,,7723,,0.007755731698125601
,,,7724,,0.008391859009861946
,,,7725,,0.011258870363235474
,,,7726,,0.009510036557912827
,,,7727,,0.008269434794783592
,,,7728,,0.01088615134358406
,,,7729,,0.009333810769021511
,,,7730,,0.011512656696140766
,,,7731,,0.00905839167535305
,,,7732,,0.00841427780687809
,,,7733,,0.00994340144097805
,,,7734,,0.009888610802590847
,,,7735,,0.008531398139894009
,,,7736,,0.010812828317284584
,,,7737,,0.00923630315810442
,,,7738,,0.008880188688635826
,,,7739,,0.003499832935631275
,,,7740,,0.0028074639849364758
,,,7741,,0.0020896983332931995
,,,7742,,0.0023192360531538725
,,,7743,,0.0018440878484398127
,,,7744,,0.0019786888733506203
,,,7745,,0.0024480477441102266
,,,7746,,0.002010374329984188
,,,7747,,0.00272969133220613
,,,7748,,0.002404161263257265
,,,7749,,0.002307227812707424
,,,7750,,0.002218523295596242
,,,7751,,0.00235628429800272
,,,7752,,0.005437266081571579
,,,7753,,0.006089705042541027
,,,7754,,0.00691551249474287
,,,7755,,0.006024899892508984
,,,7756,,0.002166908700019121
,,,7757,,0.022230951115489006
,,,7758,,0.006187063176184893
,,,7759,,0.014881969429552555
,,,7760,,0.008417551405727863
,,,7761,,0.006984008476138115
,,,7762,,0.011156698688864708
,,,7763,,0.013551406562328339
,,,7764,,0.01223654393106699
,,,7765,,0.009260587394237518
,,,7766,,0.008043795824050903
,,,7767,,0.012089129537343979
,,,7768,,0.01631111092865467
,,,7769,,0.07582373917102814
,,,7770,,0.061261337250471115
,,,7771,,0.052401103079319
,,,7772,,0.05413230136036873
,,,7773,,0.07806563377380371
,,,7774,,0.047039128839969635
,,,7775,,0.05104563385248184
,,,7776,,0.06591428071260452
,,,7777,,0.048968344926834106
,,,7778,,0.06050961837172508
,,,7779,,0.04963020980358124
,,,7780,,0.05414137989282608
,,,7781,,0.064270980656147
,,,7782,,0.060135774314403534
,,,7783,,0.056241028010845184
,,,7784,,0.05525356903672218
,,,7785,,0.025585422292351723
33,,,2753,0.012829418294131756,
33,0.012897049076855183,,2753,,
34,,0.019482644274830818,2759,,
34,,0.012900983914732933,2769,,
34,,0.009257531724870205,2779,,
34,,0.013501045294106007,2789,,
34,,0.013996686786413193,2799,,
34,,0.012041563168168068,2809,,
34,,0.0076911114156246185,2819,,
34,,0.013619952835142612,2829,,
,,,7786,,0.00036208820529282093
,,,7787,,0.0002956043463200331
,,,7788,,0.0007502676453441381
,,,7789,,0.00033859696122817695
,,,7790,,0.0007624830468557775
,,,7791,,0.00024670627317391336
,,,7792,,0.0006440924480557442
,,,7793,,0.00025676953373476863
,,,7794,,0.0005581043660640717
,,,7795,,0.000265620241407305
,,,7796,,0.0008416068740189075
,,,7797,,0.0008518755785189569
,,,7798,,0.00029582635033875704
,,,7799,,0.0003419382846914232
,,,7800,,0.000605350942350924
,,,7801,,0.00032561630359850824
,,,7802,,0.0007582188118249178
,,,7803,,0.0006743372650817037
,,,7804,,0.0005425201379694045
,,,7805,,0.0011275125434622169
,,,7806,,0.00031335855601355433
,,,7807,,0.0002694274880923331
,,,7808,,0.00022218385129235685
,,,7809,,0.0008788242703303695
,,,7810,,0.000683473190292716
,,,7811,,0.0005263564526103437
,,,7812,,0.00046937121078372
,,,7813,,0.0078102098777890205
,,,7814,,0.02186538465321064
,,,7815,,0.01938185840845108
,,,7816,,0.018523968756198883
,,,7817,,0.01986747793853283
,,,7818,,0.019498441368341446
,,,7819,,0.08926151692867279
,,,7820,,0.030661828815937042
,,,7821,,0.0170954130589962
,,,7822,,0.018395965918898582
,,,7823,,0.012749714776873589
,,,7824,,0.00784504134207964
,,,7825,,0.016524285078048706
,,,7826,,0.010728290304541588
,,,7827,,0.008617961779236794
,,,7828,,0.02188251167535782
,,,7829,,0.01987713947892189
,,,7830,,0.008994698524475098
,,,7831,,0.029727237299084663
,,,7832,,0.01304655708372593
,,,7833,,0.00482284277677536
,,,7834,,0.016386058181524277
,,,7835,,0.007521458901464939
,,,7836,,0.008046431466937065
,,,7837,,0.011028358712792397
,,,7838,,0.003792084753513336
,,,7839,,0.010992739349603653
,,,7840,,0.009164035320281982
,,,7841,,0.017519500106573105
,,,7842,,0.016472112387418747
,,,7843,,0.006499217823147774
,,,7844,,0.010199539363384247
,,,7845,,0.0065129538998007774
,,,7846,,0.009135967120528221
,,,7847,,0.006704319734126329
,,,7848,,0.006155080161988735
,,,7849,,0.008537808433175087
,,,7850,,0.0079228226095438
,,,7851,,0.004364105872809887
,,,7852,,0.0072768209502100945
,,,7853,,0.01725992187857628
,,,7854,,0.008061466738581657
,,,7855,,0.004512135870754719
,,,7856,,0.005785707384347916
,,,7857,,0.0006435321411117911
,,,7858,,0.0013937101466581225
,,,7859,,0.0006083982298150659
,,,7860,,0.0006136298179626465
,,,7861,,0.0005167671479284763
,,,7862,,0.0006511436076834798
,,,7863,,0.00037716171937063336
,,,7864,,0.0004865804221481085
,,,7865,,0.00039127186755649745
,,,7866,,0.000678110052831471
,,,7867,,0.000554275291506201
,,,7868,,0.001215409836731851
,,,7869,,0.0009039336582645774
,,,7870,,0.012595215812325478
,,,7871,,0.015450555831193924
,,,7872,,0.01472328882664442
,,,7873,,0.042639702558517456
,,,7874,,0.02955036610364914
,,,7875,,0.024597950279712677
,,,7876,,0.04027852788567543
,,,7877,,0.03777915984392166
,,,7878,,0.012443657964468002
,,,7879,,0.011706470511853695
,,,7880,,0.012273669242858887
,,,7881,,0.009286826476454735
,,,7882,,0.01040932722389698
,,,7883,,0.012062137946486473
,,,7884,,0.010023404844105244
,,,7885,,0.009981023147702217
,,,7886,,0.011690027080476284
,,,7887,,0.009920002892613411
,,,7888,,0.009307014755904675
,,,7889,,0.008934353478252888
,,,7890,,0.011992373503744602
,,,7891,,0.011095804162323475
,,,7892,,0.012062156572937965
,,,7893,,0.01078776828944683
,,,7894,,0.010153700597584248
,,,7895,,0.013051168993115425
,,,7896,,0.011603420600295067
,,,7897,,0.008790054358541965
,,,7898,,0.011956450529396534
,,,7899,,0.011819018982350826
,,,7900,,0.0171009823679924
,,,7901,,0.0172262080013752
,,,7902,,0.012436212971806526
,,,7903,,0.009981309995055199
,,,7904,,0.009427824057638645
,,,7905,,0.01084427535533905
,,,7906,,0.008496026508510113
,,,7907,,0.009375007823109627
,,,7908,,0.009712514467537403
,,,7909,,0.0095180943608284
,,,7910,,0.009560909122228622
,,,7911,,0.009540829807519913
,,,7912,,0.008180713281035423
,,,7913,,0.008546268567442894
,,,7914,,0.008807194419205189
,,,7915,,0.011058926582336426
,,,7916,,0.009520122781395912
,,,7917,,0.01085091196000576
,,,7918,,0.009977979585528374
,,,7919,,0.010997287929058075
,,,7920,,0.010496092960238457
,,,7921,,0.009730774909257889
,,,7922,,0.009288119152188301
,,,7923,,0.010470377281308174
,,,7924,,0.00755954347550869
,,,7925,,0.008216685615479946
,,,7926,,0.0072080353274941444
,,,7927,,0.007230067625641823
,,,7928,,0.007304666098207235
,,,7929,,0.00778103806078434
,,,7930,,0.0073377410881221294
,,,7931,,0.007513316348195076
,,,7932,,0.00733542162925005
,,,7933,,0.007802080363035202
,,,7934,,0.006238932721316814
,,,7935,,0.006455523427575827
,,,7936,,0.007158344145864248
,,,7937,,0.007753835059702396
,,,7938,,0.00742452684789896
,,,7939,,0.0073446230962872505
,,,7940,,0.008170749992132187
,,,7941,,0.007680896669626236
,,,7942,,0.007668754085898399
,,,7943,,0.006865781731903553
,,,7944,,0.007095120381563902
,,,7945,,0.007952052168548107
,,,7946,,0.00790625624358654
,,,7947,,0.008879810571670532
,,,7948,,0.010143766179680824
,,,7949,,0.009104023687541485
,,,7950,,0.00960024818778038
,,,7951,,0.008470413275063038
,,,7952,,0.007570764981210232
,,,7953,,0.008119616657495499
,,,7954,,0.01092440728098154
,,,7955,,0.009145725518465042
,,,7956,,0.007993709295988083
,,,7957,,0.010534907691180706
,,,7958,,0.008946799673140049
,,,7959,,0.011215370148420334
,,,7960,,0.008836714550852776
,,,7961,,0.008095777593553066
,,,7962,,0.009685134515166283
,,,7963,,0.009604120627045631
,,,7964,,0.008224863559007645
,,,7965,,0.010505430400371552
,,,7966,,0.008942613378167152
,,,7967,,0.008543483912944794
,,,7968,,0.0033936563413590193
,,,7969,,0.0027260510250926018
,,,7970,,0.0021535588894039392
,,,7971,,0.002251917030662298
,,,7972,,0.001750989817082882
,,,7973,,0.001890915329568088
,,,7974,,0.00242671649903059
,,,7975,,0.0019296957179903984
,,,7976,,0.002612725831568241
,,,7977,,0.002262535970658064
,,,7978,,0.002236252184957266
,,,7979,,0.0019793729297816753
,,,7980,,0.0022269729524850845
,,,7981,,0.0050790393725037575
,,,7982,,0.005443579982966185
,,,7983,,0.006510085891932249
,,,7984,,0.0056778015568852425
,,,7985,,0.0019460429903119802
,,,7986,,0.02130519226193428
,,,7987,,0.005889387801289558
,,,7988,,0.014609742909669876
,,,7989,,0.0076844291761517525
,,,7990,,0.006766685284674168
,,,7991,,0.010898085311055183
,,,7992,,0.012718654237687588
,,,7993,,0.011644050478935242
,,,7994,,0.009005741216242313
,,,7995,,0.007424648851156235
,,,7996,,0.011458918452262878
,,,7997,,0.01602458395063877
,,,7998,,0.07496994733810425
,,,7999,,0.06034078449010849
,,,8000,,0.05185886099934578
,,,8001,,0.053669750690460205
,,,8002,,0.07731009274721146
,,,8003,,0.0466119721531868
,,,8004,,0.05063292756676674
,,,8005,,0.06520389765501022
,,,8006,,0.048043012619018555
,,,8007,,0.06021324172616005
,,,8008,,0.048729442059993744
,,,8009,,0.05326319858431816
,,,8010,,0.06377887725830078
,,,8011,,0.05923411250114441
,,,8012,,0.055681850761175156
,,,8013,,0.05453342944383621
,,,8014,,0.025551244616508484
34,,,2834,0.012456635944545269,
34,0.012303225696086884,,2834,,
35,,0.012674985453486443,2839,,
35,,0.018569814041256905,2849,,
35,,0.025439070537686348,2859,,
35,,0.01319121103733778,2869,,
35,,0.017473770305514336,2879,,
35,,0.02596479281783104,2889,,
35,,0.011778075248003006,2899,,
35,,0.010152986273169518,2909,,
,,,8015,,0.00043937854934483767
,,,8016,,0.00037001894088461995
,,,8017,,0.0007483874796889722
,,,8018,,0.0004539435321930796
,,,8019,,0.0008724652579985559
,,,8020,,0.000366706692148
,,,8021,,0.0006559797911904752
,,,8022,,0.00035727088106796145
,,,8023,,0.0006672163726761937
,,,8024,,0.0003641160437837243
,,,8025,,0.0009319066302850842
,,,8026,,0.0008168992353603244
,,,8027,,0.00037406067713163793
,,,8028,,0.0004367481451481581
,,,8029,,0.0006880055298097432
,,,8030,,0.0004439688054844737
,,,8031,,0.0008381587103940547
,,,8032,,0.0007208879105746746
,,,8033,,0.0007256693206727505
,,,8034,,0.0011378907365724444
,,,8035,,0.0004176286165602505
,,,8036,,0.0003958410816267133
,,,8037,,0.00034563522785902023
,,,8038,,0.0008709236280992627
,,,8039,,0.0007567155407741666
,,,8040,,0.0005943815922364593
,,,8041,,0.0005756340688094497
,,,8042,,0.007896769791841507
,,,8043,,0.02174009010195732
,,,8044,,0.019303705543279648
,,,8045,,0.018491337075829506
,,,8046,,0.019811203703284264
,,,8047,,0.019478004425764084
,,,8048,,0.08918717503547668
,,,8049,,0.030473604798316956
,,,8050,,0.017039427533745766
,,,8051,,0.01828361302614212
,,,8052,,0.012801231816411018
,,,8053,,0.007774309255182743
,,,8054,,0.016563870012760162
,,,8055,,0.010594908148050308
,,,8056,,0.008560491725802422
,,,8057,,0.021592512726783752
,,,8058,,0.0197768434882164
,,,8059,,0.008781544864177704
,,,8060,,0.029448457062244415
,,,8061,,0.013096394017338753
,,,8062,,0.004753514192998409
,,,8063,,0.01624121144413948
,,,8064,,0.007528891786932945
,,,8065,,0.007902642711997032
,,,8066,,0.010931923985481262
,,,8067,,0.0038081721868366003
,,,8068,,0.010961012914776802
,,,8069,,0.009110266342759132
,,,8070,,0.017416398972272873
,,,8071,,0.016472840681672096
,,,8072,,0.006629153620451689
,,,8073,,0.010334355756640434
,,,8074,,0.006739766336977482
,,,8075,,0.009054318070411682
,,,8076,,0.006818617228418589
,,,8077,,0.00636661984026432
,,,8078,,0.008619042113423347
,,,8079,,0.007742266170680523
,,,8080,,0.004265493713319302
,,,8081,,0.007025326602160931
,,,8082,,0.017167162150144577
,,,8083,,0.008054114878177643
,,,8084,,0.004533408209681511
,,,8085,,0.005706537514925003
,,,8086,,0.0006895259721204638
,,,8087,,0.001526236766949296
,,,8088,,0.0006472970126196742
,,,8089,,0.0007158195949159563
,,,8090,,0.0005990141071379185
,,,8091,,0.0007122107199393213
,,,8092,,0.00045148213393986225
,,,8093,,0.0005548714543692768
,,,8094,,0.000489666941575706
,,,8095,,0.0007734117680229247
,,,8096,,0.0006323478883132339
,,,8097,,0.0012666122056543827
,,,8098,,0.0009424026357010007
,,,8099,,0.012135583907365799
,,,8100,,0.014812089502811432
,,,8101,,0.014158543199300766
,,,8102,,0.04081612825393677
,,,8103,,0.02846260368824005
,,,8104,,0.0237040463835001
,,,8105,,0.03865649178624153
,,,8106,,0.03605865687131882
,,,8107,,0.012067727744579315
,,,8108,,0.011286938562989235
,,,8109,,0.011875761672854424
,,,8110,,0.00902461726218462
,,,8111,,0.010091021656990051
,,,8112,,0.011655820533633232
,,,8113,,0.009738241322338581
,,,8114,,0.009659809991717339
,,,8115,,0.011355536058545113
,,,8116,,0.009588433429598808
,,,8117,,0.008965815417468548
,,,8118,,0.008581777103245258
,,,8119,,0.01162574253976345
,,,8120,,0.010811572894454002
,,,8121,,0.011638625524938107
,,,8122,,0.010565785691142082
,,,8123,,0.009883495047688484
,,,8124,,0.01271481066942215
,,,8125,,0.01129139494150877
,,,8126,,0.008566642180085182
,,,8127,,0.0115791205316782
,,,8128,,0.011585640721023083
,,,8129,,0.016913915053009987
,,,8130,,0.016806382685899734
,,,8131,,0.012407930567860603
,,,8132,,0.009779000654816628
,,,8133,,0.00926878023892641
,,,8134,,0.01061282679438591
,,,8135,,0.008387545123696327
,,,8136,,0.009233269840478897
,,,8137,,0.009576472453773022
,,,8138,,0.009323655627667904
,,,8139,,0.009425689466297626
,,,8140,,0.009405276738107204
,,,8141,,0.008044993504881859
,,,8142,,0.008460444398224354
,,,8143,,0.008663196116685867
,,,8144,,0.010874750092625618
,,,8145,,0.009318767115473747
,,,8146,,0.01068035326898098
,,,8147,,0.009835773147642612
,,,8148,,0.010894237086176872
,,,8149,,0.010320138186216354
,,,8150,,0.009572728537023067
,,,8151,,0.009133746847510338
,,,8152,,0.010306435637176037
,,,8153,,0.007446823641657829
,,,8154,,0.00821890588849783
,,,8155,,0.0070189423859119415
,,,8156,,0.007043515332043171
,,,8157,,0.007118732202798128
,,,8158,,0.0075869872234761715
,,,8159,,0.007322647143155336
,,,8160,,0.0073667047545313835
,,,8161,,0.007211845368146896
,,,8162,,0.007410875987261534
,,,8163,,0.00614778371527791
,,,8164,,0.0063064140267670155
,,,8165,,0.0070843445137143135
,,,8166,,0.007512387819588184
,,,8167,,0.007445473689585924
,,,8168,,0.007182073779404163
,,,8169,,0.008136188611388206
,,,8170,,0.0075971512123942375
,,,8171,,0.007567677181214094
,,,8172,,0.006753985770046711
,,,8173,,0.00702537689357996
,,,8174,,0.007819770835340023
,,,8175,,0.007663296535611153
,,,8176,,0.00860585831105709
,,,8177,,0.009832212701439857
,,,8178,,0.008816644549369812
,,,8179,,0.009316609241068363
,,,8180,,0.008238084614276886
,,,8181,,0.007359892129898071
,,,8182,,0.00786682777106762
,,,8183,,0.010621313005685806
,,,8184,,0.008992822840809822
,,,8185,,0.0078032780438661575
,,,8186,,0.010233238339424133
,,,8187,,0.008676905184984207
,,,8188,,0.010804161429405212
,,,8189,,0.008451391011476517
,,,8190,,0.007820000872015953
,,,8191,,0.00941760465502739
,,,8192,,0.009246768429875374
,,,8193,,0.007960725575685501
,,,8194,,0.010164319537580013
,,,8195,,0.008691627532243729
,,,8196,,0.008343658410012722
,,,8197,,0.003417744766920805
,,,8198,,0.0027400897815823555
,,,8199,,0.002069952664896846
,,,8200,,0.002230866812169552
,,,8201,,0.001760530867613852
,,,8202,,0.0018845673184841871
,,,8203,,0.002414737595245242
,,,8204,,0.001954430714249611
,,,8205,,0.00259232334792614
,,,8206,,0.002338299760594964
,,,8207,,0.002222665585577488
,,,8208,,0.001980924280360341
,,,8209,,0.002213632222265005
,,,8210,,0.005264638923108578
,,,8211,,0.005493346601724625
,,,8212,,0.006853258702903986
,,,8213,,0.005470588803291321
,,,8214,,0.002221756847575307
,,,8215,,0.021324630826711655
,,,8216,,0.005898527801036835
,,,8217,,0.014761770144104958
,,,8218,,0.0077466233633458614
,,,8219,,0.006619060877710581
,,,8220,,0.010796448215842247
,,,8221,,0.013014593161642551
,,,8222,,0.011483588255941868
,,,8223,,0.009064583107829094
,,,8224,,0.007541458588093519
,,,8225,,0.011844591237604618
,,,8226,,0.015601196326315403
,,,8227,,0.07291558384895325
,,,8228,,0.05900856852531433
,,,8229,,0.04995051771402359
,,,8230,,0.05197020620107651
,,,8231,,0.0750676691532135
,,,8232,,0.04502628371119499
,,,8233,,0.04900471866130829
,,,8234,,0.06318579614162445
,,,8235,,0.046471040695905685
,,,8236,,0.057982295751571655
,,,8237,,0.04740092530846596
,,,8238,,0.051556993275880814
,,,8239,,0.06221023574471474
,,,8240,,0.05748935043811798
,,,8241,,0.053940728306770325
,,,8242,,0.05295003950595856
,,,8243,,0.024748647585511208
35,,,2915,0.01221588347107172,
35,0.012031915597617626,,2915,,
36,,0.01645176112651825,2919,,
36,,0.0170044656842947,2929,,
36,,0.012976650148630142,2939,,
36,,0.012008223682641983,2949,,
36,,0.013015352189540863,2959,,
36,,0.014226512052118778,2969,,
36,,0.017757419496774673,2979,,
36,,0.01575174182653427,2989,,
,,,8244,,0.00037463154876604676
,,,8245,,0.000329327245708555
,,,8246,,0.0007272743387147784
,,,8247,,0.00034278634120710194
,,,8248,,0.0008901481050997972
,,,8249,,0.0002335307071916759
,,,8250,,0.0006140116602182388
,,,8251,,0.0002581575245130807
,,,8252,,0.0006727552972733974
,,,8253,,0.0002977245021611452
,,,8254,,0.0008115774253383279
,,,8255,,0.0008569513447582722
,,,8256,,0.0002647280925884843
,,,8257,,0.00038672631490044296
,,,8258,,0.0006474308902397752
,,,8259,,0.00031852879328653216
,,,8260,,0.0008998799021355808
,,,8261,,0.0006597457686439157
,,,8262,,0.0006325915455818176
,,,8263,,0.0011533864308148623
,,,8264,,0.00029588889447040856
,,,8265,,0.0002793146704789251
,,,8266,,0.000232743623200804
,,,8267,,0.0008900171960704029
,,,8268,,0.0007094488246366382
,,,8269,,0.0005304125370457768
,,,8270,,0.0005280852783471346
,,,8271,,0.00812377780675888
,,,8272,,0.02172757126390934
,,,8273,,0.019322488456964493
,,,8274,,0.018741335719823837
,,,8275,,0.019983798265457153
,,,8276,,0.01946962997317314
,,,8277,,0.08897257596254349
,,,8278,,0.03041001595556736
,,,8279,,0.016974184662103653
,,,8280,,0.018340468406677246
,,,8281,,0.012825049459934235
,,,8282,,0.007955925539135933
,,,8283,,0.016571111977100372
,,,8284,,0.010927993804216385
,,,8285,,0.009151550941169262
,,,8286,,0.021765880286693573
,,,8287,,0.0202861987054348
,,,8288,,0.009115461260080338
,,,8289,,0.02962573990225792
,,,8290,,0.013497037813067436
,,,8291,,0.005150570534169674
,,,8292,,0.016532795503735542
,,,8293,,0.007698800414800644
,,,8294,,0.008226238191127777
,,,8295,,0.011330565437674522
,,,8296,,0.0042333402670919895
,,,8297,,0.011293970048427582
,,,8298,,0.009770932607352734
,,,8299,,0.017305292189121246
,,,8300,,0.016336023807525635
,,,8301,,0.006710856221616268
,,,8302,,0.010056843049824238
,,,8303,,0.006921776570379734
,,,8304,,0.009190147742629051
,,,8305,,0.006681287661194801
,,,8306,,0.0060811429284513
,,,8307,,0.008513988927006721
,,,8308,,0.007921425625681877
,,,8309,,0.004477351438254118
,,,8310,,0.00790521688759327
,,,8311,,0.017079241573810577
,,,8312,,0.007885493338108063
,,,8313,,0.004758195951581001
,,,8314,,0.005858936347067356
,,,8315,,0.0007015496958047152
,,,8316,,0.001562765333801508
,,,8317,,0.0006798213580623269
,,,8318,,0.0007617765804752707
,,,8319,,0.0006636697216890752
,,,8320,,0.0007428792305290699
,,,8321,,0.0004735249385703355
,,,8322,,0.0006399848498404026
,,,8323,,0.0005308625986799598
,,,8324,,0.0009035642724484205
,,,8325,,0.0006930644158273935
,,,8326,,0.00115989800542593
,,,8327,,0.0009408807964064181
,,,8328,,0.014807010069489479
,,,8329,,0.019113361835479736
,,,8330,,0.016555175185203552
,,,8331,,0.04200296849012375
,,,8332,,0.02960268035531044
,,,8333,,0.024804748594760895
,,,8334,,0.039525702595710754
,,,8335,,0.036537185311317444
,,,8336,,0.012648463249206543
,,,8337,,0.012050921097397804
,,,8338,,0.012412244454026222
,,,8339,,0.009568111971020699
,,,8340,,0.010788078419864178
,,,8341,,0.012457704171538353
,,,8342,,0.010336280800402164
,,,8343,,0.01045258343219757
,,,8344,,0.011858264915645123
,,,8345,,0.010276658460497856
,,,8346,,0.00970546156167984
,,,8347,,0.009016698226332664
,,,8348,,0.012281004339456558
,,,8349,,0.011343589052557945
,,,8350,,0.012370891869068146
,,,8351,,0.010970027185976505
,,,8352,,0.010601294226944447
,,,8353,,0.013129271566867828
,,,8354,,0.012013573199510574
,,,8355,,0.009187654592096806
,,,8356,,0.012047619558870792
,,,8357,,0.01224061381071806
,,,8358,,0.01840326189994812
,,,8359,,0.018634960055351257
,,,8360,,0.013102377764880657
,,,8361,,0.00992088858038187
,,,8362,,0.009339531883597374
,,,8363,,0.010565180331468582
,,,8364,,0.008465327322483063
,,,8365,,0.009352592751383781
,,,8366,,0.009580939076840878
,,,8367,,0.00938668567687273
,,,8368,,0.009406273253262043
,,,8369,,0.009484725072979927
,,,8370,,0.00814623013138771
,,,8371,,0.008583329617977142
,,,8372,,0.008720288053154945
,,,8373,,0.01091412827372551
,,,8374,,0.009417518973350525
,,,8375,,0.01071430929005146
,,,8376,,0.009986311197280884
,,,8377,,0.010855237022042274
,,,8378,,0.010308879427611828
,,,8379,,0.009647979401051998
,,,8380,,0.009179186075925827
,,,8381,,0.01030709594488144
,,,8382,,0.007692150305956602
,,,8383,,0.008194579742848873
,,,8384,,0.007373051717877388
,,,8385,,0.007215865887701511
,,,8386,,0.0073761651292443275
,,,8387,,0.007897776551544666
,,,8388,,0.007359719835221767
,,,8389,,0.007619442418217659
,,,8390,,0.00728647829964757
,,,8391,,0.007814030162990093
,,,8392,,0.0064962683245539665
,,,8393,,0.006492950953543186
,,,8394,,0.007137571461498737
,,,8395,,0.007697094231843948
,,,8396,,0.0073912860825657845
,,,8397,,0.007304910570383072
,,,8398,,0.008357048034667969
,,,8399,,0.0075834463350474834
,,,8400,,0.007575763389468193
,,,8401,,0.007032047491520643
,,,8402,,0.00706974882632494
,,,8403,,0.007923453114926815
,,,8404,,0.008066229522228241
,,,8405,,0.009135112166404724
,,,8406,,0.010409843176603317
,,,8407,,0.009216057136654854
,,,8408,,0.009803853929042816
,,,8409,,0.008675545454025269
,,,8410,,0.007637420669198036
,,,8411,,0.008347313851118088
,,,8412,,0.011115893721580505
,,,8413,,0.009282946586608887
,,,8414,,0.00820700079202652
,,,8415,,0.010774651542305946
,,,8416,,0.009275088086724281
,,,8417,,0.011390904895961285
,,,8418,,0.00905841588973999
,,,8419,,0.008254804648458958
,,,8420,,0.009814407676458359
,,,8421,,0.009813908487558365
,,,8422,,0.00847571436315775
,,,8423,,0.010678799822926521
,,,8424,,0.009178057312965393
,,,8425,,0.008752819150686264
,,,8426,,0.00362943927757442
,,,8427,,0.0028495879378169775
,,,8428,,0.002046794630587101
,,,8429,,0.0023058245424181223
,,,8430,,0.001756987883709371
,,,8431,,0.0019614947959780693
,,,8432,,0.002488193102180958
,,,8433,,0.002090845024213195
,,,8434,,0.002611713018268347
,,,8435,,0.0027536333072930574
,,,8436,,0.002342434599995613
,,,8437,,0.0020770495757460594
,,,8438,,0.0022871149703860283
,,,8439,,0.005286884494125843
,,,8440,,0.005731859244406223
,,,8441,,0.006399192847311497
,,,8442,,0.006097760051488876
,,,8443,,0.001996129984036088
,,,8444,,0.020890241488814354
,,,8445,,0.005468184594064951
,,,8446,,0.014011632651090622
,,,8447,,0.007249155081808567
,,,8448,,0.006565086543560028
,,,8449,,0.010679726488888264
,,,8450,,0.013148318976163864
,,,8451,,0.011873666197061539
,,,8452,,0.008722282014787197
,,,8453,,0.007789000403136015
,,,8454,,0.011179455555975437
,,,8455,,0.015396883711218834
,,,8456,,0.07214844971895218
,,,8457,,0.05797219276428223
,,,8458,,0.04897968843579292
,,,8459,,0.051443446427583694
,,,8460,,0.07444402575492859
,,,8461,,0.044256120920181274
,,,8462,,0.04809987545013428
,,,8463,,0.06272352486848831
,,,8464,,0.0456814244389534
,,,8465,,0.057245492935180664
,,,8466,,0.046631745994091034
,,,8467,,0.050685763359069824
,,,8468,,0.06148510426282883
,,,8469,,0.05697158724069595
,,,8470,,0.05322248488664627
,,,8471,,0.05215493217110634
,,,8472,,0.024335460737347603
36,,,2996,0.012389078736305237,
36,0.012588751502335072,,2996,,
37,,0.012586665339767933,2999,,
37,,0.011715197935700417,3009,,
37,,0.0065754372626543045,3019,,
37,,0.020337536931037903,3029,,
37,,0.011242086067795753,3039,,
37,,0.004833118990063667,3049,,
37,,0.012851376086473465,3059,,
37,,0.011954912915825844,3069,,
,,,8473,,0.000507226912304759
,,,8474,,0.00045914281508885324
,,,8475,,0.0007903941441327333
,,,8476,,0.0004813888226635754
,,,8477,,0.0008671435643918812
,,,8478,,0.0003894273249898106
,,,8479,,0.0007029577973298728
,,,8480,,0.0004147616564296186
,,,8481,,0.0007180178072303534
,,,8482,,0.00041100301314145327
,,,8483,,0.0009783449349924922
,,,8484,,0.0009155402658507228
,,,8485,,0.0004540691152215004
,,,8486,,0.0005050453473813832
,,,8487,,0.0007245216402225196
,,,8488,,0.0004872333083767444
,,,8489,,0.00094153470126912
,,,8490,,0.0008320839842781425
,,,8491,,0.000745966040994972
,,,8492,,0.0012578731402754784
,,,8493,,0.0004605417198035866
,,,8494,,0.00045841227984055877
,,,8495,,0.00038145293365232646
,,,8496,,0.0010165212443098426
,,,8497,,0.0008436794159933925
,,,8498,,0.0006690019508823752
,,,8499,,0.0006128635141067207
,,,8500,,0.00784660317003727
,,,8501,,0.021648921072483063
,,,8502,,0.01915135607123375
,,,8503,,0.018437063321471214
,,,8504,,0.019672464579343796
,,,8505,,0.019230104982852936
,,,8506,,0.08839623630046844
,,,8507,,0.030105113983154297
,,,8508,,0.01679304987192154
,,,8509,,0.018019717186689377
,,,8510,,0.012667639181017876
,,,8511,,0.007724335417151451
,,,8512,,0.016357550397515297
,,,8513,,0.0104740671813488
,,,8514,,0.008232703432440758
,,,8515,,0.020878013223409653
,,,8516,,0.019438598304986954
,,,8517,,0.008552447892725468
,,,8518,,0.028290236368775368
,,,8519,,0.012740684673190117
,,,8520,,0.004685491323471069
,,,8521,,0.01564026065170765
,,,8522,,0.007303555496037006
,,,8523,,0.007802554871886969
,,,8524,,0.010602040216326714
,,,8525,,0.0036906737368553877
,,,8526,,0.010631702840328217
,,,8527,,0.008508758619427681
,,,8528,,0.01622539758682251
,,,8529,,0.015282051637768745
,,,8530,,0.00610748678445816
,,,8531,,0.009466618299484253
,,,8532,,0.0061960602179169655
,,,8533,,0.00843034591525793
,,,8534,,0.006047233007848263
,,,8535,,0.00569327874109149
,,,8536,,0.0077015249989926815
,,,8537,,0.007270505651831627
,,,8538,,0.0038596868980675936
,,,8539,,0.006868406198918819
,,,8540,,0.01600702852010727
,,,8541,,0.007395322434604168
,,,8542,,0.004188764840364456
,,,8543,,0.005502406507730484
,,,8544,,0.0008370077703148127
,,,8545,,0.0015651541762053967
,,,8546,,0.0005014470079913735
,,,8547,,0.0007826845394447446
,,,8548,,0.0007552576716989279
,,,8549,,0.0008704140200279653
,,,8550,,0.0005631223320960999
,,,8551,,0.00044411970884539187
,,,8552,,0.0005739014595746994
,,,8553,,0.0008221175521612167
,,,8554,,0.0006777133094146848
,,,8555,,0.0017073104390874505
,,,8556,,0.001070573809556663
,,,8557,,0.01213766634464264
,,,8558,,0.014875559136271477
,,,8559,,0.014609573408961296
,,,8560,,0.04172569885849953
,,,8561,,0.02922295406460762
,,,8562,,0.02333599328994751
,,,8563,,0.03678508475422859
,,,8564,,0.034422341734170914
,,,8565,,0.011975621804594994
,,,8566,,0.01114385761320591
,,,8567,,0.011486262083053589
,,,8568,,0.009011339396238327
,,,8569,,0.009982558898627758
,,,8570,,0.011497494764626026
,,,8571,,0.009610777720808983
,,,8572,,0.009778405539691448
,,,8573,,0.011067716404795647
,,,8574,,0.009370523504912853
,,,8575,,0.008856448344886303
,,,8576,,0.008524185046553612
,,,8577,,0.01127486489713192
,,,8578,,0.010568634606897831
,,,8579,,0.011587703600525856
,,,8580,,0.010284765623509884
,,,8581,,0.009791230782866478
,,,8582,,0.012255323119461536
,,,8583,,0.011098787188529968
,,,8584,,0.008482063189148903
,,,8585,,0.011280983686447144
,,,8586,,0.011313386261463165
,,,8587,,0.01612958312034607
,,,8588,,0.016326894983649254
,,,8589,,0.011845733970403671
,,,8590,,0.009705030359327793
,,,8591,,0.009018449112772942
,,,8592,,0.010349908843636513
,,,8593,,0.008277783170342445
,,,8594,,0.009161635302007198
,,,8595,,0.009352331981062889
,,,8596,,0.009122088551521301
,,,8597,,0.009115692228078842
,,,8598,,0.009227264672517776
,,,8599,,0.00800306722521782
,,,8600,,0.0082247294485569
,,,8601,,0.008360927924513817
,,,8602,,0.010563704185187817
,,,8603,,0.009167795069515705
,,,8604,,0.010392592288553715
,,,8605,,0.0094687445089221
,,,8606,,0.010471068322658539
,,,8607,,0.009951673448085785
,,,8608,,0.009375599212944508
,,,8609,,0.008890634402632713
,,,8610,,0.010153161361813545
,,,8611,,0.007282789796590805
,,,8612,,0.007812391500920057
,,,8613,,0.0070621720515191555
,,,8614,,0.006922242231667042
,,,8615,,0.0070432452484965324
,,,8616,,0.007481034845113754
,,,8617,,0.0070520201697945595
,,,8618,,0.007285615429282188
,,,8619,,0.007051730994135141
,,,8620,,0.007333037443459034
,,,8621,,0.006181628443300724
,,,8622,,0.0061994572170078754
,,,8623,,0.006802340969443321
,,,8624,,0.0073416754603385925
,,,8625,,0.007127407006919384
,,,8626,,0.007093262858688831
,,,8627,,0.007663575001060963
,,,8628,,0.007345031946897507
,,,8629,,0.007329907733947039
,,,8630,,0.006616303697228432
,,,8631,,0.006784819066524506
,,,8632,,0.007712681777775288
,,,8633,,0.007715137675404549
,,,8634,,0.008723841048777103
,,,8635,,0.009770319797098637
,,,8636,,0.008890710771083832
,,,8637,,0.009351987391710281
,,,8638,,0.008374549448490143
,,,8639,,0.007526557892560959
,,,8640,,0.007998308166861534
,,,8641,,0.010530183091759682
,,,8642,,0.009043032303452492
,,,8643,,0.007896285504102707
,,,8644,,0.010234308429062366
,,,8645,,0.00874175876379013
,,,8646,,0.010730914771556854
,,,8647,,0.008497094735503197
,,,8648,,0.007954908534884453
,,,8649,,0.009371662512421608
,,,8650,,0.009240519255399704
,,,8651,,0.008040601387619972
,,,8652,,0.010147443041205406
,,,8653,,0.008669771254062653
,,,8654,,0.008389867842197418
,,,8655,,0.003699773456901312
,,,8656,,0.0028758873231709003
,,,8657,,0.002130201319232583
,,,8658,,0.0023655567783862352
,,,8659,,0.0019505840027704835
,,,8660,,0.0021668211556971073
,,,8661,,0.0025564534589648247
,,,8662,,0.002268578391522169
,,,8663,,0.00276187714189291
,,,8664,,0.0028083259239792824
,,,8665,,0.002447466365993023
,,,8666,,0.0022689125034958124
,,,8667,,0.002345179207623005
,,,8668,,0.005559633951634169
,,,8669,,0.005455419421195984
,,,8670,,0.006419740617275238
,,,8671,,0.0056259846314787865
,,,8672,,0.0019387041684240103
,,,8673,,0.020370421931147575
,,,8674,,0.005416858941316605
,,,8675,,0.013575360178947449
,,,8676,,0.007167460396885872
,,,8677,,0.006505281198769808
,,,8678,,0.010498661547899246
,,,8679,,0.01303745899349451
,,,8680,,0.01164234522730112
,,,8681,,0.008408130146563053
,,,8682,,0.0076505630277097225
,,,8683,,0.010770536959171295
,,,8684,,0.015406977385282516
,,,8685,,0.0712234303355217
,,,8686,,0.057198815047740936
,,,8687,,0.0481344573199749
,,,8688,,0.05079260468482971
,,,8689,,0.072970449924469
,,,8690,,0.04358327388763428
,,,8691,,0.04781167581677437
,,,8692,,0.06130300462245941
,,,8693,,0.044946394860744476
,,,8694,,0.05615609139204025
,,,8695,,0.0458901971578598
,,,8696,,0.050182610750198364
,,,8697,,0.0608169361948967
,,,8698,,0.05570655316114426
,,,8699,,0.052244774997234344
,,,8700,,0.05116642266511917
,,,8701,,0.02438528649508953
37,,,3077,0.011952264234423637,
37,0.01157449558377266,,3077,,
38,,0.0065621971152722836,3079,,
38,,0.01038423366844654,3089,,
38,,0.009707141667604446,3099,,
38,,0.007498274091631174,3109,,
38,,0.003941918257623911,3119,,
38,,0.02591210976243019,3129,,
38,,0.011738244444131851,3139,,
38,,0.011446431279182434,3149,,
,,,8702,,0.0010847891680896282
,,,8703,,0.0010594067862257361
,,,8704,,0.0013544992543756962
,,,8705,,0.0010743695311248302
,,,8706,,0.001753614516928792
,,,8707,,0.0008596545085310936
,,,8708,,0.0012690102448686957
,,,8709,,0.0009376538801006973
,,,8710,,0.001426327507942915
,,,8711,,0.0009451923542656004
,,,8712,,0.0014804864767938852
,,,8713,,0.0014555819798260927
,,,8714,,0.0008998578996397555
,,,8715,,0.0010499285999685526
,,,8716,,0.001209584646858275
,,,8717,,0.0009860664140433073
,,,8718,,0.0014971056953072548
,,,8719,,0.0012033333769068122
,,,8720,,0.0013751049991697073
,,,8721,,0.0016334578394889832
,,,8722,,0.0008645209018141031
,,,8723,,0.0008978176047094166
,,,8724,,0.000892074778676033
,,,8725,,0.0014259286690503359
,,,8726,,0.0012925129849463701
,,,8727,,0.0012559241149574518
,,,8728,,0.0011936214286834002
,,,8729,,0.009418724104762077
,,,8730,,0.022880569100379944
,,,8731,,0.020257165655493736
,,,8732,,0.019747234880924225
,,,8733,,0.021173585206270218
,,,8734,,0.020515166223049164
,,,8735,,0.09028638899326324
,,,8736,,0.03144560009241104
,,,8737,,0.0179354939609766
,,,8738,,0.019524376839399338
,,,8739,,0.014136604964733124
,,,8740,,0.009632148779928684
,,,8741,,0.017899570986628532
,,,8742,,0.012550463899970055
,,,8743,,0.010738639160990715
,,,8744,,0.022410273551940918
,,,8745,,0.021108785644173622
,,,8746,,0.010639626532793045
,,,8747,,0.029959050938487053
,,,8748,,0.014513948932290077
,,,8749,,0.006682657636702061
,,,8750,,0.01694921776652336
,,,8751,,0.009304309263825417
,,,8752,,0.009751399978995323
,,,8753,,0.012998552992939949
,,,8754,,0.005988606251776218
,,,8755,,0.012723777443170547
,,,8756,,0.009612339548766613
,,,8757,,0.01667752116918564
,,,8758,,0.015623806044459343
,,,8759,,0.006785869132727385
,,,8760,,0.009810146875679493
,,,8761,,0.006499588489532471
,,,8762,,0.00897056981921196
,,,8763,,0.006670452654361725
,,,8764,,0.00634536799043417
,,,8765,,0.008001548238098621
,,,8766,,0.007835384458303452
,,,8767,,0.004643031861633062
,,,8768,,0.007831525057554245
,,,8769,,0.016448259353637695
,,,8770,,0.00803681742399931
,,,8771,,0.0050780680030584335
,,,8772,,0.00565502280369401
,,,8773,,0.0016638755332678556
,,,8774,,0.0021793467458337545
,,,8775,,0.002157769165933132
,,,8776,,0.0022612991742789745
,,,8777,,0.0017063196282833815
,,,8778,,0.0014975498197600245
,,,8779,,0.0009352618362754583
,,,8780,,0.0020334282889962196
,,,8781,,0.0010234650690108538
,,,8782,,0.00170575687661767
,,,8783,,0.0022943848744034767
,,,8784,,0.0008282309863716364
,,,8785,,0.0015686979750171304
,,,8786,,0.013191108591854572
,,,8787,,0.01598924770951271
,,,8788,,0.014576256275177002
,,,8789,,0.03787863254547119
,,,8790,,0.026277510449290276
,,,8791,,0.022032354027032852
,,,8792,,0.037085019052028656
,,,8793,,0.034198082983493805
,,,8794,,0.011396714486181736
,,,8795,,0.010502591729164124
,,,8796,,0.011027589440345764
,,,8797,,0.008385863155126572
,,,8798,,0.009431220591068268
,,,8799,,0.010863158851861954
,,,8800,,0.009012822061777115
,,,8801,,0.008993161842226982
,,,8802,,0.010572506114840508
,,,8803,,0.008884192444384098
,,,8804,,0.008272684179246426
,,,8805,,0.008066724054515362
,,,8806,,0.010781947523355484
,,,8807,,0.010082162916660309
,,,8808,,0.010919987224042416
,,,8809,,0.00982074998319149
,,,8810,,0.009244730696082115
,,,8811,,0.011821368709206581
,,,8812,,0.010549523867666721
,,,8813,,0.007950647734105587
,,,8814,,0.010785331018269062
,,,8815,,0.010831877589225769
,,,8816,,0.016656242311000824
,,,8817,,0.016728617250919342
,,,8818,,0.012373220175504684
,,,8819,,0.009254058822989464
,,,8820,,0.00875015277415514
,,,8821,,0.010128036141395569
,,,8822,,0.00799120869487524
,,,8823,,0.008713294751942158
,,,8824,,0.009031555615365505
,,,8825,,0.00871621910482645
,,,8826,,0.008937480859458447
,,,8827,,0.008936002850532532
,,,8828,,0.007493022829294205
,,,8829,,0.008009844459593296
,,,8830,,0.008154315873980522
,,,8831,,0.01022727508097887
,,,8832,,0.008790993131697178
,,,8833,,0.010060991160571575
,,,8834,,0.009363067336380482
,,,8835,,0.010263577103614807
,,,8836,,0.009672079235315323
,,,8837,,0.009066124446690083
,,,8838,,0.0086141899228096
,,,8839,,0.009800048545002937
,,,8840,,0.00720603670924902
,,,8841,,0.007824461907148361
,,,8842,,0.0069548157043755054
,,,8843,,0.007035382091999054
,,,8844,,0.007008545100688934
,,,8845,,0.007462211884558201
,,,8846,,0.006956357508897781
,,,8847,,0.007210427429527044
,,,8848,,0.00705370120704174
,,,8849,,0.0073777614161372185
,,,8850,,0.006022883579134941
,,,8851,,0.006237984634935856
,,,8852,,0.006881589535623789
,,,8853,,0.00745190866291523
,,,8854,,0.007145669776946306
,,,8855,,0.007066912949085236
,,,8856,,0.007741463370621204
,,,8857,,0.007358269300311804
,,,8858,,0.0074137975461781025
,,,8859,,0.006601162254810333
,,,8860,,0.006848576944321394
,,,8861,,0.007661017123609781
,,,8862,,0.0075063556432724
,,,8863,,0.008299320936203003
,,,8864,,0.009505621157586575
,,,8865,,0.008487813174724579
,,,8866,,0.009019281715154648
,,,8867,,0.008013769052922726
,,,8868,,0.00714339641854167
,,,8869,,0.007679682224988937
,,,8870,,0.010217627510428429
,,,8871,,0.008632113225758076
,,,8872,,0.0075876470655202866
,,,8873,,0.00985829159617424
,,,8874,,0.00837682094424963
,,,8875,,0.010421421378850937
,,,8876,,0.008297206833958626
,,,8877,,0.007591233588755131
,,,8878,,0.009149433113634586
,,,8879,,0.008982169441878796
,,,8880,,0.007779540494084358
,,,8881,,0.009782839566469193
,,,8882,,0.008460259065032005
,,,8883,,0.008134482428431511
,,,8884,,0.004258403554558754
,,,8885,,0.0036850925534963608
,,,8886,,0.003165226196870208
,,,8887,,0.0031830293592065573
,,,8888,,0.0026585005689412355
,,,8889,,0.0028344644233584404
,,,8890,,0.00334110576659441
,,,8891,,0.0028958828188478947
,,,8892,,0.003587873885408044
,,,8893,,0.0032858657650649548
,,,8894,,0.0033061052672564983
,,,8895,,0.002810112200677395
,,,8896,,0.0032733548432588577
,,,8897,,0.005311682354658842
,,,8898,,0.005271044559776783
,,,8899,,0.006585565395653248
,,,8900,,0.005784577690064907
,,,8901,,0.002134051639586687
,,,8902,,0.01990213803946972
,,,8903,,0.005318690091371536
,,,8904,,0.013758743181824684
,,,8905,,0.007133916020393372
,,,8906,,0.006266363430768251
,,,8907,,0.010239160619676113
,,,8908,,0.012230202555656433
,,,8909,,0.011302195489406586
,,,8910,,0.008280055597424507
,,,8911,,0.0071874987334012985
,,,8912,,0.010605568066239357
,,,8913,,0.01493418775498867
,,,8914,,0.069614477455616
,,,8915,,0.05612063407897949
,,,8916,,0.047037918120622635
,,,8917,,0.04947800934314728
,,,8918,,0.07162485271692276
,,,8919,,0.04236544296145439
,,,8920,,0.04638221114873886
,,,8921,,0.06021357327699661
,,,8922,,0.04361966252326965
,,,8923,,0.054735176265239716
,,,8924,,0.04460599273443222
,,,8925,,0.04878023639321327
,,,8926,,0.059965960681438446
,,,8927,,0.054240982979536057
,,,8928,,0.05095841363072395
,,,8929,,0.050000570714473724
,,,8930,,0.02440401166677475
38,,,3158,0.01211554929614067,
38,0.011178971268236637,,3158,,
39,,0.0105902049690485,3159,,
39,,0.015409784391522408,3169,,
39,,0.006554394960403442,3179,,
39,,0.023992860689759254,3189,,
39,,0.013557071797549725,3199,,
39,,0.013500694185495377,3209,,
39,,0.01440809853374958,3219,,
39,,0.014845944941043854,3229,,
39,,0.007689187303185463,3239,,
,,,8931,,0.0004381625622045249
,,,8932,,0.00043596827890723944
,,,8933,,0.0009525113855488598
,,,8934,,0.0003290432214271277
,,,8935,,0.0006423339946195483
,,,8936,,0.0002977805561386049
,,,8937,,0.0007845200598239899
,,,8938,,0.0003259111545048654
,,,8939,,0.000444302597315982
,,,8940,,0.0003515805583447218
,,,8941,,0.0009388654725626111
,,,8942,,0.001157896826043725
,,,8943,,0.00037841295124962926
,,,8944,,0.0003808407054748386
,,,8945,,0.0006182431243360043
,,,8946,,0.0003551281988620758
,,,8947,,0.000832306279335171
,,,8948,,0.0007969599100761116
,,,8949,,0.0005238035228103399
,,,8950,,0.0012496600393205881
,,,8951,,0.00036450603511184454
,,,8952,,0.00032471437589265406
,,,8953,,0.00025268964236602187
,,,8954,,0.000991886481642723
,,,8955,,0.0007433427381329238
,,,8956,,0.000684086699038744
,,,8957,,0.0005305923987179995
,,,8958,,0.007476193830370903
,,,8959,,0.020917847752571106
,,,8960,,0.018486831337213516
,,,8961,,0.01772528514266014
,,,8962,,0.019085315987467766
,,,8963,,0.018569517880678177
,,,8964,,0.08758533000946045
,,,8965,,0.029405467212200165
,,,8966,,0.016084052622318268
,,,8967,,0.017522349953651428
,,,8968,,0.012076934799551964
,,,8969,,0.0073514413088560104
,,,8970,,0.015777522698044777
,,,8971,,0.010087938979268074
,,,8972,,0.007839835248887539
,,,8973,,0.01991911232471466
,,,8974,,0.01868581213057041
,,,8975,,0.008240781724452972
,,,8976,,0.02711433731019497
,,,8977,,0.012142980471253395
,,,8978,,0.004330486990511417
,,,8979,,0.014750353060662746
,,,8980,,0.0068883998319506645
,,,8981,,0.00741148367524147
,,,8982,,0.010178978554904461
,,,8983,,0.003315138164907694
,,,8984,,0.010086549445986748
,,,8985,,0.008972173556685448
,,,8986,,0.015792015939950943
,,,8987,,0.014883976429700851
,,,8988,,0.006309904158115387
,,,8989,,0.009239445440471172
,,,8990,,0.006648228503763676
,,,8991,,0.008743906393647194
,,,8992,,0.006203379016369581
,,,8993,,0.005897657014429569
,,,8994,,0.00774706294760108
,,,8995,,0.007903657853603363
,,,8996,,0.00427246605977416
,,,8997,,0.007401303853839636
,,,8998,,0.01543908379971981
,,,8999,,0.007293489761650562
,,,9000,,0.0051210978999733925
,,,9001,,0.00546089094132185
,,,9002,,0.0006646094843745232
,,,9003,,0.001347531215287745
,,,9004,,0.0007151666795834899
,,,9005,,0.000650474801659584
,,,9006,,0.0006119317258708179
,,,9007,,0.0007094051106832922
,,,9008,,0.0005144184688106179
,,,9009,,0.0007339311996474862
,,,9010,,0.0005576416733674705
,,,9011,,0.0007905884413048625
,,,9012,,0.0006341516273096204
,,,9013,,0.001148938201367855
,,,9014,,0.0010679541155695915
,,,9015,,0.011790615506470203
,,,9016,,0.01418779045343399
,,,9017,,0.013865966349840164
,,,9018,,0.03782370686531067
,,,9019,,0.026579219847917557
,,,9020,,0.021610882133245468
,,,9021,,0.03523484617471695
,,,9022,,0.03266608342528343
,,,9023,,0.010865970514714718
,,,9024,,0.01026935875415802
,,,9025,,0.010838308371603489
,,,9026,,0.008272641338407993
,,,9027,,0.00925578735768795
,,,9028,,0.010634951293468475
,,,9029,,0.008957362733781338
,,,9030,,0.008780468255281448
,,,9031,,0.010447975248098373
,,,9032,,0.008805492892861366
,,,9033,,0.008085506036877632
,,,9034,,0.007924527861177921
,,,9035,,0.010612509213387966
,,,9036,,0.009997768327593803
,,,9037,,0.010628463700413704
,,,9038,,0.009632987901568413
,,,9039,,0.009130468592047691
,,,9040,,0.01159768458455801
,,,9041,,0.010307502001523972
,,,9042,,0.00790029764175415
,,,9043,,0.010482735931873322
,,,9044,,0.010599549859762192
,,,9045,,0.01585935428738594
,,,9046,,0.015998411923646927
,,,9047,,0.011401232331991196
,,,9048,,0.009034395217895508
,,,9049,,0.008695869706571102
,,,9050,,0.009950624778866768
,,,9051,,0.007913843728601933
,,,9052,,0.008604085072875023
,,,9053,,0.008903836831450462
,,,9054,,0.008564498275518417
,,,9055,,0.008804025128483772
,,,9056,,0.008780308067798615
,,,9057,,0.007407685276120901
,,,9058,,0.00790897011756897
,,,9059,,0.00813150592148304
,,,9060,,0.010084866546094418
,,,9061,,0.00863710418343544
,,,9062,,0.009843654930591583
,,,9063,,0.00926186516880989
,,,9064,,0.010042646899819374
,,,9065,,0.009514890611171722
,,,9066,,0.009016438387334347
,,,9067,,0.008548568934202194
,,,9068,,0.009549290873110294
,,,9069,,0.007009941153228283
,,,9070,,0.0074599371291697025
,,,9071,,0.006562534254044294
,,,9072,,0.006642044056206942
,,,9073,,0.00664141122251749
,,,9074,,0.007087734527885914
,,,9075,,0.006683778017759323
,,,9076,,0.006817562505602837
,,,9077,,0.006751327309757471
,,,9078,,0.007051446940749884
,,,9079,,0.005689452402293682
,,,9080,,0.00596200255677104
,,,9081,,0.006584282964468002
,,,9082,,0.007053245324641466
,,,9083,,0.006720390170812607
,,,9084,,0.006652397103607655
,,,9085,,0.007503732107579708
,,,9086,,0.006975308991968632
,,,9087,,0.007009129039943218
,,,9088,,0.006279374472796917
,,,9089,,0.006475331261754036
,,,9090,,0.007208043243736029
,,,9091,,0.007309495471417904
,,,9092,,0.008235328830778599
,,,9093,,0.00930742733180523
,,,9094,,0.00839860551059246
,,,9095,,0.008888132870197296
,,,9096,,0.007840702310204506
,,,9097,,0.007066888734698296
,,,9098,,0.007479218766093254
,,,9099,,0.010092293843626976
,,,9100,,0.008721055462956429
,,,9101,,0.007385554723441601
,,,9102,,0.00977994967252016
,,,9103,,0.008218805305659771
,,,9104,,0.010240036062896252
,,,9105,,0.008025893941521645
,,,9106,,0.007470389362424612
,,,9107,,0.008970433846116066
,,,9108,,0.008693219162523746
,,,9109,,0.007589488755911589
,,,9110,,0.009690962731838226
,,,9111,,0.008276582695543766
,,,9112,,0.007951172068715096
,,,9113,,0.003210268681868911
,,,9114,,0.0026515729259699583
,,,9115,,0.0019454467110335827
,,,9116,,0.0020370963029563427
,,,9117,,0.001643619267269969
,,,9118,,0.0017195194959640503
,,,9119,,0.0022421875037252903
,,,9120,,0.0017997617833316326
,,,9121,,0.002517200540751219
,,,9122,,0.0022416317369788885
,,,9123,,0.0021335186902433634
,,,9124,,0.001860511489212513
,,,9125,,0.0020744323264807463
,,,9126,,0.004856599494814873
,,,9127,,0.005230220500379801
,,,9128,,0.006345832254737616
,,,9129,,0.005277502816170454
,,,9130,,0.001997194718569517
,,,9131,,0.020064961165189743
,,,9132,,0.0049249520525336266
,,,9133,,0.013414721935987473
,,,9134,,0.006581796333193779
,,,9135,,0.005875123664736748
,,,9136,,0.010088199749588966
,,,9137,,0.012479246594011784
,,,9138,,0.01133708469569683
,,,9139,,0.008365544490516186
,,,9140,,0.007567200809717178
,,,9141,,0.011042328551411629
,,,9142,,0.014701240696012974
,,,9143,,0.06914263963699341
,,,9144,,0.055154770612716675
,,,9145,,0.04593607410788536
,,,9146,,0.04876722767949104
,,,9147,,0.07063546776771545
,,,9148,,0.04151077941060066
,,,9149,,0.045603495091199875
,,,9150,,0.05898665636777878
,,,9151,,0.04279578477144241
,,,9152,,0.0534529834985733
,,,9153,,0.04349217191338539
,,,9154,,0.0477873757481575
,,,9155,,0.05882144719362259
,,,9156,,0.05337575078010559
,,,9157,,0.05031311884522438
,,,9158,,0.049065180122852325
,,,9159,,0.023594891652464867
39,,,3239,0.011429580859839916,
39,0.011300671845674515,,3239,,
40,,0.007494598627090454,3249,,
40,,0.008758580312132835,3259,,
40,,0.014873693697154522,3269,,
40,,0.007821081206202507,3279,,
40,,0.019684989005327225,3289,,
40,,0.005826068110764027,3299,,
40,,0.005032224580645561,3309,,
40,,0.009792379103600979,3319,,
,,,9160,,0.00031946669332683086
,,,9161,,0.0002694401191547513
,,,9162,,0.0006865171017125249
,,,9163,,0.0003016676346305758
,,,9164,,0.0006335880607366562
,,,9165,,0.00022236391669139266
,,,9166,,0.0006160552147775888
,,,9167,,0.0002234560961369425
,,,9168,,0.0004632414202205837
,,,9169,,0.0002570972719695419
,,,9170,,0.0008003860129974782
,,,9171,,0.0008336640894412994
,,,9172,,0.0002515902742743492
,,,9173,,0.0003395240055397153
,,,9174,,0.0005501735722646117
,,,9175,,0.00033347230055369437
,,,9176,,0.000711688888259232
,,,9177,,0.0005994101520627737
,,,9178,,0.0005443190457299352
,,,9179,,0.001032070955261588
,,,9180,,0.0002728301042225212
,,,9181,,0.0002622072643134743
,,,9182,,0.00021227903198450804
,,,9183,,0.0008011375903151929
,,,9184,,0.0006375377997756004
,,,9185,,0.0004562808317132294
,,,9186,,0.00045910326298326254
,,,9187,,0.007181462831795216
,,,9188,,0.020684873685240746
,,,9189,,0.01815814897418022
,,,9190,,0.0175316259264946
,,,9191,,0.01883750781416893
,,,9192,,0.018340693786740303
,,,9193,,0.08737531304359436
,,,9194,,0.02911762148141861
,,,9195,,0.015867384150624275
,,,9196,,0.01726520247757435
,,,9197,,0.011855287477374077
,,,9198,,0.007120185997337103
,,,9199,,0.015492233447730541
,,,9200,,0.009917892515659332
,,,9201,,0.00779307633638382
,,,9202,,0.019610274583101273
,,,9203,,0.01853029429912567
,,,9204,,0.00824239943176508
,,,9205,,0.026814842596650124
,,,9206,,0.012022356502711773
,,,9207,,0.004267031326889992
,,,9208,,0.014479067176580429
,,,9209,,0.006837468594312668
,,,9210,,0.007436193525791168
,,,9211,,0.010118221864104271
,,,9212,,0.003355311695486307
,,,9213,,0.010047027841210365
,,,9214,,0.00775102199986577
,,,9215,,0.014977408573031425
,,,9216,,0.014051875099539757
,,,9217,,0.005792531184852123
,,,9218,,0.008679447695612907
,,,9219,,0.005636855959892273
,,,9220,,0.007795518264174461
,,,9221,,0.005661500617861748
,,,9222,,0.005555707961320877
,,,9223,,0.007239585742354393
,,,9224,,0.006879914551973343
,,,9225,,0.0038128094747662544
,,,9226,,0.006508839316666126
,,,9227,,0.01475521456450224
,,,9228,,0.006981792394071817
,,,9229,,0.004300874192267656
,,,9230,,0.0048580472357571125
,,,9231,,0.0005264161736704409
,,,9232,,0.001233564456924796
,,,9233,,0.0005463518318720162
,,,9234,,0.0005570257198996842
,,,9235,,0.0004988788859918714
,,,9236,,0.0005877554649487138
,,,9237,,0.00033362203976139426
,,,9238,,0.00045173478429205716
,,,9239,,0.0003837315598502755
,,,9240,,0.0006455527618527412
,,,9241,,0.0005028359591960907
,,,9242,,0.0011127968318760395
,,,9243,,0.0008221396128647029
,,,9244,,0.011360364966094494
,,,9245,,0.0138004831969738
,,,9246,,0.013018593192100525
,,,9247,,0.036379873752593994
,,,9248,,0.025588804855942726
,,,9249,,0.021044088527560234
,,,9250,,0.035042908042669296
,,,9251,,0.03244887664914131
,,,9252,,0.010687018744647503
,,,9253,,0.010088037699460983
,,,9254,,0.010465618222951889
,,,9255,,0.008019782602787018
,,,9256,,0.008999831974506378
,,,9257,,0.010372512973845005
,,,9258,,0.008640586398541927
,,,9259,,0.00856376439332962
,,,9260,,0.010050946846604347
,,,9261,,0.008453790098428726
,,,9262,,0.007858172059059143
,,,9263,,0.007665218319743872
,,,9264,,0.010309746488928795
,,,9265,,0.009601753205060959
,,,9266,,0.010375785641372204
,,,9267,,0.009288007393479347
,,,9268,,0.00882276613265276
,,,9269,,0.011293385177850723
,,,9270,,0.010062276385724545
,,,9271,,0.007661099545657635
,,,9272,,0.010231911204755306
,,,9273,,0.010239744558930397
,,,9274,,0.014879798516631126
,,,9275,,0.015028173103928566
,,,9276,,0.010873840190470219
,,,9277,,0.008915701881051064
,,,9278,,0.008335679769515991
,,,9279,,0.009521657600998878
,,,9280,,0.007630741223692894
,,,9281,,0.008385295048356056
,,,9282,,0.0086439810693264
,,,9283,,0.008275835774838924
,,,9284,,0.008483165875077248
,,,9285,,0.008590453304350376
,,,9286,,0.007173440419137478
,,,9287,,0.007637662813067436
,,,9288,,0.007729988545179367
,,,9289,,0.009715747088193893
,,,9290,,0.00841004028916359
,,,9291,,0.00956113263964653
,,,9292,,0.008883049711585045
,,,9293,,0.009681906551122665
,,,9294,,0.00927182100713253
,,,9295,,0.00868079625070095
,,,9296,,0.00820830650627613
,,,9297,,0.009282450191676617
,,,9298,,0.00662023201584816
,,,9299,,0.007126377895474434
,,,9300,,0.006270482204854488
,,,9301,,0.0063136862590909
,,,9302,,0.006400148384273052
,,,9303,,0.006811651401221752
,,,9304,,0.006440942641347647
,,,9305,,0.006506247445940971
,,,9306,,0.006425556726753712
,,,9307,,0.006544835865497589
,,,9308,,0.005504032596945763
,,,9309,,0.005649264436215162
,,,9310,,0.006222332827746868
,,,9311,,0.006638675928115845
,,,9312,,0.006479040253907442
,,,9313,,0.006436531897634268
,,,9314,,0.007059053517878056
,,,9315,,0.006737724877893925
,,,9316,,0.006764663383364677
,,,9317,,0.006007915362715721
,,,9318,,0.00622218381613493
,,,9319,,0.00694932509213686
,,,9320,,0.007123923860490322
,,,9321,,0.007924992591142654
,,,9322,,0.009017450734972954
,,,9323,,0.008055880665779114
,,,9324,,0.008581612259149551
,,,9325,,0.0075440783984959126
,,,9326,,0.006810357794165611
,,,9327,,0.007323700003325939
,,,9328,,0.009685687720775604
,,,9329,,0.008259530179202557
,,,9330,,0.007179491221904755
,,,9331,,0.009401774033904076
,,,9332,,0.007921913638710976
,,,9333,,0.009897222742438316
,,,9334,,0.007886317558586597
,,,9335,,0.007214476354420185
,,,9336,,0.008664419874548912
,,,9337,,0.008462514728307724
,,,9338,,0.007351789623498917
,,,9339,,0.00927925854921341
,,,9340,,0.00807185098528862
,,,9341,,0.007583925034850836
,,,9342,,0.003035244531929493
,,,9343,,0.0026155102532356977
,,,9344,,0.002036741469055414
,,,9345,,0.0021138256415724754
,,,9346,,0.0015785021241754293
,,,9347,,0.0017127080354839563
,,,9348,,0.0023244223557412624
,,,9349,,0.001790387905202806
,,,9350,,0.0023346501402556896
,,,9351,,0.0020837110932916403
,,,9352,,0.0020109442993998528
,,,9353,,0.0016411421820521355
,,,9354,,0.0020351093262434006
,,,9355,,0.004580811131745577
,,,9356,,0.004983921535313129
,,,9357,,0.005970797501504421
,,,9358,,0.004952573217451572
,,,9359,,0.0017803461523726583
,,,9360,,0.01924155093729496
,,,9361,,0.004625461995601654
,,,9362,,0.012735923752188683
,,,9363,,0.006363774184137583
,,,9364,,0.0057665216736495495
,,,9365,,0.009868842549622059
,,,9366,,0.01212721411138773
,,,9367,,0.010865272954106331
,,,9368,,0.00791627075523138
,,,9369,,0.0068266745656728745
,,,9370,,0.010026369243860245
,,,9371,,0.014013716951012611
,,,9372,,0.06702214479446411
,,,9373,,0.053623899817466736
,,,9374,,0.04443714767694473
,,,9375,,0.047002192586660385
,,,9376,,0.06860195100307465
,,,9377,,0.04015708714723587
,,,9378,,0.044387973845005035
,,,9379,,0.05765692889690399
,,,9380,,0.0414062961935997
,,,9381,,0.05192980170249939
,,,9382,,0.04224654287099838
,,,9383,,0.046046994626522064
,,,9384,,0.057499632239341736
,,,9385,,0.051920488476753235
,,,9386,,0.04869067296385765
,,,9387,,0.04744614660739899
,,,9388,,0.022930853068828583
40,,,3320,0.011043688282370567,
40,0.011158544570207596,,3320,,
41,,0.008257651701569557,3329,,
41,,0.0029154045041650534,3339,,
41,,0.014995347708463669,3349,,
41,,0.012260282412171364,3359,,
41,,0.005469788331538439,3369,,
41,,0.014477746561169624,3379,,
41,,0.007705853786319494,3389,,
41,,0.008053001947700977,3399,,
,,,9389,,0.0003879292053170502
,,,9390,,0.0003435601247474551
,,,9391,,0.0007705374155193567
,,,9392,,0.00034405471524223685
,,,9393,,0.0006685969419777393
,,,9394,,0.000288333190837875
,,,9395,,0.0006415592506527901
,,,9396,,0.00031017017317935824
,,,9397,,0.000516385305672884
,,,9398,,0.00031566881807520986
,,,9399,,0.0008495146757923067
,,,9400,,0.0009220130741596222
,,,9401,,0.00031564111122861505
,,,9402,,0.0003894735418725759
,,,9403,,0.0006302561378106475
,,,9404,,0.00035167683381587267
,,,9405,,0.0008072673808783293
,,,9406,,0.0006937576690688729
,,,9407,,0.00056250742636621
,,,9408,,0.0011486883740872145
,,,9409,,0.00035228836350142956
,,,9410,,0.00030390871688723564
,,,9411,,0.0002486061421222985
,,,9412,,0.0008942594868130982
,,,9413,,0.0006947217625565827
,,,9414,,0.0005559182609431446
,,,9415,,0.0004967446438968182
,,,9416,,0.007366973906755447
,,,9417,,0.020842818543314934
,,,9418,,0.01829967461526394
,,,9419,,0.017557745799422264
,,,9420,,0.01895243488252163
,,,9421,,0.018442556262016296
,,,9422,,0.0874318778514862
,,,9423,,0.02926744893193245
,,,9424,,0.015890706330537796
,,,9425,,0.017404945567250252
,,,9426,,0.012088954448699951
,,,9427,,0.007305857725441456
,,,9428,,0.015779390931129456
,,,9429,,0.010069691576063633
,,,9430,,0.008052024058997631
,,,9431,,0.01973249390721321
,,,9432,,0.01859559491276741
,,,9433,,0.008258011192083359
,,,9434,,0.027016691863536835
,,,9435,,0.012209049426019192
,,,9436,,0.004360819701105356
,,,9437,,0.014496657066047192
,,,9438,,0.007094536907970905
,,,9439,,0.0076069035567343235
,,,9440,,0.010445650666952133
,,,9441,,0.00352654280140996
,,,9442,,0.010320506058633327
,,,9443,,0.008190006949007511
,,,9444,,0.014754575677216053
,,,9445,,0.013923564925789833
,,,9446,,0.0054563069716095924
,,,9447,,0.008386077359318733
,,,9448,,0.005558826960623264
,,,9449,,0.007545268163084984
,,,9450,,0.005394013598561287
,,,9451,,0.005096218548715115
,,,9452,,0.006903797388076782
,,,9453,,0.006545728538185358
,,,9454,,0.003575795330107212
,,,9455,,0.006749159190803766
,,,9456,,0.014368698000907898
,,,9457,,0.006644402630627155
,,,9458,,0.0038706364575773478
,,,9459,,0.004658559337258339
,,,9460,,0.0005843447288498282
,,,9461,,0.0013687016908079386
,,,9462,,0.000775495485868305
,,,9463,,0.0006383437430486083
,,,9464,,0.0005270997062325478
,,,9465,,0.0006340055260807276
,,,9466,,0.000346009386703372
,,,9467,,0.0005741736385971308
,,,9468,,0.00037481478648260236
,,,9469,,0.000691915862262249
,,,9470,,0.0006138889002613723
,,,9471,,0.0009359428659081459
,,,9472,,0.0009245863766409457
,,,9473,,0.011164471507072449
,,,9474,,0.013585519045591354
,,,9475,,0.013141014613211155
,,,9476,,0.036549896001815796
,,,9477,,0.025808360427618027
,,,9478,,0.019769132137298584
,,,9479,,0.032701071351766586
,,,9480,,0.030257489532232285
,,,9481,,0.010381979867815971
,,,9482,,0.00998940970748663
,,,9483,,0.01041551772505045
,,,9484,,0.007956322282552719
,,,9485,,0.00900249183177948
,,,9486,,0.010279351845383644
,,,9487,,0.008579526096582413
,,,9488,,0.008541906252503395
,,,9489,,0.009994300082325935
,,,9490,,0.008468353189527988
,,,9491,,0.007832638919353485
,,,9492,,0.007619858719408512
,,,9493,,0.010231644846498966
,,,9494,,0.00951690599322319
,,,9495,,0.01029916014522314
,,,9496,,0.00928703136742115
,,,9497,,0.008790945634245872
,,,9498,,0.011190889403223991
,,,9499,,0.009993912652134895
,,,9500,,0.007637114729732275
,,,9501,,0.010136695578694344
,,,9502,,0.010258441790938377
,,,9503,,0.014930586330592632
,,,9504,,0.014929333701729774
,,,9505,,0.011145036667585373
,,,9506,,0.008890723809599876
,,,9507,,0.008380823768675327
,,,9508,,0.009593266062438488
,,,9509,,0.007697172928601503
,,,9510,,0.008560208603739738
,,,9511,,0.00870877131819725
,,,9512,,0.008309531956911087
,,,9513,,0.00865843240171671
,,,9514,,0.008665738627314568
,,,9515,,0.0073273200541734695
,,,9516,,0.0077492231503129005
,,,9517,,0.0078657828271389
,,,9518,,0.009794318117201328
,,,9519,,0.008486822247505188
,,,9520,,0.009759696200489998
,,,9521,,0.008976882323622704
,,,9522,,0.009715355932712555
,,,9523,,0.009369531646370888
,,,9524,,0.008823048323392868
,,,9525,,0.008357325568795204
,,,9526,,0.00927821733057499
,,,9527,,0.006728207692503929
,,,9528,,0.007137523964047432
,,,9529,,0.006264596711844206
,,,9530,,0.00627118069678545
,,,9531,,0.006398910656571388
,,,9532,,0.006824129726737738
,,,9533,,0.006359666585922241
,,,9534,,0.006508916616439819
,,,9535,,0.006419040262699127
,,,9536,,0.006508315913379192
,,,9537,,0.005378540605306625
,,,9538,,0.00567066203802824
,,,9539,,0.006227201782166958
,,,9540,,0.00666083674877882
,,,9541,,0.006469949148595333
,,,9542,,0.006397402845323086
,,,9543,,0.007084214594215155
,,,9544,,0.006658175494521856
,,,9545,,0.006699732504785061
,,,9546,,0.0059973145835101604
,,,9547,,0.0062179891392588615
,,,9548,,0.006950786337256432
,,,9549,,0.007133031729608774
,,,9550,,0.007959255948662758
,,,9551,,0.009068891406059265
,,,9552,,0.008058090694248676
,,,9553,,0.00856474507600069
,,,9554,,0.007623943500220776
,,,9555,,0.0068145571276545525
,,,9556,,0.007387217134237289
,,,9557,,0.009641839191317558
,,,9558,,0.008215326815843582
,,,9559,,0.007258196827024221
,,,9560,,0.009440316818654537
,,,9561,,0.00806108582764864
,,,9562,,0.009844670072197914
,,,9563,,0.007857915945351124
,,,9564,,0.007235330063849688
,,,9565,,0.008684651926159859
,,,9566,,0.008532896637916565
,,,9567,,0.007415043190121651
,,,9568,,0.009233343414962292
,,,9569,,0.008089087903499603
,,,9570,,0.007648631930351257
,,,9571,,0.003268517553806305
,,,9572,,0.0025559035129845142
,,,9573,,0.0019279178231954575
,,,9574,,0.002071821130812168
,,,9575,,0.0015752698527649045
,,,9576,,0.0018544301856309175
,,,9577,,0.0023067875299602747
,,,9578,,0.0019492126302793622
,,,9579,,0.0025512909051030874
,,,9580,,0.0023877567145973444
,,,9581,,0.002165095880627632
,,,9582,,0.0019293755758553743
,,,9583,,0.002123631304129958
,,,9584,,0.004858959931880236
,,,9585,,0.005019041709601879
,,,9586,,0.0060502453707158566
,,,9587,,0.004994750022888184
,,,9588,,0.0018992775585502386
,,,9589,,0.018715962767601013
,,,9590,,0.0048074740916490555
,,,9591,,0.012641675770282745
,,,9592,,0.006569539196789265
,,,9593,,0.0058664362877607346
,,,9594,,0.009980550035834312
,,,9595,,0.012579900212585926
,,,9596,,0.010970063507556915
,,,9597,,0.007736619561910629
,,,9598,,0.006860924884676933
,,,9599,,0.010057870298624039
,,,9600,,0.014027444645762444
,,,9601,,0.06672795116901398
,,,9602,,0.053423624485731125
,,,9603,,0.04386910796165466
,,,9604,,0.04680854082107544
,,,9605,,0.0681198388338089
,,,9606,,0.03954470902681351
,,,9607,,0.044098298996686935
,,,9608,,0.05700366199016571
,,,9609,,0.0409451425075531
,,,9610,,0.051649607717990875
,,,9611,,0.04215267300605774
,,,9612,,0.04578077793121338
,,,9613,,0.05706048011779785
,,,9614,,0.05154944956302643
,,,9615,,0.04844479262828827
,,,9616,,0.04702077433466911
,,,9617,,0.022936560213565826
41,,,3401,0.011020965874195099,
41,0.010927625000476837,,3401,,
42,,0.012134047225117683,3409,,
42,,0.012902570888400078,3419,,
42,,0.007310781627893448,3429,,
42,,0.008891957812011242,3439,,
42,,0.012995542027056217,3449,,
42,,0.009932595305144787,3459,,
42,,0.007938984781503677,3469,,
42,,0.014363412745296955,3479,,
,,,9618,,0.00087228964548558
,,,9619,,0.0008211539825424552
,,,9620,,0.001275882706977427
,,,9621,,0.0008859965018928051
,,,9622,,0.0011921417899429798
,,,9623,,0.0008505152072757483
,,,9624,,0.001201840117573738
,,,9625,,0.0008193679968826473
,,,9626,,0.0010661976411938667
,,,9627,,0.0008626026101410389
,,,9628,,0.0014059694949537516
,,,9629,,0.0014179237186908722
,,,9630,,0.0007982741808518767
,,,9631,,0.0009211591095663607
,,,9632,,0.0012150986585766077
,,,9633,,0.0009063564939424396
,,,9634,,0.001299695810303092
,,,9635,,0.0011689197272062302
,,,9636,,0.0010753136593848467
,,,9637,,0.0017007597489282489
,,,9638,,0.0009395855595357716
,,,9639,,0.0008420163067057729
,,,9640,,0.0008208431536331773
,,,9641,,0.0014021953102201223
,,,9642,,0.0012225611135363579
,,,9643,,0.0010754072573035955
,,,9644,,0.001068088342435658
,,,9645,,0.0076734526082873344
,,,9646,,0.020896773785352707
,,,9647,,0.018407871946692467
,,,9648,,0.01776198297739029
,,,9649,,0.01904004067182541
,,,9650,,0.018457947298884392
,,,9651,,0.0873933658003807
,,,9652,,0.029120787978172302
,,,9653,,0.01609434001147747
,,,9654,,0.017627812922000885
,,,9655,,0.012297922745347023
,,,9656,,0.007531451061367989
,,,9657,,0.015796491876244545
,,,9658,,0.010230903513729572
,,,9659,,0.007838889956474304
,,,9660,,0.019299354404211044
,,,9661,,0.01841731369495392
,,,9662,,0.008304540067911148
,,,9663,,0.026170914992690086
,,,9664,,0.01213038619607687
,,,9665,,0.004685310181230307
,,,9666,,0.014289481565356255
,,,9667,,0.007248392328619957
,,,9668,,0.00786086730659008
,,,9669,,0.01040707714855671
,,,9670,,0.003816507291048765
,,,9671,,0.01035185344517231
,,,9672,,0.00811772607266903
,,,9673,,0.01503387838602066
,,,9674,,0.014071198180317879
,,,9675,,0.005962011404335499
,,,9676,,0.008850857615470886
,,,9677,,0.006132655777037144
,,,9678,,0.007946893572807312
,,,9679,,0.005813361145555973
,,,9680,,0.005678094923496246
,,,9681,,0.007348906248807907
,,,9682,,0.006709961220622063
,,,9683,,0.0039413427002727985
,,,9684,,0.006701770704239607
,,,9685,,0.01475927047431469
,,,9686,,0.007303196005523205
,,,9687,,0.004346292931586504
,,,9688,,0.00509114284068346
,,,9689,,0.0010854382999241352
,,,9690,,0.001773126539774239
,,,9691,,0.0012950930977240205
,,,9692,,0.0011050980538129807
,,,9693,,0.00100885727442801
,,,9694,,0.001104433904401958
,,,9695,,0.0008229792583733797
,,,9696,,0.0010865298099815845
,,,9697,,0.0008838328067213297
,,,9698,,0.001169177470728755
,,,9699,,0.0011337156174704432
,,,9700,,0.0014750617556273937
,,,9701,,0.0014137254329398274
,,,9702,,0.010952450335025787
,,,9703,,0.013013791292905807
,,,9704,,0.01309257373213768
,,,9705,,0.036998599767684937
,,,9706,,0.026206687092781067
,,,9707,,0.02029629424214363
,,,9708,,0.032004740089178085
,,,9709,,0.02971881814301014
,,,9710,,0.010001445189118385
,,,9711,,0.009747098200023174
,,,9712,,0.010078826919198036
,,,9713,,0.0077281235717237
,,,9714,,0.0086668124422431
,,,9715,,0.01001247949898243
,,,9716,,0.008324844762682915
,,,9717,,0.00824532750993967
,,,9718,,0.009718209505081177
,,,9719,,0.008178673684597015
,,,9720,,0.007515932433307171
,,,9721,,0.007458445616066456
,,,9722,,0.009894583374261856
,,,9723,,0.0093157310038805
,,,9724,,0.009948797523975372
,,,9725,,0.008985765278339386
,,,9726,,0.008508719503879547
,,,9727,,0.010885922238230705
,,,9728,,0.009667214006185532
,,,9729,,0.007360459771007299
,,,9730,,0.009835919365286827
,,,9731,,0.009822775609791279
,,,9732,,0.014119602739810944
,,,9733,,0.014204125851392746
,,,9734,,0.01038083154708147
,,,9735,,0.008592936210334301
,,,9736,,0.008091961964964867
,,,9737,,0.009269899688661098
,,,9738,,0.007374400272965431
,,,9739,,0.008144605904817581
,,,9740,,0.008381365798413754
,,,9741,,0.008037306368350983
,,,9742,,0.008332044817507267
,,,9743,,0.008326463401317596
,,,9744,,0.007008484564721584
,,,9745,,0.007413711864501238
,,,9746,,0.00763779878616333
,,,9747,,0.009519383311271667
,,,9748,,0.00820193998515606
,,,9749,,0.009352225810289383
,,,9750,,0.008657556027173996
,,,9751,,0.009282808750867844
,,,9752,,0.009035440161824226
,,,9753,,0.008456313982605934
,,,9754,,0.008013167418539524
,,,9755,,0.008983084931969643
,,,9756,,0.006465291604399681
,,,9757,,0.006894863210618496
,,,9758,,0.006080580875277519
,,,9759,,0.006032388657331467
,,,9760,,0.006180948112159967
,,,9761,,0.0065783290192484856
,,,9762,,0.006248262710869312
,,,9763,,0.006313281133770943
,,,9764,,0.006200752221047878
,,,9765,,0.006293603219091892
,,,9766,,0.00529036670923233
,,,9767,,0.0054548755288124084
,,,9768,,0.0060257455334067345
,,,9769,,0.006430432666093111
,,,9770,,0.006261828821152449
,,,9771,,0.006195945665240288
,,,9772,,0.006843863986432552
,,,9773,,0.0064858137629926205
,,,9774,,0.006470906548202038
,,,9775,,0.005836966913193464
,,,9776,,0.006019563414156437
,,,9777,,0.006736189126968384
,,,9778,,0.0067868405021727085
,,,9779,,0.007635118439793587
,,,9780,,0.00859907642006874
,,,9781,,0.007728582248091698
,,,9782,,0.00821765698492527
,,,9783,,0.007310749031603336
,,,9784,,0.006511907558888197
,,,9785,,0.007060673087835312
,,,9786,,0.009231135249137878
,,,9787,,0.007877154275774956
,,,9788,,0.006917318794876337
,,,9789,,0.009014695882797241
,,,9790,,0.007646099664270878
,,,9791,,0.009460750967264175
,,,9792,,0.007478773128241301
,,,9793,,0.006927535869181156
,,,9794,,0.008286338299512863
,,,9795,,0.008135704323649406
,,,9796,,0.007051094435155392
,,,9797,,0.008833596482872963
,,,9798,,0.007682883180677891
,,,9799,,0.007354677654802799
,,,9800,,0.0033462895080447197
,,,9801,,0.0028078679461032152
,,,9802,,0.0022260542027652264
,,,9803,,0.0023476523347198963
,,,9804,,0.0019222507253289223
,,,9805,,0.0020574338268488646
,,,9806,,0.0025759495329111814
,,,9807,,0.002103563863784075
,,,9808,,0.0026401495561003685
,,,9809,,0.0024347095750272274
,,,9810,,0.002356673125177622
,,,9811,,0.0021823598071932793
,,,9812,,0.0023518588859587908
,,,9813,,0.0053925104439258575
,,,9814,,0.005719329696148634
,,,9815,,0.006802890449762344
,,,9816,,0.006125309504568577
,,,9817,,0.0025127604603767395
,,,9818,,0.018530404195189476
,,,9819,,0.005187776871025562
,,,9820,,0.012857012450695038
,,,9821,,0.006645249202847481
,,,9822,,0.006451757624745369
,,,9823,,0.010508626699447632
,,,9824,,0.012745418585836887
,,,9825,,0.011472439393401146
,,,9826,,0.00837667379528284
,,,9827,,0.007759183645248413
,,,9828,,0.01081092655658722
,,,9829,,0.01440701074898243
,,,9830,,0.06557580083608627
,,,9831,,0.05264585465192795
,,,9832,,0.043280329555273056
,,,9833,,0.046069368720054626
,,,9834,,0.06688564270734787
,,,9835,,0.03901484236121178
,,,9836,,0.04355083778500557
,,,9837,,0.05623844265937805
,,,9838,,0.04024354740977287
,,,9839,,0.050367970019578934
,,,9840,,0.041321463882923126
,,,9841,,0.045110784471035004
,,,9842,,0.05647137016057968
,,,9843,,0.05024595558643341
,,,9844,,0.0475061759352684
,,,9845,,0.04610258340835571
,,,9846,,0.0228187907487154
42,,,3482,0.011005721054971218,
42,0.010510409250855446,,3482,,
43,,0.0061965398490428925,3489,,
43,,0.011010890826582909,3499,,
43,,0.010152986273169518,3509,,
43,,0.012287793681025505,3519,,
43,,0.012945044785737991,3529,,
43,,0.00761142373085022,3539,,
43,,0.005670623388141394,3549,,
43,,0.011416809633374214,3559,,
,,,9847,,0.0004477237816900015
,,,9848,,0.0004085681866854429
,,,9849,,0.0006369616603478789
,,,9850,,0.0004598028608597815
,,,9851,,0.0010303441667929292
,,,9852,,0.0002954210212919861
,,,9853,,0.0005694779101759195
,,,9854,,0.0003330031759105623
,,,9855,,0.0008214496192522347
,,,9856,,0.00031826115446165204
,,,9857,,0.0008703549392521381
,,,9858,,0.000717861985322088
,,,9859,,0.0003046755737159401
,,,9860,,0.00043408977217040956
,,,9861,,0.0005801179213449359
,,,9862,,0.00037089604302309453
,,,9863,,0.0008167716441676021
,,,9864,,0.0005700539913959801
,,,9865,,0.0007808498339727521
,,,9866,,0.0009761128458194435
,,,9867,,0.00030018825782462955
,,,9868,,0.00033230066765099764
,,,9869,,0.0002732017310336232
,,,9870,,0.0007852073758840561
,,,9871,,0.0006413896335288882
,,,9872,,0.0005798049969598651
,,,9873,,0.0005506128072738647
,,,9874,,0.0074727898463606834
,,,9875,,0.020736195147037506
,,,9876,,0.018169373273849487
,,,9877,,0.017492948099970818
,,,9878,,0.018914194777607918
,,,9879,,0.018019556999206543
,,,9880,,0.08728136122226715
,,,9881,,0.02868138998746872
,,,9882,,0.015671709552407265
,,,9883,,0.017159495502710342
,,,9884,,0.012152617797255516
,,,9885,,0.00743176368996501
,,,9886,,0.015657182782888412
,,,9887,,0.010130271315574646
,,,9888,,0.008072234690189362
,,,9889,,0.019247815012931824
,,,9890,,0.018372047692537308
,,,9891,,0.008398206904530525
,,,9892,,0.02588094212114811
,,,9893,,0.01216504443436861
,,,9894,,0.004931931849569082
,,,9895,,0.013999523594975471
,,,9896,,0.007244756445288658
,,,9897,,0.007895046845078468
,,,9898,,0.010552969761192799
,,,9899,,0.003990715369582176
,,,9900,,0.01039452850818634
,,,9901,,0.007941960357129574
,,,9902,,0.014467068947851658
,,,9903,,0.013596969656646252
,,,9904,,0.005551920272409916
,,,9905,,0.008269445970654488
,,,9906,,0.005293259397149086
,,,9907,,0.0075301616452634335
,,,9908,,0.0054815951734781265
,,,9909,,0.0052733877673745155
,,,9910,,0.006691258400678635
,,,9911,,0.00638534827157855
,,,9912,,0.003573773894459009
,,,9913,,0.006228778511285782
,,,9914,,0.014094412326812744
,,,9915,,0.006814745254814625
,,,9916,,0.003898215014487505
,,,9917,,0.004747106693685055
,,,9918,,0.0007221775013022125
,,,9919,,0.001569998450577259
,,,9920,,0.0008575762622058392
,,,9921,,0.0008991848444566131
,,,9922,,0.0007229691836982965
,,,9923,,0.0007647167658433318
,,,9924,,0.00044959623483009636
,,,9925,,0.0007473910227417946
,,,9926,,0.0005158096319064498
,,,9927,,0.0009489600197412074
,,,9928,,0.0008578079286962748
,,,9929,,0.0009190294658765197
,,,9930,,0.0009518586448393762
,,,9931,,0.010691432282328606
,,,9932,,0.013254478573799133
,,,9933,,0.012437358498573303
,,,9934,,0.03600442409515381
,,,9935,,0.025623202323913574
,,,9936,,0.01980259269475937
,,,9937,,0.0310087688267231
,,,9938,,0.028794920071959496
,,,9939,,0.009718106128275394
,,,9940,,0.009718040004372597
,,,9941,,0.01007942296564579
,,,9942,,0.007691113743931055
,,,9943,,0.00867529958486557
,,,9944,,0.009903723374009132
,,,9945,,0.008166052401065826
,,,9946,,0.008138997480273247
,,,9947,,0.009697197005152702
,,,9948,,0.00821990892291069
,,,9949,,0.007484422065317631
,,,9950,,0.007430817000567913
,,,9951,,0.009967746213078499
,,,9952,,0.009342622011899948
,,,9953,,0.009958636946976185
,,,9954,,0.00888565182685852
,,,9955,,0.008450251072645187
,,,9956,,0.01074021402746439
,,,9957,,0.009605340659618378
,,,9958,,0.007354761473834515
,,,9959,,0.00982294138520956
,,,9960,,0.009743429720401764
,,,9961,,0.014152877032756805
,,,9962,,0.014204326085746288
,,,9963,,0.010520173236727715
,,,9964,,0.008588060736656189
,,,9965,,0.008270660415291786
,,,9966,,0.00932454876601696
,,,9967,,0.007458237931132317
,,,9968,,0.008228065446019173
,,,9969,,0.00841606967151165
,,,9970,,0.00816535484045744
,,,9971,,0.008477509953081608
,,,9972,,0.008316422812640667
,,,9973,,0.007203822955489159
,,,9974,,0.007567883934825659
,,,9975,,0.007814903743565083
,,,9976,,0.009664476849138737
,,,9977,,0.008344506844878197
,,,9978,,0.009373591281473637
,,,9979,,0.008841474540531635
,,,9980,,0.009392470121383667
,,,9981,,0.009143192321062088
,,,9982,,0.008525198325514793
,,,9983,,0.008188754320144653
,,,9984,,0.008958744816482067
,,,9985,,0.006648059468716383
,,,9986,,0.0071954503655433655
,,,9987,,0.006506599951535463
,,,9988,,0.006376414094120264
,,,9989,,0.006518675945699215
,,,9990,,0.00695182615891099
,,,9991,,0.006536608561873436
,,,9992,,0.006658808793872595
,,,9993,,0.006575456820428371
,,,9994,,0.006721103563904762
,,,9995,,0.005468330811709166
,,,9996,,0.00588231161236763
,,,9997,,0.006393782328814268
,,,9998,,0.006798863410949707
,,,9999,,0.006615049671381712
,,,10000,,0.006530056707561016
,,,10001,,0.007290707901120186
,,,10002,,0.00687364349141717
,,,10003,,0.006771772168576717
,,,10004,,0.006164534483104944
,,,10005,,0.006365724839270115
,,,10006,,0.007077514193952084
,,,10007,,0.006812745705246925
,,,10008,,0.007604299113154411
,,,10009,,0.008558453992009163
,,,10010,,0.007718959823250771
,,,10011,,0.008258084766566753
,,,10012,,0.0072409529238939285
,,,10013,,0.006544720847159624
,,,10014,,0.007036464288830757
,,,10015,,0.009239144623279572
,,,10016,,0.007827995344996452
,,,10017,,0.0068265823647379875
,,,10018,,0.00897760409861803
,,,10019,,0.007579480297863483
,,,10020,,0.009474178776144981
,,,10021,,0.0075383493676781654
,,,10022,,0.006934567354619503
,,,10023,,0.008204150944948196
,,,10024,,0.008119807578623295
,,,10025,,0.007028646767139435
,,,10026,,0.008819419890642166
,,,10027,,0.007632791064679623
,,,10028,,0.007303874474018812
,,,10029,,0.0034330482594668865
,,,10030,,0.0026779654435813427
,,,10031,,0.0020356252789497375
,,,10032,,0.0021987659856677055
,,,10033,,0.0017606609035283327
,,,10034,,0.00191887014079839
,,,10035,,0.002336765406653285
,,,10036,,0.00195428729057312
,,,10037,,0.002626021159812808
,,,10038,,0.002484937198460102
,,,10039,,0.0022688431199640036
,,,10040,,0.0019742117729038
,,,10041,,0.0022447947412729263
,,,10042,,0.004795667249709368
,,,10043,,0.004838328808546066
,,,10044,,0.005779897794127464
,,,10045,,0.004734446294605732
,,,10046,,0.0016667479649186134
,,,10047,,0.01777585782110691
,,,10048,,0.0041052233427762985
,,,10049,,0.011776873841881752
,,,10050,,0.005765193607658148
,,,10051,,0.005423223599791527
,,,10052,,0.00911458395421505
,,,10053,,0.012062503024935722
,,,10054,,0.01077849231660366
,,,10055,,0.007435108534991741
,,,10056,,0.006528591737151146
,,,10057,,0.009472428821027279
,,,10058,,0.01337658241391182
,,,10059,,0.06384478509426117
,,,10060,,0.05122827738523483
,,,10061,,0.041629113256931305
,,,10062,,0.04457990080118179
,,,10063,,0.06511668115854263
,,,10064,,0.03766671195626259
,,,10065,,0.04218025505542755
,,,10066,,0.05453724041581154
,,,10067,,0.03885984420776367
,,,10068,,0.04853291064500809
,,,10069,,0.0398535281419754
,,,10070,,0.043381206691265106
,,,10071,,0.054772622883319855
,,,10072,,0.04889894649386406
,,,10073,,0.045989856123924255
,,,10074,,0.04461304098367691
,,,10075,,0.022083347663283348
43,,,3563,0.010703053325414658,
43,0.010201473720371723,,3563,,
44,,0.00871913880109787,3569,,
44,,0.007084344048053026,3579,,
44,,0.010193776339292526,3589,,
44,,0.022756259888410568,3599,,
44,,0.01329788751900196,3609,,
44,,0.018871983513236046,3619,,
44,,0.004501429386436939,3629,,
44,,0.008124072104692459,3639,,
,,,10076,,0.0003529476234689355
,,,10077,,0.0003122374473605305
,,,10078,,0.0006832790095359087
,,,10079,,0.00033020396949723363
,,,10080,,0.0006672467570751905
,,,10081,,0.00022273723152466118
,,,10082,,0.0005628560320474207
,,,10083,,0.00026372785214334726
,,,10084,,0.0005348430713638663
,,,10085,,0.00024606010993011296
,,,10086,,0.0008018409134820104
,,,10087,,0.000857047620229423
,,,10088,,0.00028529518749564886
,,,10089,,0.00032862904481589794
,,,10090,,0.0005958822439424694
,,,10091,,0.00035196804674342275
,,,10092,,0.000766676792409271
,,,10093,,0.0006822223076596856
,,,10094,,0.0005266421940177679
,,,10095,,0.0011070312466472387
,,,10096,,0.0002999236457981169
,,,10097,,0.00028181009110994637
,,,10098,,0.00022940387134440243
,,,10099,,0.0008600017172284424
,,,10100,,0.0006322162807919085
,,,10101,,0.0005318415351212025
,,,10102,,0.00047244911547750235
,,,10103,,0.007026618346571922
,,,10104,,0.020165324211120605
,,,10105,,0.017654605209827423
,,,10106,,0.017303522676229477
,,,10107,,0.018533404916524887
,,,10108,,0.017800524830818176
,,,10109,,0.08661321550607681
,,,10110,,0.028275789692997932
,,,10111,,0.01535798516124487
,,,10112,,0.016780847683548927
,,,10113,,0.01152707077562809
,,,10114,,0.00696201529353857
,,,10115,,0.01504197996109724
,,,10116,,0.009648285806179047
,,,10117,,0.007240269333124161
,,,10118,,0.018236199393868446
,,,10119,,0.017625153064727783
,,,10120,,0.007711927872151136
,,,10121,,0.02497551590204239
,,,10122,,0.011319000273942947
,,,10123,,0.003992339596152306
,,,10124,,0.013196277432143688
,,,10125,,0.0063811736181378365
,,,10126,,0.007197920698672533
,,,10127,,0.009679557755589485
,,,10128,,0.0032551768235862255
,,,10129,,0.009522143751382828
,,,10130,,0.00781033793464303
,,,10131,,0.013890286907553673
,,,10132,,0.01310795173048973
,,,10133,,0.005253133364021778
,,,10134,,0.007839425466954708
,,,10135,,0.0051183803007006645
,,,10136,,0.007086057681590319
,,,10137,,0.005117018707096577
,,,10138,,0.004838302731513977
,,,10139,,0.0066106743179261684
,,,10140,,0.006006591022014618
,,,10141,,0.0032582341227680445
,,,10142,,0.006091921590268612
,,,10143,,0.013471247628331184
,,,10144,,0.006113870069384575
,,,10145,,0.0036073136143386364
,,,10146,,0.004336797632277012
,,,10147,,0.0005415028426796198
,,,10148,,0.0012168444227427244
,,,10149,,0.0007257663528434932
,,,10150,,0.0005496791563928127
,,,10151,,0.0004794370324816555
,,,10152,,0.0005723497597500682
,,,10153,,0.0003303430275991559
,,,10154,,0.0005769998533651233
,,,10155,,0.00036237857420928776
,,,10156,,0.0006694311741739511
,,,10157,,0.0005510519258677959
,,,10158,,0.0009523580083623528
,,,10159,,0.0008807708509266376
,,,10160,,0.010815296322107315
,,,10161,,0.013124859891831875
,,,10162,,0.01278512179851532
,,,10163,,0.03577638417482376
,,,10164,,0.025527674704790115
,,,10165,,0.024776186794042587
,,,10166,,0.043075576424598694
,,,10167,,0.039557524025440216
,,,10168,,0.01233723759651184
,,,10169,,0.01021578162908554
,,,10170,,0.010885622352361679
,,,10171,,0.008340686559677124
,,,10172,,0.009168517775833607
,,,10173,,0.010528188198804855
,,,10174,,0.008927212096750736
,,,10175,,0.00874047540128231
,,,10176,,0.010371520183980465
,,,10177,,0.008756769821047783
,,,10178,,0.008111984468996525
,,,10179,,0.008048203773796558
,,,10180,,0.010565536096692085
,,,10181,,0.00996069610118866
,,,10182,,0.010415132157504559
,,,10183,,0.009705889970064163
,,,10184,,0.009219249710440636
,,,10185,,0.011742107570171356
,,,10186,,0.010358715429902077
,,,10187,,0.008036496117711067
,,,10188,,0.010455514304339886
,,,10189,,0.010505921207368374
,,,10190,,0.014095140621066093
,,,10191,,0.014286015182733536
,,,10192,,0.010538339614868164
,,,10193,,0.009540009312331676
,,,10194,,0.008944593369960785
,,,10195,,0.010208702646195889
,,,10196,,0.008319984190165997
,,,10197,,0.0088472506031394
,,,10198,,0.009242385625839233
,,,10199,,0.009003214538097382
,,,10200,,0.009172871708869934
,,,10201,,0.008945565670728683
,,,10202,,0.007962999865412712
,,,10203,,0.008240350522100925
,,,10204,,0.008441416546702385
,,,10205,,0.010448506101965904
,,,10206,,0.00895380973815918
,,,10207,,0.010453775525093079
,,,10208,,0.009411707520484924
,,,10209,,0.01056998036801815
,,,10210,,0.00994531437754631
,,,10211,,0.009255707263946533
,,,10212,,0.008852524682879448
,,,10213,,0.009960801340639591
,,,10214,,0.007259409874677658
,,,10215,,0.007702488452196121
,,,10216,,0.006549915298819542
,,,10217,,0.006836370564997196
,,,10218,,0.006743467412889004
,,,10219,,0.007108165882527828
,,,10220,,0.00684947008267045
,,,10221,,0.006911179982125759
,,,10222,,0.006892193108797073
,,,10223,,0.0071270884945988655
,,,10224,,0.0057610031217336655
,,,10225,,0.006098373793065548
,,,10226,,0.006852420978248119
,,,10227,,0.007160378620028496
,,,10228,,0.006901973858475685
,,,10229,,0.006862842943519354
,,,10230,,0.007951272651553154
,,,10231,,0.007219639141112566
,,,10232,,0.007249676156789064
,,,10233,,0.006355850491672754
,,,10234,,0.0067212218418717384
,,,10235,,0.007356090936809778
,,,10236,,0.00704522430896759
,,,10237,,0.007823091931641102
,,,10238,,0.008784028701484203
,,,10239,,0.007867295295000076
,,,10240,,0.00831964798271656
,,,10241,,0.007439418695867062
,,,10242,,0.006668788380920887
,,,10243,,0.007138348184525967
,,,10244,,0.009456594474613667
,,,10245,,0.00819058995693922
,,,10246,,0.007002124097198248
,,,10247,,0.00921568088233471
,,,10248,,0.007719791028648615
,,,10249,,0.009621202014386654
,,,10250,,0.007639960385859013
,,,10251,,0.007092106156051159
,,,10252,,0.00851596798747778
,,,10253,,0.008245689794421196
,,,10254,,0.007196501828730106
,,,10255,,0.009008588269352913
,,,10256,,0.007921997457742691
,,,10257,,0.007525631692260504
,,,10258,,0.0027352645993232727
,,,10259,,0.002539845649152994
,,,10260,,0.0021278834901750088
,,,10261,,0.0020604771561920643
,,,10262,,0.0016139689832925797
,,,10263,,0.0016435978468507528
,,,10264,,0.002395171672105789
,,,10265,,0.0017326059751212597
,,,10266,,0.0023337595630437136
,,,10267,,0.0020863059908151627
,,,10268,,0.0021098447032272816
,,,10269,,0.0016145941335707903
,,,10270,,0.0020681689493358135
,,,10271,,0.004771037492901087
,,,10272,,0.005130349192768335
,,,10273,,0.006414756644517183
,,,10274,,0.005530213937163353
,,,10275,,0.001991500612348318
,,,10276,,0.018723929300904274
,,,10277,,0.004321260843425989
,,,10278,,0.012690866366028786
,,,10279,,0.005842378828674555
,,,10280,,0.005413242150098085
,,,10281,,0.009813113138079643
,,,10282,,0.012430256232619286
,,,10283,,0.011268272995948792
,,,10284,,0.008059678599238396
,,,10285,,0.00758584588766098
,,,10286,,0.010274683125317097
,,,10287,,0.013684128411114216
,,,10288,,0.0644153282046318
,,,10289,,0.051757313311100006
,,,10290,,0.04219229146838188
,,,10291,,0.04511088877916336
,,,10292,,0.06591730564832687
,,,10293,,0.038390666246414185
,,,10294,,0.04277211055159569
,,,10295,,0.0552305206656456
,,,10296,,0.039506908506155014
,,,10297,,0.049827057868242264
,,,10298,,0.04075052589178085
,,,10299,,0.044101785868406296
,,,10300,,0.05532040074467659
,,,10301,,0.049748312681913376
,,,10302,,0.0466601587831974
,,,10303,,0.04553676396608353
,,,10304,,0.021946707740426064
44,,,3644,0.010977105237543583,
44,0.01028582826256752,,3644,,
45,,0.010654022917151451,3649,,
45,,0.010274102911353111,3659,,
45,,0.020723458379507065,3669,,
45,,0.009958985261619091,3679,,
45,,0.00636851554736495,3689,,
45,,0.012798785232007504,3699,,
45,,0.0048735905438661575,3709,,
45,,0.009220502339303493,3719,,
,,,10305,,0.00043558888137340546
,,,10306,,0.0004241046844981611
,,,10307,,0.0007360391318798065
,,,10308,,0.00037523251376114786
,,,10309,,0.0006442053709179163
,,,10310,,0.00028521448257379234
,,,10311,,0.000596479163505137
,,,10312,,0.00034057197626680136
,,,10313,,0.0005241071339696646
,,,10314,,0.0003290048334747553
,,,10315,,0.0008558658882975578
,,,10316,,0.0008772437577135861
,,,10317,,0.0003748218878172338
,,,10318,,0.00042187434155493975
,,,10319,,0.0006607089890167117
,,,10320,,0.0004281714209355414
,,,10321,,0.0008307264070026577
,,,10322,,0.0008061299449764192
,,,10323,,0.0005898851668462157
,,,10324,,0.001224716193974018
,,,10325,,0.00037043518386781216
,,,10326,,0.0003735570644494146
,,,10327,,0.0002824779076036066
,,,10328,,0.0009628243278712034
,,,10329,,0.0007467344403266907
,,,10330,,0.0005904671270400286
,,,10331,,0.0005121105350553989
,,,10332,,0.006783477962017059
,,,10333,,0.01984701305627823
,,,10334,,0.017270850017666817
,,,10335,,0.016782062128186226
,,,10336,,0.01810142770409584
,,,10337,,0.0173821821808815
,,,10338,,0.08624152094125748
,,,10339,,0.027839060872793198
,,,10340,,0.014863254502415657
,,,10341,,0.01644946075975895
,,,10342,,0.011261816136538982
,,,10343,,0.006648185662925243
,,,10344,,0.014758015051484108
,,,10345,,0.0093914233148098
,,,10346,,0.007083257660269737
,,,10347,,0.018008647486567497
,,,10348,,0.01735786907374859
,,,10349,,0.0076401629485189915
,,,10350,,0.024579983204603195
,,,10351,,0.011218027211725712
,,,10352,,0.003936504013836384
,,,10353,,0.012942129746079445
,,,10354,,0.006289448589086533
,,,10355,,0.007122216746211052
,,,10356,,0.009607326239347458
,,,10357,,0.0031505217775702477
,,,10358,,0.00938325934112072
,,,10359,,0.00767555320635438
,,,10360,,0.01370364148169756
,,,10361,,0.012753397226333618
,,,10362,,0.005266732536256313
,,,10363,,0.007530777249485254
,,,10364,,0.0049231573939323425
,,,10365,,0.007023015059530735
,,,10366,,0.004775255918502808
,,,10367,,0.004664498381316662
,,,10368,,0.006173392757773399
,,,10369,,0.00595017708837986
,,,10370,,0.0036603081971406937
,,,10371,,0.006540688686072826
,,,10372,,0.013214059174060822
,,,10373,,0.006230138707906008
,,,10374,,0.0038628457114100456
,,,10375,,0.004327626898884773
,,,10376,,0.0006211001891642809
,,,10377,,0.0012350849574431777
,,,10378,,0.0006176094757393003
,,,10379,,0.0005808931309729815
,,,10380,,0.0005857351934537292
,,,10381,,0.0006467824568971992
,,,10382,,0.0003930127713829279
,,,10383,,0.0005240980535745621
,,,10384,,0.0004204870492685586
,,,10385,,0.0006707946886308491
,,,10386,,0.0005639208247885108
,,,10387,,0.001217879238538444
,,,10388,,0.0009566492517478764
,,,10389,,0.009649890474975109
,,,10390,,0.011790662072598934
,,,10391,,0.011161292903125286
,,,10392,,0.03195787966251373
,,,10393,,0.022401366382837296
,,,10394,,0.017666438594460487
,,,10395,,0.029723741114139557
,,,10396,,0.027500879019498825
,,,10397,,0.009327080100774765
,,,10398,,0.008987341076135635
,,,10399,,0.009407895617187023
,,,10400,,0.00721577275544405
,,,10401,,0.008046137169003487
,,,10402,,0.009192651137709618
,,,10403,,0.0077390121296048164
,,,10404,,0.00765250064432621
,,,10405,,0.009030058048665524
,,,10406,,0.007566399872303009
,,,10407,,0.007029958069324493
,,,10408,,0.0069075217470526695
,,,10409,,0.009226948022842407
,,,10410,,0.00865865033119917
,,,10411,,0.009255857206881046
,,,10412,,0.008331132121384144
,,,10413,,0.007849650457501411
,,,10414,,0.010115258395671844
,,,10415,,0.009028000757098198
,,,10416,,0.006938368547707796
,,,10417,,0.009128650650382042
,,,10418,,0.009140297770500183
,,,10419,,0.013249640353024006
,,,10420,,0.013358920812606812
,,,10421,,0.009895570576190948
,,,10422,,0.00819157250225544
,,,10423,,0.007685724645853043
,,,10424,,0.008886854164302349
,,,10425,,0.00714514683932066
,,,10426,,0.007706190459430218
,,,10427,,0.00800752080976963
,,,10428,,0.007754259742796421
,,,10429,,0.007923159748315811
,,,10430,,0.007764167618006468
,,,10431,,0.006815820001065731
,,,10432,,0.0070788003504276276
,,,10433,,0.007190552540123463
,,,10434,,0.009046806953847408
,,,10435,,0.007745784241706133
,,,10436,,0.008934864774346352
,,,10437,,0.008152431808412075
,,,10438,,0.009073660708963871
,,,10439,,0.008539708331227303
,,,10440,,0.00802348367869854
,,,10441,,0.007678949274122715
,,,10442,,0.00861717201769352
,,,10443,,0.006036721169948578
,,,10444,,0.0063787405379116535
,,,10445,,0.005628535524010658
,,,10446,,0.005662874784320593
,,,10447,,0.005714970175176859
,,,10448,,0.006093605421483517
,,,10449,,0.005747007206082344
,,,10450,,0.005848162807524204
,,,10451,,0.00579100102186203
,,,10452,,0.0058982898481190205
,,,10453,,0.004861898720264435
,,,10454,,0.005020218901336193
,,,10455,,0.005602652207016945
,,,10456,,0.00595869030803442
,,,10457,,0.005805465392768383
,,,10458,,0.00575158791616559
,,,10459,,0.006416983436793089
,,,10460,,0.006057923659682274
,,,10461,,0.00595706095919013
,,,10462,,0.0053814179264009
,,,10463,,0.0055426256731152534
,,,10464,,0.006278911139816046
,,,10465,,0.006210289895534515
,,,10466,,0.007015211507678032
,,,10467,,0.007969425991177559
,,,10468,,0.007118081673979759
,,,10469,,0.007647493854165077
,,,10470,,0.006696712225675583
,,,10471,,0.005963502451777458
,,,10472,,0.006448873784393072
,,,10473,,0.008601303212344646
,,,10474,,0.007325697690248489
,,,10475,,0.0063083358108997345
,,,10476,,0.008361058309674263
,,,10477,,0.007043244317173958
,,,10478,,0.008788429200649261
,,,10479,,0.006902455817908049
,,,10480,,0.006369253620505333
,,,10481,,0.00765213742852211
,,,10482,,0.00744687020778656
,,,10483,,0.006480071693658829
,,,10484,,0.008241627365350723
,,,10485,,0.007105476688593626
,,,10486,,0.006822787690907717
,,,10487,,0.002818468725308776
,,,10488,,0.0025251959450542927
,,,10489,,0.002056568395346403
,,,10490,,0.0020250866655260324
,,,10491,,0.0015978666488081217
,,,10492,,0.0016920313937589526
,,,10493,,0.0023116804659366608
,,,10494,,0.0017528464086353779
,,,10495,,0.002221067436039448
,,,10496,,0.0020209448412060738
,,,10497,,0.0020257136784493923
,,,10498,,0.0016817492432892323
,,,10499,,0.0019314975943416357
,,,10500,,0.004390687681734562
,,,10501,,0.0046997941099107265
,,,10502,,0.005797034129500389
,,,10503,,0.004662851803004742
,,,10504,,0.0018245747778564692
,,,10505,,0.017264675348997116
,,,10506,,0.003974904306232929
,,,10507,,0.011960260570049286
,,,10508,,0.005543110892176628
,,,10509,,0.005314617417752743
,,,10510,,0.009225069545209408
,,,10511,,0.011812878772616386
,,,10512,,0.010463276877999306
,,,10513,,0.007053255569189787
,,,10514,,0.006579643581062555
,,,10515,,0.009234773926436901
,,,10516,,0.012961070984601974
,,,10517,,0.06237725540995598
,,,10518,,0.049930326640605927
,,,10519,,0.04011552780866623
,,,10520,,0.04334644228219986
,,,10521,,0.06332404166460037
,,,10522,,0.03630293905735016
,,,10523,,0.040895283222198486
,,,10524,,0.05309097841382027
,,,10525,,0.037346407771110535
,,,10526,,0.04755301773548126
,,,10527,,0.03890443220734596
,,,10528,,0.04210842400789261
,,,10529,,0.053574662655591965
,,,10530,,0.047418951988220215
,,,10531,,0.04463221877813339
,,,10532,,0.04330389201641083
,,,10533,,0.02175065688788891
45,,,3725,0.010122793726623058,
45,0.009897533804178238,,3725,,
46,,0.01430491916835308,3729,,
46,,0.008326797746121883,3739,,
46,,0.005076876375824213,3749,,
46,,0.007839074358344078,3759,,
46,,0.008879197761416435,3769,,
46,,0.014882641844451427,3779,,
46,,0.004984702914953232,3789,,
46,,0.0041124094277620316,3799,,
,,,10534,,0.0003374934894964099
,,,10535,,0.0002932497300207615
,,,10536,,0.0006349959294311702
,,,10537,,0.00038275597034953535
,,,10538,,0.0006328878225758672
,,,10539,,0.00029662461020052433
,,,10540,,0.0005988649209029973
,,,10541,,0.00027782461256720126
,,,10542,,0.0005808136775158346
,,,10543,,0.0003040585434064269
,,,10544,,0.000867704744450748
,,,10545,,0.00077253975905478
,,,10546,,0.0002931672497652471
,,,10547,,0.0003593552974052727
,,,10548,,0.0006104320054873824
,,,10549,,0.0003610238491091877
,,,10550,,0.000711152795702219
,,,10551,,0.0006155467126518488
,,,10552,,0.0005230901297181845
,,,10553,,0.0010333741083741188
,,,10554,,0.0003181931097060442
,,,10555,,0.0002751233405433595
,,,10556,,0.000252201862167567
,,,10557,,0.0007838931633159518
,,,10558,,0.0006086035864427686
,,,10559,,0.0005213546683080494
,,,10560,,0.00047017360338941216
,,,10561,,0.006746907718479633
,,,10562,,0.01978086121380329
,,,10563,,0.017154324799776077
,,,10564,,0.016607802361249924
,,,10565,,0.017928248271346092
,,,10566,,0.017295826226472855
,,,10567,,0.08604887127876282
,,,10568,,0.027702830731868744
,,,10569,,0.014793358743190765
,,,10570,,0.01633741706609726
,,,10571,,0.011233887635171413
,,,10572,,0.0065935514867305756
,,,10573,,0.014705011621117592
,,,10574,,0.009263826534152031
,,,10575,,0.006900744512677193
,,,10576,,0.01768684759736061
,,,10577,,0.016969723626971245
,,,10578,,0.007507687900215387
,,,10579,,0.024205289781093597
,,,10580,,0.010950656607747078
,,,10581,,0.0038939886726439
,,,10582,,0.012515457347035408
,,,10583,,0.006173636764287949
,,,10584,,0.006998949684202671
,,,10585,,0.009439757093787193
,,,10586,,0.003103031311184168
,,,10587,,0.00918918289244175
,,,10588,,0.007065056823194027
,,,10589,,0.01319048646837473
,,,10590,,0.012350551784038544
,,,10591,,0.004797603469341993
,,,10592,,0.007447419688105583
,,,10593,,0.005160335451364517
,,,10594,,0.006663115229457617
,,,10595,,0.004670104943215847
,,,10596,,0.004495235625654459
,,,10597,,0.006133492570370436
,,,10598,,0.005861954763531685
,,,10599,,0.0031142362859100103
,,,10600,,0.005796203389763832
,,,10601,,0.01271695364266634
,,,10602,,0.00580370519310236
,,,10603,,0.0033773519098758698
,,,10604,,0.004160794895142317
,,,10605,,0.0005401928210631013
,,,10606,,0.001185449305921793
,,,10607,,0.0008302896749228239
,,,10608,,0.0005916267400607467
,,,10609,,0.00047843053471297026
,,,10610,,0.0006035069818608463
,,,10611,,0.00033826311118900776
,,,10612,,0.0006329754833132029
,,,10613,,0.0003912519314326346
,,,10614,,0.0006809473852626979
,,,10615,,0.0006235695327632129
,,,10616,,0.0008563143783248961
,,,10617,,0.0008922595297917724
,,,10618,,0.009440770372748375
,,,10619,,0.01152639091014862
,,,10620,,0.010886172764003277
,,,10621,,0.03107888624072075
,,,10622,,0.021668342873454094
,,,10623,,0.017328664660453796
,,,10624,,0.029014695435762405
,,,10625,,0.02685617282986641
,,,10626,,0.008986003696918488
,,,10627,,0.008828356862068176
,,,10628,,0.00920398160815239
,,,10629,,0.006989048793911934
,,,10630,,0.0077825384214520454
,,,10631,,0.00901377946138382
,,,10632,,0.00752297742292285
,,,10633,,0.007409106008708477
,,,10634,,0.008808356709778309
,,,10635,,0.0074341269209980965
,,,10636,,0.006808769423514605
,,,10637,,0.00671346765011549
,,,10638,,0.00905771553516388
,,,10639,,0.008470127359032631
,,,10640,,0.008975174278020859
,,,10641,,0.008146705105900764
,,,10642,,0.0076913293451070786
,,,10643,,0.009872081689536572
,,,10644,,0.008751575835049152
,,,10645,,0.00665726512670517
,,,10646,,0.008863739669322968
,,,10647,,0.008916584774851799
,,,10648,,0.012825019657611847
,,,10649,,0.012930469587445259
,,,10650,,0.009367993101477623
,,,10651,,0.007910031825304031
,,,10652,,0.007454479578882456
,,,10653,,0.008598871529102325
,,,10654,,0.006759859621524811
,,,10655,,0.007445077411830425
,,,10656,,0.00767730874940753
,,,10657,,0.007399635389447212
,,,10658,,0.0076455469243228436
,,,10659,,0.007515204604715109
,,,10660,,0.006475093774497509
,,,10661,,0.006823347881436348
,,,10662,,0.007037545088678598
,,,10663,,0.0088063795119524
,,,10664,,0.007571421097964048
,,,10665,,0.008633799850940704
,,,10666,,0.007970627397298813
,,,10667,,0.008659083396196365
,,,10668,,0.008278041146695614
,,,10669,,0.007753703743219376
,,,10670,,0.007357071619480848
,,,10671,,0.00824829749763012
,,,10672,,0.00593282887712121
,,,10673,,0.006378188729286194
,,,10674,,0.005621120799332857
,,,10675,,0.005595230497419834
,,,10676,,0.005619422532618046
,,,10677,,0.006093147210776806
,,,10678,,0.005653040949255228
,,,10679,,0.005813552998006344
,,,10680,,0.005685595329850912
,,,10681,,0.006068602669984102
,,,10682,,0.004823651630431414
,,,10683,,0.004949731752276421
,,,10684,,0.005525421351194382
,,,10685,,0.005963686853647232
,,,10686,,0.005663678981363773
,,,10687,,0.005638867616653442
,,,10688,,0.006396283395588398
,,,10689,,0.005943138152360916
,,,10690,,0.005912246182560921
,,,10691,,0.005290422588586807
,,,10692,,0.005445040762424469
,,,10693,,0.006168292369693518
,,,10694,,0.006157734896987677
,,,10695,,0.006961653009057045
,,,10696,,0.007880003191530704
,,,10697,,0.007056877948343754
,,,10698,,0.007500478532165289
,,,10699,,0.00659898528829217
,,,10700,,0.005913965404033661
,,,10701,,0.006399312987923622
,,,10702,,0.008492153137922287
,,,10703,,0.007150450721383095
,,,10704,,0.006222223397344351
,,,10705,,0.008229382336139679
,,,10706,,0.006946725305169821
,,,10707,,0.008695904165506363
,,,10708,,0.00688279140740633
,,,10709,,0.006300882901996374
,,,10710,,0.0075653325766325
,,,10711,,0.007410072721540928
,,,10712,,0.006368377711623907
,,,10713,,0.008028865791857243
,,,10714,,0.007012393791228533
,,,10715,,0.006675797514617443
,,,10716,,0.0025722156278789043
,,,10717,,0.002240147441625595
,,,10718,,0.0017683227779343724
,,,10719,,0.001823604223318398
,,,10720,,0.001456933794543147
,,,10721,,0.0015462510054931045
,,,10722,,0.002022021682932973
,,,10723,,0.0015853254590183496
,,,10724,,0.002071162685751915
,,,10725,,0.0018347917357459664
,,,10726,,0.0018462687730789185
,,,10727,,0.0015590880066156387
,,,10728,,0.0018071567174047232
,,,10729,,0.004224547650665045
,,,10730,,0.004393831826746464
,,,10731,,0.0054586767219007015
,,,10732,,0.004312700591981411
,,,10733,,0.0015820488333702087
,,,10734,,0.016675449907779694
,,,10735,,0.003754374571144581
,,,10736,,0.011347034946084023
,,,10737,,0.005212167743593454
,,,10738,,0.005032842047512531
,,,10739,,0.008741674944758415
,,,10740,,0.011256556957960129
,,,10741,,0.010075820609927177
,,,10742,,0.006946424022316933
,,,10743,,0.00635761022567749
,,,10744,,0.008607780560851097
,,,10745,,0.012716922909021378
,,,10746,,0.0616503469645977
,,,10747,,0.049302853643894196
,,,10748,,0.03980593383312225
,,,10749,,0.04294601455330849
,,,10750,,0.06266137957572937
,,,10751,,0.03596240282058716
,,,10752,,0.04062230885028839
,,,10753,,0.052552834153175354
,,,10754,,0.037116847932338715
,,,10755,,0.047104042023420334
,,,10756,,0.038226522505283356
,,,10757,,0.04178072512149811
,,,10758,,0.05292428284883499
,,,10759,,0.047090306878089905
,,,10760,,0.04403599724173546
,,,10761,,0.04289238899946213
,,,10762,,0.02143041044473648
46,,,3806,0.009913668967783451,
46,0.0093274200335145,,3806,,
47,,0.013175959698855877,3809,,
47,,0.01139387208968401,3819,,
47,,0.007187720853835344,3829,,
47,,0.008192266337573528,3839,,
47,,0.005647060927003622,3849,,
47,,0.010310377925634384,3859,,
47,,0.01221751794219017,3869,,
47,,0.008327297866344452,3879,,
,,,10763,,0.00046299558016471565
,,,10764,,0.0004332875832915306
,,,10765,,0.0008081900887191296
,,,10766,,0.00035259296419098973
,,,10767,,0.0006360654369927943
,,,10768,,0.0002845427952706814
,,,10769,,0.000647024076897651
,,,10770,,0.00034940207842737436
,,,10771,,0.0004568489093799144
,,,10772,,0.0003351578488945961
,,,10773,,0.0008701912593096495
,,,10774,,0.0010038740001618862
,,,10775,,0.0003979128086939454
,,,10776,,0.0003568666579667479
,,,10777,,0.0005995993851684034
,,,10778,,0.00034480352769605815
,,,10779,,0.0007340008160099387
,,,10780,,0.0006262225797399879
,,,10781,,0.0005461295950226486
,,,10782,,0.0010916852625086904
,,,10783,,0.000324401305988431
,,,10784,,0.0002671151014510542
,,,10785,,0.0002177415881305933
,,,10786,,0.000820591114461422
,,,10787,,0.0006479289149865508
,,,10788,,0.0005039044190198183
,,,10789,,0.00048331593279726803
,,,10790,,0.0068054115399718285
,,,10791,,0.019967667758464813
,,,10792,,0.017388394102454185
,,,10793,,0.016828756779432297
,,,10794,,0.018155109137296677
,,,10795,,0.017614666372537613
,,,10796,,0.0862131342291832
,,,10797,,0.027873240411281586
,,,10798,,0.014964388683438301
,,,10799,,0.016539324074983597
,,,10800,,0.011385256424546242
,,,10801,,0.006780912168323994
,,,10802,,0.01494617946445942
,,,10803,,0.009620833210647106
,,,10804,,0.007193644531071186
,,,10805,,0.017933553084731102
,,,10806,,0.01768646016716957
,,,10807,,0.007699512876570225
,,,10808,,0.024475347250699997
,,,10809,,0.01147539634257555
,,,10810,,0.004281986504793167
,,,10811,,0.013024494051933289
,,,10812,,0.006590345874428749
,,,10813,,0.007502278778702021
,,,10814,,0.009857170283794403
,,,10815,,0.003918256610631943
,,,10816,,0.009731716476380825
,,,10817,,0.00795779936015606
,,,10818,,0.013654923066496849
,,,10819,,0.012698953039944172
,,,10820,,0.005489427130669355
,,,10821,,0.007628695573657751
,,,10822,,0.005345715209841728
,,,10823,,0.0072922008112072945
,,,10824,,0.005197748076170683
,,,10825,,0.0048893210478127
,,,10826,,0.006240999326109886
,,,10827,,0.006219369824975729
,,,10828,,0.003647047095000744
,,,10829,,0.006509703584015369
,,,10830,,0.013280835933983326
,,,10831,,0.006425842642784119
,,,10832,,0.00454103946685791
,,,10833,,0.004471207037568092
,,,10834,,0.0007360107265412807
,,,10835,,0.0012904161121696234
,,,10836,,0.0005318090552464128
,,,10837,,0.0006630604038946331
,,,10838,,0.0007057343609631062
,,,10839,,0.0007322713499888778
,,,10840,,0.0005331858992576599
,,,10841,,0.0005020631942898035
,,,10842,,0.000508248049300164
,,,10843,,0.0007627421873621643
,,,10844,,0.0006248845020309091
,,,10845,,0.001479608821682632
,,,10846,,0.0010326190385967493
,,,10847,,0.009990755468606949
,,,10848,,0.012202557176351547
,,,10849,,0.011658682487905025
,,,10850,,0.03332579880952835
,,,10851,,0.023415738716721535
,,,10852,,0.01886020600795746
,,,10853,,0.029683735221624374
,,,10854,,0.02779558300971985
,,,10855,,0.00952523946762085
,,,10856,,0.009186191484332085
,,,10857,,0.009529847651720047
,,,10858,,0.00733944121748209
,,,10859,,0.008097628131508827
,,,10860,,0.009471727535128593
,,,10861,,0.007939215749502182
,,,10862,,0.007901798002421856
,,,10863,,0.009158814325928688
,,,10864,,0.007674788124859333
,,,10865,,0.0071138362400233746
,,,10866,,0.007097108755260706
,,,10867,,0.009331882931292057
,,,10868,,0.008779548108577728
,,,10869,,0.009352545253932476
,,,10870,,0.008463097736239433
,,,10871,,0.008125917986035347
,,,10872,,0.010198766365647316
,,,10873,,0.009086786769330502
,,,10874,,0.006952998694032431
,,,10875,,0.009191805496811867
,,,10876,,0.009281567297875881
,,,10877,,0.013573767617344856
,,,10878,,0.013801896944642067
,,,10879,,0.009830087423324585
,,,10880,,0.00819457322359085
,,,10881,,0.0077247656881809235
,,,10882,,0.008750616572797298
,,,10883,,0.007011997513473034
,,,10884,,0.0076329028233885765
,,,10885,,0.007823401130735874
,,,10886,,0.0075205471366643906
,,,10887,,0.007644049823284149
,,,10888,,0.0077974833548069
,,,10889,,0.006541112437844276
,,,10890,,0.006974857300519943
,,,10891,,0.007213587407022715
,,,10892,,0.00898819975554943
,,,10893,,0.007813635282218456
,,,10894,,0.008755112066864967
,,,10895,,0.008191689848899841
,,,10896,,0.008728381246328354
,,,10897,,0.008409839123487473
,,,10898,,0.007975488901138306
,,,10899,,0.007475168909877539
,,,10900,,0.008442722260951996
,,,10901,,0.00602212268859148
,,,10902,,0.006453406997025013
,,,10903,,0.005625160876661539
,,,10904,,0.005693851504474878
,,,10905,,0.005682570859789848
,,,10906,,0.006187968421727419
,,,10907,,0.005853301379829645
,,,10908,,0.0058240825310349464
,,,10909,,0.0058418819680809975
,,,10910,,0.0060625639744102955
,,,10911,,0.004861378110945225
,,,10912,,0.005118840374052525
,,,10913,,0.005674359854310751
,,,10914,,0.00604367395862937
,,,10915,,0.005826186388731003
,,,10916,,0.005690152291208506
,,,10917,,0.006493230815976858
,,,10918,,0.006168709602206945
,,,10919,,0.006070995703339577
,,,10920,,0.005458800587803125
,,,10921,,0.005607236176729202
,,,10922,,0.006247433368116617
,,,10923,,0.006554191000759602
,,,10924,,0.007372963707894087
,,,10925,,0.008277935907244682
,,,10926,,0.0074911946430802345
,,,10927,,0.007908457890152931
,,,10928,,0.007099568843841553
,,,10929,,0.006386803463101387
,,,10930,,0.00676420982927084
,,,10931,,0.008955671451985836
,,,10932,,0.007780020125210285
,,,10933,,0.006609902251511812
,,,10934,,0.008692426607012749
,,,10935,,0.007341434713453054
,,,10936,,0.009008800610899925
,,,10937,,0.007193516008555889
,,,10938,,0.006711138878017664
,,,10939,,0.00798808503895998
,,,10940,,0.007780516520142555
,,,10941,,0.006825223099440336
,,,10942,,0.008529728278517723
,,,10943,,0.0073968758806586266
,,,10944,,0.007191793527454138
,,,10945,,0.0028696523513644934
,,,10946,,0.002521161688491702
,,,10947,,0.0019955774769186974
,,,10948,,0.0019726441241800785
,,,10949,,0.0016829664818942547
,,,10950,,0.0016637176740914583
,,,10951,,0.0021794962231069803
,,,10952,,0.00175543874502182
,,,10953,,0.00223888480104506
,,,10954,,0.0020700767636299133
,,,10955,,0.0020393477752804756
,,,10956,,0.0017418803181499243
,,,10957,,0.0019260665867477655
,,,10958,,0.0046568503603339195
,,,10959,,0.004540235735476017
,,,10960,,0.00615449296310544
,,,10961,,0.004749522544443607
,,,10962,,0.002005138201639056
,,,10963,,0.017558833584189415
,,,10964,,0.004062557592988014
,,,10965,,0.012261739000678062
,,,10966,,0.005523224361240864
,,,10967,,0.005073309876024723
,,,10968,,0.009331481531262398
,,,10969,,0.011738818138837814
,,,10970,,0.01018377672880888
,,,10971,,0.007509886287152767
,,,10972,,0.006582253146916628
,,,10973,,0.010357368737459183
,,,10974,,0.01262677926570177
,,,10975,,0.0608350932598114
,,,10976,,0.048419833183288574
,,,10977,,0.03887515515089035
,,,10978,,0.04207976907491684
,,,10979,,0.061400242149829865
,,,10980,,0.03520355746150017
,,,10981,,0.03971031680703163
,,,10982,,0.051402498036623
,,,10983,,0.03658464923501015
,,,10984,,0.04586741328239441
,,,10985,,0.037645451724529266
,,,10986,,0.04083454608917236
,,,10987,,0.0522005595266819
,,,10988,,0.046183519065380096
,,,10989,,0.04337439686059952
,,,10990,,0.04183468967676163
,,,10991,,0.021219737827777863
47,,,3887,0.01013586763292551,
47,0.009636144153773785,,3887,,
48,,0.008181561715900898,3889,,
48,,0.009008395485579967,3899,,
48,,0.0034293844364583492,3909,,
48,,0.008779752068221569,3919,,
48,,0.0111355846747756,3929,,
48,,0.00589941069483757,3939,,
48,,0.006178165320307016,3949,,
48,,0.011162284761667252,3959,,
,,,10992,,0.0004902189830318093
,,,10993,,0.00046458604629151523
,,,10994,,0.0008356032194569707
,,,10995,,0.00038820321788080037
,,,10996,,0.0006621578359045088
,,,10997,,0.00037530349800363183
,,,10998,,0.0006994894938543439
,,,10999,,0.000378828146494925
,,,11000,,0.0005161884473636746
,,,11001,,0.0004065612447448075
,,,11002,,0.0009142291964963078
,,,11003,,0.0010405874345451593
,,,11004,,0.0004475398163776845
,,,11005,,0.0004224419826641679
,,,11006,,0.0006719301454722881
,,,11007,,0.000426509854150936
,,,11008,,0.0008417369099333882
,,,11009,,0.0006892530946061015
,,,11010,,0.0005958511028438807
,,,11011,,0.0011930225882679224
,,,11012,,0.00042886188020929694
,,,11013,,0.00037861126475036144
,,,11014,,0.0003340948314871639
,,,11015,,0.0009202760411426425
,,,11016,,0.0007272072834894061
,,,11017,,0.0006126821972429752
,,,11018,,0.000550101394765079
,,,11019,,0.006686663255095482
,,,11020,,0.019465338438749313
,,,11021,,0.016940608620643616
,,,11022,,0.016389574855566025
,,,11023,,0.01777840405702591
,,,11024,,0.017064224928617477
,,,11025,,0.08559826016426086
,,,11026,,0.027330735698342323
,,,11027,,0.014521215111017227
,,,11028,,0.016160953789949417
,,,11029,,0.011094460263848305
,,,11030,,0.006513429805636406
,,,11031,,0.014485404826700687
,,,11032,,0.009197013452649117
,,,11033,,0.006809116806834936
,,,11034,,0.01720365509390831
,,,11035,,0.016932372003793716
,,,11036,,0.007337972521781921
,,,11037,,0.02352266013622284
,,,11038,,0.010904678143560886
,,,11039,,0.003951080143451691
,,,11040,,0.012359460815787315
,,,11041,,0.006220545619726181
,,,11042,,0.007024112623184919
,,,11043,,0.009429176338016987
,,,11044,,0.0031869919039309025
,,,11045,,0.009208756498992443
,,,11046,,0.006685006897896528
,,,11047,,0.012855211272835732
,,,11048,,0.011811777018010616
,,,11049,,0.0047715348191559315
,,,11050,,0.007300051394850016
,,,11051,,0.004878386855125427
,,,11052,,0.006548985373228788
,,,11053,,0.00475104758515954
,,,11054,,0.004419518169015646
,,,11055,,0.0060261087492108345
,,,11056,,0.005712228827178478
,,,11057,,0.003034499241039157
,,,11058,,0.005438757129013538
,,,11059,,0.012380054220557213
,,,11060,,0.005746869370341301
,,,11061,,0.0034208004362881184
,,,11062,,0.004418736323714256
,,,11063,,0.000734475499484688
,,,11064,,0.0012154204305261374
,,,11065,,0.0005552179645746946
,,,11066,,0.0006764859426766634
,,,11067,,0.0007047832477837801
,,,11068,,0.0007281391881406307
,,,11069,,0.0005311236018314958
,,,11070,,0.0004896113532595336
,,,11071,,0.0005331485881470144
,,,11072,,0.0007370247039943933
,,,11073,,0.0006411389913409948
,,,11074,,0.0016400667373090982
,,,11075,,0.0010147057473659515
,,,11076,,0.008866009302437305
,,,11077,,0.010784909129142761
,,,11078,,0.010496977716684341
,,,11079,,0.03131376951932907
,,,11080,,0.022198908030986786
,,,11081,,0.01740691065788269
,,,11082,,0.027589529752731323
,,,11083,,0.025648603215813637
,,,11084,,0.008707372471690178
,,,11085,,0.008551854640245438
,,,11086,,0.008803877979516983
,,,11087,,0.006768953986465931
,,,11088,,0.007601956836879253
,,,11089,,0.008781381882727146
,,,11090,,0.007328280713409185
,,,11091,,0.00725143775343895
,,,11092,,0.008543260395526886
,,,11093,,0.007166149560362101
,,,11094,,0.006472527049481869
,,,11095,,0.006491999141871929
,,,11096,,0.008660564199090004
,,,11097,,0.008180143311619759
,,,11098,,0.008709518238902092
,,,11099,,0.007842924445867538
,,,11100,,0.007529766298830509
,,,11101,,0.009509215131402016
,,,11102,,0.00847978051751852
,,,11103,,0.00643691373988986
,,,11104,,0.00852876715362072
,,,11105,,0.008680219762027264
,,,11106,,0.012350823730230331
,,,11107,,0.012417629361152649
,,,11108,,0.009182464331388474
,,,11109,,0.007733938284218311
,,,11110,,0.007254795171320438
,,,11111,,0.008224107325077057
,,,11112,,0.006625141017138958
,,,11113,,0.007284949067980051
,,,11114,,0.0075040170922875404
,,,11115,,0.007123200688511133
,,,11116,,0.00732682179659605
,,,11117,,0.007507474161684513
,,,11118,,0.006186375394463539
,,,11119,,0.006670163944363594
,,,11120,,0.006759484298527241
,,,11121,,0.00845151674002409
,,,11122,,0.007367841433733702
,,,11123,,0.00827171839773655
,,,11124,,0.007736525498330593
,,,11125,,0.008244423195719719
,,,11126,,0.007962225005030632
,,,11127,,0.007581062614917755
,,,11128,,0.007146917283535004
,,,11129,,0.00804223958402872
,,,11130,,0.005805671215057373
,,,11131,,0.006125015206634998
,,,11132,,0.0054192678071558475
,,,11133,,0.005385644733905792
,,,11134,,0.005461578723043203
,,,11135,,0.005922368727624416
,,,11136,,0.005498470272868872
,,,11137,,0.005601230077445507
,,,11138,,0.005547729320824146
,,,11139,,0.0056128716096282005
,,,11140,,0.0047549894079566
,,,11141,,0.00479646772146225
,,,11142,,0.005305172875523567
,,,11143,,0.00567153375595808
,,,11144,,0.005462746135890484
,,,11145,,0.0054626185446977615
,,,11146,,0.006029336713254452
,,,11147,,0.005785550456494093
,,,11148,,0.0057526640594005585
,,,11149,,0.005145091097801924
,,,11150,,0.005346416030079126
,,,11151,,0.006041473709046841
,,,11152,,0.0059294248931109905
,,,11153,,0.006657634861767292
,,,11154,,0.0075719174928963184
,,,11155,,0.0067715332843363285
,,,11156,,0.00717545859515667
,,,11157,,0.006348693743348122
,,,11158,,0.0056653874926269054
,,,11159,,0.0061687082052230835
,,,11160,,0.008134852163493633
,,,11161,,0.006865866016596556
,,,11162,,0.0059759002178907394
,,,11163,,0.007904804311692715
,,,11164,,0.006674794480204582
,,,11165,,0.008252815343439579
,,,11166,,0.006506180390715599
,,,11167,,0.006029237061738968
,,,11168,,0.0072207883931696415
,,,11169,,0.007107843644917011
,,,11170,,0.0061040474101901054
,,,11171,,0.007670455612242222
,,,11172,,0.006721014156937599
,,,11173,,0.0064267730340361595
,,,11174,,0.002632690826430917
,,,11175,,0.002331860363483429
,,,11176,,0.001793951727449894
,,,11177,,0.0018764653941616416
,,,11178,,0.0014994754455983639
,,,11179,,0.001557640265673399
,,,11180,,0.0020339605398476124
,,,11181,,0.0016280051786452532
,,,11182,,0.0020919470116496086
,,,11183,,0.00195977627299726
,,,11184,,0.0018851557979360223
,,,11185,,0.0016308915801346302
,,,11186,,0.0018393243663012981
,,,11187,,0.004221981391310692
,,,11188,,0.004828431643545628
,,,11189,,0.005643946118652821
,,,11190,,0.004552462138235569
,,,11191,,0.0016870414838194847
,,,11192,,0.01581290178000927
,,,11193,,0.0037336768582463264
,,,11194,,0.01107878889888525
,,,11195,,0.005104766692966223
,,,11196,,0.004761707037687302
,,,11197,,0.008881724439561367
,,,11198,,0.011265495792031288
,,,11199,,0.009731467813253403
,,,11200,,0.006797706242650747
,,,11201,,0.006530954502522945
,,,11202,,0.009408485144376755
,,,11203,,0.012222152203321457
,,,11204,,0.059552695602178574
,,,11205,,0.04748177528381348
,,,11206,,0.03792063519358635
,,,11207,,0.04091544449329376
,,,11208,,0.06035720929503441
,,,11209,,0.0343049094080925
,,,11210,,0.038877371698617935
,,,11211,,0.05054745078086853
,,,11212,,0.03545784950256348
,,,11213,,0.04496181756258011
,,,11214,,0.03649211674928665
,,,11215,,0.03982502967119217
,,,11216,,0.05115266889333725
,,,11217,,0.04496810585260391
,,,11218,,0.042115382850170135
,,,11219,,0.041125714778900146
,,,11220,,0.0207956712692976
48,,,3968,0.009652238339185715,
48,0.009441608563065529,,3968,,
49,,0.013639720156788826,3969,,
49,,0.004787992686033249,3979,,
49,,0.005166175309568644,3989,,
49,,0.011459793895483017,3999,,
49,,0.009007999673485756,4009,,
49,,0.009940816089510918,4019,,
49,,0.009833056479692459,4029,,
49,,0.011810696683824062,4039,,
49,,0.004616355523467064,4049,,
,,,11221,,0.0003639849601313472
,,,11222,,0.0003171213320456445
,,,11223,,0.000693317037075758
,,,11224,,0.00025566687691025436
,,,11225,,0.00048556659021414816
,,,11226,,0.00022296204406302422
,,,11227,,0.0005517408717423677
,,,11228,,0.00023095063806977123
,,,11229,,0.00035900509101338685
,,,11230,,0.00027616185252554715
,,,11231,,0.0007642927230335772
,,,11232,,0.0009221133077517152
,,,11233,,0.00031683582346886396
,,,11234,,0.0003235597687307745
,,,11235,,0.0005858186050318182
,,,11236,,0.00032143236603587866
,,,11237,,0.0007682263967581093
,,,11238,,0.0006715248455293477
,,,11239,,0.0004663133586291224
,,,11240,,0.0011906097643077374
,,,11241,,0.00029953481862321496
,,,11242,,0.00028626801213249564
,,,11243,,0.00019741637515835464
,,,11244,,0.0008748064283281565
,,,11245,,0.0006885703769512475
,,,11246,,0.0005010482855141163
,,,11247,,0.00046862708404660225
,,,11248,,0.006462272256612778
,,,11249,,0.019297122955322266
,,,11250,,0.01676332950592041
,,,11251,,0.016346419230103493
,,,11252,,0.017622048035264015
,,,11253,,0.016854992136359215
,,,11254,,0.08526027202606201
,,,11255,,0.027096658945083618
,,,11256,,0.014360040426254272
,,,11257,,0.01600011996924877
,,,11258,,0.010948346927762032
,,,11259,,0.006386422086507082
,,,11260,,0.01430556084960699
,,,11261,,0.009047521278262138
,,,11262,,0.006577798165380955
,,,11263,,0.016798745840787888
,,,11264,,0.01666562631726265
,,,11265,,0.007132912985980511
,,,11266,,0.023004814982414246
,,,11267,,0.010632898658514023
,,,11268,,0.003734410274773836
,,,11269,,0.0119866281747818
,,,11270,,0.006028751377016306
,,,11271,,0.00686395401135087
,,,11272,,0.009168760851025581
,,,11273,,0.003054647007957101
,,,11274,,0.008952049538493156
,,,11275,,0.006444908678531647
,,,11276,,0.012418840080499649
,,,11277,,0.011409588158130646
,,,11278,,0.004418737720698118
,,,11279,,0.006892540957778692
,,,11280,,0.004362690262496471
,,,11281,,0.006109294481575489
,,,11282,,0.004427076317369938
,,,11283,,0.004139629192650318
,,,11284,,0.005580591969192028
,,,11285,,0.00526090944185853
,,,11286,,0.00269621005281806
,,,11287,,0.005049511790275574
,,,11288,,0.011856675148010254
,,,11289,,0.0054427157156169415
,,,11290,,0.0030383821576833725
,,,11291,,0.00396517850458622
,,,11292,,0.0005634383414871991
,,,11293,,0.0010899943299591541
,,,11294,,0.0004739675496239215
,,,11295,,0.0005133743397891521
,,,11296,,0.0005390372243709862
,,,11297,,0.0005810157163068652
,,,11298,,0.0003789066686294973
,,,11299,,0.000408775667892769
,,,11300,,0.0003702804388012737
,,,11301,,0.0006437505362555385
,,,11302,,0.0004900142084807158
,,,11303,,0.0013147367862984538
,,,11304,,0.0008802799275144935
,,,11305,,0.009089987725019455
,,,11306,,0.011032523587346077
,,,11307,,0.011830158531665802
,,,11308,,0.03426302596926689
,,,11309,,0.025506125763058662
,,,11310,,0.019138511270284653
,,,11311,,0.028394736349582672
,,,11312,,0.02644207328557968
,,,11313,,0.008611368015408516
,,,11314,,0.008312206715345383
,,,11315,,0.008648477494716644
,,,11316,,0.006621830631047487
,,,11317,,0.007389741484075785
,,,11318,,0.008560149930417538
,,,11319,,0.007148422300815582
,,,11320,,0.007044881582260132
,,,11321,,0.008335791528224945
,,,11322,,0.006948334164917469
,,,11323,,0.006289797369390726
,,,11324,,0.006372727453708649
,,,11325,,0.008499627001583576
,,,11326,,0.00797263067215681
,,,11327,,0.008456602692604065
,,,11328,,0.007685218937695026
,,,11329,,0.007337065413594246
,,,11330,,0.00935950968414545
,,,11331,,0.008325411006808281
,,,11332,,0.006330443546175957
,,,11333,,0.008375788107514381
,,,11334,,0.008555098436772823
,,,11335,,0.012591495178639889
,,,11336,,0.012693021446466446
,,,11337,,0.009110778570175171
,,,11338,,0.007456695660948753
,,,11339,,0.007055126130580902
,,,11340,,0.008023397997021675
,,,11341,,0.006455305963754654
,,,11342,,0.007067639846354723
,,,11343,,0.007217804901301861
,,,11344,,0.006858701817691326
,,,11345,,0.007189416326582432
,,,11346,,0.007208225782960653
,,,11347,,0.006023484282195568
,,,11348,,0.006456459406763315
,,,11349,,0.006565650459378958
,,,11350,,0.00822322815656662
,,,11351,,0.007126225158572197
,,,11352,,0.008083684369921684
,,,11353,,0.007559136487543583
,,,11354,,0.008039489388465881
,,,11355,,0.007811615243554115
,,,11356,,0.007337984628975391
,,,11357,,0.006947544403374195
,,,11358,,0.007731727324426174
,,,11359,,0.005536215845495462
,,,11360,,0.005945066921412945
,,,11361,,0.005153465084731579
,,,11362,,0.0052516041323542595
,,,11363,,0.005277230404317379
,,,11364,,0.00570553308352828
,,,11365,,0.005347864702343941
,,,11366,,0.005351790692657232
,,,11367,,0.005382915493100882
,,,11368,,0.005395844578742981
,,,11369,,0.004484189208596945
,,,11370,,0.004685156513005495
,,,11371,,0.0052134795114398
,,,11372,,0.005560874938964844
,,,11373,,0.005366400815546513
,,,11374,,0.005276253446936607
,,,11375,,0.0059548174031078815
,,,11376,,0.005654879380017519
,,,11377,,0.005621711257845163
,,,11378,,0.004974879324436188
,,,11379,,0.005164510570466518
,,,11380,,0.005787422880530357
,,,11381,,0.005841303616762161
,,,11382,,0.006622224114835262
,,,11383,,0.0075472379103302956
,,,11384,,0.006665709428489208
,,,11385,,0.007123813033103943
,,,11386,,0.00630481680855155
,,,11387,,0.0056208111345767975
,,,11388,,0.006121584214270115
,,,11389,,0.008056741207838058
,,,11390,,0.006817781366407871
,,,11391,,0.005943050608038902
,,,11392,,0.007833946496248245
,,,11393,,0.00665728934109211
,,,11394,,0.008211642503738403
,,,11395,,0.006520791910588741
,,,11396,,0.005970916245132685
,,,11397,,0.007217065431177616
,,,11398,,0.007054848130792379
,,,11399,,0.0060594286769628525
,,,11400,,0.007621387951076031
,,,11401,,0.0066877007484436035
,,,11402,,0.006422270555049181
,,,11403,,0.0025487691164016724
,,,11404,,0.0021266983821988106
,,,11405,,0.0015607369132339954
,,,11406,,0.00162121735047549
,,,11407,,0.0012699749786406755
,,,11408,,0.0013927866239100695
,,,11409,,0.0018166976515203714
,,,11410,,0.001464223489165306
,,,11411,,0.001915851840749383
,,,11412,,0.0018166780937463045
,,,11413,,0.001672754529863596
,,,11414,,0.0014195798430591822
,,,11415,,0.0016146611887961626
,,,11416,,0.004394046030938625
,,,11417,,0.004641530103981495
,,,11418,,0.005723425652831793
,,,11419,,0.004535292275249958
,,,11420,,0.0017042376566678286
,,,11421,,0.016134977340698242
,,,11422,,0.0036243856884539127
,,,11423,,0.010975445620715618
,,,11424,,0.005049333442002535
,,,11425,,0.004814463667571545
,,,11426,,0.008987385779619217
,,,11427,,0.011429708451032639
,,,11428,,0.009635711088776588
,,,11429,,0.006869157776236534
,,,11430,,0.006591069977730513
,,,11431,,0.009088913910090923
,,,11432,,0.012105710804462433
,,,11433,,0.05916975438594818
,,,11434,,0.047015491873025894
,,,11435,,0.03741934522986412
,,,11436,,0.04057630896568298
,,,11437,,0.05986284464597702
,,,11438,,0.033679865300655365
,,,11439,,0.03848271071910858
,,,11440,,0.0500594899058342
,,,11441,,0.034935347735881805
,,,11442,,0.04426928237080574
,,,11443,,0.03622685372829437
,,,11444,,0.03909661993384361
,,,11445,,0.05067870020866394
,,,11446,,0.044652316719293594
,,,11447,,0.041785918176174164
,,,11448,,0.04024987295269966
,,,11449,,0.020588429644703865
49,,,4049,0.009523391723632812,
49,0.009514727629721165,,4049,,
50,,0.007353981025516987,4059,,
50,,0.011097978800535202,4069,,
50,,0.010636603459715843,4079,,
50,,0.004757620394229889,4089,,
50,,0.009381570853292942,4099,,
50,,0.010280342772603035,4109,,
50,,0.012656843289732933,4119,,
50,,0.009537127800285816,4129,,
,,,11450,,0.0005205793422646821
,,,11451,,0.0005130314384587109
,,,11452,,0.000797739892732352
,,,11453,,0.0004974479088559747
,,,11454,,0.0007929812418296933
,,,11455,,0.00033359930966980755
,,,11456,,0.0006739560049027205
,,,11457,,0.0003584513033274561
,,,11458,,0.0005749607225880027
,,,11459,,0.00038302980829030275
,,,11460,,0.0009397667017765343
,,,11461,,0.0009632302680984139
,,,11462,,0.00042301375651732087
,,,11463,,0.0004738898132927716
,,,11464,,0.0006328223389573395
,,,11465,,0.00048800252261571586
,,,11466,,0.0009665511315688491
,,,11467,,0.0007266093161888421
,,,11468,,0.000701985030900687
,,,11469,,0.0011020746314898133
,,,11470,,0.0003591346903704107
,,,11471,,0.0005132256774231791
,,,11472,,0.000369109446182847
,,,11473,,0.0009726631687954068
,,,11474,,0.0007873475551605225
,,,11475,,0.0007289372151717544
,,,11476,,0.000653314811643213
,,,11477,,0.006789002101868391
,,,11478,,0.019623983651399612
,,,11479,,0.017004668712615967
,,,11480,,0.016585703939199448
,,,11481,,0.0180501751601696
,,,11482,,0.017095882445573807
,,,11483,,0.08568158000707626
,,,11484,,0.027451220899820328
,,,11485,,0.014575952664017677
,,,11486,,0.016220184043049812
,,,11487,,0.011239936575293541
,,,11488,,0.006793691776692867
,,,11489,,0.01462568249553442
,,,11490,,0.009470051154494286
,,,11491,,0.007466393988579512
,,,11492,,0.017409902065992355
,,,11493,,0.01715523935854435
,,,11494,,0.007958014495670795
,,,11495,,0.023885849863290787
,,,11496,,0.011369314044713974
,,,11497,,0.004534143954515457
,,,11498,,0.012550991028547287
,,,11499,,0.006708620581775904
,,,11500,,0.007466800510883331
,,,11501,,0.010005555115640163
,,,11502,,0.0036830748431384563
,,,11503,,0.0096427658572793
,,,11504,,0.006606228183954954
,,,11505,,0.01229923963546753
,,,11506,,0.011338898912072182
,,,11507,,0.004587905947118998
,,,11508,,0.006911783944815397
,,,11509,,0.004655548371374607
,,,11510,,0.006135708652436733
,,,11511,,0.00442501762881875
,,,11512,,0.004299514461308718
,,,11513,,0.005705229938030243
,,,11514,,0.005311592016369104
,,,11515,,0.00296827033162117
,,,11516,,0.005134440492838621
,,,11517,,0.011805042624473572
,,,11518,,0.005548716057091951
,,,11519,,0.0031086918897926807
,,,11520,,0.00386596005409956
,,,11521,,0.0005740722408518195
,,,11522,,0.0012413717340677977
,,,11523,,0.0009698406793177128
,,,11524,,0.0006872445810586214
,,,11525,,0.0005668799858540297
,,,11526,,0.0006494878325611353
,,,11527,,0.0004008413525298238
,,,11528,,0.0008164182072505355
,,,11529,,0.00047945143887773156
,,,11530,,0.0007999902009032667
,,,11531,,0.000744019984267652
,,,11532,,0.0006645297980867326
,,,11533,,0.0009365777368657291
,,,11534,,0.009050155058503151
,,,11535,,0.011069362983107567
,,,11536,,0.01115453615784645
,,,11537,,0.03473404049873352
,,,11538,,0.025292672216892242
,,,11539,,0.01839243806898594
,,,11540,,0.026874851435422897
,,,11541,,0.024823687970638275
,,,11542,,0.008435791358351707
,,,11543,,0.008346699178218842
,,,11544,,0.008571844547986984
,,,11545,,0.006662800908088684
,,,11546,,0.0075083449482917786
,,,11547,,0.008534608408808708
,,,11548,,0.007155852857977152
,,,11549,,0.007126407697796822
,,,11550,,0.008334580808877945
,,,11551,,0.007016702555119991
,,,11552,,0.006478545255959034
,,,11553,,0.0064452108927071095
,,,11554,,0.008535563945770264
,,,11555,,0.008073804900050163
,,,11556,,0.008594850078225136
,,,11557,,0.007739341352134943
,,,11558,,0.007333005778491497
,,,11559,,0.009321769699454308
,,,11560,,0.008407221175730228
,,,11561,,0.006476332433521748
,,,11562,,0.00845489464700222
,,,11563,,0.008506963029503822
,,,11564,,0.012538136914372444
,,,11565,,0.012426329776644707
,,,11566,,0.009403281845152378
,,,11567,,0.007625691592693329
,,,11568,,0.007160168141126633
,,,11569,,0.008198419585824013
,,,11570,,0.006688124965876341
,,,11571,,0.0072207264602184296
,,,11572,,0.007502607069909573
,,,11573,,0.007232272997498512
,,,11574,,0.007450905628502369
,,,11575,,0.007264102343469858
,,,11576,,0.0063467081636190414
,,,11577,,0.00667155534029007
,,,11578,,0.0067811147309839725
,,,11579,,0.008372676558792591
,,,11580,,0.007262620609253645
,,,11581,,0.008297128602862358
,,,11582,,0.007617914583534002
,,,11583,,0.008383382111787796
,,,11584,,0.007958987727761269
,,,11585,,0.007485867943614721
,,,11586,,0.007163244765251875
,,,11587,,0.00794143509119749
,,,11588,,0.005791270174086094
,,,11589,,0.006193857640028
,,,11590,,0.005564030259847641
,,,11591,,0.005531514994800091
,,,11592,,0.005596580915153027
,,,11593,,0.005940375849604607
,,,11594,,0.0055943019688129425
,,,11595,,0.0057200295850634575
,,,11596,,0.005615388974547386
,,,11597,,0.005658236797899008
,,,11598,,0.0048416489735245705
,,,11599,,0.004932220093905926
,,,11600,,0.0054557747207582
,,,11601,,0.005755981430411339
,,,11602,,0.005580306984484196
,,,11603,,0.005618405528366566
,,,11604,,0.0061854468658566475
,,,11605,,0.005895189940929413
,,,11606,,0.005784492939710617
,,,11607,,0.005228878930211067
,,,11608,,0.005441196262836456
,,,11609,,0.00616432074457407
,,,11610,,0.00577789731323719
,,,11611,,0.0064421663992106915
,,,11612,,0.007371372543275356
,,,11613,,0.006525223143398762
,,,11614,,0.007030921056866646
,,,11615,,0.00610594404861331
,,,11616,,0.005496063269674778
,,,11617,,0.005995918996632099
,,,11618,,0.007867520675063133
,,,11619,,0.006687626242637634
,,,11620,,0.005825510714203119
,,,11621,,0.007739088498055935
,,,11622,,0.006532339844852686
,,,11623,,0.008056014776229858
,,,11624,,0.006349284201860428
,,,11625,,0.005874630995094776
,,,11626,,0.007013020105659962
,,,11627,,0.006891277618706226
,,,11628,,0.0059754434041678905
,,,11629,,0.007461829110980034
,,,11630,,0.006499313749372959
,,,11631,,0.006269955076277256
,,,11632,,0.0025655957870185375
,,,11633,,0.0022423239424824715
,,,11634,,0.0018541575409471989
,,,11635,,0.001907783909700811
,,,11636,,0.001477903570048511
,,,11637,,0.0016648599412292242
,,,11638,,0.002114582108333707
,,,11639,,0.001678358530625701
,,,11640,,0.002125416649505496
,,,11641,,0.0018638265319168568
,,,11642,,0.001858662348240614
,,,11643,,0.0016554658068343997
,,,11644,,0.0018736235797405243
,,,11645,,0.004203197546303272
,,,11646,,0.004541945643723011
,,,11647,,0.005587951745837927
,,,11648,,0.00433118874207139
,,,11649,,0.0015681743388995528
,,,11650,,0.015451542101800442
,,,11651,,0.0035190987400710583
,,,11652,,0.010530886240303516
,,,11653,,0.004905780777335167
,,,11654,,0.004939536564052105
,,,11655,,0.008668169379234314
,,,11656,,0.011387842707335949
,,,11657,,0.00970070157200098
,,,11658,,0.006860437337309122
,,,11659,,0.005903637036681175
,,,11660,,0.008492039516568184
,,,11661,,0.01183477882295847
,,,11662,,0.058606281876564026
,,,11663,,0.04708097130060196
,,,11664,,0.03712565079331398
,,,11665,,0.04018034040927887
,,,11666,,0.05934241786599159
,,,11667,,0.03340117633342743
,,,11668,,0.03827453404664993
,,,11669,,0.04988796263933182
,,,11670,,0.03509968891739845
,,,11671,,0.043794237077236176
,,,11672,,0.03587711602449417
,,,11673,,0.03920506313443184
,,,11674,,0.05064372718334198
,,,11675,,0.04391027241945267
,,,11676,,0.04142487049102783
,,,11677,,0.04022129625082016
,,,11678,,0.02031126245856285
50,,,4130,0.009603413753211498,
50,0.009204110130667686,,4130,,
51,,0.006976977922022343,4139,,
51,,0.00711760763078928,4149,,
51,,0.009135735221207142,4159,,
51,,0.00804945919662714,4169,,
51,,0.006113837473094463,4179,,
51,,0.009968859143555164,4189,,
51,,0.008211161009967327,4199,,
51,,0.00736652547493577,4209,,
,,,11679,,0.0002994144451804459
,,,11680,,0.00024408094759564847
,,,11681,,0.000614912249147892
,,,11682,,0.0002569526550360024
,,,11683,,0.0005354767781682312
,,,11684,,0.00020825309911742806
,,,11685,,0.0005535983364097774
,,,11686,,0.0002023250563070178
,,,11687,,0.0004178740200586617
,,,11688,,0.00024771897005848587
,,,11689,,0.0007340286974795163
,,,11690,,0.0008198060095310211
,,,11691,,0.00024887098697945476
,,,11692,,0.0002727297833189368
,,,11693,,0.0005260795587673783
,,,11694,,0.00029668418574146926
,,,11695,,0.0006408447516150773
,,,11696,,0.0005025796126574278
,,,11697,,0.000466736702946946
,,,11698,,0.0009960008319467306
,,,11699,,0.00026383897056803107
,,,11700,,0.00021491687220986933
,,,11701,,0.00018424721201881766
,,,11702,,0.0007011739653535187
,,,11703,,0.0005533911753445864
,,,11704,,0.00041590718319639564
,,,11705,,0.0003835052775684744
,,,11706,,0.006466931663453579
,,,11707,,0.019241847097873688
,,,11708,,0.016558527946472168
,,,11709,,0.01616779714822769
,,,11710,,0.01738228276371956
,,,11711,,0.016764111816883087
,,,11712,,0.08493777364492416
,,,11713,,0.026877865195274353
,,,11714,,0.014249772764742374
,,,11715,,0.015853330492973328
,,,11716,,0.01082710362970829
,,,11717,,0.0062271771021187305
,,,11718,,0.01419110782444477
,,,11719,,0.008918646723031998
,,,11720,,0.006427686661481857
,,,11721,,0.0165533609688282
,,,11722,,0.016348866745829582
,,,11723,,0.007083259057253599
,,,11724,,0.022547191008925438
,,,11725,,0.01049450971186161
,,,11726,,0.003817717544734478
,,,11727,,0.01165814884006977
,,,11728,,0.005906077567487955
,,,11729,,0.006924525834619999
,,,11730,,0.009122639894485474
,,,11731,,0.0031037703156471252
,,,11732,,0.008845342323184013
,,,11733,,0.006070962641388178
,,,11734,,0.012048717588186264
,,,11735,,0.011016851291060448
,,,11736,,0.004227698314934969
,,,11737,,0.006619660183787346
,,,11738,,0.00420715007930994
,,,11739,,0.005836161784827709
,,,11740,,0.004289228469133377
,,,11741,,0.004033681936562061
,,,11742,,0.005400784779340029
,,,11743,,0.004866843577474356
,,,11744,,0.0026116338558495045
,,,11745,,0.0048457179218530655
,,,11746,,0.011486033909022808
,,,11747,,0.005387989338487387
,,,11748,,0.0029293654952198267
,,,11749,,0.003797402372583747
,,,11750,,0.0005098569090478122
,,,11751,,0.0010699161794036627
,,,11752,,0.00051006895955652
,,,11753,,0.0004853278223890811
,,,11754,,0.0004502346564549953
,,,11755,,0.0005131898797117174
,,,11756,,0.0003183145308867097
,,,11757,,0.00038460263749584556
,,,11758,,0.00033105528564192355
,,,11759,,0.0005955575034022331
,,,11760,,0.00046317180385813117
,,,11761,,0.001237054355442524
,,,11762,,0.0007993679610081017
,,,11763,,0.00833769328892231
,,,11764,,0.010076249949634075
,,,11765,,0.009703315794467926
,,,11766,,0.02932669222354889
,,,11767,,0.020478317514061928
,,,11768,,0.015809793025255203
,,,11769,,0.02603740058839321
,,,11770,,0.024067994207143784
,,,11771,,0.008209248073399067
,,,11772,,0.008207784965634346
,,,11773,,0.008518165908753872
,,,11774,,0.00652332603931427
,,,11775,,0.007158892694860697
,,,11776,,0.008370626717805862
,,,11777,,0.006963755004107952
,,,11778,,0.006912144832313061
,,,11779,,0.008148012682795525
,,,11780,,0.006745569407939911
,,,11781,,0.006253232713788748
,,,11782,,0.0062384288758039474
,,,11783,,0.008371153846383095
,,,11784,,0.007821324281394482
,,,11785,,0.008246548473834991
,,,11786,,0.007540391758084297
,,,11787,,0.007069566287100315
,,,11788,,0.009179873391985893
,,,11789,,0.008130956441164017
,,,11790,,0.006161787547171116
,,,11791,,0.008216455578804016
,,,11792,,0.008219841867685318
,,,11793,,0.011566470377147198
,,,11794,,0.011603254824876785
,,,11795,,0.008515488356351852
,,,11796,,0.007337982766330242
,,,11797,,0.006909115239977837
,,,11798,,0.007956147193908691
,,,11799,,0.0062383124604821205
,,,11800,,0.006856047548353672
,,,11801,,0.007051958702504635
,,,11802,,0.006748246029019356
,,,11803,,0.006984240375459194
,,,11804,,0.006933876778930426
,,,11805,,0.005923633463680744
,,,11806,,0.00626023905351758
,,,11807,,0.006431330926716328
,,,11808,,0.008147178217768669
,,,11809,,0.006982173305004835
,,,11810,,0.007899710908532143
,,,11811,,0.00739147886633873
,,,11812,,0.008005553856492043
,,,11813,,0.00759909488260746
,,,11814,,0.007155739236623049
,,,11815,,0.006767525337636471
,,,11816,,0.007619599346071482
,,,11817,,0.005520665552467108
,,,11818,,0.005930454935878515
,,,11819,,0.005123300477862358
,,,11820,,0.005122308619320393
,,,11821,,0.005211095325648785
,,,11822,,0.005613936576992273
,,,11823,,0.0054051075130701065
,,,11824,,0.005356329493224621
,,,11825,,0.005301189608871937
,,,11826,,0.005334827583283186
,,,11827,,0.004475228954106569
,,,11828,,0.004610245581716299
,,,11829,,0.005115545354783535
,,,11830,,0.0054309978149831295
,,,11831,,0.005408968776464462
,,,11832,,0.005161933600902557
,,,11833,,0.00590261397883296
,,,11834,,0.005623467266559601
,,,11835,,0.005483522079885006
,,,11836,,0.004917433485388756
,,,11837,,0.005070844665169716
,,,11838,,0.0057336981408298016
,,,11839,,0.005573902279138565
,,,11840,,0.006242530420422554
,,,11841,,0.0071187447756528854
,,,11842,,0.006339890882372856
,,,11843,,0.006795430555939674
,,,11844,,0.00590536929666996
,,,11845,,0.005282953381538391
,,,11846,,0.0057944562286138535
,,,11847,,0.007644287310540676
,,,11848,,0.006458220072090626
,,,11849,,0.005592959467321634
,,,11850,,0.0074586449190974236
,,,11851,,0.006267262622714043
,,,11852,,0.007808839902281761
,,,11853,,0.006172989960759878
,,,11854,,0.005665908567607403
,,,11855,,0.006846688687801361
,,,11856,,0.006660334765911102
,,,11857,,0.005730386823415756
,,,11858,,0.00723570492118597
,,,11859,,0.00631077541038394
,,,11860,,0.006099536083638668
,,,11861,,0.002658733632415533
,,,11862,,0.00249309791252017
,,,11863,,0.002123570069670677
,,,11864,,0.0020913141779601574
,,,11865,,0.0015921788290143013
,,,11866,,0.0017127841711044312
,,,11867,,0.0024317787028849125
,,,11868,,0.00174152129329741
,,,11869,,0.002136151073500514
,,,11870,,0.002186408033594489
,,,11871,,0.0020646462216973305
,,,11872,,0.0015035319374874234
,,,11873,,0.0019982908852398396
,,,11874,,0.004240094684064388
,,,11875,,0.004179374314844608
,,,11876,,0.0053278361447155476
,,,11877,,0.003836308140307665
,,,11878,,0.001508838264271617
,,,11879,,0.015040278434753418
,,,11880,,0.003159979358315468
,,,11881,,0.010331302881240845
,,,11882,,0.004506587982177734
,,,11883,,0.004528616555035114
,,,11884,,0.008315881714224815
,,,11885,,0.011601043865084648
,,,11886,,0.009749557822942734
,,,11887,,0.006696047727018595
,,,11888,,0.006003431044518948
,,,11889,,0.008475152775645256
,,,11890,,0.011531525291502476
,,,11891,,0.05676892772316933
,,,11892,,0.045284245163202286
,,,11893,,0.035457007586956024
,,,11894,,0.038755834102630615
,,,11895,,0.05735443904995918
,,,11896,,0.03179647773504257
,,,11897,,0.03651958703994751
,,,11898,,0.047866180539131165
,,,11899,,0.033334068953990936
,,,11900,,0.041907209903001785
,,,11901,,0.034522101283073425
,,,11902,,0.037390634417533875
,,,11903,,0.04893258586525917
,,,11904,,0.042514409869909286
,,,11905,,0.03963286802172661
,,,11906,,0.038422174751758575
,,,11907,,0.019555682316422462
51,,,4211,0.009148932993412018,
51,0.00907212682068348,,4211,,
52,,0.0046430593356490135,4219,,
52,,0.006628487724810839,4229,,
52,,0.008008403703570366,4239,,
52,,0.009601831436157227,4249,,
52,,0.005166621413081884,4259,,
52,,0.0069325631484389305,4269,,
52,,0.005565454252064228,4279,,
52,,0.008221831172704697,4289,,
,,,11908,,0.0006154460133984685
,,,11909,,0.0005964312586002052
,,,11910,,0.0009093781700357795
,,,11911,,0.000601657317019999
,,,11912,,0.0007660571718588471
,,,11913,,0.0005073337815701962
,,,11914,,0.0007968578720465302
,,,11915,,0.0005258826422505081
,,,11916,,0.0006349171162582934
,,,11917,,0.0005238418816588819
,,,11918,,0.0010394772980362177
,,,11919,,0.0010710428468883038
,,,11920,,0.000543920905329287
,,,11921,,0.0006129061803221703
,,,11922,,0.0007742798770777881
,,,11923,,0.0006310904864221811
,,,11924,,0.0010111401788890362
,,,11925,,0.0009077215800061822
,,,11926,,0.000745240249671042
,,,11927,,0.0012558209709823132
,,,11928,,0.0005530613707378507
,,,11929,,0.0005835562478750944
,,,11930,,0.0005055790534242988
,,,11931,,0.0010611029574647546
,,,11932,,0.0008828282007016242
,,,11933,,0.0008652159594930708
,,,11934,,0.0007648501195944846
,,,11935,,0.0066388752311468124
,,,11936,,0.01911615952849388
,,,11937,,0.016476310789585114
,,,11938,,0.016190383583307266
,,,11939,,0.017699189484119415
,,,11940,,0.016742410138249397
,,,11941,,0.08492758870124817
,,,11942,,0.026819439604878426
,,,11943,,0.01414491143077612
,,,11944,,0.015935758128762245
,,,11945,,0.010964875109493732
,,,11946,,0.006575034465640783
,,,11947,,0.014299508184194565
,,,11948,,0.009168099611997604
,,,11949,,0.006503837648779154
,,,11950,,0.016197942197322845
,,,11951,,0.016180865466594696
,,,11952,,0.007025958504527807
,,,11953,,0.02225819230079651
,,,11954,,0.010308387689292431
,,,11955,,0.003831372829154134
,,,11956,,0.011538865976035595
,,,11957,,0.006028119474649429
,,,11958,,0.007006331346929073
,,,11959,,0.009171785786747932
,,,11960,,0.003225290449336171
,,,11961,,0.008920349180698395
,,,11962,,0.006252174265682697
,,,11963,,0.01199805736541748
,,,11964,,0.011218293569982052
,,,11965,,0.004450672306120396
,,,11966,,0.006620460655540228
,,,11967,,0.004716235678642988
,,,11968,,0.005982249043881893
,,,11969,,0.004163865931332111
,,,11970,,0.003977910615503788
,,,11971,,0.005393636412918568
,,,11972,,0.005004615522921085
,,,11973,,0.0030022216960787773
,,,11974,,0.0052024670876562595
,,,11975,,0.011618291959166527
,,,11976,,0.005413583014160395
,,,11977,,0.0032800014596432447
,,,11978,,0.0037089758552610874
,,,11979,,0.0007026215316727757
,,,11980,,0.001410922035574913
,,,11981,,0.0012243312085047364
,,,11982,,0.0007540552760474384
,,,11983,,0.0006820003618486226
,,,11984,,0.0007860203622840345
,,,11985,,0.0005643764161504805
,,,11986,,0.0009605932282283902
,,,11987,,0.0006316855433396995
,,,11988,,0.0009476673440076411
,,,11989,,0.0008339484920725226
,,,11990,,0.0007763508474454284
,,,11991,,0.0011568008922040462
,,,11992,,0.00923040509223938
,,,11993,,0.01086164079606533
,,,11994,,0.010639851912856102
,,,11995,,0.030295096337795258
,,,11996,,0.021106798201799393
,,,11997,,0.016341209411621094
,,,11998,,0.025689247995615005
,,,11999,,0.023749595507979393
,,,12000,,0.008027150295674801
,,,12001,,0.007862904109060764
,,,12002,,0.008177213370800018
,,,12003,,0.006311697885394096
,,,12004,,0.007017164956778288
,,,12005,,0.008093156851828098
,,,12006,,0.006758706644177437
,,,12007,,0.006697272881865501
,,,12008,,0.007934469729661942
,,,12009,,0.006578137166798115
,,,12010,,0.005968512035906315
,,,12011,,0.006125505547970533
,,,12012,,0.008004576899111271
,,,12013,,0.007627865299582481
,,,12014,,0.008050024509429932
,,,12015,,0.007323707453906536
,,,12016,,0.006985394284129143
,,,12017,,0.008901363238692284
,,,12018,,0.007926125079393387
,,,12019,,0.006015782244503498
,,,12020,,0.007915180176496506
,,,12021,,0.008050147444009781
,,,12022,,0.01150504034012556
,,,12023,,0.011553416028618813
,,,12024,,0.008464416489005089
,,,12025,,0.0070939077995717525
,,,12026,,0.006696776486933231
,,,12027,,0.007666882127523422
,,,12028,,0.006117973476648331
,,,12029,,0.0066880350932478905
,,,12030,,0.006886034272611141
,,,12031,,0.006579503882676363
,,,12032,,0.00684558879584074
,,,12033,,0.006800295319408178
,,,12034,,0.005724428221583366
,,,12035,,0.0061444612219929695
,,,12036,,0.006282183341681957
,,,12037,,0.007850617170333862
,,,12038,,0.006772814784198999
,,,12039,,0.007670098450034857
,,,12040,,0.007177019491791725
,,,12041,,0.007665196433663368
,,,12042,,0.007401993963867426
,,,12043,,0.006951642222702503
,,,12044,,0.0066185868345201015
,,,12045,,0.0073846811428666115
,,,12046,,0.005292681977152824
,,,12047,,0.0057003856636583805
,,,12048,,0.0049935393035411835
,,,12049,,0.005012284033000469
,,,12050,,0.005062824115157127
,,,12051,,0.005504073575139046
,,,12052,,0.005162048153579235
,,,12053,,0.005109824240207672
,,,12054,,0.005186185240745544
,,,12055,,0.005212260410189629
,,,12056,,0.004302079789340496
,,,12057,,0.004476770292967558
,,,12058,,0.005040860269218683
,,,12059,,0.005319185554981232
,,,12060,,0.005187971517443657
,,,12061,,0.005031161941587925
,,,12062,,0.005726194009184837
,,,12063,,0.005462583154439926
,,,12064,,0.005386844277381897
,,,12065,,0.004768560640513897
,,,12066,,0.004943097475916147
,,,12067,,0.005579482764005661
,,,12068,,0.005605066195130348
,,,12069,,0.006273513659834862
,,,12070,,0.007157482206821442
,,,12071,,0.006363332271575928
,,,12072,,0.006828335579484701
,,,12073,,0.0059982966631650925
,,,12074,,0.005346950143575668
,,,12075,,0.005826565437018871
,,,12076,,0.00771540030837059
,,,12077,,0.006581237073987722
,,,12078,,0.005631909240037203
,,,12079,,0.0075055379420518875
,,,12080,,0.0063127013854682446
,,,12081,,0.007825829088687897
,,,12082,,0.006206857971847057
,,,12083,,0.0057146367616951466
,,,12084,,0.006892108824104071
,,,12085,,0.006713929120451212
,,,12086,,0.005803436040878296
,,,12087,,0.00725970696657896
,,,12088,,0.006355473771691322
,,,12089,,0.006148983724415302
,,,12090,,0.0025068605318665504
,,,12091,,0.002244530711323023
,,,12092,,0.0018358557717874646
,,,12093,,0.0018497155979275703
,,,12094,,0.0015366061124950647
,,,12095,,0.0016146895941346884
,,,12096,,0.0020171895157545805
,,,12097,,0.0016136100748553872
,,,12098,,0.0021981587633490562
,,,12099,,0.0018770262831822038
,,,12100,,0.001914585824124515
,,,12101,,0.0016637124354019761
,,,12102,,0.0018461458384990692
,,,12103,,0.0043081059120595455
,,,12104,,0.004374937154352665
,,,12105,,0.005892080720514059
,,,12106,,0.005158037878572941
,,,12107,,0.0017048957524821162
,,,12108,,0.015070807188749313
,,,12109,,0.0035924117546528578
,,,12110,,0.010342208668589592
,,,12111,,0.0046464926563203335
,,,12112,,0.004521581809967756
,,,12113,,0.00850958377122879
,,,12114,,0.0110756391659379
,,,12115,,0.009809542447328568
,,,12116,,0.006938455626368523
,,,12117,,0.006621940992772579
,,,12118,,0.00914977490901947
,,,12119,,0.011618707329034805
,,,12120,,0.05634818226099014
,,,12121,,0.04489690437912941
,,,12122,,0.03504333272576332
,,,12123,,0.03825732693076134
,,,12124,,0.05665003880858421
,,,12125,,0.03161238133907318
,,,12126,,0.036337483674287796
,,,12127,,0.04748784005641937
,,,12128,,0.033197954297065735
,,,12129,,0.04145370423793793
,,,12130,,0.03440852463245392
,,,12131,,0.03689362481236458
,,,12132,,0.0486074760556221
,,,12133,,0.041821371763944626
,,,12134,,0.03939347714185715
,,,12135,,0.037922877818346024
,,,12136,,0.019915245473384857
52,,,4292,0.009165279567241669,
52,0.008631234057247639,,4292,,
53,,0.015259826555848122,4299,,
53,,0.011107497848570347,4309,,
53,,0.007851341739296913,4319,,
53,,0.007762812077999115,4329,,
53,,0.00642160139977932,4339,,
53,,0.011044659651815891,4349,,
53,,0.00782038550823927,4359,,
53,,0.01011979952454567,4369,,
,,,12137,,0.00042851694161072373
,,,12138,,0.00040074915159493685
,,,12139,,0.0006066284840926528
,,,12140,,0.00040742853889241815
,,,12141,,0.0008829833823256195
,,,12142,,0.0002730281266849488
,,,12143,,0.000593902135733515
,,,12144,,0.0003096837899647653
,,,12145,,0.0006591136334463954
,,,12146,,0.00034669224987737834
,,,12147,,0.0008487330633215606
,,,12148,,0.0007656410452909768
,,,12149,,0.00033215072471648455
,,,12150,,0.0003690488520078361
,,,12151,,0.0005278199096210301
,,,12152,,0.0003617685870267451
,,,12153,,0.0007721875444985926
,,,12154,,0.0005394975887611508
,,,12155,,0.0007138426881283522
,,,12156,,0.0009033014066517353
,,,12157,,0.0002602511958684772
,,,12158,,0.0003094854764640331
,,,12159,,0.00024396264052484185
,,,12160,,0.0006744731217622757
,,,12161,,0.0006264425464905798
,,,12162,,0.0004905590903945267
,,,12163,,0.0004979283548891544
,,,12164,,0.0064551979303359985
,,,12165,,0.019111432135105133
,,,12166,,0.01649591699242592
,,,12167,,0.016262810677289963
,,,12168,,0.017428461462259293
,,,12169,,0.016563721001148224
,,,12170,,0.08451919257640839
,,,12171,,0.026649542152881622
,,,12172,,0.014154894277453423
,,,12173,,0.015712862834334373
,,,12174,,0.01100618951022625
,,,12175,,0.006319098640233278
,,,12176,,0.01418960653245449
,,,12177,,0.008976493962109089
,,,12178,,0.006558640860021114
,,,12179,,0.016265448182821274
,,,12180,,0.01648523472249508
,,,12181,,0.0071430508978664875
,,,12182,,0.022250311449170113
,,,12183,,0.010633239522576332
,,,12184,,0.004041620530188084
,,,12185,,0.011737766675651073
,,,12186,,0.006207047961652279
,,,12187,,0.006999003700911999
,,,12188,,0.009191996417939663
,,,12189,,0.003331395797431469
,,,12190,,0.009031537920236588
,,,12191,,0.006085120607167482
,,,12192,,0.01172326598316431
,,,12193,,0.010782724246382713
,,,12194,,0.004055645316839218
,,,12195,,0.006366767920553684
,,,12196,,0.00427314592525363
,,,12197,,0.005627398379147053
,,,12198,,0.0040021189488470554
,,,12199,,0.003754544071853161
,,,12200,,0.0051734368316829205
,,,12201,,0.004968992434442043
,,,12202,,0.0025640816893428564
,,,12203,,0.004773017484694719
,,,12204,,0.011159677058458328
,,,12205,,0.005013708025217056
,,,12206,,0.002842152491211891
,,,12207,,0.0038286668714135885
,,,12208,,0.0006325474823825061
,,,12209,,0.0012885242467746139
,,,12210,,0.00044731382513418794
,,,12211,,0.0006007493939250708
,,,12212,,0.0006375219090841711
,,,12213,,0.0006763670826330781
,,,12214,,0.0004827143857255578
,,,12215,,0.0004034561279695481
,,,12216,,0.0004989072913303971
,,,12217,,0.0007940589566715062
,,,12218,,0.000550222466699779
,,,12219,,0.00145879783667624
,,,12220,,0.0009124480420723557
,,,12221,,0.008104853332042694
,,,12222,,0.009829157963395119
,,,12223,,0.009395127184689045
,,,12224,,0.028296099975705147
,,,12225,,0.01991875469684601
,,,12226,,0.015325143933296204
,,,12227,,0.025128928944468498
,,,12228,,0.02339525707066059
,,,12229,,0.007836226373910904
,,,12230,,0.007787198293954134
,,,12231,,0.00803740881383419
,,,12232,,0.006162490230053663
,,,12233,,0.006929426454007626
,,,12234,,0.00793377123773098
,,,12235,,0.0066070398315787315
,,,12236,,0.006568253971636295
,,,12237,,0.007793775759637356
,,,12238,,0.006522318348288536
,,,12239,,0.005912110209465027
,,,12240,,0.005950381048023701
,,,12241,,0.007894984446465969
,,,12242,,0.007415003143250942
,,,12243,,0.007907740771770477
,,,12244,,0.007159162312746048
,,,12245,,0.0067505789920687675
,,,12246,,0.008665313012897968
,,,12247,,0.007734731305390596
,,,12248,,0.005905498750507832
,,,12249,,0.007787082809954882
,,,12250,,0.007913399487733841
,,,12251,,0.011341478675603867
,,,12252,,0.011360352858901024
,,,12253,,0.008350195363163948
,,,12254,,0.007127679884433746
,,,12255,,0.0066512939520180225
,,,12256,,0.007626194041222334
,,,12257,,0.006114919204264879
,,,12258,,0.006793798878788948
,,,12259,,0.006912731099873781
,,,12260,,0.006558199413120747
,,,12261,,0.006897508166730404
,,,12262,,0.006876693107187748
,,,12263,,0.00581721868366003
,,,12264,,0.0060987044125795364
,,,12265,,0.006276936270296574
,,,12266,,0.007843629457056522
,,,12267,,0.00683522317558527
,,,12268,,0.007714827079325914
,,,12269,,0.007124478463083506
,,,12270,,0.007657467387616634
,,,12271,,0.007450802251696587
,,,12272,,0.006960999220609665
,,,12273,,0.006645918823778629
,,,12274,,0.0073675247840583324
,,,12275,,0.005303920246660709
,,,12276,,0.005633464083075523
,,,12277,,0.004999947734177113
,,,12278,,0.004952811636030674
,,,12279,,0.005036914721131325
,,,12280,,0.005445183254778385
,,,12281,,0.005064589437097311
,,,12282,,0.005125843919813633
,,,12283,,0.005110114812850952
,,,12284,,0.005133411847054958
,,,12285,,0.004349380731582642
,,,12286,,0.004495502449572086
,,,12287,,0.00492212176322937
,,,12288,,0.005211564712226391
,,,12289,,0.005050118081271648
,,,12290,,0.00500042550265789
,,,12291,,0.005615532863885164
,,,12292,,0.005375576671212912
,,,12293,,0.005264787469059229
,,,12294,,0.004756500478833914
,,,12295,,0.0048907152377069
,,,12296,,0.005582806654274464
,,,12297,,0.005572858266532421
,,,12298,,0.006371083669364452
,,,12299,,0.007257131859660149
,,,12300,,0.00641245860606432
,,,12301,,0.006893291603773832
,,,12302,,0.006043211556971073
,,,12303,,0.0053721400909125805
,,,12304,,0.005907697137445211
,,,12305,,0.007727707736194134
,,,12306,,0.006420760415494442
,,,12307,,0.005741392727941275
,,,12308,,0.007516602985560894
,,,12309,,0.006422971375286579
,,,12310,,0.007875330746173859
,,,12311,,0.006281574256718159
,,,12312,,0.005781312007457018
,,,12313,,0.006882185582071543
,,,12314,,0.006820169277489185
,,,12315,,0.005852292757481337
,,,12316,,0.007281846832484007
,,,12317,,0.006364361383020878
,,,12318,,0.006139043252915144
,,,12319,,0.002751955296844244
,,,12320,,0.0022989746648818254
,,,12321,,0.0016392918769270182
,,,12322,,0.0018230305286124349
,,,12323,,0.0014092086348682642
,,,12324,,0.001575110829435289
,,,12325,,0.001969888573512435
,,,12326,,0.0016721081919968128
,,,12327,,0.0020804149098694324
,,,12328,,0.0020079459063708782
,,,12329,,0.0018077263375744224
,,,12330,,0.001558966003358364
,,,12331,,0.0017539608525112271
,,,12332,,0.004124208819121122
,,,12333,,0.004052769858390093
,,,12334,,0.005205387715250254
,,,12335,,0.0038580051623284817
,,,12336,,0.0014786580577492714
,,,12337,,0.014341778121888638
,,,12338,,0.0029879335779696703
,,,12339,,0.009953947737812996
,,,12340,,0.004275265149772167
,,,12341,,0.004286067560315132
,,,12342,,0.007912252098321915
,,,12343,,0.010967465117573738
,,,12344,,0.00930379331111908
,,,12345,,0.006264666095376015
,,,12346,,0.0058290730230510235
,,,12347,,0.00835395511239767
,,,12348,,0.01116718165576458
,,,12349,,0.05586852878332138
,,,12350,,0.044556811451911926
,,,12351,,0.034835558384656906
,,,12352,,0.037940096110105515
,,,12353,,0.056134313344955444
,,,12354,,0.030997466295957565
,,,12355,,0.036006852984428406
,,,12356,,0.04687528684735298
,,,12357,,0.032946668565273285
,,,12358,,0.04110788181424141
,,,12359,,0.03414921835064888
,,,12360,,0.036480680108070374
,,,12361,,0.048028841614723206
,,,12362,,0.04164403676986694
,,,12363,,0.03893623501062393
,,,12364,,0.03763978183269501
,,,12365,,0.019711382687091827
53,,,4373,0.008985424414277077,
53,0.008726313710212708,,4373,,
54,,0.007711161859333515,4379,,
54,,0.006188131868839264,4389,,
54,,0.007898584939539433,4399,,
54,,0.007557066157460213,4409,,
54,,0.008678835816681385,4419,,
54,,0.006538791581988335,4429,,
54,,0.007420958019793034,4439,,
54,,0.01023879088461399,4449,,
,,,12366,,0.0005135578103363514
,,,12367,,0.0004608120070770383
,,,12368,,0.0007850414840504527
,,,12369,,0.0004071866860613227
,,,12370,,0.0006457443232648075
,,,12371,,0.00036668384564109147
,,,12372,,0.0007253222865983844
,,,12373,,0.0003838673001155257
,,,12374,,0.0005423102993518114
,,,12375,,0.00044431950664147735
,,,12376,,0.0009165236260741949
,,,12377,,0.001016470487229526
,,,12378,,0.0004600397660396993
,,,12379,,0.0004303883179090917
,,,12380,,0.0006605539820156991
,,,12381,,0.0004560371453408152
,,,12382,,0.0008161765872500837
,,,12383,,0.0006644589593634009
,,,12384,,0.0006329292664304376
,,,12385,,0.0011362035293132067
,,,12386,,0.0004130033194087446
,,,12387,,0.00038980506360530853
,,,12388,,0.00033114111283794045
,,,12389,,0.0008358134655281901
,,,12390,,0.0007236298988573253
,,,12391,,0.0005747982067987323
,,,12392,,0.0005313711008056998
,,,12393,,0.006230426486581564
,,,12394,,0.018603552132844925
,,,12395,,0.015978612005710602
,,,12396,,0.015682242810726166
,,,12397,,0.017031561583280563
,,,12398,,0.016195308417081833
,,,12399,,0.08403825759887695
,,,12400,,0.02620045281946659
,,,12401,,0.0136325778439641
,,,12402,,0.015300342813134193
,,,12403,,0.010536916553974152
,,,12404,,0.0059781381860375404
,,,12405,,0.013802649453282356
,,,12406,,0.008628301322460175
,,,12407,,0.006140523590147495
,,,12408,,0.015708088874816895
,,,12409,,0.015749096870422363
,,,12410,,0.00669949920848012
,,,12411,,0.02161003276705742
,,,12412,,0.009984309785068035
,,,12413,,0.003529792185872793
,,,12414,,0.010937030427157879
,,,12415,,0.005580925848335028
,,,12416,,0.0065765054896473885
,,,12417,,0.008782077580690384
,,,12418,,0.0029643294401466846
,,,12419,,0.008419675752520561
,,,12420,,0.005904894322156906
,,,12421,,0.01136070303618908
,,,12422,,0.010355344042181969
,,,12423,,0.0038715703412890434
,,,12424,,0.006081911735236645
,,,12425,,0.004174107685685158
,,,12426,,0.0054653361439704895
,,,12427,,0.003926286473870277
,,,12428,,0.0036264704540371895
,,,12429,,0.004985900595784187
,,,12430,,0.004690912552177906
,,,12431,,0.0024917172268033028
,,,12432,,0.00456727109849453
,,,12433,,0.010794996283948421
,,,12434,,0.004890200681984425
,,,12435,,0.0027527755592018366
,,,12436,,0.003723090048879385
,,,12437,,0.000675365561619401
,,,12438,,0.0012217066250741482
,,,12439,,0.00039139820728451014
,,,12440,,0.0005670270184054971
,,,12441,,0.0006453360547311604
,,,12442,,0.0006678758654743433
,,,12443,,0.0005567800253629684
,,,12444,,0.00035088486038148403
,,,12445,,0.0005227146903052926
,,,12446,,0.0007158340886235237
,,,12447,,0.0005226134089753032
,,,12448,,0.0016700511332601309
,,,12449,,0.0009291641181334853
,,,12450,,0.007980730384588242
,,,12451,,0.009554355405271053
,,,12452,,0.01013997383415699
,,,12453,,0.032580286264419556
,,,12454,,0.023387741297483444
,,,12455,,0.017095908522605896
,,,12456,,0.024643776938319206
,,,12457,,0.022901374846696854
,,,12458,,0.007636737078428268
,,,12459,,0.007469779811799526
,,,12460,,0.007757764775305986
,,,12461,,0.005952243227511644
,,,12462,,0.006603141315281391
,,,12463,,0.00770643912255764
,,,12464,,0.006375437136739492
,,,12465,,0.00629151426255703
,,,12466,,0.007533256430178881
,,,12467,,0.006190355401486158
,,,12468,,0.005622094962745905
,,,12469,,0.005759906023740768
,,,12470,,0.007616592571139336
,,,12471,,0.007195999380201101
,,,12472,,0.007579615339636803
,,,12473,,0.006932178977876902
,,,12474,,0.006536184810101986
,,,12475,,0.008416431955993176
,,,12476,,0.007461950182914734
,,,12477,,0.005664320662617683
,,,12478,,0.0075131980702281
,,,12479,,0.007644494995474815
,,,12480,,0.011077551171183586
,,,12481,,0.011140067130327225
,,,12482,,0.008112761192023754
,,,12483,,0.006858140230178833
,,,12484,,0.006484573241323233
,,,12485,,0.007480493746697903
,,,12486,,0.005918540060520172
,,,12487,,0.006476215086877346
,,,12488,,0.006640591658651829
,,,12489,,0.006287948228418827
,,,12490,,0.006588982883840799
,,,12491,,0.006595740094780922
,,,12492,,0.005526725202798843
,,,12493,,0.00591385317966342
,,,12494,,0.006017313804477453
,,,12495,,0.007611519191414118
,,,12496,,0.006574349012225866
,,,12497,,0.007397354114800692
,,,12498,,0.0069599878042936325
,,,12499,,0.007424280047416687
,,,12500,,0.0071431309916079044
,,,12501,,0.006720348261296749
,,,12502,,0.006377985700964928
,,,12503,,0.00713698472827673
,,,12504,,0.0051345559768378735
,,,12505,,0.005476824007928371
,,,12506,,0.0047764466144144535
,,,12507,,0.00477576581761241
,,,12508,,0.004838764667510986
,,,12509,,0.00526926014572382
,,,12510,,0.004929433576762676
,,,12511,,0.004952313378453255
,,,12512,,0.0049559734761714935
,,,12513,,0.005034785717725754
,,,12514,,0.004107889719307423
,,,12515,,0.004320531617850065
,,,12516,,0.0047762468457221985
,,,12517,,0.005101114045828581
,,,12518,,0.004968208260834217
,,,12519,,0.004814799875020981
,,,12520,,0.005507766269147396
,,,12521,,0.005223874002695084
,,,12522,,0.005136815365403891
,,,12523,,0.0045647225342690945
,,,12524,,0.004745467100292444
,,,12525,,0.005348174832761288
,,,12526,,0.005384581163525581
,,,12527,,0.006054926663637161
,,,12528,,0.006894971244037151
,,,12529,,0.006134011782705784
,,,12530,,0.006531630177050829
,,,12531,,0.005763040389865637
,,,12532,,0.005138972774147987
,,,12533,,0.005659978836774826
,,,12534,,0.007410209625959396
,,,12535,,0.0062146480195224285
,,,12536,,0.0054522184655070305
,,,12537,,0.007193177938461304
,,,12538,,0.0061240429058671
,,,12539,,0.007493739482015371
,,,12540,,0.005950767546892166
,,,12541,,0.005495748482644558
,,,12542,,0.006571066565811634
,,,12543,,0.006484083831310272
,,,12544,,0.005553455092012882
,,,12545,,0.006950791459530592
,,,12546,,0.006076300982385874
,,,12547,,0.005938602611422539
,,,12548,,0.002428651787340641
,,,12549,,0.002321407897397876
,,,12550,,0.0019251115154474974
,,,12551,,0.0019311069045215845
,,,12552,,0.0016221338883042336
,,,12553,,0.0016044959193095565
,,,12554,,0.002153740730136633
,,,12555,,0.0016516977921128273
,,,12556,,0.00198490172624588
,,,12557,,0.001982930349186063
,,,12558,,0.0019692459609359503
,,,12559,,0.0015205848030745983
,,,12560,,0.0018587701488286257
,,,12561,,0.003767816349864006
,,,12562,,0.0036888960748910904
,,,12563,,0.005100682843476534
,,,12564,,0.0035975496284663677
,,,12565,,0.0014437200734391809
,,,12566,,0.014011603780090809
,,,12567,,0.002935448894277215
,,,12568,,0.009939745999872684
,,,12569,,0.004250767640769482
,,,12570,,0.004060143604874611
,,,12571,,0.007719517685472965
,,,12572,,0.010942617431282997
,,,12573,,0.009019149467349052
,,,12574,,0.006087870337069035
,,,12575,,0.005439693108201027
,,,12576,,0.007993890903890133
,,,12577,,0.010669541545212269
,,,12578,,0.054390162229537964
,,,12579,,0.043257154524326324
,,,12580,,0.0338229164481163
,,,12581,,0.0371408611536026
,,,12582,,0.05470825731754303
,,,12583,,0.030317220836877823
,,,12584,,0.034806907176971436
,,,12585,,0.0457155816257
,,,12586,,0.031792908906936646
,,,12587,,0.039926476776599884
,,,12588,,0.0330357626080513
,,,12589,,0.0353836715221405
,,,12590,,0.04683191329240799
,,,12591,,0.04042809084057808
,,,12592,,0.037789661437273026
,,,12593,,0.03646036982536316
,,,12594,,0.01895388774573803
54,,,4454,0.00877205841243267,
54,0.008441168814897537,,4454,,
55,,0.006611272227019072,4459,,
55,,0.005715967155992985,4469,,
55,,0.004829154349863529,4479,,
55,,0.008580057881772518,4489,,
55,,0.006605630740523338,4499,,
55,,0.007855430245399475,4509,,
55,,0.00668758200481534,4519,,
55,,0.006364739499986172,4529,,
,,,12595,,0.0004533729515969753
,,,12596,,0.0003976769221480936
,,,12597,,0.0006937716389074922
,,,12598,,0.00044023539521731436
,,,12599,,0.0006811291677877307
,,,12600,,0.00031048484379425645
,,,12601,,0.0006198530900292099
,,,12602,,0.000326489593135193
,,,12603,,0.0005610265070572495
,,,12604,,0.00035128227318637073
,,,12605,,0.0009138199384324253
,,,12606,,0.0008454967173747718
,,,12607,,0.00037708692252635956
,,,12608,,0.00041978718945756555
,,,12609,,0.0006246179109439254
,,,12610,,0.0005008588777855039
,,,12611,,0.000879356695804745
,,,12612,,0.0007845052168704569
,,,12613,,0.0006405502208508551
,,,12614,,0.0010875698644667864
,,,12615,,0.0003239108482375741
,,,12616,,0.00048071201308630407
,,,12617,,0.00030043843435123563
,,,12618,,0.0008784726960584521
,,,12619,,0.0007529299473389983
,,,12620,,0.0005917802918702364
,,,12621,,0.0005424079135991633
,,,12622,,0.006341761909425259
,,,12623,,0.018660906702280045
,,,12624,,0.016034435480833054
,,,12625,,0.015892572700977325
,,,12626,,0.017174605280160904
,,,12627,,0.016312405467033386
,,,12628,,0.08418157696723938
,,,12629,,0.026192888617515564
,,,12630,,0.013733386993408203
,,,12631,,0.015511230565607548
,,,12632,,0.010540690273046494
,,,12633,,0.006191532593220472
,,,12634,,0.01381763070821762
,,,12635,,0.008826461620628834
,,,12636,,0.00624883035197854
,,,12637,,0.01559631247073412
,,,12638,,0.015846505761146545
,,,12639,,0.006837903521955013
,,,12640,,0.021463198587298393
,,,12641,,0.010116617195308208
,,,12642,,0.003636044217273593
,,,12643,,0.011087335646152496
,,,12644,,0.005790894851088524
,,,12645,,0.006670423783361912
,,,12646,,0.008834375999867916
,,,12647,,0.0030443572904914618
,,,12648,,0.008591663092374802
,,,12649,,0.006082155741751194
,,,12650,,0.011392948217689991
,,,12651,,0.010638191364705563
,,,12652,,0.004167398903518915
,,,12653,,0.006309880409389734
,,,12654,,0.004326619207859039
,,,12655,,0.005634325090795755
,,,12656,,0.004217808600515127
,,,12657,,0.003992642741650343
,,,12658,,0.005380217917263508
,,,12659,,0.004794961307197809
,,,12660,,0.0026340833865106106
,,,12661,,0.004789159633219242
,,,12662,,0.010812139138579369
,,,12663,,0.00496441125869751
,,,12664,,0.0028049719985574484
,,,12665,,0.0036251675337553024
,,,12666,,0.0005091777420602739
,,,12667,,0.0011343969963490963
,,,12668,,0.0005691888509318233
,,,12669,,0.0005749318515881896
,,,12670,,0.0005128144985064864
,,,12671,,0.0005592359811998904
,,,12672,,0.00029846525285393
,,,12673,,0.00042201491305604577
,,,12674,,0.00034300287370570004
,,,12675,,0.0005989225464873016
,,,12676,,0.000522881280630827
,,,12677,,0.0010150134330615401
,,,12678,,0.000819616427179426
,,,12679,,0.008256839588284492
,,,12680,,0.009857493452727795
,,,12681,,0.009716829285025597
,,,12682,,0.028543459251523018
,,,12683,,0.020197872072458267
,,,12684,,0.01528267003595829
,,,12685,,0.024904772639274597
,,,12686,,0.023068761453032494
,,,12687,,0.007770647760480642
,,,12688,,0.007705667521804571
,,,12689,,0.008017826825380325
,,,12690,,0.006212518084794283
,,,12691,,0.0068655479699373245
,,,12692,,0.00798094179481268
,,,12693,,0.00659212889149785
,,,12694,,0.006538271903991699
,,,12695,,0.007798324339091778
,,,12696,,0.006518968380987644
,,,12697,,0.0058058989234268665
,,,12698,,0.005906839855015278
,,,12699,,0.00788138061761856
,,,12700,,0.00750771164894104
,,,12701,,0.007738190703094006
,,,12702,,0.00717669865116477
,,,12703,,0.006867647636681795
,,,12704,,0.008680649101734161
,,,12705,,0.007786749862134457
,,,12706,,0.005985759664326906
,,,12707,,0.007761831860989332
,,,12708,,0.007941079325973988
,,,12709,,0.011418157257139683
,,,12710,,0.011559776961803436
,,,12711,,0.008324486203491688
,,,12712,,0.00692336168140173
,,,12713,,0.006709792651236057
,,,12714,,0.007579198107123375
,,,12715,,0.006163602229207754
,,,12716,,0.006670606322586536
,,,12717,,0.0068726688623428345
,,,12718,,0.006450594402849674
,,,12719,,0.006846950855106115
,,,12720,,0.006812796927988529
,,,12721,,0.005678942427039146
,,,12722,,0.006161138415336609
,,,12723,,0.006331210024654865
,,,12724,,0.007788138464093208
,,,12725,,0.006732049863785505
,,,12726,,0.00756574422121048
,,,12727,,0.007285512983798981
,,,12728,,0.007568491622805595
,,,12729,,0.007377770729362965
,,,12730,,0.007001353427767754
,,,12731,,0.006641433574259281
,,,12732,,0.007269552908837795
,,,12733,,0.005393249914050102
,,,12734,,0.005810028873383999
,,,12735,,0.005158553831279278
,,,12736,,0.005064281634986401
,,,12737,,0.00517553836107254
,,,12738,,0.005646347068250179
,,,12739,,0.005043823271989822
,,,12740,,0.005272997077554464
,,,12741,,0.00522980559617281
,,,12742,,0.0053189643658697605
,,,12743,,0.0042374711483716965
,,,12744,,0.004645758308470249
,,,12745,,0.00505647249519825
,,,12746,,0.0055323271080851555
,,,12747,,0.005215691868215799
,,,12748,,0.00515702785924077
,,,12749,,0.005763807334005833
,,,12750,,0.005406061187386513
,,,12751,,0.005384224932640791
,,,12752,,0.004924830514937639
,,,12753,,0.0050266943871974945
,,,12754,,0.005597981158643961
,,,12755,,0.005547651089727879
,,,12756,,0.006130790337920189
,,,12757,,0.006930481642484665
,,,12758,,0.006186331622302532
,,,12759,,0.0065862638875842094
,,,12760,,0.005797950085252523
,,,12761,,0.005242771469056606
,,,12762,,0.005699156783521175
,,,12763,,0.007433825172483921
,,,12764,,0.006406765431165695
,,,12765,,0.005506911780685186
,,,12766,,0.007289092987775803
,,,12767,,0.006147089414298534
,,,12768,,0.0075041078962385654
,,,12769,,0.005971004255115986
,,,12770,,0.0055092256516218185
,,,12771,,0.006670307833701372
,,,12772,,0.006481040269136429
,,,12773,,0.005582031793892384
,,,12774,,0.006989117246121168
,,,12775,,0.006211413536220789
,,,12776,,0.0059651779010891914
,,,12777,,0.002605021931231022
,,,12778,,0.0023571092169731855
,,,12779,,0.0018238299526274204
,,,12780,,0.001946845673955977
,,,12781,,0.0014829072169959545
,,,12782,,0.001560441916808486
,,,12783,,0.0021149558015167713
,,,12784,,0.0017487101722508669
,,,12785,,0.002038280013948679
,,,12786,,0.0018977163126692176
,,,12787,,0.0018118993612006307
,,,12788,,0.0014969572657719254
,,,12789,,0.001775669981725514
,,,12790,,0.0044610402546823025
,,,12791,,0.004875881597399712
,,,12792,,0.005601892713457346
,,,12793,,0.0048427823930978775
,,,12794,,0.0015999757451936603
,,,12795,,0.014921522699296474
,,,12796,,0.0033060996793210506
,,,12797,,0.009699239395558834
,,,12798,,0.004338262602686882
,,,12799,,0.00491865910589695
,,,12800,,0.00910184346139431
,,,12801,,0.01178345363587141
,,,12802,,0.01014014147222042
,,,12803,,0.007865296676754951
,,,12804,,0.006877269595861435
,,,12805,,0.009058361873030663
,,,12806,,0.011177459731698036
,,,12807,,0.05390004813671112
,,,12808,,0.04296749830245972
,,,12809,,0.03327964246273041
,,,12810,,0.03664807230234146
,,,12811,,0.05428919196128845
,,,12812,,0.029905281960964203
,,,12813,,0.034494392573833466
,,,12814,,0.04544640704989433
,,,12815,,0.03130395710468292
,,,12816,,0.039421528577804565
,,,12817,,0.03243982791900635
,,,12818,,0.03507978469133377
,,,12819,,0.04675596207380295
,,,12820,,0.040128644555807114
,,,12821,,0.03738994151353836
,,,12822,,0.036018773913383484
,,,12823,,0.01905146986246109
55,,,4535,0.008863283321261406,
55,0.009173132479190826,,4535,,
56,,0.006613315083086491,4539,,
56,,0.009736506268382072,4549,,
56,,0.008555777370929718,4559,,
56,,0.0050141699612140656,4569,,
56,,0.011637098155915737,4579,,
56,,0.0065266285091638565,4589,,
56,,0.006828076671808958,4599,,
56,,0.005825255066156387,4609,,
,,,12824,,0.0003169385890942067
,,,12825,,0.00026790276751853526
,,,12826,,0.0006477072602137923
,,,12827,,0.0002912016643676907
,,,12828,,0.0004745244514197111
,,,12829,,0.0002252412523375824
,,,12830,,0.0005904682911932468
,,,12831,,0.00022917216119822115
,,,12832,,0.0003950881655327976
,,,12833,,0.0002568485215306282
,,,12834,,0.000790839665569365
,,,12835,,0.0008564857998862863
,,,12836,,0.0002320990024600178
,,,12837,,0.0003268844448029995
,,,12838,,0.0005181060405448079
,,,12839,,0.00030298897763714194
,,,12840,,0.0006460918812081218
,,,12841,,0.0004742738965433091
,,,12842,,0.00045154831605032086
,,,12843,,0.000974814931396395
,,,12844,,0.00026869081193581223
,,,12845,,0.00024535669945180416
,,,12846,,0.00018991337856277823
,,,12847,,0.0007261566934175789
,,,12848,,0.0005598526913672686
,,,12849,,0.0004124042752664536
,,,12850,,0.0003967664670199156
,,,12851,,0.006292232312262058
,,,12852,,0.018770508468151093
,,,12853,,0.016078708693385124
,,,12854,,0.015729166567325592
,,,12855,,0.017144251614809036
,,,12856,,0.016181863844394684
,,,12857,,0.08379386365413666
,,,12858,,0.026213202625513077
,,,12859,,0.013663632795214653
,,,12860,,0.015363313257694244
,,,12861,,0.010691540315747261
,,,12862,,0.006186547689139843
,,,12863,,0.013921307399868965
,,,12864,,0.008781884796917439
,,,12865,,0.006444545462727547
,,,12866,,0.01559428684413433
,,,12867,,0.015580440871417522
,,,12868,,0.006970182992517948
,,,12869,,0.021314013749361038
,,,12870,,0.01003390084952116
,,,12871,,0.0036989841610193253
,,,12872,,0.01081530749797821
,,,12873,,0.005777381826192141
,,,12874,,0.006719028111547232
,,,12875,,0.008983008563518524
,,,12876,,0.0031479320023208857
,,,12877,,0.008480613119900227
,,,12878,,0.005996874533593655
,,,12879,,0.011455586180090904
,,,12880,,0.010632025077939034
,,,12881,,0.004307646304368973
,,,12882,,0.006820090115070343
,,,12883,,0.004438353702425957
,,,12884,,0.006001417525112629
,,,12885,,0.004547923803329468
,,,12886,,0.004323474131524563
,,,12887,,0.005807713605463505
,,,12888,,0.005464864894747734
,,,12889,,0.002729903208091855
,,,12890,,0.004722271114587784
,,,12891,,0.010908934287726879
,,,12892,,0.005206179805099964
,,,12893,,0.00276262522675097
,,,12894,,0.003908572252839804
,,,12895,,0.00043179135536774993
,,,12896,,0.0010565199190750718
,,,12897,,0.0006958571611903608
,,,12898,,0.0005433294572867453
,,,12899,,0.0004479101626202464
,,,12900,,0.0005175864789634943
,,,12901,,0.00027744960971176624
,,,12902,,0.0005235042190179229
,,,12903,,0.0003406987525522709
,,,12904,,0.0006157421739771962
,,,12905,,0.0005677369190379977
,,,12906,,0.0007565218256786466
,,,12907,,0.0007491211872547865
,,,12908,,0.007808309979736805
,,,12909,,0.009520693682134151
,,,12910,,0.009141532704234123
,,,12911,,0.02735493704676628
,,,12912,,0.018906185403466225
,,,12913,,0.015388298779726028
,,,12914,,0.02511967346072197
,,,12915,,0.023141514509916306
,,,12916,,0.007626507431268692
,,,12917,,0.007279030978679657
,,,12918,,0.007545986212790012
,,,12919,,0.005890725180506706
,,,12920,,0.006499398499727249
,,,12921,,0.007462122477591038
,,,12922,,0.006283883936703205
,,,12923,,0.006205297075212002
,,,12924,,0.007362447679042816
,,,12925,,0.0061640567146241665
,,,12926,,0.0055178627371788025
,,,12927,,0.005577391944825649
,,,12928,,0.007459608372300863
,,,12929,,0.006991271395236254
,,,12930,,0.007400244474411011
,,,12931,,0.006780790630728006
,,,12932,,0.0063762543722987175
,,,12933,,0.008193439804017544
,,,12934,,0.007338269613683224
,,,12935,,0.005620928946882486
,,,12936,,0.007323599886149168
,,,12937,,0.007519118022173643
,,,12938,,0.010749620385468006
,,,12939,,0.010796191170811653
,,,12940,,0.007928135804831982
,,,12941,,0.0068029798567295074
,,,12942,,0.00645075086504221
,,,12943,,0.007474042475223541
,,,12944,,0.005989348981529474
,,,12945,,0.006424521096050739
,,,12946,,0.006623797118663788
,,,12947,,0.006305358372628689
,,,12948,,0.006612969562411308
,,,12949,,0.0065423185005784035
,,,12950,,0.005551796406507492
,,,12951,,0.005915273912250996
,,,12952,,0.005996289197355509
,,,12953,,0.007516537792980671
,,,12954,,0.006493192166090012
,,,12955,,0.007331757806241512
,,,12956,,0.006923357956111431
,,,12957,,0.0074535515159368515
,,,12958,,0.007106756791472435
,,,12959,,0.006714321672916412
,,,12960,,0.006418708246201277
,,,12961,,0.007123301737010479
,,,12962,,0.00512591702863574
,,,12963,,0.0053734490647912025
,,,12964,,0.004675369244068861
,,,12965,,0.004836891312152147
,,,12966,,0.004806545563042164
,,,12967,,0.005167295224964619
,,,12968,,0.004792121239006519
,,,12969,,0.0048327455297112465
,,,12970,,0.004944906570017338
,,,12971,,0.005085369572043419
,,,12972,,0.003966602496802807
,,,12973,,0.00425480492413044
,,,12974,,0.004686703905463219
,,,12975,,0.005023331381380558
,,,12976,,0.004788841120898724
,,,12977,,0.004682339262217283
,,,12978,,0.005484733730554581
,,,12979,,0.005106119904667139
,,,12980,,0.0050407759845256805
,,,12981,,0.004447520710527897
,,,12982,,0.0045576500706374645
,,,12983,,0.005221329163759947
,,,12984,,0.005312651861459017
,,,12985,,0.00590092595666647
,,,12986,,0.006700840778648853
,,,12987,,0.005960127804428339
,,,12988,,0.006387928035110235
,,,12989,,0.005562944803386927
,,,12990,,0.005033588036894798
,,,12991,,0.005513960029929876
,,,12992,,0.007195614743977785
,,,12993,,0.0061395494267344475
,,,12994,,0.005313799250870943
,,,12995,,0.0070407819002866745
,,,12996,,0.0059768036007881165
,,,12997,,0.007280688267201185
,,,12998,,0.005847218446433544
,,,12999,,0.0053521618247032166
,,,13000,,0.006442309357225895
,,,13001,,0.006262675393372774
,,,13002,,0.005419998429715633
,,,13003,,0.006806661374866962
,,,13004,,0.005991155281662941
,,,13005,,0.005718288943171501
,,,13006,,0.002187493722885847
,,,13007,,0.0019239744869992137
,,,13008,,0.0014538741670548916
,,,13009,,0.0015100771561264992
,,,13010,,0.0011493518250063062
,,,13011,,0.0012700455263257027
,,,13012,,0.0016717207618057728
,,,13013,,0.0013239079853519797
,,,13014,,0.0017606571782380342
,,,13015,,0.0015460485592484474
,,,13016,,0.001509007066488266
,,,13017,,0.0013174534542486072
,,,13018,,0.0014725371729582548
,,,13019,,0.003791359718888998
,,,13020,,0.003646993776783347
,,,13021,,0.0050814151763916016
,,,13022,,0.0034977737814188004
,,,13023,,0.0014319627080112696
,,,13024,,0.013684469275176525
,,,13025,,0.002808147808536887
,,,13026,,0.010024692863225937
,,,13027,,0.0041842032223939896
,,,13028,,0.0040636220946908
,,,13029,,0.0076039256528019905
,,,13030,,0.010071920230984688
,,,13031,,0.00882507674396038
,,,13032,,0.006004113703966141
,,,13033,,0.005493299104273319
,,,13034,,0.008226369507610798
,,,13035,,0.010472916066646576
,,,13036,,0.053407423198223114
,,,13037,,0.0425424799323082
,,,13038,,0.03281645104289055
,,,13039,,0.03630930185317993
,,,13040,,0.05385611206293106
,,,13041,,0.029608383774757385
,,,13042,,0.03431510925292969
,,,13043,,0.0449356883764267
,,,13044,,0.031115680932998657
,,,13045,,0.03927096351981163
,,,13046,,0.03226015716791153
,,,13047,,0.03468535095453262
,,,13048,,0.04630519077181816
,,,13049,,0.039688292890787125
,,,13050,,0.037017516791820526
,,,13051,,0.03558489680290222
,,,13052,,0.018635833635926247
56,,,4616,0.008605638518929482,
56,0.008190489374101162,,4616,,
57,,0.007979901507496834,4619,,
57,,0.006273956969380379,4629,,
57,,0.0035551218315958977,4639,,
57,,0.010655293241143227,4649,,
57,,0.00630404194816947,4659,,
57,,0.011235496960580349,4669,,
57,,0.007387624122202396,4679,,
57,,0.011092813685536385,4689,,
,,,13053,,0.0004673891235142946
,,,13054,,0.0004139259399380535
,,,13055,,0.0007111788145266473
,,,13056,,0.0004902901710011065
,,,13057,,0.000746811565477401
,,,13058,,0.0004264504532329738
,,,13059,,0.0006877273553982377
,,,13060,,0.00041588861495256424
,,,13061,,0.0006963704945519567
,,,13062,,0.0004262551374267787
,,,13063,,0.0009748433949425817
,,,13064,,0.0008273766143247485
,,,13065,,0.0003831289359368384
,,,13066,,0.0005447857547551394
,,,13067,,0.000745759520214051
,,,13068,,0.0005248074303381145
,,,13069,,0.0008806574041955173
,,,13070,,0.0007339249132201076
,,,13071,,0.0006295880302786827
,,,13072,,0.0011605721665546298
,,,13073,,0.0005114669911563396
,,,13074,,0.00046261140960268676
,,,13075,,0.0004365992790553719
,,,13076,,0.000890896946657449
,,,13077,,0.0007315995171666145
,,,13078,,0.000645981403067708
,,,13079,,0.0006180087220855057
,,,13080,,0.006196934729814529
,,,13081,,0.0185127854347229
,,,13082,,0.015800008550286293
,,,13083,,0.01564141735434532
,,,13084,,0.016873857006430626
,,,13085,,0.01601514033973217
,,,13086,,0.08346584439277649
,,,13087,,0.02596026286482811
,,,13088,,0.0135092968121171
,,,13089,,0.015328004956245422
,,,13090,,0.01050642505288124
,,,13091,,0.005984419025480747
,,,13092,,0.013650855049490929
,,,13093,,0.008589446544647217
,,,13094,,0.006044189911335707
,,,13095,,0.015336809679865837
,,,13096,,0.015509977005422115
,,,13097,,0.006699644960463047
,,,13098,,0.02093447744846344
,,,13099,,0.009918171912431717
,,,13100,,0.0035474407486617565
,,,13101,,0.010731430724263191
,,,13102,,0.0057304068468511105
,,,13103,,0.006686032749712467
,,,13104,,0.00873388722538948
,,,13105,,0.003188456641510129
,,,13106,,0.008469857275485992
,,,13107,,0.005634217523038387
,,,13108,,0.011062586680054665
,,,13109,,0.010097761638462543
,,,13110,,0.00396347139030695
,,,13111,,0.006029793992638588
,,,13112,,0.004305827431380749
,,,13113,,0.005466851405799389
,,,13114,,0.004038084298372269
,,,13115,,0.0038610652554780245
,,,13116,,0.004988526925444603
,,,13117,,0.004632876720279455
,,,13118,,0.0026229736395180225
,,,13119,,0.004598388448357582
,,,13120,,0.01046399399638176
,,,13121,,0.004937020130455494
,,,13122,,0.0028184554539620876
,,,13123,,0.0034839771687984467
,,,13124,,0.0006396283861249685
,,,13125,,0.0013404202181845903
,,,13126,,0.0009973431006073952
,,,13127,,0.0007890454726293683
,,,13128,,0.0006311578908935189
,,,13129,,0.0007187570445239544
,,,13130,,0.0004146653809584677
,,,13131,,0.0007736692205071449
,,,13132,,0.000492043443955481
,,,13133,,0.000803528178948909
,,,13134,,0.0008096905658021569
,,,13135,,0.0008059415267780423
,,,13136,,0.0009859660640358925
,,,13137,,0.007660990580916405
,,,13138,,0.009212536737322807
,,,13139,,0.009058237075805664
,,,13140,,0.027248065918684006
,,,13141,,0.01908167451620102
,,,13142,,0.014677433297038078
,,,13143,,0.0240541473031044
,,,13144,,0.022116005420684814
,,,13145,,0.007281293626874685
,,,13146,,0.0072466591373085976
,,,13147,,0.007527017034590244
,,,13148,,0.00580450426787138
,,,13149,,0.006387671455740929
,,,13150,,0.007406746037304401
,,,13151,,0.006177147850394249
,,,13152,,0.006104711443185806
,,,13153,,0.007181202992796898
,,,13154,,0.0060203662142157555
,,,13155,,0.005494165234267712
,,,13156,,0.0055157337337732315
,,,13157,,0.007410480175167322
,,,13158,,0.006961992010474205
,,,13159,,0.007297431584447622
,,,13160,,0.006748423911631107
,,,13161,,0.00635154452174902
,,,13162,,0.008149193599820137
,,,13163,,0.00725902896374464
,,,13164,,0.005507232621312141
,,,13165,,0.007271459326148033
,,,13166,,0.007369672879576683
,,,13167,,0.01079871691763401
,,,13168,,0.010774686932563782
,,,13169,,0.007941342890262604
,,,13170,,0.006701829843223095
,,,13171,,0.006255891174077988
,,,13172,,0.007168080657720566
,,,13173,,0.005793702322989702
,,,13174,,0.006252432242035866
,,,13175,,0.006485471501946449
,,,13176,,0.006193623412400484
,,,13177,,0.0064328508451581
,,,13178,,0.006298414897173643
,,,13179,,0.00547679653391242
,,,13180,,0.005788495764136314
,,,13181,,0.005904410965740681
,,,13182,,0.007401704788208008
,,,13183,,0.006363540887832642
,,,13184,,0.007241773884743452
,,,13185,,0.006736740469932556
,,,13186,,0.007215030491352081
,,,13187,,0.0069802808575332165
,,,13188,,0.006549302488565445
,,,13189,,0.006185093894600868
,,,13190,,0.006965671665966511
,,,13191,,0.004935413133352995
,,,13192,,0.005265987478196621
,,,13193,,0.004570118151605129
,,,13194,,0.004630364943295717
,,,13195,,0.004665934480726719
,,,13196,,0.005107601173222065
,,,13197,,0.004760808311402798
,,,13198,,0.004830768331885338
,,,13199,,0.004739421419799328
,,,13200,,0.004810487385839224
,,,13201,,0.003978986293077469
,,,13202,,0.004156017675995827
,,,13203,,0.004571576602756977
,,,13204,,0.004930321592837572
,,,13205,,0.0047699022106826305
,,,13206,,0.004658011719584465
,,,13207,,0.00534374313428998
,,,13208,,0.005028402898460627
,,,13209,,0.004954024683684111
,,,13210,,0.0044081369414925575
,,,13211,,0.0045714545994997025
,,,13212,,0.005148814059793949
,,,13213,,0.005169314797967672
,,,13214,,0.0057754069566726685
,,,13215,,0.006582600064575672
,,,13216,,0.005843059625476599
,,,13217,,0.006268377415835857
,,,13218,,0.0054948297329247
,,,13219,,0.004947436507791281
,,,13220,,0.005386183969676495
,,,13221,,0.0070577096194028854
,,,13222,,0.005982683971524239
,,,13223,,0.005228215828537941
,,,13224,,0.006897862069308758
,,,13225,,0.005843041464686394
,,,13226,,0.007132283411920071
,,,13227,,0.005698484368622303
,,,13228,,0.005246526561677456
,,,13229,,0.006345778703689575
,,,13230,,0.006122882943600416
,,,13231,,0.005296596325933933
,,,13232,,0.006635346915572882
,,,13233,,0.005862168036401272
,,,13234,,0.005659160204231739
,,,13235,,0.002455232199281454
,,,13236,,0.002204440301284194
,,,13237,,0.0017473094630986452
,,,13238,,0.0017794778104871511
,,,13239,,0.0013610977912321687
,,,13240,,0.0015984580386430025
,,,13241,,0.0020807834807783365
,,,13242,,0.0016357294516637921
,,,13243,,0.001959986984729767
,,,13244,,0.0018234625458717346
,,,13245,,0.0017442845273762941
,,,13246,,0.0015565830981358886
,,,13247,,0.0017960637342184782
,,,13248,,0.004247739911079407
,,,13249,,0.004090749658644199
,,,13250,,0.005356264300644398
,,,13251,,0.004278342239558697
,,,13252,,0.0016627630684524775
,,,13253,,0.01413824874907732
,,,13254,,0.003050318919122219
,,,13255,,0.010012408718466759
,,,13256,,0.0044089434668421745
,,,13257,,0.004356103017926216
,,,13258,,0.007938573136925697
,,,13259,,0.010985970497131348
,,,13260,,0.009272351861000061
,,,13261,,0.00616698432713747
,,,13262,,0.005883323960006237
,,,13263,,0.008277039974927902
,,,13264,,0.010478734038770199
,,,13265,,0.05234261974692345
,,,13266,,0.041747476905584335
,,,13267,,0.03218851611018181
,,,13268,,0.03548295423388481
,,,13269,,0.05261875316500664
,,,13270,,0.02876150980591774
,,,13271,,0.033373214304447174
,,,13272,,0.04402637109160423
,,,13273,,0.030234694480895996
,,,13274,,0.03819204866886139
,,,13275,,0.03137516230344772
,,,13276,,0.034137170761823654
,,,13277,,0.04556451737880707
,,,13278,,0.03852243721485138
,,,13279,,0.03596111387014389
,,,13280,,0.034794241189956665
,,,13281,,0.01810663565993309
57,,,4697,0.008507147431373596,
57,0.008324965834617615,,4697,,
58,,0.006923204753547907,4699,,
58,,0.010075549595057964,4709,,
58,,0.006542549002915621,4719,,
58,,0.010343438014388084,4729,,
58,,0.00798045378178358,4739,,
58,,0.006123195867985487,4749,,
58,,0.012067753821611404,4759,,
58,,0.008388997055590153,4769,,
,,,13282,,0.00026575662195682526
,,,13283,,0.0002215412096120417
,,,13284,,0.0005101389833725989
,,,13285,,0.00024365588615182787
,,,13286,,0.0004515632172115147
,,,13287,,0.00018757575890049338
,,,13288,,0.00046358659164980054
,,,13289,,0.00018547382205724716
,,,13290,,0.00037748634349554777
,,,13291,,0.00019905900990124792
,,,13292,,0.0007184926653280854
,,,13293,,0.0007009750115685165
,,,13294,,0.0001875049201771617
,,,13295,,0.0002796818153001368
,,,13296,,0.0004705163009930402
,,,13297,,0.0002456740476191044
,,,13298,,0.0006307242438197136
,,,13299,,0.00047800084576010704
,,,13300,,0.00035157144884578884
,,,13301,,0.0009979736059904099
,,,13302,,0.000246369163505733
,,,13303,,0.0001866724924184382
,,,13304,,0.00015259631618391722
,,,13305,,0.0007003328646533191
,,,13306,,0.0005101944552734494
,,,13307,,0.0004122016835026443
,,,13308,,0.0003489173832349479
,,,13309,,0.005933713633567095
,,,13310,,0.018241113051772118
,,,13311,,0.01548935379832983
,,,13312,,0.015241531655192375
,,,13313,,0.016575923189520836
,,,13314,,0.01574079878628254
,,,13315,,0.0831308662891388
,,,13316,,0.025578588247299194
,,,13317,,0.013174370862543583
,,,13318,,0.014951053075492382
,,,13319,,0.010184482671320438
,,,13320,,0.005732445046305656
,,,13321,,0.013401925563812256
,,,13322,,0.008375116623938084
,,,13323,,0.005920161493122578
,,,13324,,0.014944599941372871
,,,13325,,0.015071560628712177
,,,13326,,0.006551307626068592
,,,13327,,0.020631976425647736
,,,13328,,0.00959769170731306
,,,13329,,0.0033876695670187473
,,,13330,,0.010364280082285404
,,,13331,,0.0054874904453754425
,,,13332,,0.006427171174436808
,,,13333,,0.00848919153213501
,,,13334,,0.0028354020323604345
,,,13335,,0.008117640390992165
,,,13336,,0.005538759753108025
,,,13337,,0.01057349517941475
,,,13338,,0.009872844442725182
,,,13339,,0.0036928318440914154
,,,13340,,0.005817475728690624
,,,13341,,0.004246127791702747
,,,13342,,0.005279403179883957
,,,13343,,0.0036231311969459057
,,,13344,,0.0035214878153055906
,,,13345,,0.004678471013903618
,,,13346,,0.0044249435886740685
,,,13347,,0.002597104525193572
,,,13348,,0.004789851605892181
,,,13349,,0.010175630450248718
,,,13350,,0.004808022174984217
,,,13351,,0.0025753492955118418
,,,13352,,0.003187957452610135
,,,13353,,0.0004135471535846591
,,,13354,,0.0009977631270885468
,,,13355,,0.0006661468069069088
,,,13356,,0.0005022812401875854
,,,13357,,0.0004044166998937726
,,,13358,,0.0004358680744189769
,,,13359,,0.0002289557596668601
,,,13360,,0.0005527965258806944
,,,13361,,0.00028938043396919966
,,,13362,,0.0005650410894304514
,,,13363,,0.0005641778116114438
,,,13364,,0.0007363439071923494
,,,13365,,0.0006620764033868909
,,,13366,,0.007490777410566807
,,,13367,,0.009196838364005089
,,,13368,,0.008760206401348114
,,,13369,,0.026138069108128548
,,,13370,,0.01871267333626747
,,,13371,,0.01440618745982647
,,,13372,,0.02331133931875229
,,,13373,,0.02158448100090027
,,,13374,,0.007095166947692633
,,,13375,,0.007039571180939674
,,,13376,,0.0072809308767318726
,,,13377,,0.005563253071159124
,,,13378,,0.006186041049659252
,,,13379,,0.007206929847598076
,,,13380,,0.006005231291055679
,,,13381,,0.005869334563612938
,,,13382,,0.007047218270599842
,,,13383,,0.00583192752674222
,,,13384,,0.005249973386526108
,,,13385,,0.005419768393039703
,,,13386,,0.007189307361841202
,,,13387,,0.0067719281651079655
,,,13388,,0.00708318967372179
,,,13389,,0.006535014137625694
,,,13390,,0.0061561353504657745
,,,13391,,0.007979171350598335
,,,13392,,0.007009205408394337
,,,13393,,0.005328354425728321
,,,13394,,0.007072596810758114
,,,13395,,0.0071602147072553635
,,,13396,,0.010426114313304424
,,,13397,,0.010370614007115364
,,,13398,,0.007603299804031849
,,,13399,,0.006435604766011238
,,,13400,,0.006073242053389549
,,,13401,,0.007029658183455467
,,,13402,,0.005564418621361256
,,,13403,,0.006065491121262312
,,,13404,,0.006236780434846878
,,,13405,,0.0059532662853598595
,,,13406,,0.006273387465626001
,,,13407,,0.006149406544864178
,,,13408,,0.005221011117100716
,,,13409,,0.005581148434430361
,,,13410,,0.005751892924308777
,,,13411,,0.00716647831723094
,,,13412,,0.006125446874648333
,,,13413,,0.006985380779951811
,,,13414,,0.006580566056072712
,,,13415,,0.006977448705583811
,,,13416,,0.006743183359503746
,,,13417,,0.0063190339133143425
,,,13418,,0.006009929813444614
,,,13419,,0.006702150218188763
,,,13420,,0.004844279959797859
,,,13421,,0.005196918733417988
,,,13422,,0.004511434119194746
,,,13423,,0.004553267266601324
,,,13424,,0.004575302358716726
,,,13425,,0.005010636057704687
,,,13426,,0.004704596009105444
,,,13427,,0.004658348858356476
,,,13428,,0.00476152915507555
,,,13429,,0.004736890085041523
,,,13430,,0.0038629891350865364
,,,13431,,0.004079977050423622
,,,13432,,0.004590616095811129
,,,13433,,0.004849221557378769
,,,13434,,0.004689471796154976
,,,13435,,0.0045891716144979
,,,13436,,0.005271269474178553
,,,13437,,0.004983733408153057
,,,13438,,0.004909742623567581
,,,13439,,0.004341581836342812
,,,13440,,0.0044936006888747215
,,,13441,,0.0050619798712432384
,,,13442,,0.005136576481163502
,,,13443,,0.005724859423935413
,,,13444,,0.00650275032967329
,,,13445,,0.0058257789351046085
,,,13446,,0.006248019635677338
,,,13447,,0.005442333407700062
,,,13448,,0.0048993537202477455
,,,13449,,0.005353694781661034
,,,13450,,0.007096258923411369
,,,13451,,0.005967584438621998
,,,13452,,0.005126317963004112
,,,13453,,0.006907209753990173
,,,13454,,0.0057520996779203415
,,,13455,,0.007165097631514072
,,,13456,,0.005688998848199844
,,,13457,,0.005187781527638435
,,,13458,,0.006329106632620096
,,,13459,,0.006088444497436285
,,,13460,,0.005259096622467041
,,,13461,,0.006615388207137585
,,,13462,,0.005813047755509615
,,,13463,,0.005571662914007902
,,,13464,,0.002188126090914011
,,,13465,,0.0019117200281471014
,,,13466,,0.001401705900207162
,,,13467,,0.0014640679582953453
,,,13468,,0.0011539424303919077
,,,13469,,0.001264283899217844
,,,13470,,0.0016686797607690096
,,,13471,,0.0013274806551635265
,,,13472,,0.0017434235196560621
,,,13473,,0.0015789717435836792
,,,13474,,0.0015240692300722003
,,,13475,,0.001265762490220368
,,,13476,,0.0015101898461580276
,,,13477,,0.0034385055769234896
,,,13478,,0.003497681813314557
,,,13479,,0.004916399717330933
,,,13480,,0.0034201741218566895
,,,13481,,0.0013073526788502932
,,,13482,,0.013019245117902756
,,,13483,,0.0026048969011753798
,,,13484,,0.009164110757410526
,,,13485,,0.003950175829231739
,,,13486,,0.003791831200942397
,,,13487,,0.007457813248038292
,,,13488,,0.010244975797832012
,,,13489,,0.0084553062915802
,,,13490,,0.005667782388627529
,,,13491,,0.005234629847109318
,,,13492,,0.007587292697280645
,,,13493,,0.00996115431189537
,,,13494,,0.05137041211128235
,,,13495,,0.04042312502861023
,,,13496,,0.03138769418001175
,,,13497,,0.03458259999752045
,,,13498,,0.05138609558343887
,,,13499,,0.027843233197927475
,,,13500,,0.03254784643650055
,,,13501,,0.04311997815966606
,,,13502,,0.029427044093608856
,,,13503,,0.03711974620819092
,,,13504,,0.030557788908481598
,,,13505,,0.03312625735998154
,,,13506,,0.044329941272735596
,,,13507,,0.03762150555849075
,,,13508,,0.03529902547597885
,,,13509,,0.033871859312057495
,,,13510,,0.017795037478208542
58,,,4778,0.008213424123823643,
58,0.007907148450613022,,4778,,
59,,0.0057027265429496765,4779,,
59,,0.008273201063275337,4789,,
59,,0.004262587986886501,4799,,
59,,0.005164756439626217,4809,,
59,,0.010543687269091606,4819,,
59,,0.007433013990521431,4829,,
59,,0.005242826882749796,4839,,
59,,0.007887552492320538,4849,,
59,,0.00896880030632019,4859,,
,,,13511,,0.0003490836825221777
,,,13512,,0.0002855830534826964
,,,13513,,0.0005675082211382687
,,,13514,,0.0003002620069310069
,,,13515,,0.0005708981771022081
,,,13516,,0.00021083660249132663
,,,13517,,0.0005496212979778647
,,,13518,,0.00023580693232361227
,,,13519,,0.0005042467964813113
,,,13520,,0.00025246720178984106
,,,13521,,0.0007563221734017134
,,,13522,,0.000734940345864743
,,,13523,,0.0002353144227527082
,,,13524,,0.0003284664126113057
,,,13525,,0.0005345039535313845
,,,13526,,0.0003361686540301889
,,,13527,,0.0007221991545520723
,,,13528,,0.0004554442421067506
,,,13529,,0.0004992842441424727
,,,13530,,0.000960869190748781
,,,13531,,0.00026584917213767767
,,,13532,,0.00024484205641783774
,,,13533,,0.0002297743340022862
,,,13534,,0.0006926230271346867
,,,13535,,0.0005856319912709296
,,,13536,,0.00046958093298599124
,,,13537,,0.0004244764568284154
,,,13538,,0.006316348910331726
,,,13539,,0.01833517476916313
,,,13540,,0.015712276101112366
,,,13541,,0.015464592725038528
,,,13542,,0.016878724098205566
,,,13543,,0.015913978219032288
,,,13544,,0.08320502936840057
,,,13545,,0.02564242109656334
,,,13546,,0.013284295797348022
,,,13547,,0.015109607018530369
,,,13548,,0.01044592633843422
,,,13549,,0.006026401184499264
,,,13550,,0.013639421202242374
,,,13551,,0.008748535066843033
,,,13552,,0.006367847323417664
,,,13553,,0.015271205455064774
,,,13554,,0.015671072527766228
,,,13555,,0.006872869562357664
,,,13556,,0.020939704030752182
,,,13557,,0.010093733668327332
,,,13558,,0.003951527178287506
,,,13559,,0.010910775512456894
,,,13560,,0.005977252498269081
,,,13561,,0.006926300004124641
,,,13562,,0.009120231494307518
,,,13563,,0.003477793652564287
,,,13564,,0.008739704266190529
,,,13565,,0.005428276024758816
,,,13566,,0.010884437710046768
,,,13567,,0.009899506345391273
,,,13568,,0.0037363525480031967
,,,13569,,0.005859678611159325
,,,13570,,0.0039063794538378716
,,,13571,,0.005331553518772125
,,,13572,,0.0036378181539475918
,,,13573,,0.0034900279715657234
,,,13574,,0.004632146097719669
,,,13575,,0.004315257538110018
,,,13576,,0.0022774329409003258
,,,13577,,0.00468527851626277
,,,13578,,0.010439851321280003
,,,13579,,0.00482367817312479
,,,13580,,0.002635377924889326
,,,13581,,0.0033773621544241905
,,,13582,,0.00048467598389834166
,,,13583,,0.0012083223555237055
,,,13584,,0.0006136117735877633
,,,13585,,0.0005184271722100675
,,,13586,,0.00043099920731037855
,,,13587,,0.000524648348800838
,,,13588,,0.00035438587656244636
,,,13589,,0.0005214053671807051
,,,13590,,0.0004301764420233667
,,,13591,,0.0006428433116525412
,,,13592,,0.0004960165242664516
,,,13593,,0.0010257142130285501
,,,13594,,0.0007827560184523463
,,,13595,,0.007272904738783836
,,,13596,,0.00894969142973423
,,,13597,,0.008460289798676968
,,,13598,,0.02609662525355816
,,,13599,,0.01812576875090599
,,,13600,,0.014432219788432121
,,,13601,,0.02472729980945587
,,,13602,,0.02267398312687874
,,,13603,,0.007386442273855209
,,,13604,,0.007332270499318838
,,,13605,,0.007524775806814432
,,,13606,,0.005739069078117609
,,,13607,,0.0064841280691325665
,,,13608,,0.007477345410734415
,,,13609,,0.006158062722533941
,,,13610,,0.006116777192801237
,,,13611,,0.0072590671479702
,,,13612,,0.0060980478301644325
,,,13613,,0.005523447412997484
,,,13614,,0.0056535834446549416
,,,13615,,0.007467159070074558
,,,13616,,0.007074872963130474
,,,13617,,0.0073446473106741905
,,,13618,,0.006783529184758663
,,,13619,,0.006388734094798565
,,,13620,,0.008161041885614395
,,,13621,,0.0072596101090312
,,,13622,,0.00553163792937994
,,,13623,,0.007367659360170364
,,,13624,,0.007341023534536362
,,,13625,,0.010464352555572987
,,,13626,,0.01047835499048233
,,,13627,,0.007689135614782572
,,,13628,,0.0065663279965519905
,,,13629,,0.006308311130851507
,,,13630,,0.007200797088444233
,,,13631,,0.005729289725422859
,,,13632,,0.006287497468292713
,,,13633,,0.006466849707067013
,,,13634,,0.006151965819299221
,,,13635,,0.006471429020166397
,,,13636,,0.006366407498717308
,,,13637,,0.005371192004531622
,,,13638,,0.005783647298812866
,,,13639,,0.0060240766033530235
,,,13640,,0.007396390195935965
,,,13641,,0.006384985521435738
,,,13642,,0.007148910313844681
,,,13643,,0.006830005906522274
,,,13644,,0.0071441251784563065
,,,13645,,0.007004548795521259
,,,13646,,0.006484002806246281
,,,13647,,0.0062607270665466785
,,,13648,,0.006829393561929464
,,,13649,,0.005084774922579527
,,,13650,,0.005452730692923069
,,,13651,,0.0048125144094228745
,,,13652,,0.004812205210328102
,,,13653,,0.00487261638045311
,,,13654,,0.005262702703475952
,,,13655,,0.004963516257703304
,,,13656,,0.004995533265173435
,,,13657,,0.00496270414441824
,,,13658,,0.0049445447511971
,,,13659,,0.004115060903131962
,,,13660,,0.004440052900463343
,,,13661,,0.004852408543229103
,,,13662,,0.005139599554240704
,,,13663,,0.00499369204044342
,,,13664,,0.004865467082709074
,,,13665,,0.005600815638899803
,,,13666,,0.005227662157267332
,,,13667,,0.005145796574652195
,,,13668,,0.004669112153351307
,,,13669,,0.004845858085900545
,,,13670,,0.0053649842739105225
,,,13671,,0.0051079317927360535
,,,13672,,0.005686482414603233
,,,13673,,0.006415710784494877
,,,13674,,0.005714280530810356
,,,13675,,0.006178935989737511
,,,13676,,0.005379687994718552
,,,13677,,0.00482313334941864
,,,13678,,0.005293356720358133
,,,13679,,0.006920329295098782
,,,13680,,0.005865990184247494
,,,13681,,0.005061540752649307
,,,13682,,0.00680018775165081
,,,13683,,0.005725405178964138
,,,13684,,0.007026770152151585
,,,13685,,0.005592088680714369
,,,13686,,0.00514812208712101
,,,13687,,0.006183852441608906
,,,13688,,0.005990847013890743
,,,13689,,0.0052268668077886105
,,,13690,,0.006522997282445431
,,,13691,,0.005708863493055105
,,,13692,,0.0055400896817445755
,,,13693,,0.0021118312142789364
,,,13694,,0.0019507876131683588
,,,13695,,0.0015022197039797902
,,,13696,,0.0015350667526945472
,,,13697,,0.0012455119285732508
,,,13698,,0.001291091786697507
,,,13699,,0.001641920069232583
,,,13700,,0.0013146183919161558
,,,13701,,0.0017005642876029015
,,,13702,,0.001551165129058063
,,,13703,,0.0015671101864427328
,,,13704,,0.0012531639076769352
,,,13705,,0.001511008245870471
,,,13706,,0.0037323401775211096
,,,13707,,0.003685225732624531
,,,13708,,0.005067968275398016
,,,13709,,0.0035961049143224955
,,,13710,,0.001416189013980329
,,,13711,,0.013054134324193
,,,13712,,0.002533630235120654
,,,13713,,0.009152717888355255
,,,13714,,0.0036808745935559273
,,,13715,,0.0038081398233771324
,,,13716,,0.0075240228325128555
,,,13717,,0.00991741567850113
,,,13718,,0.00874619372189045
,,,13719,,0.005797599907964468
,,,13720,,0.005499976221472025
,,,13721,,0.007874652743339539
,,,13722,,0.010049697011709213
,,,13723,,0.05108008533716202
,,,13724,,0.040258996188640594
,,,13725,,0.030934758484363556
,,,13726,,0.03432285040616989
,,,13727,,0.05109115317463875
,,,13728,,0.027500418946146965
,,,13729,,0.0322989784181118
,,,13730,,0.04261818528175354
,,,13731,,0.02917792648077011
,,,13732,,0.03680385649204254
,,,13733,,0.030314870178699493
,,,13734,,0.03284851461648941
,,,13735,,0.044050298631191254
,,,13736,,0.037476904690265656
,,,13737,,0.034787170588970184
,,,13738,,0.03360189124941826
,,,13739,,0.01762262172996998
59,,,4859,0.008319186046719551,
59,0.007999218069016933,,4859,,
60,,0.006662862375378609,4869,,
60,,0.007424888201057911,4879,,
60,,0.0035133210476487875,4889,,
60,,0.0057406676933169365,4899,,
60,,0.0073661115020513535,4909,,
60,,0.005244986154139042,4919,,
60,,0.013271573930978775,4929,,
60,,0.0056811608374118805,4939,,
,,,13740,,0.001470740418881178
,,,13741,,0.0015011660289019346
,,,13742,,0.0014576513785868883
,,,13743,,0.0013678991235792637
,,,13744,,0.00170275685377419
,,,13745,,0.0010422407649457455
,,,13746,,0.0013928182888776064
,,,13747,,0.0013494251761585474
,,,13748,,0.001568357925862074
,,,13749,,0.001289966283366084
,,,13750,,0.0017565310699865222
,,,13751,,0.001700596185401082
,,,13752,,0.0013150980230420828
,,,13753,,0.0013297589030116796
,,,13754,,0.0013659195974469185
,,,13755,,0.0014183500315994024
,,,13756,,0.001926508964970708
,,,13757,,0.0018543575424700975
,,,13758,,0.001953867031261325
,,,13759,,0.002015546662732959
,,,13760,,0.0010800459422171116
,,,13761,,0.0012507583014667034
,,,13762,,0.0010539581999182701
,,,13763,,0.001844900194555521
,,,13764,,0.0017243633046746254
,,,13765,,0.0014263875782489777
,,,13766,,0.0013692642096430063
,,,13767,,0.007639200892299414
,,,13768,,0.01958417519927025
,,,13769,,0.016732675954699516
,,,13770,,0.017126139253377914
,,,13771,,0.01837361603975296
,,,13772,,0.017401257529854774
,,,13773,,0.08416103571653366
,,,13774,,0.026865273714065552
,,,13775,,0.014723950996994972
,,,13776,,0.016590220853686333
,,,13777,,0.011687648482620716
,,,13778,,0.007491524796932936
,,,13779,,0.014892280101776123
,,,13780,,0.010277057997882366
,,,13781,,0.00792095810174942
,,,13782,,0.01696598157286644
,,,13783,,0.017350491136312485
,,,13784,,0.008175665512681007
,,,13785,,0.022562798112630844
,,,13786,,0.011692301370203495
,,,13787,,0.0052976422011852264
,,,13788,,0.012399026192724705
,,,13789,,0.007410435937345028
,,,13790,,0.008282912895083427
,,,13791,,0.010487138293683529
,,,13792,,0.0046447329223155975
,,,13793,,0.010104380548000336
,,,13794,,0.007205715402960777
,,,13795,,0.012905093841254711
,,,13796,,0.011571027338504791
,,,13797,,0.005417089909315109
,,,13798,,0.007082812488079071
,,,13799,,0.005880567245185375
,,,13800,,0.0068673025816679
,,,13801,,0.00533710140734911
,,,13802,,0.005356616340577602
,,,13803,,0.0059106131084263325
,,,13804,,0.006291896104812622
,,,13805,,0.004319343715906143
,,,13806,,0.006417867261916399
,,,13807,,0.012018527835607529
,,,13808,,0.006693542469292879
,,,13809,,0.00540447561070323
,,,13810,,0.005114136263728142
,,,13811,,0.0018484503962099552
,,,13812,,0.002436842769384384
,,,13813,,0.0009695441694930196
,,,13814,,0.0017470335587859154
,,,13815,,0.0018233133014291525
,,,13816,,0.0018664684612303972
,,,13817,,0.0016385288909077644
,,,13818,,0.0011794852325692773
,,,13819,,0.001641934271901846
,,,13820,,0.0017816987819969654
,,,13821,,0.0015627609100192785
,,,13822,,0.003246699459850788
,,,13823,,0.0020154137164354324
,,,13824,,0.008648566901683807
,,,13825,,0.010394265875220299
,,,13826,,0.009906670078635216
,,,13827,,0.030103566125035286
,,,13828,,0.02113647200167179
,,,13829,,0.016210690140724182
,,,13830,,0.025680087506771088
,,,13831,,0.023726698011159897
,,,13832,,0.008743599988520145
,,,13833,,0.008510868065059185
,,,13834,,0.008902482688426971
,,,13835,,0.007067353464663029
,,,13836,,0.007853934541344643
,,,13837,,0.008717522025108337
,,,13838,,0.007424712181091309
,,,13839,,0.007366979029029608
,,,13840,,0.008833007887005806
,,,13841,,0.007401913870126009
,,,13842,,0.006549743935465813
,,,13843,,0.006827770732343197
,,,13844,,0.008683091960847378
,,,13845,,0.008277684450149536
,,,13846,,0.008671121671795845
,,,13847,,0.008100291714072227
,,,13848,,0.007538152392953634
,,,13849,,0.009638702496886253
,,,13850,,0.008645977824926376
,,,13851,,0.006827887147665024
,,,13852,,0.008713658899068832
,,,13853,,0.008919250220060349
,,,13854,,0.011963438242673874
,,,13855,,0.012321178801357746
,,,13856,,0.009213419631123543
,,,13857,,0.007522819098085165
,,,13858,,0.007426086813211441
,,,13859,,0.00823192112147808
,,,13860,,0.006945905741304159
,,,13861,,0.007367964833974838
,,,13862,,0.007551315240561962
,,,13863,,0.0070319096557796
,,,13864,,0.007528006099164486
,,,13865,,0.007664109580218792
,,,13866,,0.006347470451146364
,,,13867,,0.00686675775796175
,,,13868,,0.006893813610076904
,,,13869,,0.008360426872968674
,,,13870,,0.00744118494912982
,,,13871,,0.008135363459587097
,,,13872,,0.007961215451359749
,,,13873,,0.008201155811548233
,,,13874,,0.0079291220754385
,,,13875,,0.007636561524122953
,,,13876,,0.007266775239259005
,,,13877,,0.007976653054356575
,,,13878,,0.005812526680529118
,,,13879,,0.005855575203895569
,,,13880,,0.005115330684930086
,,,13881,,0.005200199782848358
,,,13882,,0.0051639690063893795
,,,13883,,0.005645797587931156
,,,13884,,0.0052858563140034676
,,,13885,,0.005437363870441914
,,,13886,,0.005372403655201197
,,,13887,,0.005297265015542507
,,,13888,,0.004552157130092382
,,,13889,,0.0047766356728971004
,,,13890,,0.0050549814477562904
,,,13891,,0.005511931609362364
,,,13892,,0.005369716323912144
,,,13893,,0.005157941952347755
,,,13894,,0.005825326777994633
,,,13895,,0.005579623393714428
,,,13896,,0.005570417270064354
,,,13897,,0.004912150092422962
,,,13898,,0.005071084015071392
,,,13899,,0.0056946128606796265
,,,13900,,0.005890564527362585
,,,13901,,0.006528211757540703
,,,13902,,0.007497096434235573
,,,13903,,0.006639124825596809
,,,13904,,0.006937329191714525
,,,13905,,0.00623286422342062
,,,13906,,0.005605816841125488
,,,13907,,0.00610235333442688
,,,13908,,0.007871173322200775
,,,13909,,0.006684080697596073
,,,13910,,0.00596543587744236
,,,13911,,0.007661291863769293
,,,13912,,0.0066671427339315414
,,,13913,,0.007917303591966629
,,,13914,,0.006364636123180389
,,,13915,,0.0060034883208572865
,,,13916,,0.007015778683125973
,,,13917,,0.006830968428403139
,,,13918,,0.006072924006730318
,,,13919,,0.0074651772156357765
,,,13920,,0.006496456451714039
,,,13921,,0.006395610049366951
,,,13922,,0.005769263952970505
,,,13923,,0.0049736592918634415
,,,13924,,0.004001568537205458
,,,13925,,0.0043637421913445
,,,13926,,0.003560959827154875
,,,13927,,0.004221639595925808
,,,13928,,0.005021854303777218
,,,13929,,0.004154575057327747
,,,13930,,0.004701417870819569
,,,13931,,0.005119938403367996
,,,13932,,0.00420819316059351
,,,13933,,0.0035574263893067837
,,,13934,,0.004209204576909542
,,,13935,,0.0066949184983968735
,,,13936,,0.005588419735431671
,,,13937,,0.006271114572882652
,,,13938,,0.005575427319854498
,,,13939,,0.0021197814494371414
,,,13940,,0.01645888388156891
,,,13941,,0.0038058327045291662
,,,13942,,0.011061284691095352
,,,13943,,0.005022780504077673
,,,13944,,0.005847173277288675
,,,13945,,0.009744150564074516
,,,13946,,0.012517417781054974
,,,13947,,0.010736748576164246
,,,13948,,0.008125949651002884
,,,13949,,0.007191613782197237
,,,13950,,0.010369439609348774
,,,13951,,0.01167546771466732
,,,13952,,0.05469004064798355
,,,13953,,0.04348687827587128
,,,13954,,0.03370529040694237
,,,13955,,0.036831438541412354
,,,13956,,0.05395561084151268
,,,13957,,0.03032921627163887
,,,13958,,0.03467194736003876
,,,13959,,0.045132480561733246
,,,13960,,0.03187239170074463
,,,13961,,0.03988621011376381
,,,13962,,0.03287467360496521
,,,13963,,0.03543458878993988
,,,13964,,0.04669426754117012
,,,13965,,0.040028415620326996
,,,13966,,0.03801151365041733
,,,13967,,0.03600635007023811
,,,13968,,0.0191878080368042
60,,,4940,0.009746921248733997,
60,0.00821869820356369,,4940,,
61,,0.0075776418671011925,4949,,
61,,0.00476557482033968,4959,,
61,,0.008551543578505516,4969,,
61,,0.009426603093743324,4979,,
61,,0.005346884950995445,4989,,
61,,0.011110477149486542,4999,,
61,,0.011068470776081085,5009,,
61,,0.004178489092737436,5019,,
,,,13969,,0.00027872019563801587
,,,13970,,0.00023483645054511726
,,,13971,,0.0005276991287246346
,,,13972,,0.0002512152714189142
,,,13973,,0.00042141671292483807
,,,13974,,0.00019518769113346934
,,,13975,,0.0004988349974155426
,,,13976,,0.00019388024520594627
,,,13977,,0.00035892112646251917
,,,13978,,0.00023693933326285332
,,,13979,,0.0007053812732920051
,,,13980,,0.0007201303960755467
,,,13981,,0.0002220699388999492
,,,13982,,0.00027068605413660407
,,,13983,,0.0004833315615542233
,,,13984,,0.000273910874966532
,,,13985,,0.0006061753956601024
,,,13986,,0.00047304341569542885
,,,13987,,0.0003849443746730685
,,,13988,,0.0009607492247596383
,,,13989,,0.00026182399597018957
,,,13990,,0.00022624756093136966
,,,13991,,0.0001643478753976524
,,,13992,,0.0006858237902633846
,,,13993,,0.0005217921570874751
,,,13994,,0.0004006157105322927
,,,13995,,0.00036358516081236303
,,,13996,,0.0058290790766477585
,,,13997,,0.01795172318816185
,,,13998,,0.015217192471027374
,,,13999,,0.015108499675989151
,,,14000,,0.01638089492917061
,,,14001,,0.015524180606007576
,,,14002,,0.08254441618919373
,,,14003,,0.02515113353729248
,,,14004,,0.012925902381539345
,,,14005,,0.014773289673030376
,,,14006,,0.00999768078327179
,,,14007,,0.005598814692348242
,,,14008,,0.013169674202799797
,,,14009,,0.008296238258481026
,,,14010,,0.0056797778233885765
,,,14011,,0.014475714415311813
,,,14012,,0.015133153647184372
,,,14013,,0.0064249602146446705
,,,14014,,0.02015494741499424
,,,14015,,0.009516322985291481
,,,14016,,0.003464043140411377
,,,14017,,0.010206364095211029
,,,14018,,0.005384034477174282
,,,14019,,0.006507945246994495
,,,14020,,0.008345765992999077
,,,14021,,0.0029959308449178934
,,,14022,,0.008018703199923038
,,,14023,,0.005069557577371597
,,,14024,,0.010197678580880165
,,,14025,,0.009299753233790398
,,,14026,,0.0034205573610961437
,,,14027,,0.005495255347341299
,,,14028,,0.0034720152616500854
,,,14029,,0.0048618377186357975
,,,14030,,0.003393273102119565
,,,14031,,0.0032751162070780993
,,,14032,,0.004395321011543274
,,,14033,,0.004067840054631233
,,,14034,,0.0020857735071331263
,,,14035,,0.004178183153271675
,,,14036,,0.009603462181985378
,,,14037,,0.0043226489797234535
,,,14038,,0.002247494412586093
,,,14039,,0.0031125422101467848
,,,14040,,0.0004738283168990165
,,,14041,,0.0009569539688527584
,,,14042,,0.0003946166834793985
,,,14043,,0.00044193502981215715
,,,14044,,0.00045291107380762696
,,,14045,,0.0004784927878063172
,,,14046,,0.0003122492926195264
,,,14047,,0.00031676123035140336
,,,14048,,0.00030947072082199156
,,,14049,,0.0005366896511986852
,,,14050,,0.0004221786221023649
,,,14051,,0.0011774743907153606
,,,14052,,0.0007278455886989832
,,,14053,,0.00699349120259285
,,,14054,,0.008515315130352974
,,,14055,,0.008242862299084663
,,,14056,,0.025476697832345963
,,,14057,,0.01765424944460392
,,,14058,,0.013904070481657982
,,,14059,,0.023310670629143715
,,,14060,,0.02148803323507309
,,,14061,,0.006927259266376495
,,,14062,,0.006697943899780512
,,,14063,,0.006900110747665167
,,,14064,,0.005299421958625317
,,,14065,,0.005915218498557806
,,,14066,,0.006849524565041065
,,,14067,,0.005660933442413807
,,,14068,,0.005609830841422081
,,,14069,,0.006695477291941643
,,,14070,,0.005551589652895927
,,,14071,,0.004965076223015785
,,,14072,,0.005180987063795328
,,,14073,,0.006804389879107475
,,,14074,,0.006441306322813034
,,,14075,,0.006739241071045399
,,,14076,,0.006208246573805809
,,,14077,,0.005842513404786587
,,,14078,,0.007590266410261393
,,,14079,,0.006673344410955906
,,,14080,,0.005024336278438568
,,,14081,,0.006685202941298485
,,,14082,,0.006815564353018999
,,,14083,,0.010204445570707321
,,,14084,,0.010109256021678448
,,,14085,,0.0074214031919837
,,,14086,,0.006136683747172356
,,,14087,,0.005774862598627806
,,,14088,,0.006686150096356869
,,,14089,,0.0052979690954089165
,,,14090,,0.005772527772933245
,,,14091,,0.00594435865059495
,,,14092,,0.005689406301826239
,,,14093,,0.00597769021987915
,,,14094,,0.005878363270312548
,,,14095,,0.004950662609189749
,,,14096,,0.005320745054632425
,,,14097,,0.005492393393069506
,,,14098,,0.006823650561273098
,,,14099,,0.005856930278241634
,,,14100,,0.006620712578296661
,,,14101,,0.0062823849730193615
,,,14102,,0.006654225289821625
,,,14103,,0.006413092836737633
,,,14104,,0.006042869761586189
,,,14105,,0.005756549071520567
,,,14106,,0.006365002132952213
,,,14107,,0.004578126594424248
,,,14108,,0.0048730643466115
,,,14109,,0.004292649682611227
,,,14110,,0.0043434700928628445
,,,14111,,0.004361247643828392
,,,14112,,0.004760701209306717
,,,14113,,0.004402336664497852
,,,14114,,0.004413684364408255
,,,14115,,0.004478504881262779
,,,14116,,0.004482449032366276
,,,14117,,0.003659060224890709
,,,14118,,0.0038589981850236654
,,,14119,,0.004322293680161238
,,,14120,,0.00460934080183506
,,,14121,,0.004394997842609882
,,,14122,,0.00431805569678545
,,,14123,,0.004939459264278412
,,,14124,,0.004688193090260029
,,,14125,,0.004594434052705765
,,,14126,,0.004119161516427994
,,,14127,,0.004248081706464291
,,,14128,,0.004836930427700281
,,,14129,,0.004789381287992001
,,,14130,,0.005386156961321831
,,,14131,,0.006107930094003677
,,,14132,,0.005390656180679798
,,,14133,,0.005873080808669329
,,,14134,,0.005078090354800224
,,,14135,,0.0045484681613743305
,,,14136,,0.005023343954235315
,,,14137,,0.0065545025281608105
,,,14138,,0.005548510700464249
,,,14139,,0.004824920557439327
,,,14140,,0.006464334204792976
,,,14141,,0.005400934722274542
,,,14142,,0.006663716398179531
,,,14143,,0.005297429859638214
,,,14144,,0.004897305276244879
,,,14145,,0.005843764171004295
,,,14146,,0.0057020047679543495
,,,14147,,0.004931311123073101
,,,14148,,0.006203735247254372
,,,14149,,0.005400714930146933
,,,14150,,0.005263089202344418
,,,14151,,0.002066844142973423
,,,14152,,0.0018791720503941178
,,,14153,,0.001417357474565506
,,,14154,,0.0014731232076883316
,,,14155,,0.0011934494832530618
,,,14156,,0.0012278680223971605
,,,14157,,0.0016389391385018826
,,,14158,,0.0012745446292683482
,,,14159,,0.0016277336981147528
,,,14160,,0.0015464613679796457
,,,14161,,0.0015097674913704395
,,,14162,,0.0012776156654581428
,,,14163,,0.0014128556940704584
,,,14164,,0.0034726313315331936
,,,14165,,0.003508327528834343
,,,14166,,0.004759322386234999
,,,14167,,0.0033956486731767654
,,,14168,,0.0012389249168336391
,,,14169,,0.012454665265977383
,,,14170,,0.0024151504039764404
,,,14171,,0.009020091965794563
,,,14172,,0.003772130236029625
,,,14173,,0.0037133176811039448
,,,14174,,0.007185931317508221
,,,14175,,0.009853529743850231
,,,14176,,0.008415178395807743
,,,14177,,0.005517061334103346
,,,14178,,0.004972699098289013
,,,14179,,0.007341681979596615
,,,14180,,0.009531490504741669
,,,14181,,0.04997169226408005
,,,14182,,0.03942650184035301
,,,14183,,0.030176818370819092
,,,14184,,0.03324722498655319
,,,14185,,0.04975995793938637
,,,14186,,0.02665170654654503
,,,14187,,0.031210782006382942
,,,14188,,0.041999734938144684
,,,14189,,0.028296902775764465
,,,14190,,0.03574155271053314
,,,14191,,0.029049642384052277
,,,14192,,0.03176475316286087
,,,14193,,0.04322826862335205
,,,14194,,0.03611917793750763
,,,14195,,0.03399622440338135
,,,14196,,0.03260752558708191
,,,14197,,0.016711004078388214
61,,,5021,0.007914752699434757,
61,0.00811436865478754,,5021,,
62,,0.009397277608513832,5029,,
62,,0.006863717455416918,5039,,
62,,0.008654221892356873,5049,,
62,,0.008180640637874603,5059,,
62,,0.006165501195937395,5069,,
62,,0.007894812151789665,5079,,
62,,0.008400378748774529,5089,,
62,,0.004910565447062254,5099,,
,,,14198,,0.00031206762650981545
,,,14199,,0.0002773512969724834
,,,14200,,0.0005671352846547961
,,,14201,,0.0002894350327551365
,,,14202,,0.00048567313933745027
,,,14203,,0.00022169193834997714
,,,14204,,0.0005511075723916292
,,,14205,,0.00022473112039733678
,,,14206,,0.0004066975961904973
,,,14207,,0.0002455721842125058
,,,14208,,0.0007489373092539608
,,,14209,,0.0006904425681568682
,,,14210,,0.0002512992941774428
,,,14211,,0.00028725250740535557
,,,14212,,0.0004969482542946935
,,,14213,,0.00031044543720781803
,,,14214,,0.0006342277629300952
,,,14215,,0.00044436106691136956
,,,14216,,0.00046172866132110357
,,,14217,,0.0009116871515288949
,,,14218,,0.0002770021674223244
,,,14219,,0.00023640893050469458
,,,14220,,0.00021083143656142056
,,,14221,,0.0006959320744499564
,,,14222,,0.0005336992326192558
,,,14223,,0.00043625361286103725
,,,14224,,0.0004164381534792483
,,,14225,,0.005748002789914608
,,,14226,,0.017933733761310577
,,,14227,,0.015202313661575317
,,,14228,,0.015078749507665634
,,,14229,,0.0163348987698555
,,,14230,,0.015465808100998402
,,,14231,,0.08218300342559814
,,,14232,,0.02511625364422798
,,,14233,,0.012841075658798218
,,,14234,,0.01466185413300991
,,,14235,,0.009927107952535152
,,,14236,,0.005543853621929884
,,,14237,,0.013058693148195744
,,,14238,,0.008169418200850487
,,,14239,,0.0055402531288564205
,,,14240,,0.014362933114171028
,,,14241,,0.01494666375219822
,,,14242,,0.006283679977059364
,,,14243,,0.01999509334564209
,,,14244,,0.00940135307610035
,,,14245,,0.003357317764312029
,,,14246,,0.010051853954792023
,,,14247,,0.0053145671263337135
,,,14248,,0.006361400708556175
,,,14249,,0.008152380585670471
,,,14250,,0.0029329191893339157
,,,14251,,0.007965919561684132
,,,14252,,0.006281326524913311
,,,14253,,0.01067816186696291
,,,14254,,0.010096621699631214
,,,14255,,0.004282885231077671
,,,14256,,0.0059891678392887115
,,,14257,,0.004334153141826391
,,,14258,,0.00558658130466938
,,,14259,,0.0038680911529809237
,,,14260,,0.0038301446475088596
,,,14261,,0.004835223779082298
,,,14262,,0.004648587666451931
,,,14263,,0.0029282569885253906
,,,14264,,0.005866724997758865
,,,14265,,0.010272655636072159
,,,14266,,0.00482961954548955
,,,14267,,0.0033822436816990376
,,,14268,,0.0033092491794377565
,,,14269,,0.00045002083061262965
,,,14270,,0.0010671464260667562
,,,14271,,0.0007295875111594796
,,,14272,,0.0005221855826675892
,,,14273,,0.0004144676495343447
,,,14274,,0.0005233959527686238
,,,14275,,0.0003087213262915611
,,,14276,,0.0005627000355161726
,,,14277,,0.00033887388417497277
,,,14278,,0.0006831958307884634
,,,14279,,0.0005400538793765008
,,,14280,,0.0007837211014702916
,,,14281,,0.0008199175936169922
,,,14282,,0.0069741602055728436
,,,14283,,0.008440572768449783
,,,14284,,0.009651536121964455
,,,14285,,0.030534222722053528
,,,14286,,0.023656561970710754
,,,14287,,0.017078818753361702
,,,14288,,0.022922199219465256
,,,14289,,0.02136176824569702
,,,14290,,0.007200474850833416
,,,14291,,0.006888854317367077
,,,14292,,0.007175668142735958
,,,14293,,0.00565093569457531
,,,14294,,0.0061835190281271935
,,,14295,,0.0070670973509550095
,,,14296,,0.006044725887477398
,,,14297,,0.005915997549891472
,,,14298,,0.006938819773495197
,,,14299,,0.005876352544873953
,,,14300,,0.005344173405319452
,,,14301,,0.0053327204659581184
,,,14302,,0.007075367495417595
,,,14303,,0.006715398281812668
,,,14304,,0.006929424591362476
,,,14305,,0.006463757716119289
,,,14306,,0.006110873073339462
,,,14307,,0.007867653854191303
,,,14308,,0.007005194202065468
,,,14309,,0.005391724407672882
,,,14310,,0.0069272276014089584
,,,14311,,0.0070673879235982895
,,,14312,,0.01022954098880291
,,,14313,,0.010205619037151337
,,,14314,,0.007588224485516548
,,,14315,,0.006382947321981192
,,,14316,,0.006135297939181328
,,,14317,,0.00697400001809001
,,,14318,,0.005756780970841646
,,,14319,,0.00605568615719676
,,,14320,,0.006346022244542837
,,,14321,,0.006092647556215525
,,,14322,,0.006260416936129332
,,,14323,,0.00621244078502059
,,,14324,,0.005307577550411224
,,,14325,,0.00567104434594512
,,,14326,,0.0058114430867135525
,,,14327,,0.007074285298585892
,,,14328,,0.006075344048440456
,,,14329,,0.0069474042393267155
,,,14330,,0.0066026197746396065
,,,14331,,0.007027082610875368
,,,14332,,0.0066885254345834255
,,,14333,,0.006439766846597195
,,,14334,,0.00605941703543067
,,,14335,,0.006739148870110512
,,,14336,,0.004831073805689812
,,,14337,,0.0050495644100010395
,,,14338,,0.00442524952813983
,,,14339,,0.004481625277549028
,,,14340,,0.004490617662668228
,,,14341,,0.004908941686153412
,,,14342,,0.004510085564106703
,,,14343,,0.004613629542291164
,,,14344,,0.004602735862135887
,,,14345,,0.00467275083065033
,,,14346,,0.0037782976869493723
,,,14347,,0.004052160307765007
,,,14348,,0.004446609877049923
,,,14349,,0.004836568608880043
,,,14350,,0.004588221665471792
,,,14351,,0.004447915591299534
,,,14352,,0.0050600552931427956
,,,14353,,0.004807115066796541
,,,14354,,0.0047222343273460865
,,,14355,,0.004259588662534952
,,,14356,,0.004427032545208931
,,,14357,,0.004884462803602219
,,,14358,,0.004964666441082954
,,,14359,,0.005554285831749439
,,,14360,,0.006274998653680086
,,,14361,,0.005595036316663027
,,,14362,,0.006026902236044407
,,,14363,,0.005270121153444052
,,,14364,,0.004707898944616318
,,,14365,,0.00515765743330121
,,,14366,,0.006773687899112701
,,,14367,,0.005759611260145903
,,,14368,,0.004976449068635702
,,,14369,,0.006673247553408146
,,,14370,,0.005556777119636536
,,,14371,,0.006817908026278019
,,,14372,,0.005406771786510944
,,,14373,,0.005032920278608799
,,,14374,,0.006068221293389797
,,,14375,,0.005824297200888395
,,,14376,,0.005065900273621082
,,,14377,,0.0063829002901911736
,,,14378,,0.005559652578085661
,,,14379,,0.005406560841947794
,,,14380,,0.0022233002819120884
,,,14381,,0.0020122898276895285
,,,14382,,0.0015472543891519308
,,,14383,,0.0016139727085828781
,,,14384,,0.001193717704154551
,,,14385,,0.001337259542196989
,,,14386,,0.0017841262742877007
,,,14387,,0.0014093141071498394
,,,14388,,0.001769527094438672
,,,14389,,0.0016208355082198977
,,,14390,,0.001612713560461998
,,,14391,,0.0012608147226274014
,,,14392,,0.0015616656746715307
,,,14393,,0.003954168409109116
,,,14394,,0.004556738771498203
,,,14395,,0.0052209412679076195
,,,14396,,0.0038848468102514744
,,,14397,,0.0016754802782088518
,,,14398,,0.013468075543642044
,,,14399,,0.0028493888676166534
,,,14400,,0.00884169153869152
,,,14401,,0.003928035963326693
,,,14402,,0.0049436804838478565
,,,14403,,0.008127589710056782
,,,14404,,0.010989496484398842
,,,14405,,0.008831854909658432
,,,14406,,0.006417058873921633
,,,14407,,0.006152679678052664
,,,14408,,0.00786356721073389
,,,14409,,0.010146607644855976
,,,14410,,0.049948908388614655
,,,14411,,0.03917085379362106
,,,14412,,0.03008051961660385
,,,14413,,0.03344666585326195
,,,14414,,0.04960466921329498
,,,14415,,0.026866689324378967
,,,14416,,0.03128261864185333
,,,14417,,0.04157901182770729
,,,14418,,0.028359800577163696
,,,14419,,0.03544076159596443
,,,14420,,0.029216088354587555
,,,14421,,0.03162112832069397
,,,14422,,0.04325443506240845
,,,14423,,0.035935260355472565
,,,14424,,0.03374912589788437
,,,14425,,0.032539673149585724
,,,14426,,0.0167995672672987
62,,,5102,0.008168961852788925,
62,0.007759957108646631,,5102,,
63,,0.012109681963920593,5109,,
63,,0.008316699415445328,5119,,
63,,0.006590475328266621,5129,,
63,,0.0038603264838457108,5139,,
63,,0.006402516737580299,5149,,
63,,0.005616897717118263,5159,,
63,,0.007862071506679058,5169,,
63,,0.004299258813261986,5179,,
,,,14427,,0.00023128997418098152
,,,14428,,0.0001711707009235397
,,,14429,,0.000491284707095474
,,,14430,,0.00018744138651527464
,,,14431,,0.0003933387342840433
,,,14432,,0.00014337993343360722
,,,14433,,0.0004626608861144632
,,,14434,,0.0001346672506770119
,,,14435,,0.0003196223988197744
,,,14436,,0.00017595617100596428
,,,14437,,0.000647005857899785
,,,14438,,0.0007081503281369805
,,,14439,,0.00016055451123975217
,,,14440,,0.00022293368238024414
,,,14441,,0.00043585686944425106
,,,14442,,0.00022133943275548518
,,,14443,,0.0005564932362176478
,,,14444,,0.0003619057824835181
,,,14445,,0.00033593038097023964
,,,14446,,0.0008953246870078146
,,,14447,,0.00020873015455435961
,,,14448,,0.00015622378850821406
,,,14449,,0.00012152786075603217
,,,14450,,0.0006164901424199343
,,,14451,,0.00046935645514167845
,,,14452,,0.000318410515319556
,,,14453,,0.00032575029763393104
,,,14454,,0.005698545835912228
,,,14455,,0.017756588757038116
,,,14456,,0.014941737055778503
,,,14457,,0.014931712299585342
,,,14458,,0.016144845634698868
,,,14459,,0.015204191207885742
,,,14460,,0.08189968019723892
,,,14461,,0.024852842092514038
,,,14462,,0.01265491358935833
,,,14463,,0.01447723526507616
,,,14464,,0.009932974353432655
,,,14465,,0.005435694474726915
,,,14466,,0.012980502098798752
,,,14467,,0.008024090901017189
,,,14468,,0.005548474378883839
,,,14469,,0.014049324207007885
,,,14470,,0.01464364305138588
,,,14471,,0.006100601516664028
,,,14472,,0.01960865408182144
,,,14473,,0.009048677049577236
,,,14474,,0.0032238075509667397
,,,14475,,0.009696729481220245
,,,14476,,0.004997299052774906
,,,14477,,0.006166677922010422
,,,14478,,0.008129659108817577
,,,14479,,0.002811482409015298
,,,14480,,0.0076804496347904205
,,,14481,,0.00472303107380867
,,,14482,,0.009849808178842068
,,,14483,,0.008949803188443184
,,,14484,,0.0033715541940182447
,,,14485,,0.0051517002284526825
,,,14486,,0.0033772480674088
,,,14487,,0.004632517229765654
,,,14488,,0.00324949505738914
,,,14489,,0.0031539520714432
,,,14490,,0.00426105223596096
,,,14491,,0.003930071368813515
,,,14492,,0.0021624048240482807
,,,14493,,0.0038901129737496376
,,,14494,,0.009344808757305145
,,,14495,,0.004257476422935724
,,,14496,,0.002352316863834858
,,,14497,,0.0029841591604053974
,,,14498,,0.00034571747528389096
,,,14499,,0.0009580171899870038
,,,14500,,0.0004163368430454284
,,,14501,,0.00039275013841688633
,,,14502,,0.0003316274960525334
,,,14503,,0.0003875854308716953
,,,14504,,0.0002360377984587103
,,,14505,,0.0003190622664988041
,,,14506,,0.0002748139086179435
,,,14507,,0.0004871901182923466
,,,14508,,0.0004060938663315028
,,,14509,,0.0009501039749011397
,,,14510,,0.0006052996031939983
,,,14511,,0.0069480109959840775
,,,14512,,0.008382024243474007
,,,14513,,0.00811917707324028
,,,14514,,0.02463172748684883
,,,14515,,0.01708587072789669
,,,14516,,0.013681581243872643
,,,14517,,0.022420711815357208
,,,14518,,0.02090088278055191
,,,14519,,0.006826229393482208
,,,14520,,0.006488952785730362
,,,14521,,0.006740094628185034
,,,14522,,0.0051862564869225025
,,,14523,,0.005727862473577261
,,,14524,,0.006686996202915907
,,,14525,,0.005506815854460001
,,,14526,,0.005499853286892176
,,,14527,,0.006478932220488787
,,,14528,,0.0053702956065535545
,,,14529,,0.00483365636318922
,,,14530,,0.005004188045859337
,,,14531,,0.006638015620410442
,,,14532,,0.006272884551435709
,,,14533,,0.006516849622130394
,,,14534,,0.006041127257049084
,,,14535,,0.005698445253074169
,,,14536,,0.007341108284890652
,,,14537,,0.006513794884085655
,,,14538,,0.004906213842332363
,,,14539,,0.006528819911181927
,,,14540,,0.006646056659519672
,,,14541,,0.009623036719858646
,,,14542,,0.009690715000033379
,,,14543,,0.0069880434311926365
,,,14544,,0.006049745716154575
,,,14545,,0.00567491352558136
,,,14546,,0.006535245105624199
,,,14547,,0.005190199241042137
,,,14548,,0.005662945564836264
,,,14549,,0.0058268532156944275
,,,14550,,0.005543071310967207
,,,14551,,0.005797163583338261
,,,14552,,0.005708465352654457
,,,14553,,0.0048448145389556885
,,,14554,,0.005197660066187382
,,,14555,,0.005361241288483143
,,,14556,,0.0066830674186348915
,,,14557,,0.005754358135163784
,,,14558,,0.006462188437581062
,,,14559,,0.0061085643246769905
,,,14560,,0.006516353227198124
,,,14561,,0.006275516003370285
,,,14562,,0.005891615524888039
,,,14563,,0.005597807466983795
,,,14564,,0.0062403627671301365
,,,14565,,0.004453870467841625
,,,14566,,0.004752437584102154
,,,14567,,0.0041517168283462524
,,,14568,,0.004163398407399654
,,,14569,,0.004211299121379852
,,,14570,,0.004585856571793556
,,,14571,,0.004252343438565731
,,,14572,,0.004278435371816158
,,,14573,,0.004308476112782955
,,,14574,,0.0043542347848415375
,,,14575,,0.0035632781218737364
,,,14576,,0.0037276120856404305
,,,14577,,0.004187854006886482
,,,14578,,0.004446529317647219
,,,14579,,0.0042967600747942924
,,,14580,,0.004160319454967976
,,,14581,,0.004789596423506737
,,,14582,,0.004558240994811058
,,,14583,,0.004459735006093979
,,,14584,,0.003955514635890722
,,,14585,,0.004115082789212465
,,,14586,,0.004647715482860804
,,,14587,,0.004834829829633236
,,,14588,,0.005449513904750347
,,,14589,,0.006121632643043995
,,,14590,,0.005497697740793228
,,,14591,,0.005915205460041761
,,,14592,,0.005180281586945057
,,,14593,,0.004670510068535805
,,,14594,,0.005076935514807701
,,,14595,,0.006625213660299778
,,,14596,,0.0057384781539440155
,,,14597,,0.004851067904382944
,,,14598,,0.006490711122751236
,,,14599,,0.005464553367346525
,,,14600,,0.006674932781606913
,,,14601,,0.0053283581510186195
,,,14602,,0.004947173874825239
,,,14603,,0.005920246243476868
,,,14604,,0.005704337731003761
,,,14605,,0.005007121711969376
,,,14606,,0.0062380703166127205
,,,14607,,0.0054914518259465694
,,,14608,,0.005324661731719971
,,,14609,,0.0018903325544670224
,,,14610,,0.0016901569906622171
,,,14611,,0.0011983246076852083
,,,14612,,0.0013105056714266539
,,,14613,,0.0010321226436644793
,,,14614,,0.0011477430816739798
,,,14615,,0.001466952497139573
,,,14616,,0.0011750254780054092
,,,14617,,0.0014900491805747151
,,,14618,,0.001404554583132267
,,,14619,,0.0013343527680262923
,,,14620,,0.0012028394266963005
,,,14621,,0.0012937657302245498
,,,14622,,0.0031898340675979853
,,,14623,,0.003293251618742943
,,,14624,,0.004492436069995165
,,,14625,,0.003051038831472397
,,,14626,,0.001167341717518866
,,,14627,,0.01167061273008585
,,,14628,,0.0022951941937208176
,,,14629,,0.008199083618819714
,,,14630,,0.0035502808168530464
,,,14631,,0.003477082122117281
,,,14632,,0.006610415875911713
,,,14633,,0.009463811293244362
,,,14634,,0.007855738513171673
,,,14635,,0.005260402336716652
,,,14636,,0.00479003693908453
,,,14637,,0.006466719321906567
,,,14638,,0.009086046367883682
,,,14639,,0.04841526597738266
,,,14640,,0.03766269236803055
,,,14641,,0.028693512082099915
,,,14642,,0.03210185095667839
,,,14643,,0.04810873791575432
,,,14644,,0.025559157133102417
,,,14645,,0.029926199465990067
,,,14646,,0.04005173593759537
,,,14647,,0.02714964747428894
,,,14648,,0.03406661003828049
,,,14649,,0.02797880955040455
,,,14650,,0.03037228249013424
,,,14651,,0.041648510843515396
,,,14652,,0.03466423600912094
,,,14653,,0.032492250204086304
,,,14654,,0.0309998020529747
,,,14655,,0.016303105279803276
63,,,5183,0.0076588355004787445,
63,0.007568913511931896,,5183,,
64,,0.007625691592693329,5189,,
64,,0.004655363969504833,5199,,
64,,0.008757773786783218,5209,,
64,,0.010030047968029976,5219,,
64,,0.008605817332863808,5229,,
64,,0.007058745250105858,5239,,
64,,0.0035342159681022167,5249,,
64,,0.0065484680235385895,5259,,
,,,14656,,0.00023255475389305502
,,,14657,,0.00017617482808418572
,,,14658,,0.0004896873142570257
,,,14659,,0.00019432920089457184
,,,14660,,0.00037494953721761703
,,,14661,,0.00015477818669751287
,,,14662,,0.0004595615610014647
,,,14663,,0.00014482572441920638
,,,14664,,0.0003231363371014595
,,,14665,,0.00018114956037607044
,,,14666,,0.0006636546459048986
,,,14667,,0.0007075073081068695
,,,14668,,0.00016833495465107262
,,,14669,,0.00023083636187948287
,,,14670,,0.00045107491314411163
,,,14671,,0.0002211940154666081
,,,14672,,0.0005672489060088992
,,,14673,,0.0003698640502989292
,,,14674,,0.0003223016974516213
,,,14675,,0.0009013322414830327
,,,14676,,0.00021255994215607643
,,,14677,,0.00017017345817293972
,,,14678,,0.00012849256745539606
,,,14679,,0.0006114207790233195
,,,14680,,0.00046755553921684623
,,,14681,,0.00032076321076601744
,,,14682,,0.000317058787913993
,,,14683,,0.005617986898869276
,,,14684,,0.017561394721269608
,,,14685,,0.014840714633464813
,,,14686,,0.014818517491221428
,,,14687,,0.016068626195192337
,,,14688,,0.01511858869343996
,,,14689,,0.08157628774642944
,,,14690,,0.024707656353712082
,,,14691,,0.012563416734337807
,,,14692,,0.01434639748185873
,,,14693,,0.00976317934691906
,,,14694,,0.0053145429119467735
,,,14695,,0.012888390570878983
,,,14696,,0.007950026541948318
,,,14697,,0.0053483061492443085
,,,14698,,0.013740618713200092
,,,14699,,0.014408019371330738
,,,14700,,0.005864176899194717
,,,14701,,0.019262731075286865
,,,14702,,0.008912481367588043
,,,14703,,0.003042246913537383
,,,14704,,0.009524157270789146
,,,14705,,0.00499388575553894
,,,14706,,0.006046655587852001
,,,14707,,0.00784878246486187
,,,14708,,0.002663701307028532
,,,14709,,0.007517986930906773
,,,14710,,0.004502256866544485
,,,14711,,0.009550195187330246
,,,14712,,0.008717450313270092
,,,14713,,0.0031170686706900597
,,,14714,,0.005012117326259613
,,,14715,,0.003113735932856798
,,,14716,,0.004467093851417303
,,,14717,,0.0029984358698129654
,,,14718,,0.0029067802242934704
,,,14719,,0.00403529591858387
,,,14720,,0.003624678123742342
,,,14721,,0.001857464318163693
,,,14722,,0.003773885080590844
,,,14723,,0.00909384060651064
,,,14724,,0.004016254097223282
,,,14725,,0.002026651054620743
,,,14726,,0.002807586919516325
,,,14727,,0.00033366199932061136
,,,14728,,0.0008936086669564247
,,,14729,,0.0004797935835085809
,,,14730,,0.0004176679067313671
,,,14731,,0.00033900668495334685
,,,14732,,0.0003828359185718
,,,14733,,0.0002143180463463068
,,,14734,,0.0003859526477754116
,,,14735,,0.0002564206370152533
,,,14736,,0.0004860489862039685
,,,14737,,0.0004258155240677297
,,,14738,,0.000827578769531101
,,,14739,,0.000577324244659394
,,,14740,,0.006646015681326389
,,,14741,,0.008112005889415741
,,,14742,,0.007871424779295921
,,,14743,,0.024462856352329254
,,,14744,,0.016873914748430252
,,,14745,,0.013056248426437378
,,,14746,,0.02137751132249832
,,,14747,,0.01959586888551712
,,,14748,,0.006428346503525972
,,,14749,,0.006496865302324295
,,,14750,,0.006622930057346821
,,,14751,,0.005141888745129108
,,,14752,,0.005721411667764187
,,,14753,,0.006645211949944496
,,,14754,,0.005464101675897837
,,,14755,,0.005453390069305897
,,,14756,,0.006452710367739201
,,,14757,,0.005377629306167364
,,,14758,,0.004780312068760395
,,,14759,,0.004976329393684864
,,,14760,,0.006612815894186497
,,,14761,,0.006267229560762644
,,,14762,,0.006519004702568054
,,,14763,,0.005975670646876097
,,,14764,,0.005696282256394625
,,,14765,,0.007269400171935558
,,,14766,,0.006464454811066389
,,,14767,,0.004873797297477722
,,,14768,,0.006496641784906387
,,,14769,,0.006554898805916309
,,,14770,,0.009556161239743233
,,,14771,,0.009570504538714886
,,,14772,,0.006953272502869368
,,,14773,,0.00595592986792326
,,,14774,,0.0056217811070382595
,,,14775,,0.006339197978377342
,,,14776,,0.0051465267315506935
,,,14777,,0.005550758447498083
,,,14778,,0.005749774165451527
,,,14779,,0.00542093999683857
,,,14780,,0.005711391102522612
,,,14781,,0.005714927799999714
,,,14782,,0.004735379479825497
,,,14783,,0.0051110489293932915
,,,14784,,0.005266713909804821
,,,14785,,0.006526587530970573
,,,14786,,0.005619951523840427
,,,14787,,0.00640276912599802
,,,14788,,0.006037087179720402
,,,14789,,0.006309125572443008
,,,14790,,0.00614800862967968
,,,14791,,0.005826697684824467
,,,14792,,0.005473301745951176
,,,14793,,0.006099021062254906
,,,14794,,0.004423647187650204
,,,14795,,0.004651458468288183
,,,14796,,0.0040836576372385025
,,,14797,,0.004116672091186047
,,,14798,,0.004159601405262947
,,,14799,,0.004532310180366039
,,,14800,,0.00417296914383769
,,,14801,,0.00419540423899889
,,,14802,,0.004218342714011669
,,,14803,,0.00426131347194314
,,,14804,,0.0035589311737567186
,,,14805,,0.0036677434109151363
,,,14806,,0.004047282040119171
,,,14807,,0.004355653189122677
,,,14808,,0.004148884676396847
,,,14809,,0.004080764017999172
,,,14810,,0.004609575495123863
,,,14811,,0.004440253600478172
,,,14812,,0.0043670423328876495
,,,14813,,0.003914083354175091
,,,14814,,0.004025204107165337
,,,14815,,0.004587440751492977
,,,14816,,0.004628934897482395
,,,14817,,0.005162897519767284
,,,14818,,0.005859309807419777
,,,14819,,0.005196886137127876
,,,14820,,0.005615453235805035
,,,14821,,0.004875612910836935
,,,14822,,0.004392870701849461
,,,14823,,0.004821551963686943
,,,14824,,0.006336158607155085
,,,14825,,0.005338734015822411
,,,14826,,0.004601805470883846
,,,14827,,0.006206263322383165
,,,14828,,0.005199218634516001
,,,14829,,0.006417197175323963
,,,14830,,0.005133149679750204
,,,14831,,0.004655936732888222
,,,14832,,0.005655681248754263
,,,14833,,0.005461298394948244
,,,14834,,0.004712690599262714
,,,14835,,0.005932946689426899
,,,14836,,0.005223178770393133
,,,14837,,0.005029572173953056
,,,14838,,0.0018146638758480549
,,,14839,,0.0016593488398939371
,,,14840,,0.0012774273054674268
,,,14841,,0.0012993421405553818
,,,14842,,0.0010438396129757166
,,,14843,,0.0011007036082446575
,,,14844,,0.001455960446037352
,,,14845,,0.0011244468623772264
,,,14846,,0.0014872606843709946
,,,14847,,0.0013468426186591387
,,,14848,,0.001327057834714651
,,,14849,,0.001119999447837472
,,,14850,,0.0012370110489428043
,,,14851,,0.0033730189315974712
,,,14852,,0.0033037629909813404
,,,14853,,0.004650951828807592
,,,14854,,0.0031853672116994858
,,,14855,,0.001252451678737998
,,,14856,,0.01200457476079464
,,,14857,,0.002258176449686289
,,,14858,,0.00824675802141428
,,,14859,,0.0033727982081472874
,,,14860,,0.0033352437894791365
,,,14861,,0.006963975727558136
,,,14862,,0.009773807600140572
,,,14863,,0.008085639216005802
,,,14864,,0.005643797107040882
,,,14865,,0.004997977055609226
,,,14866,,0.006866347976028919
,,,14867,,0.009007856249809265
,,,14868,,0.0477566197514534
,,,14869,,0.037343837320804596
,,,14870,,0.028348349034786224
,,,14871,,0.03164895623922348
,,,14872,,0.04743745177984238
,,,14873,,0.02503320947289467
,,,14874,,0.029590461403131485
,,,14875,,0.03964786231517792
,,,14876,,0.026879042387008667
,,,14877,,0.03360350430011749
,,,14878,,0.02748153731226921
,,,14879,,0.02996247448027134
,,,14880,,0.04123879596590996
,,,14881,,0.03429074212908745
,,,14882,,0.032043009996414185
,,,14883,,0.03060947358608246
,,,14884,,0.015825334936380386
64,,,5264,0.0075319791212677956,
64,0.0071617672219872475,,5264,,
65,,0.00780840590596199,5269,,
65,,0.00748558109626174,5279,,
65,,0.00955683272331953,5289,,
65,,0.004566592164337635,5299,,
65,,0.020849591121077538,5309,,
65,,0.004798526875674725,5319,,
65,,0.007026713341474533,5329,,
65,,0.0035932641476392746,5339,,
,,,14885,,0.0005252963746897876
,,,14886,,0.000478104455396533
,,,14887,,0.0007484854431822896
,,,14888,,0.0004994513001292944
,,,14889,,0.0006889640353620052
,,,14890,,0.00042178970761597157
,,,14891,,0.0007048395927995443
,,,14892,,0.0004430355329532176
,,,14893,,0.0006199080962687731
,,,14894,,0.0004251767531968653
,,,14895,,0.0009245625114999712
,,,14896,,0.0008881179965101182
,,,14897,,0.00043997904867865145
,,,14898,,0.0005033652996644378
,,,14899,,0.0006410374189727008
,,,14900,,0.0004928579437546432
,,,14901,,0.0007987568387761712
,,,14902,,0.0005796884652227163
,,,14903,,0.0006194323068484664
,,,14904,,0.0010635687503963709
,,,14905,,0.00044522687676362693
,,,14906,,0.00041240249993279576
,,,14907,,0.0003990971890743822
,,,14908,,0.0008293783757835627
,,,14909,,0.0006624249508604407
,,,14910,,0.0006776802474632859
,,,14911,,0.0005814509349875152
,,,14912,,0.005720112007111311
,,,14913,,0.01761728525161743
,,,14914,,0.014851231127977371
,,,14915,,0.014796995557844639
,,,14916,,0.01609008014202118
,,,14917,,0.015115279704332352
,,,14918,,0.08155320584774017
,,,14919,,0.024706825613975525
,,,14920,,0.012514841742813587
,,,14921,,0.01446662936359644
,,,14922,,0.00980888120830059
,,,14923,,0.005455029662698507
,,,14924,,0.012884536758065224
,,,14925,,0.008067665621638298
,,,14926,,0.005280652083456516
,,,14927,,0.013662867248058319
,,,14928,,0.014457973651587963
,,,14929,,0.005839908961206675
,,,14930,,0.01920982450246811
,,,14931,,0.008876632899045944
,,,14932,,0.0031669926829636097
,,,14933,,0.009639006108045578
,,,14934,,0.005203189793974161
,,,14935,,0.006163062062114477
,,,14936,,0.007886136882007122
,,,14937,,0.0027691591531038284
,,,14938,,0.007636868394911289
,,,14939,,0.004979511257261038
,,,14940,,0.00990733876824379
,,,14941,,0.009203910827636719
,,,14942,,0.0035897877532988787
,,,14943,,0.005720955319702625
,,,14944,,0.0036244122311472893
,,,14945,,0.004938959144055843
,,,14946,,0.003643057541921735
,,,14947,,0.0035533332265913486
,,,14948,,0.004660950042307377
,,,14949,,0.004106244072318077
,,,14950,,0.0022990319412201643
,,,14951,,0.00415399856865406
,,,14952,,0.00944318063557148
,,,14953,,0.004434436559677124
,,,14954,,0.0024315696209669113
,,,14955,,0.0030971639789640903
,,,14956,,0.0006134160794317722
,,,14957,,0.0013134765904396772
,,,14958,,0.0012237026821821928
,,,14959,,0.0007389276870526373
,,,14960,,0.0005772404256276786
,,,14961,,0.0007448762189596891
,,,14962,,0.0005268480163067579
,,,14963,,0.0009908350184559822
,,,14964,,0.0006156257586553693
,,,14965,,0.0009079897427000105
,,,14966,,0.0008034404017962515
,,,14967,,0.0006495490670204163
,,,14968,,0.0010797996073961258
,,,14969,,0.006869873031973839
,,,14970,,0.008314584381878376
,,,14971,,0.00807864498347044
,,,14972,,0.023965824395418167
,,,14973,,0.016393952071666718
,,,14974,,0.012763620354235172
,,,14975,,0.021054353564977646
,,,14976,,0.019451607018709183
,,,14977,,0.006436020135879517
,,,14978,,0.006339365616440773
,,,14979,,0.006508727092295885
,,,14980,,0.005060507915914059
,,,14981,,0.005611859727650881
,,,14982,,0.006566917523741722
,,,14983,,0.005456036422401667
,,,14984,,0.005378814414143562
,,,14985,,0.006308687850832939
,,,14986,,0.0052504707127809525
,,,14987,,0.004726070910692215
,,,14988,,0.004914566408842802
,,,14989,,0.006459512747824192
,,,14990,,0.006081315688788891
,,,14991,,0.006430288776755333
,,,14992,,0.005874170921742916
,,,14993,,0.005594745744019747
,,,14994,,0.007145090959966183
,,,14995,,0.0063457004725933075
,,,14996,,0.004801181145012379
,,,14997,,0.006323738023638725
,,,14998,,0.006506047677248716
,,,14999,,0.009928591549396515
,,,15000,,0.009741494432091713
,,,15001,,0.007322638761252165
,,,15002,,0.006047436501830816
,,,15003,,0.0055642640218138695
,,,15004,,0.006410764064639807
,,,15005,,0.005181882996112108
,,,15006,,0.005639329552650452
,,,15007,,0.0058042872697114944
,,,15008,,0.005542978644371033
,,,15009,,0.005738814361393452
,,,15010,,0.005774850957095623
,,,15011,,0.004831923171877861
,,,15012,,0.0051898593083024025
,,,15013,,0.0052519189193844795
,,,15014,,0.006511920131742954
,,,15015,,0.005726061761379242
,,,15016,,0.006456797011196613
,,,15017,,0.006022273562848568
,,,15018,,0.006358619779348373
,,,15019,,0.006271408870816231
,,,15020,,0.00588436983525753
,,,15021,,0.005545935593545437
,,,15022,,0.006147197913378477
,,,15023,,0.004414945840835571
,,,15024,,0.004623166285455227
,,,15025,,0.004040149971842766
,,,15026,,0.0041483729146420956
,,,15027,,0.0041773347184062
,,,15028,,0.004573186859488487
,,,15029,,0.00430108280852437
,,,15030,,0.0041655609384179115
,,,15031,,0.004229053854942322
,,,15032,,0.004245288670063019
,,,15033,,0.003618834540247917
,,,15034,,0.0036110631190240383
,,,15035,,0.004094503354281187
,,,15036,,0.004361502826213837
,,,15037,,0.004219722002744675
,,,15038,,0.004110492765903473
,,,15039,,0.0046221474185585976
,,,15040,,0.004499143920838833
,,,15041,,0.004425606690347195
,,,15042,,0.00395099027082324
,,,15043,,0.004066798835992813
,,,15044,,0.004595612175762653
,,,15045,,0.004878218285739422
,,,15046,,0.0054160840809345245
,,,15047,,0.0060929059982299805
,,,15048,,0.0054445406422019005
,,,15049,,0.005841687321662903
,,,15050,,0.0051428694278001785
,,,15051,,0.0046716900542378426
,,,15052,,0.005111295729875565
,,,15053,,0.006505535915493965
,,,15054,,0.005564619787037373
,,,15055,,0.004941260442137718
,,,15056,,0.006418261677026749
,,,15057,,0.005444220267236233
,,,15058,,0.006584744900465012
,,,15059,,0.005388570949435234
,,,15060,,0.004958065692335367
,,,15061,,0.005919917486608028
,,,15062,,0.005727014970034361
,,,15063,,0.005003286525607109
,,,15064,,0.006185801234096289
,,,15065,,0.005477225407958031
,,,15066,,0.0052494024857878685
,,,15067,,0.0022449747193604708
,,,15068,,0.0021676705218851566
,,,15069,,0.0017713129054754972
,,,15070,,0.0017998733092099428
,,,15071,,0.0013960539363324642
,,,15072,,0.001549570239149034
,,,15073,,0.002001839457079768
,,,15074,,0.0015639339108020067
,,,15075,,0.0019631413742899895
,,,15076,,0.00184303626883775
,,,15077,,0.0018439522245898843
,,,15078,,0.0014276196015998721
,,,15079,,0.001788952387869358
,,,15080,,0.00375939067453146
,,,15081,,0.003609714098274708
,,,15082,,0.004899624735116959
,,,15083,,0.003431847086176276
,,,15084,,0.0013998369686305523
,,,15085,,0.01226628478616476
,,,15086,,0.0024882627185434103
,,,15087,,0.008236650377511978
,,,15088,,0.0036152841057628393
,,,15089,,0.00357222487218678
,,,15090,,0.007059317082166672
,,,15091,,0.01033760979771614
,,,15092,,0.008409472182393074
,,,15093,,0.006113799754530191
,,,15094,,0.00544226448982954
,,,15095,,0.007913023233413696
,,,15096,,0.009295106865465641
,,,15097,,0.04771452397108078
,,,15098,,0.03727182745933533
,,,15099,,0.02832328900694847
,,,15100,,0.03172726929187775
,,,15101,,0.0473811998963356
,,,15102,,0.025219794362783432
,,,15103,,0.02958604134619236
,,,15104,,0.03951682522892952
,,,15105,,0.02690652199089527
,,,15106,,0.03348298370838165
,,,15107,,0.02749619260430336
,,,15108,,0.029911883175373077
,,,15109,,0.0412566214799881
,,,15110,,0.03413938730955124
,,,15111,,0.03208459913730621
,,,15112,,0.030530260875821114
,,,15113,,0.01584017090499401
65,,,5345,0.0076941982842981815,
65,0.007032597903162241,,5345,,
66,,0.012815481051802635,5349,,
66,,0.007219493389129639,5359,,
66,,0.010079915635287762,5369,,
66,,0.01096200942993164,5379,,
66,,0.006709029898047447,5389,,
66,,0.009401900693774223,5399,,
66,,0.006556737702339888,5409,,
66,,0.009546822868287563,5419,,
,,,15114,,0.00033073421218432486
,,,15115,,0.0002720975608099252
,,,15116,,0.000614185759332031
,,,15117,,0.0002807758282870054
,,,15118,,0.000458175694802776
,,,15119,,0.00023431272711604834
,,,15120,,0.0005430859746411443
,,,15121,,0.00023025169502943754
,,,15122,,0.0003718490479514003
,,,15123,,0.00024520105216652155
,,,15124,,0.0007371894316747785
,,,15125,,0.000838809588458389
,,,15126,,0.00024298037169501185
,,,15127,,0.0003130488912574947
,,,15128,,0.0004807051445823163
,,,15129,,0.00025313906371593475
,,,15130,,0.0006100013852119446
,,,15131,,0.00042244046926498413
,,,15132,,0.00033068234915845096
,,,15133,,0.000975240720435977
,,,15134,,0.00025805976474657655
,,,15135,,0.000207856937777251
,,,15136,,0.0001611406187294051
,,,15137,,0.0006714410264976323
,,,15138,,0.00049749476602301
,,,15139,,0.0004054153396282345
,,,15140,,0.0003476698766462505
,,,15141,,0.005731350742280483
,,,15142,,0.01769094169139862
,,,15143,,0.014868751168251038
,,,15144,,0.014840222895145416
,,,15145,,0.01614498905837536
,,,15146,,0.015171363949775696
,,,15147,,0.08155018091201782
,,,15148,,0.024791430681943893
,,,15149,,0.012568432837724686
,,,15150,,0.014480759389698505
,,,15151,,0.009818576276302338
,,,15152,,0.005541455000638962
,,,15153,,0.012939941138029099
,,,15154,,0.008120296522974968
,,,15155,,0.005380906630307436
,,,15156,,0.013655140995979309
,,,15157,,0.014307068660855293
,,,15158,,0.006044349167495966
,,,15159,,0.0192226804792881
,,,15160,,0.00892603863030672
,,,15161,,0.0032162233255803585
,,,15162,,0.009519742801785469
,,,15163,,0.0050938124768435955
,,,15164,,0.006205332465469837
,,,15165,,0.007954828441143036
,,,15166,,0.0028030681423842907
,,,15167,,0.007590188179165125
,,,15168,,0.004395517520606518
,,,15169,,0.009294409304857254
,,,15170,,0.008473179303109646
,,,15171,,0.0030299886129796505
,,,15172,,0.004856146406382322
,,,15173,,0.0029250793159008026
,,,15174,,0.004267727490514517
,,,15175,,0.0028644963167607784
,,,15176,,0.00279952771961689
,,,15177,,0.0038980399258434772
,,,15178,,0.0034351758658885956
,,,15179,,0.0018337075598537922
,,,15180,,0.003510913345962763
,,,15181,,0.00887793768197298
,,,15182,,0.0038802523631602526
,,,15183,,0.0019289792980998755
,,,15184,,0.002681971527636051
,,,15185,,0.000399740383727476
,,,15186,,0.0010231719352304935
,,,15187,,0.0007882346399128437
,,,15188,,0.0004733506648335606
,,,15189,,0.00041174510261043906
,,,15190,,0.0004866046947427094
,,,15191,,0.00030390307074412704
,,,15192,,0.0006068161455914378
,,,15193,,0.0003636864712461829
,,,15194,,0.0006333033088594675
,,,15195,,0.0005245870561338961
,,,15196,,0.000651433365419507
,,,15197,,0.0007913844892755151
,,,15198,,0.006364445202052593
,,,15199,,0.007842443883419037
,,,15200,,0.008738918229937553
,,,15201,,0.030100850388407707
,,,15202,,0.022682275623083115
,,,15203,,0.015927782282233238
,,,15204,,0.020943695679306984
,,,15205,,0.019173264503479004
,,,15206,,0.006290477700531483
,,,15207,,0.006331648677587509
,,,15208,,0.006497462745755911
,,,15209,,0.005028666462749243
,,,15210,,0.005558987148106098
,,,15211,,0.006505816243588924
,,,15212,,0.005353318527340889
,,,15213,,0.005335002206265926
,,,15214,,0.0062761735171079636
,,,15215,,0.0052100615575909615
,,,15216,,0.004682554397732019
,,,15217,,0.004898590035736561
,,,15218,,0.006442714016884565
,,,15219,,0.006104699801653624
,,,15220,,0.006373295094817877
,,,15221,,0.005853687878698111
,,,15222,,0.005549151450395584
,,,15223,,0.007083686999976635
,,,15224,,0.006283248774707317
,,,15225,,0.004721976816654205
,,,15226,,0.006330436561256647
,,,15227,,0.006403169594705105
,,,15228,,0.00956241600215435
,,,15229,,0.0094258738681674
,,,15230,,0.006985744461417198
,,,15231,,0.005754711106419563
,,,15232,,0.005398976616561413
,,,15233,,0.006229291670024395
,,,15234,,0.004926698282361031
,,,15235,,0.00538870133459568
,,,15236,,0.005518916063010693
,,,15237,,0.005271033383905888
,,,15238,,0.00550406239926815
,,,15239,,0.005467750132083893
,,,15240,,0.004604135174304247
,,,15241,,0.0049444143660366535
,,,15242,,0.005137952044606209
,,,15243,,0.006371447816491127
,,,15244,,0.00547346007078886
,,,15245,,0.006148822605609894
,,,15246,,0.005839987192302942
,,,15247,,0.006122080143541098
,,,15248,,0.005960280541330576
,,,15249,,0.005633920431137085
,,,15250,,0.00532427616417408
,,,15251,,0.005906358361244202
,,,15252,,0.004217101261019707
,,,15253,,0.004471029620617628
,,,15254,,0.0039266375824809074
,,,15255,,0.0039602890610694885
,,,15256,,0.004000292159616947
,,,15257,,0.004370130132883787
,,,15258,,0.00406554713845253
,,,15259,,0.004028812982141972
,,,15260,,0.00407974049448967
,,,15261,,0.0041034528985619545
,,,15262,,0.0033682449720799923
,,,15263,,0.0035522598773241043
,,,15264,,0.003944348078221083
,,,15265,,0.004237537272274494
,,,15266,,0.004045819863677025
,,,15267,,0.003937120083719492
,,,15268,,0.004504772834479809
,,,15269,,0.004310648888349533
,,,15270,,0.004238523542881012
,,,15271,,0.0037944945506751537
,,,15272,,0.003907310776412487
,,,15273,,0.004412533715367317
,,,15274,,0.004509173333644867
,,,15275,,0.005045854952186346
,,,15276,,0.0057313088327646255
,,,15277,,0.005089538171887398
,,,15278,,0.005490962881594896
,,,15279,,0.004771574400365353
,,,15280,,0.004269463941454887
,,,15281,,0.004721784498542547
,,,15282,,0.006176176480948925
,,,15283,,0.0052009522914886475
,,,15284,,0.004499949049204588
,,,15285,,0.006046962924301624
,,,15286,,0.005092240869998932
,,,15287,,0.006259447429329157
,,,15288,,0.005001476965844631
,,,15289,,0.004574332386255264
,,,15290,,0.005472120363265276
,,,15291,,0.005329345352947712
,,,15292,,0.004624783527106047
,,,15293,,0.005779966711997986
,,,15294,,0.005067848600447178
,,,15295,,0.004941634833812714
,,,15296,,0.0019683674909174442
,,,15297,,0.0018789292080327868
,,,15298,,0.0014358122134581208
,,,15299,,0.0014776121824979782
,,,15300,,0.0010966919362545013
,,,15301,,0.0012657820479944348
,,,15302,,0.0016782809980213642
,,,15303,,0.001274704933166504
,,,15304,,0.0016575994668528438
,,,15305,,0.001505547552369535
,,,15306,,0.0015043618623167276
,,,15307,,0.001214466756209731
,,,15308,,0.0014855603221803904
,,,15309,,0.0031594971660524607
,,,15310,,0.0031331274658441544
,,,15311,,0.004419699311256409
,,,15312,,0.0029290192760527134
,,,15313,,0.0012093669502064586
,,,15314,,0.011001866310834885
,,,15315,,0.002023576060310006
,,,15316,,0.007769348565489054
,,,15317,,0.0030742944218218327
,,,15318,,0.0031620506197214127
,,,15319,,0.006539147347211838
,,,15320,,0.009382088668644428
,,,15321,,0.007578661665320396
,,,15322,,0.005012037232518196
,,,15323,,0.0048233880661427975
,,,15324,,0.006558376830071211
,,,15325,,0.0086729247123003
,,,15326,,0.04681698977947235
,,,15327,,0.036380257457494736
,,,15328,,0.027496477589011192
,,,15329,,0.030910206958651543
,,,15330,,0.04653290659189224
,,,15331,,0.02439875155687332
,,,15332,,0.02880738489329815
,,,15333,,0.03863025829195976
,,,15334,,0.0259869322180748
,,,15335,,0.032784074544906616
,,,15336,,0.026882296428084373
,,,15337,,0.029126152396202087
,,,15338,,0.040433935821056366
,,,15339,,0.03358742222189903
,,,15340,,0.031038489192724228
,,,15341,,0.029719242826104164
,,,15342,,0.01575874723494053
66,,,5426,0.0074708182364702225,
66,0.006985480431467295,,5426,,
67,,0.0055032530799508095,5429,,
67,,0.005878765136003494,5439,,
67,,0.006897415965795517,5449,,
67,,0.009560187347233295,5459,,
67,,0.006287530995905399,5469,,
67,,0.009495086967945099,5479,,
67,,0.004082605708390474,5489,,
67,,0.01135115884244442,5499,,
,,,15343,,0.00048697873717173934
,,,15344,,0.0004179709358140826
,,,15345,,0.000629554211627692
,,,15346,,0.00042039394611492753
,,,15347,,0.0006753226043656468
,,,15348,,0.00035593053326010704
,,,15349,,0.0006690820446237922
,,,15350,,0.00038087961729615927
,,,15351,,0.0006073459517210722
,,,15352,,0.00039972923696041107
,,,15353,,0.0008811777224764228
,,,15354,,0.0008067645831033587
,,,15355,,0.0003951621474698186
,,,15356,,0.00044055189937353134
,,,15357,,0.0006135593866929412
,,,15358,,0.00043615640606731176
,,,15359,,0.0007531787850894034
,,,15360,,0.0005954855587333441
,,,15361,,0.0005934908404015005
,,,15362,,0.0010257090907543898
,,,15363,,0.00039377581560984254
,,,15364,,0.00036522012669593096
,,,15365,,0.0003110062680207193
,,,15366,,0.0007671482744626701
,,,15367,,0.0006587510579265654
,,,15368,,0.0005308450199663639
,,,15369,,0.0005240136524662375
,,,15370,,0.005601604003459215
,,,15371,,0.017449092119932175
,,,15372,,0.014677164144814014
,,,15373,,0.014630565419793129
,,,15374,,0.015843834728002548
,,,15375,,0.014931879937648773
,,,15376,,0.08104003965854645
,,,15377,,0.02442367933690548
,,,15378,,0.01234062947332859
,,,15379,,0.014270201325416565
,,,15380,,0.00972052663564682
,,,15381,,0.005313398316502571
,,,15382,,0.012702330946922302
,,,15383,,0.007876740768551826
,,,15384,,0.005092028062790632
,,,15385,,0.013385612517595291
,,,15386,,0.014228109270334244
,,,15387,,0.005816996097564697
,,,15388,,0.018831215798854828
,,,15389,,0.008703476749360561
,,,15390,,0.0030533825047314167
,,,15391,,0.009268526919186115
,,,15392,,0.004843410104513168
,,,15393,,0.005993644706904888
,,,15394,,0.007688176352530718
,,,15395,,0.002660235855728388
,,,15396,,0.007359946146607399
,,,15397,,0.005083583295345306
,,,15398,,0.009890701621770859
,,,15399,,0.008999899961054325
,,,15400,,0.0036291680298745632
,,,15401,,0.005307474173605442
,,,15402,,0.0034660971723496914
,,,15403,,0.004870731849223375
,,,15404,,0.0035000562202185392
,,,15405,,0.0032540441025048494
,,,15406,,0.004368827678263187
,,,15407,,0.004147929139435291
,,,15408,,0.0024583255872130394
,,,15409,,0.004301533102989197
,,,15410,,0.009285977110266685
,,,15411,,0.004285687115043402
,,,15412,,0.002622467465698719
,,,15413,,0.003400594461709261
,,,15414,,0.0006936988793313503
,,,15415,,0.0012809759937226772
,,,15416,,0.0004656260134652257
,,,15417,,0.0006452302332036197
,,,15418,,0.000630982918664813
,,,15419,,0.000677960051689297
,,,15420,,0.000588633120059967
,,,15421,,0.0004713019297923893
,,,15422,,0.0006007126066833735
,,,15423,,0.000764439522754401
,,,15424,,0.0005993906524963677
,,,15425,,0.0015653336886316538
,,,15426,,0.0008868929580785334
,,,15427,,0.006765841972082853
,,,15428,,0.008478380739688873
,,,15429,,0.008306499570608139
,,,15430,,0.025076698511838913
,,,15431,,0.01827789470553398
,,,15432,,0.01380210928618908
,,,15433,,0.020572012290358543
,,,15434,,0.01895955763757229
,,,15435,,0.006597915664315224
,,,15436,,0.006613730452954769
,,,15437,,0.0068155862390995026
,,,15438,,0.005419652909040451
,,,15439,,0.005989565048366785
,,,15440,,0.006807304918766022
,,,15441,,0.005717736203223467
,,,15442,,0.005619173403829336
,,,15443,,0.0066780634224414825
,,,15444,,0.0056181433610618114
,,,15445,,0.005057071335613728
,,,15446,,0.0052045658230781555
,,,15447,,0.00677855871617794
,,,15448,,0.006442248821258545
,,,15449,,0.006595856510102749
,,,15450,,0.006155180744826794
,,,15451,,0.0057982816360890865
,,,15452,,0.0074264430440962315
,,,15453,,0.006613083183765411
,,,15454,,0.005247207824140787
,,,15455,,0.006673735566437244
,,,15456,,0.006757654249668121
,,,15457,,0.009556019678711891
,,,15458,,0.009426595643162727
,,,15459,,0.007192717399448156
,,,15460,,0.006188911385834217
,,,15461,,0.006044440902769566
,,,15462,,0.0070757633075118065
,,,15463,,0.0057028839364647865
,,,15464,,0.00599945243448019
,,,15465,,0.006221686489880085
,,,15466,,0.005980238318443298
,,,15467,,0.0062600658275187016
,,,15468,,0.006110307760536671
,,,15469,,0.005264735780656338
,,,15470,,0.005553640425205231
,,,15471,,0.00579445343464613
,,,15472,,0.0069700926542282104
,,,15473,,0.0060221850872039795
,,,15474,,0.00671011907979846
,,,15475,,0.0065920972265303135
,,,15476,,0.006884419359266758
,,,15477,,0.00662048626691103
,,,15478,,0.006315512582659721
,,,15479,,0.006049806717783213
,,,15480,,0.006623441353440285
,,,15481,,0.0051028975285589695
,,,15482,,0.005318854004144669
,,,15483,,0.004463625140488148
,,,15484,,0.004483281634747982
,,,15485,,0.004564820323139429
,,,15486,,0.00510104326531291
,,,15487,,0.00483505567535758
,,,15488,,0.004813665058463812
,,,15489,,0.00481896847486496
,,,15490,,0.004913768265396357
,,,15491,,0.004032507073134184
,,,15492,,0.004164583049714565
,,,15493,,0.004589463584125042
,,,15494,,0.0048235198482871056
,,,15495,,0.0047586895525455475
,,,15496,,0.004574974067509174
,,,15497,,0.005378427915275097
,,,15498,,0.005000429227948189
,,,15499,,0.004928210750222206
,,,15500,,0.004357563331723213
,,,15501,,0.004576168488711119
,,,15502,,0.005074204411357641
,,,15503,,0.004859829321503639
,,,15504,,0.0054580578580498695
,,,15505,,0.006187433376908302
,,,15506,,0.005519995465874672
,,,15507,,0.005878661759197712
,,,15508,,0.005123032722622156
,,,15509,,0.004611748270690441
,,,15510,,0.0050602862611413
,,,15511,,0.006635085679590702
,,,15512,,0.005548262502998114
,,,15513,,0.0048129260540008545
,,,15514,,0.0064514921978116035
,,,15515,,0.0054834079928696156
,,,15516,,0.006735516712069511
,,,15517,,0.005421865731477737
,,,15518,,0.004924164153635502
,,,15519,,0.00590056087821722
,,,15520,,0.00570641178637743
,,,15521,,0.0049283867701888084
,,,15522,,0.006229064427316189
,,,15523,,0.005450530909001827
,,,15524,,0.0053022392094135284
,,,15525,,0.002243798691779375
,,,15526,,0.0019625069107860327
,,,15527,,0.0015333422925323248
,,,15528,,0.0016414286801591516
,,,15529,,0.0013637878000736237
,,,15530,,0.0013872566632926464
,,,15531,,0.0017020655795931816
,,,15532,,0.0014251996763050556
,,,15533,,0.0017524161376059055
,,,15534,,0.0016771518858149648
,,,15535,,0.001622888259589672
,,,15536,,0.0013196924701333046
,,,15537,,0.0015451081562787294
,,,15538,,0.00417940691113472
,,,15539,,0.004491891246289015
,,,15540,,0.005081930197775364
,,,15541,,0.004366415087133646
,,,15542,,0.001421112334355712
,,,15543,,0.013002146035432816
,,,15544,,0.00256109656766057
,,,15545,,0.008597100153565407
,,,15546,,0.003393006045371294
,,,15547,,0.003914596512913704
,,,15548,,0.007997835986316204
,,,15549,,0.010414058342576027
,,,15550,,0.009123061783611774
,,,15551,,0.006609886884689331
,,,15552,,0.0067909518256783485
,,,15553,,0.008547600358724594
,,,15554,,0.009324390441179276
,,,15555,,0.04734926298260689
,,,15556,,0.03660045936703682
,,,15557,,0.02793457917869091
,,,15558,,0.031290989369153976
,,,15559,,0.046812161803245544
,,,15560,,0.02494547888636589
,,,15561,,0.029119141399860382
,,,15562,,0.03901733085513115
,,,15563,,0.026396621018648148
,,,15564,,0.033161211758852005
,,,15565,,0.027080677449703217
,,,15566,,0.02967436984181404
,,,15567,,0.04081057757139206
,,,15568,,0.03373156487941742
,,,15569,,0.03133855015039444
,,,15570,,0.030159587040543556
,,,15571,,0.015782026574015617
67,,,5507,0.007780576124787331,
67,0.0070337699726223946,,5507,,
68,,0.0073383282870054245,5509,,
68,,0.005352999083697796,5519,,
68,,0.0072103580459952354,5529,,
68,,0.009055023081600666,5539,,
68,,0.004603409208357334,5549,,
68,,0.010233893990516663,5559,,
68,,0.006506958976387978,5569,,
68,,0.010763905942440033,5579,,
,,,15572,,0.00022716519015375525
,,,15573,,0.00018477431149221957
,,,15574,,0.0004247322794981301
,,,15575,,0.00019718031398952007
,,,15576,,0.0003583987127058208
,,,15577,,0.00014799897326156497
,,,15578,,0.0003992404672317207
,,,15579,,0.0001554382179165259
,,,15580,,0.0003521618782542646
,,,15581,,0.00017029029550030828
,,,15582,,0.0006467425846494734
,,,15583,,0.0006051724194549024
,,,15584,,0.00017105444567278028
,,,15585,,0.0002213859697803855
,,,15586,,0.0004171278269495815
,,,15587,,0.00023024098481982946
,,,15588,,0.0005334294983185828
,,,15589,,0.00038570340257138014
,,,15590,,0.00030795502243563533
,,,15591,,0.000818641041405499
,,,15592,,0.00020527934248093516
,,,15593,,0.00016917515313252807
,,,15594,,0.0001291081280214712
,,,15595,,0.0005609069485217333
,,,15596,,0.00043368179467506707
,,,15597,,0.0003276171628385782
,,,15598,,0.00029457942582666874
,,,15599,,0.0053679002448916435
,,,15600,,0.017214199528098106
,,,15601,,0.014403728768229485
,,,15602,,0.014480898156762123
,,,15603,,0.015687115490436554
,,,15604,,0.01470269076526165
,,,15605,,0.08079121261835098
,,,15606,,0.02421678975224495
,,,15607,,0.012142491526901722
,,,15608,,0.014094499871134758
,,,15609,,0.00942031666636467
,,,15610,,0.005144319962710142
,,,15611,,0.01247393898665905
,,,15612,,0.007712130434811115
,,,15613,,0.004883934743702412
,,,15614,,0.013127632439136505
,,,15615,,0.013923915103077888
,,,15616,,0.005495293997228146
,,,15617,,0.01855439320206642
,,,15618,,0.008506670594215393
,,,15619,,0.00288172485306859
,,,15620,,0.009129825979471207
,,,15621,,0.004990493878722191
,,,15622,,0.0058692628517746925
,,,15623,,0.007449197582900524
,,,15624,,0.0025345548056066036
,,,15625,,0.007318814285099506
,,,15626,,0.00446914741769433
,,,15627,,0.009217243641614914
,,,15628,,0.008334072306752205
,,,15629,,0.0030526602640748024
,,,15630,,0.00477779982611537
,,,15631,,0.0029436592012643814
,,,15632,,0.004249755293130875
,,,15633,,0.002985891420394182
,,,15634,,0.0027792630717158318
,,,15635,,0.003954380750656128
,,,15636,,0.0033903690055012703
,,,15637,,0.0018589671235531569
,,,15638,,0.0033035289961844683
,,,15639,,0.008679011836647987
,,,15640,,0.003772759810090065
,,,15641,,0.001953158527612686
,,,15642,,0.00266946735791862
,,,15643,,0.00033277779584750533
,,,15644,,0.0008834426989778876
,,,15645,,0.0004491762083489448
,,,15646,,0.0003392565995454788
,,,15647,,0.0003300085954833776
,,,15648,,0.0003745610301848501
,,,15649,,0.00020282334298826754
,,,15650,,0.0003109964309260249
,,,15651,,0.00022744301531929523
,,,15652,,0.00044700189027935266
,,,15653,,0.00034867989597842097
,,,15654,,0.0009369176696054637
,,,15655,,0.0006391337374225259
,,,15656,,0.006111490540206432
,,,15657,,0.00753058772534132
,,,15658,,0.007325103506445885
,,,15659,,0.02298281528055668
,,,15660,,0.01596219465136528
,,,15661,,0.012187633663415909
,,,15662,,0.020100153982639313
,,,15663,,0.018467552959918976
,,,15664,,0.005998533219099045
,,,15665,,0.006008571945130825
,,,15666,,0.006141736637800932
,,,15667,,0.004751169588416815
,,,15668,,0.005277757067233324
,,,15669,,0.006202561780810356
,,,15670,,0.005036625545471907
,,,15671,,0.005044328048825264
,,,15672,,0.005966112483292818
,,,15673,,0.004922011401504278
,,,15674,,0.004388761706650257
,,,15675,,0.004593114368617535
,,,15676,,0.006050886586308479
,,,15677,,0.0057448274455964565
,,,15678,,0.0060193585231900215
,,,15679,,0.005516375415027142
,,,15680,,0.005254184827208519
,,,15681,,0.006722464691847563
,,,15682,,0.005990142002701759
,,,15683,,0.004478123039007187
,,,15684,,0.005998876411467791
,,,15685,,0.006130315363407135
,,,15686,,0.008877413347363472
,,,15687,,0.008853346109390259
,,,15688,,0.006447956431657076
,,,15689,,0.00560396583750844
,,,15690,,0.005236048251390457
,,,15691,,0.006069176830351353
,,,15692,,0.004812622908502817
,,,15693,,0.005291901528835297
,,,15694,,0.005379227921366692
,,,15695,,0.0050929998978972435
,,,15696,,0.005400669761002064
,,,15697,,0.005375665612518787
,,,15698,,0.004478044342249632
,,,15699,,0.004822183400392532
,,,15700,,0.004972451366484165
,,,15701,,0.006201755255460739
,,,15702,,0.00540144881233573
,,,15703,,0.006019304506480694
,,,15704,,0.005715532228350639
,,,15705,,0.005973307881504297
,,,15706,,0.0058942390605807304
,,,15707,,0.005478290840983391
,,,15708,,0.005198856815695763
,,,15709,,0.005733216647058725
,,,15710,,0.004156259819865227
,,,15711,,0.0044771526008844376
,,,15712,,0.003906643018126488
,,,15713,,0.003932153340429068
,,,15714,,0.003963156137615442
,,,15715,,0.004347988869994879
,,,15716,,0.0040219672955572605
,,,15717,,0.004034832119941711
,,,15718,,0.004074807744473219
,,,15719,,0.004075346980243921
,,,15720,,0.0033588791266083717
,,,15721,,0.0035667219199240208
,,,15722,,0.003927796147763729
,,,15723,,0.004194543696939945
,,,15724,,0.004024135414510965
,,,15725,,0.003915724810212851
,,,15726,,0.00453941198065877
,,,15727,,0.004272857680916786
,,,15728,,0.004211110062897205
,,,15729,,0.0037544765509665012
,,,15730,,0.0038789575919508934
,,,15731,,0.004395774565637112
,,,15732,,0.004419258330017328
,,,15733,,0.004921908490359783
,,,15734,,0.005564436316490173
,,,15735,,0.004941848106682301
,,,15736,,0.005334388464689255
,,,15737,,0.00463651679456234
,,,15738,,0.004136443138122559
,,,15739,,0.004585502203553915
,,,15740,,0.006017699837684631
,,,15741,,0.0050621237605810165
,,,15742,,0.004403132013976574
,,,15743,,0.00588089507073164
,,,15744,,0.004964557010680437
,,,15745,,0.0060761719942092896
,,,15746,,0.004824968986213207
,,,15747,,0.004448217339813709
,,,15748,,0.005344417877495289
,,,15749,,0.00518304668366909
,,,15750,,0.0044759404845535755
,,,15751,,0.0056439233012497425
,,,15752,,0.004919909872114658
,,,15753,,0.004830201156437397
,,,15754,,0.001732458476908505
,,,15755,,0.0016244904836639762
,,,15756,,0.0011988061014562845
,,,15757,,0.0012186879757791758
,,,15758,,0.0009481071028858423
,,,15759,,0.0010325271869078279
,,,15760,,0.001398627762682736
,,,15761,,0.0010827539954334497
,,,15762,,0.001374324900098145
,,,15763,,0.0013204391580075026
,,,15764,,0.001271949615329504
,,,15765,,0.0010019995970651507
,,,15766,,0.0011959580006077886
,,,15767,,0.003231954528018832
,,,15768,,0.003284719306975603
,,,15769,,0.004474039655178785
,,,15770,,0.003302517579868436
,,,15771,,0.001179134240373969
,,,15772,,0.011241856962442398
,,,15773,,0.002137833507731557
,,,15774,,0.0079122856259346
,,,15775,,0.0033115751575678587
,,,15776,,0.003289391752332449
,,,15777,,0.00680365227162838
,,,15778,,0.009331397712230682
,,,15779,,0.007738214917480946
,,,15780,,0.005054092966020107
,,,15781,,0.004901924170553684
,,,15782,,0.0066378312185406685
,,,15783,,0.008563690818846226
,,,15784,,0.04611766338348389
,,,15785,,0.03568980470299721
,,,15786,,0.02688399702310562
,,,15787,,0.030149314552545547
,,,15788,,0.045609667897224426
,,,15789,,0.023788411170244217
,,,15790,,0.028130102902650833
,,,15791,,0.037889596074819565
,,,15792,,0.025541767477989197
,,,15793,,0.03206680342555046
,,,15794,,0.025933606550097466
,,,15795,,0.028514012694358826
,,,15796,,0.039705343544483185
,,,15797,,0.03254571929574013
,,,15798,,0.030312346294522285
,,,15799,,0.02901853248476982
,,,15800,,0.014956963248550892
68,,,5588,0.007185753434896469,
68,0.007244504056870937,,5588,,
69,,0.00570257194340229,5589,,
69,,0.006763838697224855,5599,,
69,,0.007620501331984997,5609,,
69,,0.005224907770752907,5619,,
69,,0.0051399520598351955,5629,,
69,,0.005027606151998043,5639,,
69,,0.003094287822023034,5649,,
69,,0.012909242883324623,5659,,
69,,0.0020266897045075893,5669,,
,,,15801,,0.0003525319625623524
,,,15802,,0.0003198022022843361
,,,15803,,0.0005587709019891918
,,,15804,,0.00029926758725196123
,,,15805,,0.00048703933134675026
,,,15806,,0.00023586057068314403
,,,15807,,0.0005123420269228518
,,,15808,,0.0002616170677356422
,,,15809,,0.000428519124398008
,,,15810,,0.0002802452363539487
,,,15811,,0.000746615813113749
,,,15812,,0.0007655067602172494
,,,15813,,0.00030615791911259294
,,,15814,,0.00031185802072286606
,,,15815,,0.0004887639079242945
,,,15816,,0.0003140638582408428
,,,15817,,0.0006359355174936354
,,,15818,,0.00046690067392773926
,,,15819,,0.00040667486609891057
,,,15820,,0.0009297177894040942
,,,15821,,0.0002660593017935753
,,,15822,,0.0002483563730493188
,,,15823,,0.00019564866670407355
,,,15824,,0.00064650404965505
,,,15825,,0.0005248658126220107
,,,15826,,0.0004041458014398813
,,,15827,,0.0003946921497117728
,,,15828,,0.005487897899001837
,,,15829,,0.01719585433602333
,,,15830,,0.014400227926671505
,,,15831,,0.01449525821954012
,,,15832,,0.015702638775110245
,,,15833,,0.014762280508875847
,,,15834,,0.08067701756954193
,,,15835,,0.024116873741149902
,,,15836,,0.012127894908189774
,,,15837,,0.014083599671721458
,,,15838,,0.009451373480260372
,,,15839,,0.005188202019780874
,,,15840,,0.012500233948230743
,,,15841,,0.007858918979763985
,,,15842,,0.004985490348190069
,,,15843,,0.012960778549313545
,,,15844,,0.01404130831360817
,,,15845,,0.0056767817586660385
,,,15846,,0.018334226682782173
,,,15847,,0.008506937883794308
,,,15848,,0.003123864997178316
,,,15849,,0.009046540595591068
,,,15850,,0.004907964263111353
,,,15851,,0.005976618267595768
,,,15852,,0.007560851518064737
,,,15853,,0.0027626254595816135
,,,15854,,0.00728669622913003
,,,15855,,0.0043855044059455395
,,,15856,,0.009063376113772392
,,,15857,,0.008276287466287613
,,,15858,,0.002992850262671709
,,,15859,,0.004858005791902542
,,,15860,,0.0030944282189011574
,,,15861,,0.004243387840688229
,,,15862,,0.0029064796399325132
,,,15863,,0.0027986406348645687
,,,15864,,0.0038498202338814735
,,,15865,,0.0035590101033449173
,,,15866,,0.001888207858428359
,,,15867,,0.003494203556329012
,,,15868,,0.008489959873259068
,,,15869,,0.0037515705917030573
,,,15870,,0.001927817240357399
,,,15871,,0.0028343957383185625
,,,15872,,0.0004596234648488462
,,,15873,,0.0009613275760784745
,,,15874,,0.00041736155981197953
,,,15875,,0.0004462097422219813
,,,15876,,0.00044333899859339
,,,15877,,0.0004662338469643146
,,,15878,,0.0003217679332010448
,,,15879,,0.00030559147126041353
,,,15880,,0.000322150532156229
,,,15881,,0.0005107814795337617
,,,15882,,0.00042689553811214864
,,,15883,,0.0011923934798687696
,,,15884,,0.0006908717914484441
,,,15885,,0.006468998268246651
,,,15886,,0.007867683656513691
,,,15887,,0.007617063820362091
,,,15888,,0.02251952700316906
,,,15889,,0.015670502558350563
,,,15890,,0.01185951754450798
,,,15891,,0.019837498664855957
,,,15892,,0.01805964484810829
,,,15893,,0.005913241766393185
,,,15894,,0.005896750837564468
,,,15895,,0.006085329223424196
,,,15896,,0.004706039093434811
,,,15897,,0.0052428338676691055
,,,15898,,0.006082833744585514
,,,15899,,0.005005797371268272
,,,15900,,0.005002194084227085
,,,15901,,0.005910322070121765
,,,15902,,0.004929684568196535
,,,15903,,0.004374396055936813
,,,15904,,0.004531229846179485
,,,15905,,0.005999458022415638
,,,15906,,0.005669938400387764
,,,15907,,0.00592892337590456
,,,15908,,0.005462723784148693
,,,15909,,0.005174716468900442
,,,15910,,0.0066092973574995995
,,,15911,,0.005895148031413555
,,,15912,,0.00447625108063221
,,,15913,,0.005916062742471695
,,,15914,,0.0060121482238173485
,,,15915,,0.008821489289402962
,,,15916,,0.008848476223647594
,,,15917,,0.006449093110859394
,,,15918,,0.005538693629205227
,,,15919,,0.005199073813855648
,,,15920,,0.005971864797174931
,,,15921,,0.004794038832187653
,,,15922,,0.005215024575591087
,,,15923,,0.005320070777088404
,,,15924,,0.0050888461992144585
,,,15925,,0.005270190536975861
,,,15926,,0.005281810183078051
,,,15927,,0.004448141437023878
,,,15928,,0.004761683754622936
,,,15929,,0.004903802182525396
,,,15930,,0.0060861604288220406
,,,15931,,0.005263553466647863
,,,15932,,0.005924220662564039
,,,15933,,0.0055883219465613365
,,,15934,,0.005912773311138153
,,,15935,,0.005728499032557011
,,,15936,,0.0054228464141488075
,,,15937,,0.005104668438434601
,,,15938,,0.005682244896888733
,,,15939,,0.004073807038366795
,,,15940,,0.004326427821069956
,,,15941,,0.0037987984251230955
,,,15942,,0.0038105531129986048
,,,15943,,0.00387187534943223
,,,15944,,0.004238797817379236
,,,15945,,0.003920233342796564
,,,15946,,0.00391109474003315
,,,15947,,0.003947583958506584
,,,15948,,0.003971109166741371
,,,15949,,0.003295426955446601
,,,15950,,0.0034122159704566
,,,15951,,0.0037828809581696987
,,,15952,,0.004052527714520693
,,,15953,,0.0038859937340021133
,,,15954,,0.003790272166952491
,,,15955,,0.004333713091909885
,,,15956,,0.004163387697190046
,,,15957,,0.004047750029712915
,,,15958,,0.003650339785963297
,,,15959,,0.003750980133190751
,,,15960,,0.004282581154257059
,,,15961,,0.004379570949822664
,,,15962,,0.004943757317960262
,,,15963,,0.005571132991462946
,,,15964,,0.0049359858967363834
,,,15965,,0.0053293947130441666
,,,15966,,0.004620852414518595
,,,15967,,0.004139683675020933
,,,15968,,0.004615599289536476
,,,15969,,0.005981745198369026
,,,15970,,0.005053947679698467
,,,15971,,0.004391015972942114
,,,15972,,0.005871444474905729
,,,15973,,0.004962882958352566
,,,15974,,0.006078656762838364
,,,15975,,0.00482327863574028
,,,15976,,0.004470988642424345
,,,15977,,0.0053285714238882065
,,,15978,,0.005205860361456871
,,,15979,,0.004495515022426844
,,,15980,,0.0056212833151221275
,,,15981,,0.004902619402855635
,,,15982,,0.0048378645442426205
,,,15983,,0.0019875317811965942
,,,15984,,0.0017647286877036095
,,,15985,,0.0013044491643086076
,,,15986,,0.0013758697314187884
,,,15987,,0.0011569577036425471
,,,15988,,0.0012216512113809586
,,,15989,,0.0014906669966876507
,,,15990,,0.001249758992344141
,,,15991,,0.001627285499125719
,,,15992,,0.0015559366438537836
,,,15993,,0.0014433081960305572
,,,15994,,0.0012967209331691265
,,,15995,,0.0013597131473943591
,,,15996,,0.0032255351543426514
,,,15997,,0.00329078221693635
,,,15998,,0.004451523069292307
,,,15999,,0.003129284828901291
,,,16000,,0.0011928232852369547
,,,16001,,0.011166451498866081
,,,16002,,0.0021289531141519547
,,,16003,,0.00732057960703969
,,,16004,,0.003195162396878004
,,,16005,,0.003343628253787756
,,,16006,,0.0064114476554095745
,,,16007,,0.009296156466007233
,,,16008,,0.007676086388528347
,,,16009,,0.005131761077791452
,,,16010,,0.004715359769761562
,,,16011,,0.0067175887525081635
,,,16012,,0.008526969701051712
,,,16013,,0.04589824378490448
,,,16014,,0.03560928255319595
,,,16015,,0.026807701215147972
,,,16016,,0.03023410588502884
,,,16017,,0.04528794437646866
,,,16018,,0.023822249844670296
,,,16019,,0.028035148978233337
,,,16020,,0.03770819306373596
,,,16021,,0.02544967085123062
,,,16022,,0.031863778829574585
,,,16023,,0.025991274043917656
,,,16024,,0.028525851666927338
,,,16025,,0.03961532562971115
,,,16026,,0.03264765068888664
,,,16027,,0.03041422739624977
,,,16028,,0.02884596958756447
,,,16029,,0.015169233083724976
69,,,5669,0.007175998762249947,
69,0.006761147174984217,,5669,,
70,,0.0057470896281301975,5679,,
70,,0.007397417910397053,5689,,
70,,0.003251480869948864,5699,,
70,,0.005744104273617268,5709,,
70,,0.004608353599905968,5719,,
70,,0.004124648869037628,5729,,
70,,0.0061897533014416695,5739,,
70,,0.004840021021664143,5749,,
,,,16030,,0.0002920196275226772
,,,16031,,0.00024023361038416624
,,,16032,,0.00047688119229860604
,,,16033,,0.0002688720414880663
,,,16034,,0.0005003238911740482
,,,16035,,0.00020826264517381787
,,,16036,,0.0004967221757397056
,,,16037,,0.0002152451779693365
,,,16038,,0.0004676328971982002
,,,16039,,0.0002452586486469954
,,,16040,,0.000706082908436656
,,,16041,,0.0006785567384213209
,,,16042,,0.0002182467287639156
,,,16043,,0.00027647108072414994
,,,16044,,0.000457342917798087
,,,16045,,0.00028306589229032397
,,,16046,,0.0005947793833911419
,,,16047,,0.0003776096855290234
,,,16048,,0.00039940577698871493
,,,16049,,0.0008496128721162677
,,,16050,,0.0002479522372595966
,,,16051,,0.0002107937471009791
,,,16052,,0.00018608506070449948
,,,16053,,0.0005785257671959698
,,,16054,,0.00047285438631661236
,,,16055,,0.0003718795778695494
,,,16056,,0.00037158129271119833
,,,16057,,0.0053918445482850075
,,,16058,,0.017124151811003685
,,,16059,,0.01428551971912384
,,,16060,,0.0143153490498662
,,,16061,,0.015622788108885288
,,,16062,,0.014649156481027603
,,,16063,,0.08049082010984421
,,,16064,,0.024031557142734528
,,,16065,,0.011971240863204002
,,,16066,,0.013952047564089298
,,,16067,,0.009420177899301052
,,,16068,,0.00511765293776989
,,,16069,,0.012426948174834251
,,,16070,,0.007756087929010391
,,,16071,,0.004844006150960922
,,,16072,,0.012771785259246826
,,,16073,,0.013644309714436531
,,,16074,,0.005419441498816013
,,,16075,,0.018088633194565773
,,,16076,,0.008239764720201492
,,,16077,,0.0028633205220103264
,,,16078,,0.008858367800712585
,,,16079,,0.004772370681166649
,,,16080,,0.005707018543034792
,,,16081,,0.007317740470170975
,,,16082,,0.002629888243973255
,,,16083,,0.00714848330244422
,,,16084,,0.004079338163137436
,,,16085,,0.00887102261185646
,,,16086,,0.008022753521800041
,,,16087,,0.0028386355843394995
,,,16088,,0.004567337688058615
,,,16089,,0.0027258815243840218
,,,16090,,0.004051972646266222
,,,16091,,0.0027265637181699276
,,,16092,,0.0025959094054996967
,,,16093,,0.003689670702442527
,,,16094,,0.0032412351574748755
,,,16095,,0.0017224433831870556
,,,16096,,0.0032220492139458656
,,,16097,,0.008382334373891354
,,,16098,,0.003657568944618106
,,,16099,,0.0017533530481159687
,,,16100,,0.00260955560952425
,,,16101,,0.0003906221827492118
,,,16102,,0.0009622689103707671
,,,16103,,0.0004887091927230358
,,,16104,,0.0004338121507316828
,,,16105,,0.00038721744203940034
,,,16106,,0.00041925665573216975
,,,16107,,0.00030215916922315955
,,,16108,,0.00042240170296281576
,,,16109,,0.0003422905574552715
,,,16110,,0.0005695761064998806
,,,16111,,0.0004821037291549146
,,,16112,,0.0009643518133088946
,,,16113,,0.0006311485194601119
,,,16114,,0.0062079280614852905
,,,16115,,0.0074855568818748
,,,16116,,0.007432105019688606
,,,16117,,0.022871294990181923
,,,16118,,0.015811678022146225
,,,16119,,0.012294505722820759
,,,16120,,0.019866732880473137
,,,16121,,0.018020235002040863
,,,16122,,0.006085734814405441
,,,16123,,0.006176199298352003
,,,16124,,0.0062793949618935585
,,,16125,,0.0049048373475670815
,,,16126,,0.005446442868560553
,,,16127,,0.006310626864433289
,,,16128,,0.005201668478548527
,,,16129,,0.0051777297630906105
,,,16130,,0.006116350181400776
,,,16131,,0.005190717987716198
,,,16132,,0.004612566903233528
,,,16133,,0.004814134445041418
,,,16134,,0.006219370756298304
,,,16135,,0.005924521945416927
,,,16136,,0.006155587732791901
,,,16137,,0.0056989435106515884
,,,16138,,0.005421381443738937
,,,16139,,0.006805807817727327
,,,16140,,0.006049566902220249
,,,16141,,0.004641563165932894
,,,16142,,0.0061059207655489445
,,,16143,,0.0062302490696311
,,,16144,,0.009094547480344772
,,,16145,,0.008982018567621708
,,,16146,,0.0066570984199643135
,,,16147,,0.005580376833677292
,,,16148,,0.005264256615191698
,,,16149,,0.006022268906235695
,,,16150,,0.004805856849998236
,,,16151,,0.0052907150238752365
,,,16152,,0.005378488451242447
,,,16153,,0.005152056459337473
,,,16154,,0.005428184289485216
,,,16155,,0.005372457206249237
,,,16156,,0.004516176413744688
,,,16157,,0.004868559539318085
,,,16158,,0.0050797732546925545
,,,16159,,0.006197711452841759
,,,16160,,0.005346214864403009
,,,16161,,0.0059761591255664825
,,,16162,,0.0057334210723638535
,,,16163,,0.005962506867945194
,,,16164,,0.005800086073577404
,,,16165,,0.005504558328539133
,,,16166,,0.005208558402955532
,,,16167,,0.00574937928467989
,,,16168,,0.004178779199719429
,,,16169,,0.004523752257227898
,,,16170,,0.004011188168078661
,,,16171,,0.004010968375951052
,,,16172,,0.004023529589176178
,,,16173,,0.004426279105246067
,,,16174,,0.004147597588598728
,,,16175,,0.004090627655386925
,,,16176,,0.004180628806352615
,,,16177,,0.004110376350581646
,,,16178,,0.003417043946683407
,,,16179,,0.0036523141898214817
,,,16180,,0.00403527170419693
,,,16181,,0.00430486723780632
,,,16182,,0.0041588302701711655
,,,16183,,0.0040222760289907455
,,,16184,,0.004582465626299381
,,,16185,,0.004402964375913143
,,,16186,,0.004301460925489664
,,,16187,,0.003838897915557027
,,,16188,,0.00398227060213685
,,,16189,,0.004467557184398174
,,,16190,,0.004429630935192108
,,,16191,,0.0048628924414515495
,,,16192,,0.005530238151550293
,,,16193,,0.004948614165186882
,,,16194,,0.005324795842170715
,,,16195,,0.004600538872182369
,,,16196,,0.004152701701968908
,,,16197,,0.0046003698371350765
,,,16198,,0.005967511795461178
,,,16199,,0.00502600334584713
,,,16200,,0.004391646012663841
,,,16201,,0.005840435158461332
,,,16202,,0.004939458332955837
,,,16203,,0.006032485514879227
,,,16204,,0.004823122173547745
,,,16205,,0.004468159284442663
,,,16206,,0.005307070445269346
,,,16207,,0.0051485272124409676
,,,16208,,0.0044770995154976845
,,,16209,,0.005586806684732437
,,,16210,,0.004913384094834328
,,,16211,,0.00477906409651041
,,,16212,,0.0016987735871225595
,,,16213,,0.0015321187674999237
,,,16214,,0.0011384588433429599
,,,16215,,0.0012084287591278553
,,,16216,,0.0009618017356842756
,,,16217,,0.0010340774897485971
,,,16218,,0.0013124181423336267
,,,16219,,0.0010428365785628557
,,,16220,,0.0013999834191054106
,,,16221,,0.0012529224622994661
,,,16222,,0.0012517268769443035
,,,16223,,0.0010601133108139038
,,,16224,,0.0011882416438311338
,,,16225,,0.003003489226102829
,,,16226,,0.0030198623426258564
,,,16227,,0.004277023021131754
,,,16228,,0.002806954551488161
,,,16229,,0.0011375306639820337
,,,16230,,0.011491624638438225
,,,16231,,0.001954759005457163
,,,16232,,0.007475706748664379
,,,16233,,0.0030181363690644503
,,,16234,,0.003096504369750619
,,,16235,,0.006397574208676815
,,,16236,,0.00928034819662571
,,,16237,,0.007437922991812229
,,,16238,,0.004986147861927748
,,,16239,,0.004605120047926903
,,,16240,,0.006404837593436241
,,,16241,,0.008189555257558823
,,,16242,,0.04503864049911499
,,,16243,,0.034874651581048965
,,,16244,,0.026135191321372986
,,,16245,,0.0294308140873909
,,,16246,,0.0444953590631485
,,,16247,,0.02312442660331726
,,,16248,,0.02738267183303833
,,,16249,,0.0369073711335659
,,,16250,,0.024729423224925995
,,,16251,,0.031165633350610733
,,,16252,,0.025317903608083725
,,,16253,,0.027922391891479492
,,,16254,,0.03891213983297348
,,,16255,,0.031881626695394516
,,,16256,,0.02957295998930931
,,,16257,,0.02810468152165413
,,,16258,,0.01457175612449646
70,,,5750,0.007110750302672386,
70,0.006544336210936308,,5750,,
71,,0.005808764137327671,5759,,
71,,0.007974216714501381,5769,,
71,,0.012996465899050236,5779,,
71,,0.003607522463425994,5789,,
71,,0.0035471227020025253,5799,,
71,,0.007978321984410286,5809,,
71,,0.005517450161278248,5819,,
71,,0.007445234805345535,5829,,
,,,16259,,0.00031280951225198805
,,,16260,,0.00026782031636685133
,,,16261,,0.0004773944092448801
,,,16262,,0.0002845645067282021
,,,16263,,0.0005026041762903333
,,,16264,,0.00022082781651988626
,,,16265,,0.0005043242126703262
,,,16266,,0.00023160307318903506
,,,16267,,0.0004807172517757863
,,,16268,,0.0002531483769416809
,,,16269,,0.0007197456434369087
,,,16270,,0.0006715263007208705
,,,16271,,0.00023624807363376021
,,,16272,,0.000308177899569273
,,,16273,,0.0004658598336391151
,,,16274,,0.00028074305737391114
,,,16275,,0.0006133021088317037
,,,16276,,0.0003951599937863648
,,,16277,,0.00039016848313622177
,,,16278,,0.0009083438199013472
,,,16279,,0.0002600512816570699
,,,16280,,0.00021274252503644675
,,,16281,,0.0001945186231750995
,,,16282,,0.0006061464082449675
,,,16283,,0.0004920330829918385
,,,16284,,0.0004151662578806281
,,,16285,,0.0003758072853088379
,,,16286,,0.005391164682805538
,,,16287,,0.017164478078484535
,,,16288,,0.014269287697970867
,,,16289,,0.014397207647562027
,,,16290,,0.015639718621969223
,,,16291,,0.014617908746004105
,,,16292,,0.08020873367786407
,,,16293,,0.02405083179473877
,,,16294,,0.012041967362165451
,,,16295,,0.013968244194984436
,,,16296,,0.00943621713668108
,,,16297,,0.005125151015818119
,,,16298,,0.012418100610375404
,,,16299,,0.007672296836972237
,,,16300,,0.005049116909503937
,,,16301,,0.012770022265613079
,,,16302,,0.013750012964010239
,,,16303,,0.00559372641146183
,,,16304,,0.018176548182964325
,,,16305,,0.008424444124102592
,,,16306,,0.0030273436568677425
,,,16307,,0.00897094327956438
,,,16308,,0.004797697998583317
,,,16309,,0.005807776935398579
,,,16310,,0.007398209534585476
,,,16311,,0.0026387260295450687
,,,16312,,0.007184317335486412
,,,16313,,0.0041314964182674885
,,,16314,,0.008797132410109043
,,,16315,,0.007914761081337929
,,,16316,,0.002756045199930668
,,,16317,,0.004527441691607237
,,,16318,,0.0027285204268991947
,,,16319,,0.0039653414860367775
,,,16320,,0.002682490274310112
,,,16321,,0.002572920871898532
,,,16322,,0.003605164820328355
,,,16323,,0.0032597987446933985
,,,16324,,0.0016790132503956556
,,,16325,,0.0033125304616987705
,,,16326,,0.008294524624943733
,,,16327,,0.0035349007230252028
,,,16328,,0.0017882175743579865
,,,16329,,0.0025611459277570248
,,,16330,,0.00037851088563911617
,,,16331,,0.0009426934993825853
,,,16332,,0.000574195000808686
,,,16333,,0.00048213443369604647
,,,16334,,0.0004068547277711332
,,,16335,,0.0004473777371458709
,,,16336,,0.00026975234504789114
,,,16337,,0.00045392755419015884
,,,16338,,0.00031268270686268806
,,,16339,,0.0005491144838742912
,,,16340,,0.0005214479751884937
,,,16341,,0.0008142516599036753
,,,16342,,0.0006550184916704893
,,,16343,,0.006040849257260561
,,,16344,,0.00731604965403676
,,,16345,,0.007054762914776802
,,,16346,,0.021599071100354195
,,,16347,,0.014817092567682266
,,,16348,,0.011548636481165886
,,,16349,,0.018984753638505936
,,,16350,,0.017441563308238983
,,,16351,,0.005763049237430096
,,,16352,,0.005746246315538883
,,,16353,,0.0059432657435536385
,,,16354,,0.004638975486159325
,,,16355,,0.005107835866510868
,,,16356,,0.005923189222812653
,,,16357,,0.004923216067254543
,,,16358,,0.0049244496040046215
,,,16359,,0.005830590613186359
,,,16360,,0.004842017777264118
,,,16361,,0.004268887918442488
,,,16362,,0.004389692563563585
,,,16363,,0.005859815049916506
,,,16364,,0.0055841789580881596
,,,16365,,0.005801013670861721
,,,16366,,0.005353249609470367
,,,16367,,0.005091825500130653
,,,16368,,0.006539477035403252
,,,16369,,0.005799328908324242
,,,16370,,0.004362704232335091
,,,16371,,0.0058059087023139
,,,16372,,0.005962611176073551
,,,16373,,0.008591124787926674
,,,16374,,0.008638461120426655
,,,16375,,0.006296174600720406
,,,16376,,0.005429130047559738
,,,16377,,0.0051625980995595455
,,,16378,,0.005894265603274107
,,,16379,,0.004765531979501247
,,,16380,,0.005151347257196903
,,,16381,,0.0052907513454556465
,,,16382,,0.004995730239897966
,,,16383,,0.0052911704406142235
,,,16384,,0.005259049125015736
,,,16385,,0.004375429358333349
,,,16386,,0.004753493703901768
,,,16387,,0.004859915468841791
,,,16388,,0.006004958413541317
,,,16389,,0.0052002123557031155
,,,16390,,0.005873377900570631
,,,16391,,0.0055830515921115875
,,,16392,,0.005850161425769329
,,,16393,,0.0057099442929029465
,,,16394,,0.005381288472563028
,,,16395,,0.005104272160679102
,,,16396,,0.005623261909931898
,,,16397,,0.0040717534720897675
,,,16398,,0.004292372614145279
,,,16399,,0.003740893676877022
,,,16400,,0.0037846192717552185
,,,16401,,0.0038306796923279762
,,,16402,,0.0041517456993460655
,,,16403,,0.0038016659673303366
,,,16404,,0.0038395561277866364
,,,16405,,0.00391084048897028
,,,16406,,0.0038909444119781256
,,,16407,,0.00319686159491539
,,,16408,,0.0033806967549026012
,,,16409,,0.003753463737666607
,,,16410,,0.004035554826259613
,,,16411,,0.003825722262263298
,,,16412,,0.003734094789251685
,,,16413,,0.004306914750486612
,,,16414,,0.0040968796238303185
,,,16415,,0.0040316153317689896
,,,16416,,0.0035922671668231487
,,,16417,,0.0037172960583120584
,,,16418,,0.004244709387421608
,,,16419,,0.004266832955181599
,,,16420,,0.0047487523406744
,,,16421,,0.005382833071053028
,,,16422,,0.004773338325321674
,,,16423,,0.0051393695175647736
,,,16424,,0.004440917633473873
,,,16425,,0.003977074753493071
,,,16426,,0.004425507038831711
,,,16427,,0.005792984738945961
,,,16428,,0.0048913550563156605
,,,16429,,0.004238029010593891
,,,16430,,0.005694030784070492
,,,16431,,0.004804456606507301
,,,16432,,0.005849815439432859
,,,16433,,0.004651729948818684
,,,16434,,0.004285314120352268
,,,16435,,0.005153689533472061
,,,16436,,0.005015598610043526
,,,16437,,0.0043318066745996475
,,,16438,,0.005459977313876152
,,,16439,,0.004737048875540495
,,,16440,,0.004648443311452866
,,,16441,,0.001789303496479988
,,,16442,,0.0016150937881320715
,,,16443,,0.001185053726658225
,,,16444,,0.0012735550990328193
,,,16445,,0.0009827170288190246
,,,16446,,0.0010953126475214958
,,,16447,,0.0014427293790504336
,,,16448,,0.0011147665791213512
,,,16449,,0.0014167302288115025
,,,16450,,0.001311577158048749
,,,16451,,0.0013052077265456319
,,,16452,,0.001154156168922782
,,,16453,,0.0012515317648649216
,,,16454,,0.00293278438039124
,,,16455,,0.0028200307860970497
,,,16456,,0.004197520203888416
,,,16457,,0.0025790580548346043
,,,16458,,0.0011015774216502905
,,,16459,,0.01036364957690239
,,,16460,,0.0019020447507500648
,,,16461,,0.00723400991410017
,,,16462,,0.0030496560502797365
,,,16463,,0.0028899195604026318
,,,16464,,0.006077817641198635
,,,16465,,0.008813625201582909
,,,16466,,0.00721819419413805
,,,16467,,0.004631637595593929
,,,16468,,0.004245212767273188
,,,16469,,0.006111793220043182
,,,16470,,0.00798369012773037
,,,16471,,0.04458169639110565
,,,16472,,0.0343581959605217
,,,16473,,0.025674402713775635
,,,16474,,0.028908222913742065
,,,16475,,0.04402826726436615
,,,16476,,0.02283100038766861
,,,16477,,0.026876384392380714
,,,16478,,0.03636426478624344
,,,16479,,0.024409014731645584
,,,16480,,0.03053509257733822
,,,16481,,0.024914365261793137
,,,16482,,0.027318529784679413
,,,16483,,0.038390956819057465
,,,16484,,0.03141523897647858
,,,16485,,0.029024619609117508
,,,16486,,0.02771260216832161
,,,16487,,0.014491990208625793
71,,,5831,0.006954628974199295,
71,0.006347909104079008,,5831,,
72,,0.0048464033752679825,5839,,
72,,0.0055057574063539505,5849,,
72,,0.003996756859123707,5859,,
72,,0.006662026979029179,5869,,
72,,0.007261224091053009,5879,,
72,,0.006221278570592403,5889,,
72,,0.006508481688797474,5899,,
72,,0.00603496003895998,5909,,
,,,16488,,0.0004104186373297125
,,,16489,,0.00034726347075775266
,,,16490,,0.0006185478414408863
,,,16491,,0.00037095055449754
,,,16492,,0.000552274112123996
,,,16493,,0.0003264932020101696
,,,16494,,0.0005730710690841079
,,,16495,,0.00032751995604485273
,,,16496,,0.0005149046191945672
,,,16497,,0.0003364381263963878
,,,16498,,0.0007987113785929978
,,,16499,,0.0007790261879563332
,,,16500,,0.00031966331880539656
,,,16501,,0.0004069175338372588
,,,16502,,0.0006024801987223327
,,,16503,,0.0003808718465734273
,,,16504,,0.0007628959720022976
,,,16505,,0.0005532056675292552
,,,16506,,0.0004900401690974832
,,,16507,,0.001056484878063202
,,,16508,,0.0003878080751746893
,,,16509,,0.00033813249319791794
,,,16510,,0.00030121399322524667
,,,16511,,0.0007776714046485722
,,,16512,,0.0005887923762202263
,,,16513,,0.0005444897105917335
,,,16514,,0.0004448433464858681
,,,16515,,0.005813449155539274
,,,16516,,0.017698068171739578
,,,16517,,0.014862168580293655
,,,16518,,0.014722096733748913
,,,16519,,0.016157379373908043
,,,16520,,0.015131914988160133
,,,16521,,0.08090166002511978
,,,16522,,0.024636726826429367
,,,16523,,0.012489628046751022
,,,16524,,0.01447006780654192
,,,16525,,0.009921032935380936
,,,16526,,0.005625366233289242
,,,16527,,0.012958042323589325
,,,16528,,0.008154431357979774
,,,16529,,0.005211152136325836
,,,16530,,0.012968838214874268
,,,16531,,0.013995109125971794
,,,16532,,0.00585979362949729
,,,16533,,0.018470020964741707
,,,16534,,0.008720563724637032
,,,16535,,0.003287806874141097
,,,16536,,0.009227380156517029
,,,16537,,0.004972198978066444
,,,16538,,0.005948743782937527
,,,16539,,0.0077243344858288765
,,,16540,,0.003005049657076597
,,,16541,,0.00743419723585248
,,,16542,,0.004581228829920292
,,,16543,,0.009020145051181316
,,,16544,,0.008075285702943802
,,,16545,,0.003098714165389538
,,,16546,,0.004838315770030022
,,,16547,,0.003178086131811142
,,,16548,,0.004330412484705448
,,,16549,,0.003144875168800354
,,,16550,,0.0029944018460810184
,,,16551,,0.003961645998060703
,,,16552,,0.003478436730802059
,,,16553,,0.0018657231703400612
,,,16554,,0.0039229802787303925
,,,16555,,0.008455954492092133
,,,16556,,0.004008191637694836
,,,16557,,0.0020919195376336575
,,,16558,,0.002749939216300845
,,,16559,,0.0005385130643844604
,,,16560,,0.0012081378372386098
,,,16561,,0.0010404622880741954
,,,16562,,0.0007484607631340623
,,,16563,,0.0005647024372592568
,,,16564,,0.0006211941363289952
,,,16565,,0.0003371335915289819
,,,16566,,0.0007951336447149515
,,,16567,,0.00042721835779957473
,,,16568,,0.0007572377799078822
,,,16569,,0.0008251498220488429
,,,16570,,0.00052729866001755
,,,16571,,0.0008654267294332385
,,,16572,,0.006080949679017067
,,,16573,,0.0074461763724684715
,,,16574,,0.007326996419578791
,,,16575,,0.02303161472082138
,,,16576,,0.015978161245584488
,,,16577,,0.012215066701173782
,,,16578,,0.019167790189385414
,,,16579,,0.017689593136310577
,,,16580,,0.0059016915038228035
,,,16581,,0.005959857255220413
,,,16582,,0.006089792121201754
,,,16583,,0.004766634665429592
,,,16584,,0.005283048376441002
,,,16585,,0.006054146680980921
,,,16586,,0.005006443243473768
,,,16587,,0.00505560077726841
,,,16588,,0.00599345937371254
,,,16589,,0.004916491452604532
,,,16590,,0.004436318762600422
,,,16591,,0.004576950334012508
,,,16592,,0.006020467262715101
,,,16593,,0.005720885470509529
,,,16594,,0.006063208915293217
,,,16595,,0.005551719106733799
,,,16596,,0.005215007346123457
,,,16597,,0.006746803410351276
,,,16598,,0.005928744096308947
,,,16599,,0.004458681680262089
,,,16600,,0.006065667606890202
,,,16601,,0.006192556116729975
,,,16602,,0.009746731258928776
,,,16603,,0.009530166164040565
,,,16604,,0.007048994302749634
,,,16605,,0.0053875986486673355
,,,16606,,0.0051180399022996426
,,,16607,,0.005866548046469688
,,,16608,,0.004704034421592951
,,,16609,,0.005088240839540958
,,,16610,,0.00519231241196394
,,,16611,,0.0049348552711308
,,,16612,,0.005219061393290758
,,,16613,,0.005241263657808304
,,,16614,,0.004322984255850315
,,,16615,,0.004691227804869413
,,,16616,,0.0048231990076601505
,,,16617,,0.006004723720252514
,,,16618,,0.005124213639646769
,,,16619,,0.0057868631556630135
,,,16620,,0.005519101396203041
,,,16621,,0.005798962898552418
,,,16622,,0.005603490397334099
,,,16623,,0.005316616967320442
,,,16624,,0.0050437841564416885
,,,16625,,0.005568028427660465
,,,16626,,0.004030072130262852
,,,16627,,0.004359690472483635
,,,16628,,0.0038502253592014313
,,,16629,,0.0037905527278780937
,,,16630,,0.0038871883880347013
,,,16631,,0.004222150892019272
,,,16632,,0.0038683502934873104
,,,16633,,0.0039563653990626335
,,,16634,,0.003969219513237476
,,,16635,,0.003929332830011845
,,,16636,,0.0033043723087757826
,,,16637,,0.0035253670066595078
,,,16638,,0.0037995073944330215
,,,16639,,0.0041132173500955105
,,,16640,,0.003912895917892456
,,,16641,,0.003839815966784954
,,,16642,,0.004326388239860535
,,,16643,,0.004130343906581402
,,,16644,,0.004058888182044029
,,,16645,,0.003656851127743721
,,,16646,,0.003797206562012434
,,,16647,,0.004295237362384796
,,,16648,,0.004252356477081776
,,,16649,,0.00473124859854579
,,,16650,,0.005371570587158203
,,,16651,,0.004744161386042833
,,,16652,,0.005112860351800919
,,,16653,,0.004416972398757935
,,,16654,,0.0039550927467644215
,,,16655,,0.004389652982354164
,,,16656,,0.005759458057582378
,,,16657,,0.00486458744853735
,,,16658,,0.004201746080070734
,,,16659,,0.005652048625051975
,,,16660,,0.00478841457515955
,,,16661,,0.005854124203324318
,,,16662,,0.004658799152821302
,,,16663,,0.004285821225494146
,,,16664,,0.005115570966154337
,,,16665,,0.004969105124473572
,,,16666,,0.0043002464808523655
,,,16667,,0.00543090607970953
,,,16668,,0.004711868241429329
,,,16669,,0.004652339965105057
,,,16670,,0.0021420354023575783
,,,16671,,0.002054351381957531
,,,16672,,0.00166299135889858
,,,16673,,0.0016557968920096755
,,,16674,,0.0013018683530390263
,,,16675,,0.0014358373591676354
,,,16676,,0.0019330291543155909
,,,16677,,0.0014555880334228277
,,,16678,,0.0018674484454095364
,,,16679,,0.001750740222632885
,,,16680,,0.001726416521705687
,,,16681,,0.0013444111682474613
,,,16682,,0.0016846616053953767
,,,16683,,0.003397582797333598
,,,16684,,0.00315597141161561
,,,16685,,0.004390894901007414
,,,16686,,0.0029918616637587547
,,,16687,,0.0012092230608686805
,,,16688,,0.011150103993713856
,,,16689,,0.00202825921587646
,,,16690,,0.006999161094427109
,,,16691,,0.0031751925125718117
,,,16692,,0.003084378782659769
,,,16693,,0.006386056542396545
,,,16694,,0.009272436611354351
,,,16695,,0.0075318217277526855
,,,16696,,0.0051288059912621975
,,,16697,,0.004609656520187855
,,,16698,,0.006755279377102852
,,,16699,,0.008237875998020172
,,,16700,,0.04526437446475029
,,,16701,,0.035020001232624054
,,,16702,,0.02653348445892334
,,,16703,,0.029728133231401443
,,,16704,,0.044644832611083984
,,,16705,,0.023328818380832672
,,,16706,,0.02768794447183609
,,,16707,,0.03716196119785309
,,,16708,,0.0251382514834404
,,,16709,,0.031243901699781418
,,,16710,,0.025630364194512367
,,,16711,,0.02808116003870964
,,,16712,,0.03912903368473053
,,,16713,,0.0320667065680027
,,,16714,,0.02958560362458229
,,,16715,,0.028350554406642914
,,,16716,,0.014589686878025532
72,,,5912,0.00718787033110857,
72,0.006830261088907719,,5912,,
73,,0.003176923841238022,5919,,
73,,0.011376484297215939,5929,,
73,,0.004239208996295929,5939,,
73,,0.018191097304224968,5949,,
73,,0.006025259383022785,5959,,
73,,0.004915160592645407,5969,,
73,,0.005138595588505268,5979,,
73,,0.005422663409262896,5989,,
,,,16717,,0.0007274940726347268
,,,16718,,0.0007812853436917067
,,,16719,,0.0007697693072259426
,,,16720,,0.0005466910661198199
,,,16721,,0.001328120008111
,,,16722,,0.0003588638792280108
,,,16723,,0.0006734047783538699
,,,16724,,0.0004753654357045889
,,,16725,,0.0009039050783030689
,,,16726,,0.0004892767174169421
,,,16727,,0.000933944946154952
,,,16728,,0.0009067525388672948
,,,16729,,0.0005327101098373532
,,,16730,,0.0006443996680900455
,,,16731,,0.0007718830602243543
,,,16732,,0.0006962592015042901
,,,16733,,0.0015443823067471385
,,,16734,,0.0009134163847193122
,,,16735,,0.0012538778828456998
,,,16736,,0.001222735969349742
,,,16737,,0.0005058548995293677
,,,16738,,0.0007749685901217163
,,,16739,,0.0006344241555780172
,,,16740,,0.001125634415075183
,,,16741,,0.0011172359809279442
,,,16742,,0.0011123399017378688
,,,16743,,0.0009253588505089283
,,,16744,,0.005768727045506239
,,,16745,,0.017539530992507935
,,,16746,,0.01446080207824707
,,,16747,,0.014712579548358917
,,,16748,,0.01604923978447914
,,,16749,,0.014862307347357273
,,,16750,,0.08032026886940002
,,,16751,,0.02418294921517372
,,,16752,,0.01224749069660902
,,,16753,,0.014201628044247627
,,,16754,,0.009831229224801064
,,,16755,,0.005685667507350445
,,,16756,,0.012681115418672562
,,,16757,,0.00809614546597004
,,,16758,,0.005451519973576069
,,,16759,,0.012978347018361092
,,,16760,,0.01393812894821167
,,,16761,,0.005906899459660053
,,,16762,,0.018427610397338867
,,,16763,,0.008662967011332512
,,,16764,,0.003388516139239073
,,,16765,,0.009210716001689434
,,,16766,,0.005057543981820345
,,,16767,,0.006072857417166233
,,,16768,,0.00771376583725214
,,,16769,,0.0031417799182236195
,,,16770,,0.0076083410531282425
,,,16771,,0.004864374175667763
,,,16772,,0.009154807776212692
,,,16773,,0.008405409753322601
,,,16774,,0.003289558691903949
,,,16775,,0.005119694396853447
,,,16776,,0.0032966535072773695
,,,16777,,0.004596207290887833
,,,16778,,0.003213298972696066
,,,16779,,0.003070916049182415
,,,16780,,0.004106631502509117
,,,16781,,0.003867134917527437
,,,16782,,0.002210862236097455
,,,16783,,0.0039506834000349045
,,,16784,,0.008646788075566292
,,,16785,,0.004068617708981037
,,,16786,,0.002389322966337204
,,,16787,,0.0030268984846770763
,,,16788,,0.0005451623583212495
,,,16789,,0.0010926089016720653
,,,16790,,0.0007511067087762058
,,,16791,,0.00059280707500875
,,,16792,,0.0006333400961011648
,,,16793,,0.0004969072761014104
,,,16794,,0.0003875404072459787
,,,16795,,0.000699768541380763
,,,16796,,0.00047332089161500335
,,,16797,,0.0008904617861844599
,,,16798,,0.0007320601143874228
,,,16799,,0.0008098967373371124
,,,16800,,0.00074637500802055
,,,16801,,0.005962983705103397
,,,16802,,0.00722702220082283
,,,16803,,0.0069719646126031876
,,,16804,,0.0226040780544281
,,,16805,,0.015286341309547424
,,,16806,,0.011463996954262257
,,,16807,,0.01901494711637497
,,,16808,,0.017407238483428955
,,,16809,,0.0060345688834786415
,,,16810,,0.006164188962429762
,,,16811,,0.00633504381403327
,,,16812,,0.00497150793671608
,,,16813,,0.0054952222853899
,,,16814,,0.006242306903004646
,,,16815,,0.0052790651097893715
,,,16816,,0.005316763184964657
,,,16817,,0.006048564333468676
,,,16818,,0.005194752477109432
,,,16819,,0.004773685708642006
,,,16820,,0.004746704362332821
,,,16821,,0.0064184898510575294
,,,16822,,0.005900212563574314
,,,16823,,0.006215304136276245
,,,16824,,0.0057439664378762245
,,,16825,,0.005412665661424398
,,,16826,,0.006835869513452053
,,,16827,,0.006112090311944485
,,,16828,,0.004680880345404148
,,,16829,,0.006216700188815594
,,,16830,,0.0061764102429151535
,,,16831,,0.00880906917154789
,,,16832,,0.008696974255144596
,,,16833,,0.006659413687884808
,,,16834,,0.006056884303689003
,,,16835,,0.005515641532838345
,,,16836,,0.006379701197147369
,,,16837,,0.005163821391761303
,,,16838,,0.005583064630627632
,,,16839,,0.005718403495848179
,,,16840,,0.005564617924392223
,,,16841,,0.005674345884472132
,,,16842,,0.005483473185449839
,,,16843,,0.004913318902254105
,,,16844,,0.005123473703861237
,,,16845,,0.005259939935058355
,,,16846,,0.006545470096170902
,,,16847,,0.005692023318260908
,,,16848,,0.00629003718495369
,,,16849,,0.005880115088075399
,,,16850,,0.006382444873452187
,,,16851,,0.006087595596909523
,,,16852,,0.00567020894959569
,,,16853,,0.005404065828770399
,,,16854,,0.0061185322701931
,,,16855,,0.004442065022885799
,,,16856,,0.004805341828614473
,,,16857,,0.004206477664411068
,,,16858,,0.0041863806545734406
,,,16859,,0.004264096729457378
,,,16860,,0.004581085406243801
,,,16861,,0.004294759593904018
,,,16862,,0.00437079556286335
,,,16863,,0.0042992932721972466
,,,16864,,0.004520043730735779
,,,16865,,0.003699769265949726
,,,16866,,0.003771483898162842
,,,16867,,0.004244669806212187
,,,16868,,0.004429334308952093
,,,16869,,0.004304640460759401
,,,16870,,0.004203906748443842
,,,16871,,0.005032817367464304
,,,16872,,0.00459322240203619
,,,16873,,0.004412577487528324
,,,16874,,0.0039865546859800816
,,,16875,,0.004143577069044113
,,,16876,,0.004716088995337486
,,,16877,,0.005020990967750549
,,,16878,,0.005505152512341738
,,,16879,,0.006067909300327301
,,,16880,,0.005582158919423819
,,,16881,,0.005929321516305208
,,,16882,,0.0052777547389268875
,,,16883,,0.004895097576081753
,,,16884,,0.005260447971522808
,,,16885,,0.006441387813538313
,,,16886,,0.0056830355897545815
,,,16887,,0.005044878460466862
,,,16888,,0.00636560283601284
,,,16889,,0.005539451725780964
,,,16890,,0.006561991758644581
,,,16891,,0.005426594987511635
,,,16892,,0.00508497841656208
,,,16893,,0.005875052884221077
,,,16894,,0.005671665072441101
,,,16895,,0.00507788872346282
,,,16896,,0.006165971048176289
,,,16897,,0.005543260835111141
,,,16898,,0.005293077323585749
,,,16899,,0.0019684412982314825
,,,16900,,0.0016865292564034462
,,,16901,,0.0012021190486848354
,,,16902,,0.001287007937207818
,,,16903,,0.0010570953600108624
,,,16904,,0.0011225866619497538
,,,16905,,0.0014956616796553135
,,,16906,,0.00115588482003659
,,,16907,,0.0016962052322924137
,,,16908,,0.0013580870581790805
,,,16909,,0.0013386411592364311
,,,16910,,0.0012778331292793155
,,,16911,,0.0013525716494768858
,,,16912,,0.004819308407604694
,,,16913,,0.004779142327606678
,,,16914,,0.0067034633830189705
,,,16915,,0.005831075366586447
,,,16916,,0.0020645116455852985
,,,16917,,0.013663481920957565
,,,16918,,0.0030185766518115997
,,,16919,,0.009512655436992645
,,,16920,,0.003952920902520418
,,,16921,,0.004375849850475788
,,,16922,,0.00856811460107565
,,,16923,,0.010552672669291496
,,,16924,,0.009207280352711678
,,,16925,,0.007263130508363247
,,,16926,,0.007511728443205357
,,,16927,,0.01023157499730587
,,,16928,,0.009452725760638714
,,,16929,,0.04536068066954613
,,,16930,,0.03489936515688896
,,,16931,,0.026440810412168503
,,,16932,,0.029575200751423836
,,,16933,,0.04461614787578583
,,,16934,,0.02329307608306408
,,,16935,,0.027573030441999435
,,,16936,,0.037155941128730774
,,,16937,,0.02511388435959816
,,,16938,,0.031531691551208496
,,,16939,,0.025583337992429733
,,,16940,,0.027927784249186516
,,,16941,,0.03901629149913788
,,,16942,,0.032406993210315704
,,,16943,,0.02976306527853012
,,,16944,,0.028292665258049965
,,,16945,,0.015285508707165718
73,,,5993,0.007507790345698595,
73,0.006837625987827778,,5993,,
74,,0.007629354018718004,5999,,
74,,0.0049811420030891895,6009,,
74,,0.009012870490550995,6019,,
74,,0.008371036499738693,6029,,
74,,0.0032431406434625387,6039,,
74,,0.007289727684110403,6049,,
74,,0.0056883664801716805,6059,,
74,,0.006345225963741541,6069,,
,,,16946,,0.00023012726160231978
,,,16947,,0.00016802464961074293
,,,16948,,0.0004026257083751261
,,,16949,,0.00018646939133759588
,,,16950,,0.0003807172761298716
,,,16951,,0.00013315174146555364
,,,16952,,0.0004112751630600542
,,,16953,,0.00013808676158078015
,,,16954,,0.0003391368663869798
,,,16955,,0.00016303884331136942
,,,16956,,0.0006104428903199732
,,,16957,,0.0005949489423073828
,,,16958,,0.00014281063340604305
,,,16959,,0.00021350070892367512
,,,16960,,0.0004160380340181291
,,,16961,,0.0002141466102330014
,,,16962,,0.0005358802736736834
,,,16963,,0.00030957208946347237
,,,16964,,0.00030959767173044384
,,,16965,,0.00078123330604285
,,,16966,,0.00020136804960202426
,,,16967,,0.00014781596837565303
,,,16968,,0.00014215217379387468
,,,16969,,0.0005274310824461281
,,,16970,,0.00040982928476296365
,,,16971,,0.00034498446621000767
,,,16972,,0.0002984760794788599
,,,16973,,0.005135835148394108
,,,16974,,0.016731135547161102
,,,16975,,0.013845973648130894
,,,16976,,0.013977926224470139
,,,16977,,0.015274460427463055
,,,16978,,0.014211815781891346
,,,16979,,0.07943321764469147
,,,16980,,0.02354733645915985
,,,16981,,0.011578192003071308
,,,16982,,0.013595687225461006
,,,16983,,0.009121733717620373
,,,16984,,0.0048562996089458466
,,,16985,,0.012087901122868061
,,,16986,,0.007416804786771536
,,,16987,,0.004582433961331844
,,,16988,,0.01217198558151722
,,,16989,,0.013198807835578918
,,,16990,,0.005173458717763424
,,,16991,,0.017349930480122566
,,,16992,,0.007886866107583046
,,,16993,,0.002698535332456231
,,,16994,,0.008456236682832241
,,,16995,,0.004584065638482571
,,,16996,,0.005499262362718582
,,,16997,,0.007025567814707756
,,,16998,,0.0024508601054549217
,,,16999,,0.006834342144429684
,,,17000,,0.0038674583192914724
,,,17001,,0.008363530971109867
,,,17002,,0.007568201050162315
,,,17003,,0.0025820883456617594
,,,17004,,0.004295094404369593
,,,17005,,0.0026519345119595528
,,,17006,,0.003744620131328702
,,,17007,,0.002543882466852665
,,,17008,,0.0024150130338966846
,,,17009,,0.0034283227287232876
,,,17010,,0.002998203504830599
,,,17011,,0.0015006327303126454
,,,17012,,0.0029177311807870865
,,,17013,,0.007908857427537441
,,,17014,,0.003393372520804405
,,,17015,,0.0015430909115821123
,,,17016,,0.0023238202556967735
,,,17017,,0.0002656072610989213
,,,17018,,0.0008647103095427155
,,,17019,,0.0005398408393375576
,,,17020,,0.00034423774923197925
,,,17021,,0.00028993014711886644
,,,17022,,0.00033343251561746
,,,17023,,0.00016441912157461047
,,,17024,,0.0003467380302026868
,,,17025,,0.00020973500795662403
,,,17026,,0.00042568790377117693
,,,17027,,0.0003971737460233271
,,,17028,,0.0006479346193373203
,,,17029,,0.0005606915801763535
,,,17030,,0.005856391042470932
,,,17031,,0.0071876030415296555
,,,17032,,0.008819212205708027
,,,17033,,0.03140084818005562
,,,17034,,0.024354998022317886
,,,17035,,0.016947217285633087
,,,17036,,0.018296845257282257
,,,17037,,0.016909081488847733
,,,17038,,0.005467691458761692
,,,17039,,0.005518865771591663
,,,17040,,0.005662428215146065
,,,17041,,0.004380017053335905
,,,17042,,0.004871434066444635
,,,17043,,0.005701437126845121
,,,17044,,0.004683472216129303
,,,17045,,0.004675929434597492
,,,17046,,0.005520475097000599
,,,17047,,0.004563824273645878
,,,17048,,0.004078292287886143
,,,17049,,0.004285974428057671
,,,17050,,0.0056082261726260185
,,,17051,,0.00531582348048687
,,,17052,,0.005543709732592106
,,,17053,,0.005127536598592997
,,,17054,,0.004880230873823166
,,,17055,,0.00621844083070755
,,,17056,,0.005520149599760771
,,,17057,,0.004128484055399895
,,,17058,,0.0055432310327887535
,,,17059,,0.0056709847413003445
,,,17060,,0.008144363760948181
,,,17061,,0.008118130266666412
,,,17062,,0.005993432365357876
,,,17063,,0.005211960524320602
,,,17064,,0.0048662093468010426
,,,17065,,0.005573349539190531
,,,17066,,0.004458251409232616
,,,17067,,0.0048605902120471
,,,17068,,0.00493986252695322
,,,17069,,0.00468794908374548
,,,17070,,0.004936280660331249
,,,17071,,0.004932578653097153
,,,17072,,0.004112801980227232
,,,17073,,0.004474632907658815
,,,17074,,0.0046060094609856606
,,,17075,,0.005688496865332127
,,,17076,,0.0049347542226314545
,,,17077,,0.005538382101804018
,,,17078,,0.00525561161339283
,,,17079,,0.005507524125277996
,,,17080,,0.005336171016097069
,,,17081,,0.005046596750617027
,,,17082,,0.00475071556866169
,,,17083,,0.005270804278552532
,,,17084,,0.0037844213657081127
,,,17085,,0.004036866594105959
,,,17086,,0.0035380562767386436
,,,17087,,0.003566885832697153
,,,17088,,0.003596966853365302
,,,17089,,0.003968163393437862
,,,17090,,0.00360584887675941
,,,17091,,0.003647749312222004
,,,17092,,0.0036624609492719173
,,,17093,,0.003690137527883053
,,,17094,,0.00303761032409966
,,,17095,,0.0032146666198968887
,,,17096,,0.0035216440446674824
,,,17097,,0.0038423838559538126
,,,17098,,0.0036277975887060165
,,,17099,,0.0035358762834221125
,,,17100,,0.004068837966769934
,,,17101,,0.003878141287714243
,,,17102,,0.0038111181929707527
,,,17103,,0.0034077679738402367
,,,17104,,0.0035222258884459734
,,,17105,,0.003991402685642242
,,,17106,,0.004129360429942608
,,,17107,,0.004579593427479267
,,,17108,,0.0051934137009084225
,,,17109,,0.004614151548594236
,,,17110,,0.004967596381902695
,,,17111,,0.004307498224079609
,,,17112,,0.003855641931295395
,,,17113,,0.004279769025743008
,,,17114,,0.0056296056136488914
,,,17115,,0.0046849497593939304
,,,17116,,0.004086595494300127
,,,17117,,0.005464738234877586
,,,17118,,0.004617523867636919
,,,17119,,0.00566653348505497
,,,17120,,0.004567313939332962
,,,17121,,0.004153168294578791
,,,17122,,0.004981175996363163
,,,17123,,0.004825074225664139
,,,17124,,0.004184482153505087
,,,17125,,0.0052691432647407055
,,,17126,,0.004629671573638916
,,,17127,,0.004493448883295059
,,,17128,,0.0016035750741139054
,,,17129,,0.0015132082626223564
,,,17130,,0.001115794642828405
,,,17131,,0.0011360484641045332
,,,17132,,0.0008917436935007572
,,,17133,,0.0009580526384525001
,,,17134,,0.0012826439924538136
,,,17135,,0.000989351305179298
,,,17136,,0.0013138604117557406
,,,17137,,0.0011859313817694783
,,,17138,,0.0011800024658441544
,,,17139,,0.0009743478731252253
,,,17140,,0.0011238418519496918
,,,17141,,0.0028522228822112083
,,,17142,,0.0029285415075719357
,,,17143,,0.004171198233962059
,,,17144,,0.002833854639902711
,,,17145,,0.001072220504283905
,,,17146,,0.01004290021955967
,,,17147,,0.001775467535480857
,,,17148,,0.006906537804752588
,,,17149,,0.002788802608847618
,,,17150,,0.0028255891520529985
,,,17151,,0.006121060810983181
,,,17152,,0.008577280677855015
,,,17153,,0.007143702358007431
,,,17154,,0.004624503199011087
,,,17155,,0.004633033182471991
,,,17156,,0.006158215459436178
,,,17157,,0.007828963920474052
,,,17158,,0.04352986067533493
,,,17159,,0.033399999141693115
,,,17160,,0.024875562638044357
,,,17161,,0.028132490813732147
,,,17162,,0.042634572833776474
,,,17163,,0.0219893716275692
,,,17164,,0.02610694244503975
,,,17165,,0.035433121025562286
,,,17166,,0.02347230538725853
,,,17167,,0.029666461050510406
,,,17168,,0.02409517392516136
,,,17169,,0.02666684426367283
,,,17170,,0.03769401088356972
,,,17171,,0.030463073402643204
,,,17172,,0.02817152813076973
,,,17173,,0.026829592883586884
,,,17174,,0.013836446218192577
74,,,6074,0.006812404841184616,
74,0.006657429970800877,,6074,,
75,,0.003910452593117952,6079,,
75,,0.003931744024157524,6089,,
75,,0.009569259360432625,6099,,
75,,0.0034274831414222717,6109,,
75,,0.004126457497477531,6119,,
75,,0.007518631871789694,6129,,
75,,0.009853105992078781,6139,,
75,,0.005812901072204113,6149,,
,,,17175,,0.000338589190505445
,,,17176,,0.00028431572718545794
,,,17177,,0.0005726125091314316
,,,17178,,0.00029148871544748545
,,,17179,,0.00043815906974487007
,,,17180,,0.0002617715217638761
,,,17181,,0.0005375805776566267
,,,17182,,0.0002528777113184333
,,,17183,,0.0003796987875830382
,,,17184,,0.00028296984964981675
,,,17185,,0.0007398913730867207
,,,17186,,0.0008349163690581918
,,,17187,,0.000268326373770833
,,,17188,,0.00032036995980888605
,,,17189,,0.0005158751737326384
,,,17190,,0.0003230008587706834
,,,17191,,0.0006399413687177002
,,,17192,,0.0004494712920859456
,,,17193,,0.0003943945048376918
,,,17194,,0.000997110502794385
,,,17195,,0.000312785676214844
,,,17196,,0.0002488421741873026
,,,17197,,0.00023662905732635409
,,,17198,,0.0006970337126404047
,,,17199,,0.0005330067360773683
,,,17200,,0.00045523972949013114
,,,17201,,0.0004034376470372081
,,,17202,,0.005433207377791405
,,,17203,,0.01695234328508377
,,,17204,,0.014031154103577137
,,,17205,,0.014171075075864792
,,,17206,,0.015538518317043781
,,,17207,,0.014448911882936954
,,,17208,,0.07936669886112213
,,,17209,,0.023742685094475746
,,,17210,,0.011795738711953163
,,,17211,,0.013859178870916367
,,,17212,,0.009379580616950989
,,,17213,,0.005162745248526335
,,,17214,,0.012318585067987442
,,,17215,,0.007744604721665382
,,,17216,,0.004981531761586666
,,,17217,,0.012521002441644669
,,,17218,,0.013438916765153408
,,,17219,,0.0057169850915670395
,,,17220,,0.017729587852954865
,,,17221,,0.008183549158275127
,,,17222,,0.003077681642025709
,,,17223,,0.008791415952146053
,,,17224,,0.004784057382494211
,,,17225,,0.005801083520054817
,,,17226,,0.0072897691279649734
,,,17227,,0.002845063805580139
,,,17228,,0.007190372794866562
,,,17229,,0.004479439929127693
,,,17230,,0.009087640792131424
,,,17231,,0.008267788216471672
,,,17232,,0.0032623233273625374
,,,17233,,0.005141876172274351
,,,17234,,0.0032445075921714306
,,,17235,,0.0045320698991417885
,,,17236,,0.0033707409165799618
,,,17237,,0.0033307138364762068
,,,17238,,0.004355873912572861
,,,17239,,0.004159111529588699
,,,17240,,0.0021641359198838472
,,,17241,,0.003524061059579253
,,,17242,,0.0084926662966609
,,,17243,,0.003998316824436188
,,,17244,,0.0022423272021114826
,,,17245,,0.0029577473178505898
,,,17246,,0.0003860584110952914
,,,17247,,0.0009671769803389907
,,,17248,,0.0007959759095683694
,,,17249,,0.0005496592493727803
,,,17250,,0.0004289420321583748
,,,17251,,0.00046381482388824224
,,,17252,,0.00025186751736328006
,,,17253,,0.0006185902166180313
,,,17254,,0.0003374215739313513
,,,17255,,0.0006296383216977119
,,,17256,,0.000640168902464211
,,,17257,,0.0005158489802852273
,,,17258,,0.0006776239606551826
,,,17259,,0.0060120681300759315
,,,17260,,0.007375533692538738
,,,17261,,0.007130147889256477
,,,17262,,0.022186707705259323
,,,17263,,0.015324287116527557
,,,17264,,0.011489801108837128
,,,17265,,0.018498629331588745
,,,17266,,0.016812272369861603
,,,17267,,0.005418325308710337
,,,17268,,0.005432327277958393
,,,17269,,0.005546070635318756
,,,17270,,0.00433707470074296
,,,17271,,0.004811614751815796
,,,17272,,0.005595522001385689
,,,17273,,0.004617326892912388
,,,17274,,0.004606469534337521
,,,17275,,0.005415415391325951
,,,17276,,0.004503268748521805
,,,17277,,0.004055364057421684
,,,17278,,0.004186335951089859
,,,17279,,0.005554945208132267
,,,17280,,0.005227226763963699
,,,17281,,0.0055053867399692535
,,,17282,,0.005054112523794174
,,,17283,,0.004776719957590103
,,,17284,,0.006168779451400042
,,,17285,,0.005455983802676201
,,,17286,,0.004096974618732929
,,,17287,,0.005493759177625179
,,,17288,,0.005599241703748703
,,,17289,,0.008384847082197666
,,,17290,,0.008299455977976322
,,,17291,,0.006157298572361469
,,,17292,,0.0051752012223005295
,,,17293,,0.004864811897277832
,,,17294,,0.005676472559571266
,,,17295,,0.004496212117373943
,,,17296,,0.00484828744083643
,,,17297,,0.0049432613886892796
,,,17298,,0.004758077673614025
,,,17299,,0.004993344657123089
,,,17300,,0.0049334014765918255
,,,17301,,0.004165659658610821
,,,17302,,0.004484646953642368
,,,17303,,0.004596358630806208
,,,17304,,0.005703540053218603
,,,17305,,0.004885079339146614
,,,17306,,0.005517642013728619
,,,17307,,0.005285552237182856
,,,17308,,0.0055871764197945595
,,,17309,,0.005359589122235775
,,,17310,,0.005086610093712807
,,,17311,,0.0048100026324391365
,,,17312,,0.005301809869706631
,,,17313,,0.003879664931446314
,,,17314,,0.004025802481919527
,,,17315,,0.0035993028432130814
,,,17316,,0.003711736062541604
,,,17317,,0.0037092240527272224
,,,17318,,0.0040091825649142265
,,,17319,,0.0037201642990112305
,,,17320,,0.0036863251589238644
,,,17321,,0.003877677023410797
,,,17322,,0.003841911908239126
,,,17323,,0.003087669378146529
,,,17324,,0.003299945965409279
,,,17325,,0.0036229747347533703
,,,17326,,0.003889705752953887
,,,17327,,0.0036503439769148827
,,,17328,,0.0035549066960811615
,,,17329,,0.004191582091152668
,,,17330,,0.003938508220016956
,,,17331,,0.0039160484448075294
,,,17332,,0.003457937389612198
,,,17333,,0.0035202037543058395
,,,17334,,0.004039256367832422
,,,17335,,0.004171382170170546
,,,17336,,0.004580335691571236
,,,17337,,0.005173555575311184
,,,17338,,0.00461516622453928
,,,17339,,0.0049812039360404015
,,,17340,,0.004271222278475761
,,,17341,,0.003893478773534298
,,,17342,,0.004308898001909256
,,,17343,,0.005617265589535236
,,,17344,,0.004738164134323597
,,,17345,,0.004094273783266544
,,,17346,,0.005494593642652035
,,,17347,,0.004610671196132898
,,,17348,,0.005666577722877264
,,,17349,,0.004552782978862524
,,,17350,,0.0041411081328988075
,,,17351,,0.0050088344141840935
,,,17352,,0.004779966082423925
,,,17353,,0.004192673601210117
,,,17354,,0.005290517583489418
,,,17355,,0.004621643107384443
,,,17356,,0.004455943126231432
,,,17357,,0.001781580620445311
,,,17358,,0.0016394449630752206
,,,17359,,0.001242411439307034
,,,17360,,0.001381701440550387
,,,17361,,0.0010054016020148993
,,,17362,,0.0011507581220939755
,,,17363,,0.0014682943001389503
,,,17364,,0.0012004140298813581
,,,17365,,0.0014789567794650793
,,,17366,,0.00131425098516047
,,,17367,,0.001343466225080192
,,,17368,,0.001201114384457469
,,,17369,,0.001298442599363625
,,,17370,,0.0028986043762415648
,,,17371,,0.003037168877199292
,,,17372,,0.004282329231500626
,,,17373,,0.0028423997573554516
,,,17374,,0.0011514934012666345
,,,17375,,0.010118430480360985
,,,17376,,0.0019415817223489285
,,,17377,,0.006967364344745874
,,,17378,,0.002967091277241707
,,,17379,,0.0029670330695807934
,,,17380,,0.006291273981332779
,,,17381,,0.008656871505081654
,,,17382,,0.0071978382766246796
,,,17383,,0.004683999810367823
,,,17384,,0.004486951045691967
,,,17385,,0.006150301545858383
,,,17386,,0.007955617271363735
,,,17387,,0.04373932257294655
,,,17388,,0.03349805623292923
,,,17389,,0.025150693953037262
,,,17390,,0.02806752547621727
,,,17391,,0.04297745227813721
,,,17392,,0.022085774689912796
,,,17393,,0.026300277560949326
,,,17394,,0.035504769533872604
,,,17395,,0.02367720939218998
,,,17396,,0.02986643835902214
,,,17397,,0.024200987070798874
,,,17398,,0.02666729874908924
,,,17399,,0.03782407194375992
,,,17400,,0.030623672530055046
,,,17401,,0.028405506163835526
,,,17402,,0.027051478624343872
,,,17403,,0.014238478615880013
75,,,6155,0.006846228614449501,
75,0.006273218896239996,,6155,,
76,,0.008633059449493885,6159,,
76,,0.006402434781193733,6169,,
76,,0.006637897342443466,6179,,
76,,0.004868749529123306,6189,,
76,,0.00406035128980875,6199,,
76,,0.0076033007353544235,6209,,
76,,0.005268767476081848,6219,,
76,,0.006828776095062494,6229,,
,,,17404,,0.0004890523268841207
,,,17405,,0.00044037599582225084
,,,17406,,0.0006539261084981263
,,,17407,,0.0003947092336602509
,,,17408,,0.0005327255930751562
,,,17409,,0.00033437632373534143
,,,17410,,0.0005884235724806786
,,,17411,,0.0003585127997212112
,,,17412,,0.00042588048381730914
,,,17413,,0.00036962772719562054
,,,17414,,0.0008147096959874034
,,,17415,,0.0009147146483883262
,,,17416,,0.0004291329823900014
,,,17417,,0.0003899468283634633
,,,17418,,0.0005503863794729114
,,,17419,,0.00040924386121332645
,,,17420,,0.0007022088393568993
,,,17421,,0.0005510593764483929
,,,17422,,0.0004692052607424557
,,,17423,,0.000965495768468827
,,,17424,,0.00034459156449884176
,,,17425,,0.00034933938877657056
,,,17426,,0.00029566395096480846
,,,17427,,0.0007079077768139541
,,,17428,,0.000585715111810714
,,,17429,,0.000490184931550175
,,,17430,,0.0004447801038622856
,,,17431,,0.005916188471019268
,,,17432,,0.017383437603712082
,,,17433,,0.014502045698463917
,,,17434,,0.0147018451243639
,,,17435,,0.015900228172540665
,,,17436,,0.015019278973340988
,,,17437,,0.0797269195318222
,,,17438,,0.02408372238278389
,,,17439,,0.012244352139532566
,,,17440,,0.014394370838999748
,,,17441,,0.009731533005833626
,,,17442,,0.00559660792350769
,,,17443,,0.012737264856696129
,,,17444,,0.008250221610069275
,,,17445,,0.005351485684514046
,,,17446,,0.012920369394123554
,,,17447,,0.014147081412374973
,,,17448,,0.006034244783222675
,,,17449,,0.01819131150841713
,,,17450,,0.008785896934568882
,,,17451,,0.003583228914067149
,,,17452,,0.009238220751285553
,,,17453,,0.0051683648489415646
,,,17454,,0.006321202032268047
,,,17455,,0.007849846966564655
,,,17456,,0.0033095087856054306
,,,17457,,0.007631869986653328
,,,17458,,0.0042260438203811646
,,,17459,,0.008516712114214897
,,,17460,,0.0078072999604046345
,,,17461,,0.002928525675088167
,,,17462,,0.004534370265901089
,,,17463,,0.0029011983424425125
,,,17464,,0.0040132515132427216
,,,17465,,0.002801463007926941
,,,17466,,0.0026704396586865187
,,,17467,,0.0038128788582980633
,,,17468,,0.003386708442121744
,,,17469,,0.0018113593105226755
,,,17470,,0.0028789686039090157
,,,17471,,0.008066077716648579
,,,17472,,0.0035989275202155113
,,,17473,,0.0018671192228794098
,,,17474,,0.002776129636913538
,,,17475,,0.000810930912848562
,,,17476,,0.0011211289092898369
,,,17477,,0.0005759377963840961
,,,17478,,0.0007536211051046848
,,,17479,,0.0008362560765817761
,,,17480,,0.0007652013446204364
,,,17481,,0.0005855433410033584
,,,17482,,0.000570002244785428
,,,17483,,0.0005532490322366357
,,,17484,,0.0007654431974515319
,,,17485,,0.0007445757510140538
,,,17486,,0.001630422892048955
,,,17487,,0.0009844995802268386
,,,17488,,0.006090151146054268
,,,17489,,0.007333381101489067
,,,17490,,0.008925482630729675
,,,17491,,0.03275587782263756
,,,17492,,0.024151112884283066
,,,17493,,0.015870239585638046
,,,17494,,0.018316419795155525
,,,17495,,0.016655659303069115
,,,17496,,0.005458148196339607
,,,17497,,0.005482013337314129
,,,17498,,0.0056367721408605576
,,,17499,,0.004458908922970295
,,,17500,,0.0048867519944906235
,,,17501,,0.005649402271956205
,,,17502,,0.004713425412774086
,,,17503,,0.004716100171208382
,,,17504,,0.005471003707498312
,,,17505,,0.004590609110891819
,,,17506,,0.0041702985763549805
,,,17507,,0.004195006098598242
,,,17508,,0.005628385581076145
,,,17509,,0.005331073887646198
,,,17510,,0.005561209283769131
,,,17511,,0.005114531144499779
,,,17512,,0.004869179800152779
,,,17513,,0.006191258784383535
,,,17514,,0.0055252136662602425
,,,17515,,0.00420777965337038
,,,17516,,0.005557458847761154
,,,17517,,0.005657660309225321
,,,17518,,0.008259687572717667
,,,17519,,0.008293290622532368
,,,17520,,0.006097860634326935
,,,17521,,0.005188120529055595
,,,17522,,0.004824177827686071
,,,17523,,0.005554571747779846
,,,17524,,0.0044970400631427765
,,,17525,,0.004861008375883102
,,,17526,,0.004977112635970116
,,,17527,,0.004796821624040604
,,,17528,,0.0049737305380403996
,,,17529,,0.0048836334608495235
,,,17530,,0.004220856353640556
,,,17531,,0.004486207850277424
,,,17532,,0.004617995582520962
,,,17533,,0.00568192545324564
,,,17534,,0.004925429355353117
,,,17535,,0.005592792294919491
,,,17536,,0.0052200257778167725
,,,17537,,0.0055440450087189674
,,,17538,,0.005369360093027353
,,,17539,,0.005068931728601456
,,,17540,,0.004805848468095064
,,,17541,,0.005297190509736538
,,,17542,,0.0038273760583251715
,,,17543,,0.004050048068165779
,,,17544,,0.003579284530133009
,,,17545,,0.0036103851161897182
,,,17546,,0.003644539974629879
,,,17547,,0.004007278010249138
,,,17548,,0.0037678254302591085
,,,17549,,0.0037243624683469534
,,,17550,,0.0037645779084414244
,,,17551,,0.0036707669496536255
,,,17552,,0.003130862722173333
,,,17553,,0.0033009019680321217
,,,17554,,0.003585436148568988
,,,17555,,0.0038659232668578625
,,,17556,,0.003757503582164645
,,,17557,,0.0036165511701256037
,,,17558,,0.004085092339664698
,,,17559,,0.003962466958910227
,,,17560,,0.0038715999107807875
,,,17561,,0.0034614461474120617
,,,17562,,0.003592860419303179
,,,17563,,0.004029185511171818
,,,17564,,0.004109966568648815
,,,17565,,0.004552602767944336
,,,17566,,0.005187341943383217
,,,17567,,0.004613718017935753
,,,17568,,0.004960727412253618
,,,17569,,0.004299436695873737
,,,17570,,0.003844914957880974
,,,17571,,0.004277492873370647
,,,17572,,0.005588241387158632
,,,17573,,0.0046743107959628105
,,,17574,,0.004084374755620956
,,,17575,,0.005449026357382536
,,,17576,,0.004636564292013645
,,,17577,,0.005613937973976135
,,,17578,,0.004547963850200176
,,,17579,,0.004129473119974136
,,,17580,,0.004967213608324528
,,,17581,,0.004799951799213886
,,,17582,,0.004176455549895763
,,,17583,,0.0052680266089737415
,,,17584,,0.004588910844177008
,,,17585,,0.004575040191411972
,,,17586,,0.002337238984182477
,,,17587,,0.0022395942360162735
,,,17588,,0.0019198906375095248
,,,17589,,0.0019877045415341854
,,,17590,,0.0015729668084532022
,,,17591,,0.0015690778382122517
,,,17592,,0.002152887172996998
,,,17593,,0.001697353320196271
,,,17594,,0.0020226414781063795
,,,17595,,0.0021024271845817566
,,,17596,,0.001926693134009838
,,,17597,,0.001458077458664775
,,,17598,,0.001788921537809074
,,,17599,,0.0032282150350511074
,,,17600,,0.0031115864403545856
,,,17601,,0.004159999080002308
,,,17602,,0.0028517688624560833
,,,17603,,0.0011682939948514104
,,,17604,,0.009877271950244904
,,,17605,,0.0018047705525532365
,,,17606,,0.00674979854375124
,,,17607,,0.0026954717468470335
,,,17608,,0.0028075932059437037
,,,17609,,0.006129913963377476
,,,17610,,0.008866453543305397
,,,17611,,0.007133966777473688
,,,17612,,0.004641730338335037
,,,17613,,0.0047666095197200775
,,,17614,,0.006006850395351648
,,,17615,,0.007765169721096754
,,,17616,,0.04307999461889267
,,,17617,,0.03299181908369064
,,,17618,,0.024574782699346542
,,,17619,,0.02784481644630432
,,,17620,,0.04233591631054878
,,,17621,,0.021601753309369087
,,,17622,,0.025805946439504623
,,,17623,,0.0350227914750576
,,,17624,,0.023398756980895996
,,,17625,,0.029401998966932297
,,,17626,,0.023787274956703186
,,,17627,,0.026338905096054077
,,,17628,,0.03724539279937744
,,,17629,,0.030093315988779068
,,,17630,,0.027843324467539787
,,,17631,,0.026521772146224976
,,,17632,,0.013872829265892506
76,,,6236,0.006997217889875174,
76,0.006191655993461609,,6236,,
77,,0.009960226714611053,6239,,
77,,0.005852930713444948,6249,,
77,,0.0070976195856928825,6259,,
77,,0.004365108907222748,6269,,
77,,0.006951355375349522,6279,,
77,,0.004526983946561813,6289,,
77,,0.007094498723745346,6299,,
77,,0.005958400666713715,6309,,
,,,17633,,0.00019716423412319273
,,,17634,,0.00014324532821774483
,,,17635,,0.00038885418325662613
,,,17636,,0.00017307084635831416
,,,17637,,0.00030371564207598567
,,,17638,,0.00013702752767130733
,,,17639,,0.0003809945483226329
,,,17640,,0.000131880835397169
,,,17641,,0.00028522935463115573
,,,17642,,0.0001432498829672113
,,,17643,,0.000603299296926707
,,,17644,,0.0005537546239793301
,,,17645,,0.00013091458822600543
,,,17646,,0.00019544101087376475
,,,17647,,0.00040436116978526115
,,,17648,,0.0002055017976090312
,,,17649,,0.00048651170800440013
,,,17650,,0.00029304681811481714
,,,17651,,0.0002909598406404257
,,,17652,,0.0007442689384333789
,,,17653,,0.0002155778493033722
,,,17654,,0.0001448772381991148
,,,17655,,0.00013788146316073835
,,,17656,,0.00048762941150926054
,,,17657,,0.00038080738158896565
,,,17658,,0.0003080514434259385
,,,17659,,0.0002766682009678334
,,,17660,,0.005028994753956795
,,,17661,,0.016557712107896805
,,,17662,,0.01366535946726799
,,,17663,,0.013779347762465477
,,,17664,,0.015053173527121544
,,,17665,,0.014019363559782505
,,,17666,,0.07877015322446823
,,,17667,,0.023263927549123764
,,,17668,,0.01139128115028143
,,,17669,,0.013455447740852833
,,,17670,,0.008994141593575478
,,,17671,,0.004761997144669294
,,,17672,,0.01191333681344986
,,,17673,,0.00726531445980072
,,,17674,,0.004404962994158268
,,,17675,,0.011910529807209969
,,,17676,,0.012956526130437851
,,,17677,,0.004910701885819435
,,,17678,,0.016941044479608536
,,,17679,,0.007669119630008936
,,,17680,,0.0025838608853518963
,,,17681,,0.008254281245172024
,,,17682,,0.004511155188083649
,,,17683,,0.005274305585771799
,,,17684,,0.006821248680353165
,,,17685,,0.0023295776918530464
,,,17686,,0.006698174402117729
,,,17687,,0.004048181232064962
,,,17688,,0.008170489221811295
,,,17689,,0.007386444602161646
,,,17690,,0.002551350276917219
,,,17691,,0.0040989224798977375
,,,17692,,0.0026512490585446358
,,,17693,,0.0036502270959317684
,,,17694,,0.002448940183967352
,,,17695,,0.0023820509668439627
,,,17696,,0.0033500150311738253
,,,17697,,0.0030297108460217714
,,,17698,,0.0016734525561332703
,,,17699,,0.002986683277413249
,,,17700,,0.007673196494579315
,,,17701,,0.003270260989665985
,,,17702,,0.0017356229946017265
,,,17703,,0.002333774697035551
,,,17704,,0.00026869939756579697
,,,17705,,0.0008076793164946139
,,,17706,,0.0004816183354705572
,,,17707,,0.00029832159634679556
,,,17708,,0.00027531461091712117
,,,17709,,0.0003335681394673884
,,,17710,,0.00016590638551861048
,,,17711,,0.0003032934619113803
,,,17712,,0.00022402609465643764
,,,17713,,0.00042521063005551696
,,,17714,,0.00033101896406151354
,,,17715,,0.0007542386301793158
,,,17716,,0.0005469908937811852
,,,17717,,0.005531745962798595
,,,17718,,0.006991971284151077
,,,17719,,0.006725571118295193
,,,17720,,0.021956976503133774
,,,17721,,0.015615856274962425
,,,17722,,0.011657283641397953
,,,17723,,0.018448781222105026
,,,17724,,0.01693037524819374
,,,17725,,0.00548073835670948
,,,17726,,0.005408541299402714
,,,17727,,0.005555903539061546
,,,17728,,0.004307635128498077
,,,17729,,0.004808563739061356
,,,17730,,0.005554873961955309
,,,17731,,0.004570554476231337
,,,17732,,0.004561449401080608
,,,17733,,0.005408201366662979
,,,17734,,0.004480496980249882
,,,17735,,0.003996670711785555
,,,17736,,0.0041144355200231075
,,,17737,,0.005492499563843012
,,,17738,,0.005180171690881252
,,,17739,,0.005388384684920311
,,,17740,,0.004979779478162527
,,,17741,,0.004799746908247471
,,,17742,,0.006118402816355228
,,,17743,,0.00543108768761158
,,,17744,,0.00410036975517869
,,,17745,,0.005425125360488892
,,,17746,,0.005561335477977991
,,,17747,,0.008251414634287357
,,,17748,,0.008235929533839226
,,,17749,,0.006078577600419521
,,,17750,,0.005250463727861643
,,,17751,,0.004969767294824123
,,,17752,,0.005701831076294184
,,,17753,,0.00467008538544178
,,,17754,,0.005077705718576908
,,,17755,,0.005130029283463955
,,,17756,,0.004765063524246216
,,,17757,,0.0052454122342169285
,,,17758,,0.005194575060158968
,,,17759,,0.004272676073014736
,,,17760,,0.004686943255364895
,,,17761,,0.004769263323396444
,,,17762,,0.005731288343667984
,,,17763,,0.005160112399607897
,,,17764,,0.0057306671515107155
,,,17765,,0.005492368247359991
,,,17766,,0.005548217333853245
,,,17767,,0.005659524351358414
,,,17768,,0.0052487715147435665
,,,17769,,0.004954724572598934
,,,17770,,0.005399269983172417
,,,17771,,0.003990952856838703
,,,17772,,0.004024924244731665
,,,17773,,0.003533411305397749
,,,17774,,0.0036144237965345383
,,,17775,,0.0036137632559984922
,,,17776,,0.0039505735039711
,,,17777,,0.003612060332670808
,,,17778,,0.0035941179376095533
,,,17779,,0.003674406325444579
,,,17780,,0.003716610139235854
,,,17781,,0.0030896002426743507
,,,17782,,0.003208704059943557
,,,17783,,0.0035356683656573296
,,,17784,,0.003819422097876668
,,,17785,,0.0036181677132844925
,,,17786,,0.0035172896459698677
,,,17787,,0.00400697672739625
,,,17788,,0.0038696026895195246
,,,17789,,0.003816310316324234
,,,17790,,0.0034033653791993856
,,,17791,,0.00350326974876225
,,,17792,,0.00397886149585247
,,,17793,,0.004049281589686871
,,,17794,,0.0045599546283483505
,,,17795,,0.005104199983179569
,,,17796,,0.0045373705215752125
,,,17797,,0.004896444734185934
,,,17798,,0.0042284405790269375
,,,17799,,0.0037768289912492037
,,,17800,,0.004195528104901314
,,,17801,,0.005523232277482748
,,,17802,,0.004657253623008728
,,,17803,,0.004030171781778336
,,,17804,,0.005436638370156288
,,,17805,,0.004544582683593035
,,,17806,,0.005576823838055134
,,,17807,,0.004435379058122635
,,,17808,,0.004069535527378321
,,,17809,,0.0049361661076545715
,,,17810,,0.004728455096483231
,,,17811,,0.004102678503841162
,,,17812,,0.005204962100833654
,,,17813,,0.004516313783824444
,,,17814,,0.0044125039130449295
,,,17815,,0.0015227326657623053
,,,17816,,0.0014001429080963135
,,,17817,,0.001038318034261465
,,,17818,,0.0010835614521056414
,,,17819,,0.0008677320438437164
,,,17820,,0.0008983068400993943
,,,17821,,0.0012007756158709526
,,,17822,,0.0009288020664826035
,,,17823,,0.001258332165889442
,,,17824,,0.0011260162573307753
,,,17825,,0.0011169773060828447
,,,17826,,0.0009255516342818737
,,,17827,,0.0010374573757871985
,,,17828,,0.002833140082657337
,,,17829,,0.0029585915617644787
,,,17830,,0.004069253336638212
,,,17831,,0.0025409632362425327
,,,17832,,0.0010722841834649444
,,,17833,,0.009774812497198582
,,,17834,,0.0016421102918684483
,,,17835,,0.006715178024023771
,,,17836,,0.002654687035828829
,,,17837,,0.0027394932694733143
,,,17838,,0.00597554724663496
,,,17839,,0.008700812235474586
,,,17840,,0.007068590726703405
,,,17841,,0.004639854654669762
,,,17842,,0.004652947187423706
,,,17843,,0.0061021666042506695
,,,17844,,0.007636829745024443
,,,17845,,0.042767658829689026
,,,17846,,0.0327744334936142
,,,17847,,0.024222956970334053
,,,17848,,0.02749362215399742
,,,17849,,0.04180613160133362
,,,17850,,0.021469946950674057
,,,17851,,0.025434214621782303
,,,17852,,0.03460664302110672
,,,17853,,0.02305200882256031
,,,17854,,0.028929680585861206
,,,17855,,0.023560579866170883
,,,17856,,0.025926703587174416
,,,17857,,0.03678320720791817
,,,17858,,0.029908448457717896
,,,17859,,0.0275669414550066
,,,17860,,0.026275623589754105
,,,17861,,0.013335970230400562
77,,,6317,0.006612326018512249,
77,0.006268719676882029,,6317,,
78,,0.006638037972152233,6319,,
78,,0.005008624866604805,6329,,
78,,0.006611566059291363,6339,,
78,,0.00604650005698204,6349,,
78,,0.002806263044476509,6359,,
78,,0.008352238684892654,6369,,
78,,0.004968968220055103,6379,,
78,,0.004099726211279631,6389,,
,,,17862,,0.0006009399658069015
,,,17863,,0.0005937011446803808
,,,17864,,0.0007099728100001812
,,,17865,,0.0004818979650735855
,,,17866,,0.0010114223696291447
,,,17867,,0.00033658064785413444
,,,17868,,0.0006505440105684102
,,,17869,,0.0004354897537268698
,,,17870,,0.0007019726326689124
,,,17871,,0.00042973741074092686
,,,17872,,0.0009010769426822662
,,,17873,,0.0008745497325435281
,,,17874,,0.0004933489253744483
,,,17875,,0.0005216480931267142
,,,17876,,0.000679666583891958
,,,17877,,0.000519891269505024
,,,17878,,0.001162504544481635
,,,17879,,0.0007212997879832983
,,,17880,,0.0007214009528979659
,,,17881,,0.0010835584253072739
,,,17882,,0.0004048629489261657
,,,17883,,0.000482594856293872
,,,17884,,0.00047752028331160545
,,,17885,,0.0008882188121788204
,,,17886,,0.0007733615930192173
,,,17887,,0.0006851485231891274
,,,17888,,0.0006767556769773364
,,,17889,,0.005879359785467386
,,,17890,,0.017756493762135506
,,,17891,,0.015036276541650295
,,,17892,,0.014823121950030327
,,,17893,,0.016154218465089798
,,,17894,,0.015319195576012135
,,,17895,,0.08039944618940353
,,,17896,,0.024440567940473557
,,,17897,,0.012406828813254833
,,,17898,,0.0144429262727499
,,,17899,,0.010104930959641933
,,,17900,,0.005837987642735243
,,,17901,,0.013006461784243584
,,,17902,,0.00858884397894144
,,,17903,,0.006162588484585285
,,,17904,,0.01353465672582388
,,,17905,,0.014226214960217476
,,,17906,,0.006175694987177849
,,,17907,,0.018686335533857346
,,,17908,,0.009082169272005558
,,,17909,,0.0034872586838901043
,,,17910,,0.009664401412010193
,,,17911,,0.005508504807949066
,,,17912,,0.006396602839231491
,,,17913,,0.008373469114303589
,,,17914,,0.003582140663638711
,,,17915,,0.00832896213978529
,,,17916,,0.005321085453033447
,,,17917,,0.010964560322463512
,,,17918,,0.009868858382105827
,,,17919,,0.004635374993085861
,,,17920,,0.006652067881077528
,,,17921,,0.004263109527528286
,,,17922,,0.005886104889214039
,,,17923,,0.004801935516297817
,,,17924,,0.004585808143019676
,,,17925,,0.0052623143419623375
,,,17926,,0.004986208863556385
,,,17927,,0.0030345949344336987
,,,17928,,0.004414505325257778
,,,17929,,0.01046294067054987
,,,17930,,0.005543472710996866
,,,17931,,0.003631921950727701
,,,17932,,0.0037057376466691494
,,,17933,,0.00046721159014850855
,,,17934,,0.0011481435503810644
,,,17935,,0.0007360024028457701
,,,17936,,0.0006165166851133108
,,,17937,,0.0004854855651501566
,,,17938,,0.0004752247768919915
,,,17939,,0.0003374097286723554
,,,17940,,0.0006784760043956339
,,,17941,,0.0004592599580064416
,,,17942,,0.000645889900624752
,,,17943,,0.0006775988731533289
,,,17944,,0.0007949485443532467
,,,17945,,0.0007293103844858706
,,,17946,,0.007364031858742237
,,,17947,,0.009195265360176563
,,,17948,,0.0103533286601305
,,,17949,,0.059429947286844254
,,,17950,,0.02662895992398262
,,,17951,,0.020442701876163483
,,,17952,,0.02560983970761299
,,,17953,,0.023817773908376694
,,,17954,,0.008970607072114944
,,,17955,,0.008204739540815353
,,,17956,,0.008578750304877758
,,,17957,,0.006657150108367205
,,,17958,,0.007624007761478424
,,,17959,,0.008534290827810764
,,,17960,,0.007363840937614441
,,,17961,,0.007204156368970871
,,,17962,,0.008402097970247269
,,,17963,,0.007105294615030289
,,,17964,,0.0070038968697190285
,,,17965,,0.0065458063036203384
,,,17966,,0.008828234858810902
,,,17967,,0.007965756580233574
,,,17968,,0.008175479248166084
,,,17969,,0.007440274581313133
,,,17970,,0.00710896123200655
,,,17971,,0.008847002871334553
,,,17972,,0.008096533827483654
,,,17973,,0.00653741043061018
,,,17974,,0.00801023654639721
,,,17975,,0.008106881752610207
,,,17976,,0.009847275912761688
,,,17977,,0.009947622194886208
,,,17978,,0.007755606900900602
,,,17979,,0.006971648894250393
,,,17980,,0.006698581390082836
,,,17981,,0.007973424158990383
,,,17982,,0.006333677098155022
,,,17983,,0.006695530377328396
,,,17984,,0.006829403806477785
,,,17985,,0.006669689901173115
,,,17986,,0.006883338559418917
,,,17987,,0.006925765424966812
,,,17988,,0.005907100159674883
,,,17989,,0.00605197437107563
,,,17990,,0.0064087617211043835
,,,17991,,0.007400974165648222
,,,17992,,0.006660670507699251
,,,17993,,0.007613837718963623
,,,17994,,0.007382043171674013
,,,17995,,0.00760697154328227
,,,17996,,0.007142694666981697
,,,17997,,0.007171504199504852
,,,17998,,0.006487560458481312
,,,17999,,0.007407989352941513
,,,18000,,0.009537246078252792
,,,18001,,0.010968390852212906
,,,18002,,0.008008573204278946
,,,18003,,0.007557197939604521
,,,18004,,0.0075184861198067665
,,,18005,,0.009652592241764069
,,,18006,,0.010199109092354774
,,,18007,,0.010474219918251038
,,,18008,,0.009250666946172714
,,,18009,,0.009164106100797653
,,,18010,,0.009550105780363083
,,,18011,,0.007307715713977814
,,,18012,,0.008312681689858437
,,,18013,,0.008970551192760468
,,,18014,,0.010341720655560493
,,,18015,,0.008271599188446999
,,,18016,,0.011369694024324417
,,,18017,,0.00941802840679884
,,,18018,,0.009358684532344341
,,,18019,,0.007929621264338493
,,,18020,,0.009794282726943493
,,,18021,,0.009257368743419647
,,,18022,,0.005596150644123554
,,,18023,,0.006116653326898813
,,,18024,,0.006787312217056751
,,,18025,,0.006203630939126015
,,,18026,,0.006482337135821581
,,,18027,,0.0057486556470394135
,,,18028,,0.005343756638467312
,,,18029,,0.005724702030420303
,,,18030,,0.007361828349530697
,,,18031,,0.006305372342467308
,,,18032,,0.005451056640595198
,,,18033,,0.007082022726535797
,,,18034,,0.006035627331584692
,,,18035,,0.00735830795019865
,,,18036,,0.006105401553213596
,,,18037,,0.005569778848439455
,,,18038,,0.006644557695835829
,,,18039,,0.0062742531299591064
,,,18040,,0.005607059691101313
,,,18041,,0.006874962244182825
,,,18042,,0.0061727906577289104
,,,18043,,0.005892696790397167
,,,18044,,0.0021898115519434214
,,,18045,,0.001913024578243494
,,,18046,,0.0014711213298141956
,,,18047,,0.0016829273663461208
,,,18048,,0.001346765086054802
,,,18049,,0.0013629692839458585
,,,18050,,0.0016871739644557238
,,,18051,,0.0015022753505036235
,,,18052,,0.0018643031362444162
,,,18053,,0.0016382549656555057
,,,18054,,0.001617849338799715
,,,18055,,0.001472702482715249
,,,18056,,0.0016110343858599663
,,,18057,,0.004220637492835522
,,,18058,,0.004573969170451164
,,,18059,,0.0057653747498989105
,,,18060,,0.005655505694448948
,,,18061,,0.0017241640016436577
,,,18062,,0.01223841868340969
,,,18063,,0.0032310406677424908
,,,18064,,0.008170977234840393
,,,18065,,0.0037979232147336006
,,,18066,,0.0038746779318898916
,,,18067,,0.008143370971083641
,,,18068,,0.010503029450774193
,,,18069,,0.009897315874695778
,,,18070,,0.006262310780584812
,,,18071,,0.0072678690776228905
,,,18072,,0.009463207796216011
,,,18073,,0.00950363464653492
,,,18074,,0.04605614021420479
,,,18075,,0.03600575774908066
,,,18076,,0.027037300169467926
,,,18077,,0.030476946383714676
,,,18078,,0.04561658948659897
,,,18079,,0.02376958355307579
,,,18080,,0.028238166123628616
,,,18081,,0.038136839866638184
,,,18082,,0.025965431705117226
,,,18083,,0.03237031027674675
,,,18084,,0.02622447907924652
,,,18085,,0.02908564917743206
,,,18086,,0.039732594043016434
,,,18087,,0.03314259275794029
,,,18088,,0.02996053732931614
,,,18089,,0.02923641912639141
,,,18090,,0.01581592485308647
78,,,6398,0.008838408626616001,
78,0.00654100114479661,,6398,,
79,,0.0046150535345077515,6399,,
79,,0.006882514804601669,6409,,
79,,0.007193198427557945,6419,,
79,,0.00801394134759903,6429,,
79,,0.0036956476978957653,6439,,
79,,0.007046121172606945,6449,,
79,,0.003858995158225298,6459,,
79,,0.0038995929062366486,6469,,
79,,0.003143496112897992,6479,,
,,,18091,,0.00019827359938062727
,,,18092,,0.0001466805551899597
,,,18093,,0.00038242380833253264
,,,18094,,0.00015870296920184046
,,,18095,,0.0003409477649256587
,,,18096,,0.00012429492198862135
,,,18097,,0.000410293199820444
,,,18098,,0.00012776910443790257
,,,18099,,0.00031341344583779573
,,,18100,,0.00015140121104195714
,,,18101,,0.0006080502062104642
,,,18102,,0.000613914686255157
,,,18103,,0.00013142169336788356
,,,18104,,0.0001755519915604964
,,,18105,,0.0003908316430170089
,,,18106,,0.00019132578745484352
,,,18107,,0.0005070601473562419
,,,18108,,0.00032377539901062846
,,,18109,,0.00027945206966251135
,,,18110,,0.0007618787931278348
,,,18111,,0.00019162299577146769
,,,18112,,0.00013587847934104502
,,,18113,,0.00011340350465616211
,,,18114,,0.0004936254117637873
,,,18115,,0.000381074205506593
,,,18116,,0.00029715494019910693
,,,18117,,0.0002591832308098674
,,,18118,,0.005167283117771149
,,,18119,,0.01657143235206604
,,,18120,,0.0136796273291111
,,,18121,,0.013919640332460403
,,,18122,,0.015186249278485775
,,,18123,,0.014089033007621765
,,,18124,,0.0786794126033783
,,,18125,,0.023200253024697304
,,,18126,,0.011400468647480011
,,,18127,,0.01344559621065855
,,,18128,,0.009079458191990852
,,,18129,,0.00484217656776309
,,,18130,,0.011977697722613811
,,,18131,,0.007365964353084564
,,,18132,,0.004503652919083834
,,,18133,,0.011740222573280334
,,,18134,,0.01300414651632309
,,,18135,,0.0050797536969184875
,,,18136,,0.016878299415111542
,,,18137,,0.007733337581157684
,,,18138,,0.0026144562289118767
,,,18139,,0.008214311674237251
,,,18140,,0.0042850854806602
,,,18141,,0.005296214483678341
,,,18142,,0.006810270715504885
,,,18143,,0.0024631302803754807
,,,18144,,0.006695144344121218
,,,18145,,0.0038047777488827705
,,,18146,,0.008006921969354153
,,,18147,,0.007212946191430092
,,,18148,,0.0026078014634549618
,,,18149,,0.004096318036317825
,,,18150,,0.0024844419676810503
,,,18151,,0.0036185989156365395
,,,18152,,0.0024654006119817495
,,,18153,,0.002394068520516157
,,,18154,,0.003276064060628414
,,,18155,,0.0028774228412657976
,,,18156,,0.001533828442916274
,,,18157,,0.002904441673308611
,,,18158,,0.007552919909358025
,,,18159,,0.0033299452625215054
,,,18160,,0.0015859701670706272
,,,18161,,0.002306578680872917
,,,18162,,0.0002967505424749106
,,,18163,,0.0007773966644890606
,,,18164,,0.0003802168066613376
,,,18165,,0.00030468322802335024
,,,18166,,0.0002945468877442181
,,,18167,,0.0003267302818130702
,,,18168,,0.00018701193039305508
,,,18169,,0.00025098517653532326
,,,18170,,0.000206715427339077
,,,18171,,0.00041216175304725766
,,,18172,,0.00032727382495068014
,,,18173,,0.0009077471913769841
,,,18174,,0.0005470770411193371
,,,18175,,0.005616157315671444
,,,18176,,0.0068567851558327675
,,,18177,,0.006722653284668922
,,,18178,,0.02265925705432892
,,,18179,,0.015555438585579395
,,,18180,,0.01122071873396635
,,,18181,,0.017848944291472435
,,,18182,,0.016350988298654556
,,,18183,,0.0054977769032120705
,,,18184,,0.005428429692983627
,,,18185,,0.005526917055249214
,,,18186,,0.004343676846474409
,,,18187,,0.0048051029443740845
,,,18188,,0.005543961655348539
,,,18189,,0.004619078245013952
,,,18190,,0.004633018746972084
,,,18191,,0.005432667676359415
,,,18192,,0.00449151499196887
,,,18193,,0.004047590307891369
,,,18194,,0.004224402830004692
,,,18195,,0.005485977046191692
,,,18196,,0.005191238597035408
,,,18197,,0.00536696519702673
,,,18198,,0.0050362152978777885
,,,18199,,0.0047982377000153065
,,,18200,,0.006044995039701462
,,,18201,,0.005483919754624367
,,,18202,,0.00416620634496212
,,,18203,,0.005465353839099407
,,,18204,,0.005656206049025059
,,,18205,,0.007862525060772896
,,,18206,,0.00789744034409523
,,,18207,,0.00585577730089426
,,,18208,,0.005196192301809788
,,,18209,,0.00478849932551384
,,,18210,,0.005613872781395912
,,,18211,,0.004502470139414072
,,,18212,,0.004819852765649557
,,,18213,,0.005005405750125647
,,,18214,,0.0047557479701936245
,,,18215,,0.0049424367025494576
,,,18216,,0.004879254847764969
,,,18217,,0.004140500910580158
,,,18218,,0.004500751383602619
,,,18219,,0.004554281942546368
,,,18220,,0.005656012333929539
,,,18221,,0.004878105595707893
,,,18222,,0.005543439649045467
,,,18223,,0.005252775736153126
,,,18224,,0.005666350480169058
,,,18225,,0.005338137969374657
,,,18226,,0.004963724873960018
,,,18227,,0.004752858076244593
,,,18228,,0.005380294285714626
,,,18229,,0.004037327133119106
,,,18230,,0.00424813199788332
,,,18231,,0.0035901200026273727
,,,18232,,0.0035346075892448425
,,,18233,,0.0036566138733178377
,,,18234,,0.004037078469991684
,,,18235,,0.0037286016158759594
,,,18236,,0.00393587676808238
,,,18237,,0.0036770785227417946
,,,18238,,0.003826820757240057
,,,18239,,0.003207431873306632
,,,18240,,0.003215939272195101
,,,18241,,0.00355910649523139
,,,18242,,0.003923889249563217
,,,18243,,0.0037932703271508217
,,,18244,,0.003577437484636903
,,,18245,,0.004572752863168716
,,,18246,,0.0039402456022799015
,,,18247,,0.0038981602992862463
,,,18248,,0.0035208326298743486
,,,18249,,0.0036102922167629004
,,,18250,,0.004029107745736837
,,,18251,,0.004030821844935417
,,,18252,,0.004429847002029419
,,,18253,,0.005018137861043215
,,,18254,,0.00448371097445488
,,,18255,,0.004844437353312969
,,,18256,,0.004146317020058632
,,,18257,,0.0037699760869145393
,,,18258,,0.004165150690823793
,,,18259,,0.005455488339066505
,,,18260,,0.004653879441320896
,,,18261,,0.003970603458583355
,,,18262,,0.005347194150090218
,,,18263,,0.004477289039641619
,,,18264,,0.005504451226443052
,,,18265,,0.0043829032219946384
,,,18266,,0.00400195736438036
,,,18267,,0.004839669447392225
,,,18268,,0.004633315373212099
,,,18269,,0.00404141191393137
,,,18270,,0.005178479012101889
,,,18271,,0.004485143348574638
,,,18272,,0.0043441783636808395
,,,18273,,0.0017295232973992825
,,,18274,,0.0014727849047631025
,,,18275,,0.0010688472539186478
,,,18276,,0.0011601897422224283
,,,18277,,0.0009300921810790896
,,,18278,,0.0009771825280040503
,,,18279,,0.0012141987681388855
,,,18280,,0.0009809720795601606
,,,18281,,0.0013222686247900128
,,,18282,,0.0011809307616204023
,,,18283,,0.0011639490257948637
,,,18284,,0.0009871310321614146
,,,18285,,0.0011350690620020032
,,,18286,,0.002938614459708333
,,,18287,,0.002766968682408333
,,,18288,,0.004258505534380674
,,,18289,,0.0026674275286495686
,,,18290,,0.0010595459025353193
,,,18291,,0.009973122738301754
,,,18292,,0.0018530148081481457
,,,18293,,0.0067055122926831245
,,,18294,,0.003001286182552576
,,,18295,,0.002687246073037386
,,,18296,,0.005950992926955223
,,,18297,,0.008614474907517433
,,,18298,,0.007162236608564854
,,,18299,,0.004689543042331934
,,,18300,,0.004264374263584614
,,,18301,,0.006237225607037544
,,,18302,,0.007628448307514191
,,,18303,,0.04257131740450859
,,,18304,,0.03248736634850502
,,,18305,,0.02411530539393425
,,,18306,,0.027361735701560974
,,,18307,,0.04188935086131096
,,,18308,,0.021188758313655853
,,,18309,,0.02543085440993309
,,,18310,,0.034594688564538956
,,,18311,,0.022937234491109848
,,,18312,,0.02896546944975853
,,,18313,,0.02345411106944084
,,,18314,,0.025924134999513626
,,,18315,,0.03670355677604675
,,,18316,,0.029676904901862144
,,,18317,,0.027255749329924583
,,,18318,,0.026095107197761536
,,,18319,,0.013477729633450508
79,,,6479,0.006591648794710636,
79,0.006881671957671642,,6479,,
80,,0.007499026600271463,6489,,
80,,0.003803830360993743,6499,,
80,,0.0028554077725857496,6509,,
80,,0.008436665870249271,6519,,
80,,0.0044081262312829494,6529,,
80,,0.0065880208276212215,6539,,
80,,0.008391671814024448,6549,,
80,,0.001987323397770524,6559,,
,,,18320,,0.00021705904509872198
,,,18321,,0.0001587582955835387
,,,18322,,0.0003932568070013076
,,,18323,,0.000177539826836437
,,,18324,,0.0003576833987608552
,,,18325,,0.00014193740207701921
,,,18326,,0.000433072418672964
,,,18327,,0.0001381376787321642
,,,18328,,0.00034276238875463605
,,,18329,,0.00016641244292259216
,,,18330,,0.0006235570181161165
,,,18331,,0.0006294563063420355
,,,18332,,0.00014599444693885744
,,,18333,,0.00019679919932968915
,,,18334,,0.00038342064362950623
,,,18335,,0.00021370832109823823
,,,18336,,0.0004838244349230081
,,,18337,,0.0002940320991910994
,,,18338,,0.0002923178253695369
,,,18339,,0.0007041898788884282
,,,18340,,0.0001870763662736863
,,,18341,,0.00014334870502352715
,,,18342,,0.00013187361764721572
,,,18343,,0.00046801904682070017
,,,18344,,0.00038558110827580094
,,,18345,,0.00030546364723704755
,,,18346,,0.0002715656883083284
,,,18347,,0.005008944310247898
,,,18348,,0.016450608149170876
,,,18349,,0.013550314120948315
,,,18350,,0.013693991117179394
,,,18351,,0.0150068961083889
,,,18352,,0.013946184888482094
,,,18353,,0.07835089415311813
,,,18354,,0.02309289202094078
,,,18355,,0.011288762092590332
,,,18356,,0.013341875746846199
,,,18357,,0.008969761431217194
,,,18358,,0.004733370151370764
,,,18359,,0.011852679774165154
,,,18360,,0.007196322083473206
,,,18361,,0.004273903090506792
,,,18362,,0.011508766561746597
,,,18363,,0.01270824484527111
,,,18364,,0.004795952700078487
,,,18365,,0.016594212502241135
,,,18366,,0.007471908815205097
,,,18367,,0.0025237686932086945
,,,18368,,0.008005897514522076
,,,18369,,0.004162142053246498
,,,18370,,0.004987115506082773
,,,18371,,0.006534412503242493
,,,18372,,0.0023505499120801687
,,,18373,,0.006460101343691349
,,,18374,,0.0036482736468315125
,,,18375,,0.007880562916398048
,,,18376,,0.007061143405735493
,,,18377,,0.002357922261580825
,,,18378,,0.003955495078116655
,,,18379,,0.002399762161076069
,,,18380,,0.0034609618596732616
,,,18381,,0.002293807454407215
,,,18382,,0.002197007182985544
,,,18383,,0.003155735321342945
,,,18384,,0.0027987658977508545
,,,18385,,0.0014592944644391537
,,,18386,,0.0026112012565135956
,,,18387,,0.00737445754930377
,,,18388,,0.0030576062854379416
,,,18389,,0.0014843422686681151
,,,18390,,0.0022050754632800817
,,,18391,,0.0002717731986194849
,,,18392,,0.0007952845189720392
,,,18393,,0.0004590687749441713
,,,18394,,0.0003138663014397025
,,,18395,,0.0002807044656947255
,,,18396,,0.0003269389853812754
,,,18397,,0.00017249074880965054
,,,18398,,0.00031202688114717603
,,,18399,,0.00021952189854346216
,,,18400,,0.00042242073686793447
,,,18401,,0.00035177284735254943
,,,18402,,0.0007793450495228171
,,,18403,,0.0005348706617951393
,,,18404,,0.005365046672523022
,,,18405,,0.00652515422552824
,,,18406,,0.0066006965935230255
,,,18407,,0.020969964563846588
,,,18408,,0.014773612841963768
,,,18409,,0.012261776253581047
,,,18410,,0.02012232318520546
,,,18411,,0.018640192225575447
,,,18412,,0.005830229260027409
,,,18413,,0.0051798708736896515
,,,18414,,0.005322632845491171
,,,18415,,0.004139499738812447
,,,18416,,0.004577758256345987
,,,18417,,0.005327404476702213
,,,18418,,0.004411488771438599
,,,18419,,0.004401065409183502
,,,18420,,0.005253301002085209
,,,18421,,0.00428921589627862
,,,18422,,0.0038187492173165083
,,,18423,,0.004039980936795473
,,,18424,,0.005246954970061779
,,,18425,,0.004958095960319042
,,,18426,,0.0051687913946807384
,,,18427,,0.004831574857234955
,,,18428,,0.004562225192785263
,,,18429,,0.00585368275642395
,,,18430,,0.005218846257776022
,,,18431,,0.0039329491555690765
,,,18432,,0.00522236991673708
,,,18433,,0.005395512096583843
,,,18434,,0.007743392139673233
,,,18435,,0.007729113567620516
,,,18436,,0.005676954984664917
,,,18437,,0.005122653674334288
,,,18438,,0.004706673789769411
,,,18439,,0.0054550315253436565
,,,18440,,0.004398544318974018
,,,18441,,0.004673648625612259
,,,18442,,0.004814000800251961
,,,18443,,0.004528596997261047
,,,18444,,0.004768953192979097
,,,18445,,0.0048522064462304115
,,,18446,,0.00397816626355052
,,,18447,,0.004329018760472536
,,,18448,,0.004426757805049419
,,,18449,,0.005511593539267778
,,,18450,,0.004749175161123276
,,,18451,,0.005408796481788158
,,,18452,,0.0050816042348742485
,,,18453,,0.005445227026939392
,,,18454,,0.005184059962630272
,,,18455,,0.004874267149716616
,,,18456,,0.004582653287798166
,,,18457,,0.005185559391975403
,,,18458,,0.0037429039366543293
,,,18459,,0.003953925799578428
,,,18460,,0.0034441070165485144
,,,18461,,0.003431378398090601
,,,18462,,0.003485232125967741
,,,18463,,0.0038581788539886475
,,,18464,,0.0035012848675251007
,,,18465,,0.0035803918726742268
,,,18466,,0.0035602650605142117
,,,18467,,0.0035910573787987232
,,,18468,,0.002951740985736251
,,,18469,,0.0031193415634334087
,,,18470,,0.003412238322198391
,,,18471,,0.0036985718179494143
,,,18472,,0.003541077021509409
,,,18473,,0.0034234102349728346
,,,18474,,0.003987944684922695
,,,18475,,0.0037494206335395575
,,,18476,,0.003679513931274414
,,,18477,,0.003301114309579134
,,,18478,,0.003387401346117258
,,,18479,,0.0038378979079425335
,,,18480,,0.003915482200682163
,,,18481,,0.004333703778684139
,,,18482,,0.004878557287156582
,,,18483,,0.004361503757536411
,,,18484,,0.00469033420085907
,,,18485,,0.004016276448965073
,,,18486,,0.0036229391116648912
,,,18487,,0.004035237245261669
,,,18488,,0.005307791754603386
,,,18489,,0.004466992802917957
,,,18490,,0.0038735978305339813
,,,18491,,0.005184865556657314
,,,18492,,0.00434214947745204
,,,18493,,0.005336122587323189
,,,18494,,0.004244322422891855
,,,18495,,0.003895028028637171
,,,18496,,0.004700997844338417
,,,18497,,0.004510283470153809
,,,18498,,0.003906728699803352
,,,18499,,0.005009690299630165
,,,18500,,0.004324117675423622
,,,18501,,0.00421675480902195
,,,18502,,0.0015430041821673512
,,,18503,,0.0013974282192066312
,,,18504,,0.0010280462447553873
,,,18505,,0.0010630034375935793
,,,18506,,0.0008830735459923744
,,,18507,,0.0009282067185267806
,,,18508,,0.001186165725812316
,,,18509,,0.0009446623735129833
,,,18510,,0.0012385824229568243
,,,18511,,0.0011115785455331206
,,,18512,,0.0011066051665693521
,,,18513,,0.0009220909560099244
,,,18514,,0.0010496305767446756
,,,18515,,0.002714325673878193
,,,18516,,0.0027520316652953625
,,,18517,,0.003998728469014168
,,,18518,,0.0023332624696195126
,,,18519,,0.0010227455059066415
,,,18520,,0.00945217628031969
,,,18521,,0.0016586137935519218
,,,18522,,0.006692121271044016
,,,18523,,0.0027628762181848288
,,,18524,,0.0025897349696606398
,,,18525,,0.005672612227499485
,,,18526,,0.008600069209933281
,,,18527,,0.0067399535328149796
,,,18528,,0.00443295668810606
,,,18529,,0.004272398538887501
,,,18530,,0.0058377450332045555
,,,18531,,0.007365797646343708
,,,18532,,0.04171537235379219
,,,18533,,0.031876340508461
,,,18534,,0.023526132106781006
,,,18535,,0.026689864695072174
,,,18536,,0.04091714322566986
,,,18537,,0.02066664583981037
,,,18538,,0.02471737191081047
,,,18539,,0.033719271421432495
,,,18540,,0.022260699421167374
,,,18541,,0.028017370030283928
,,,18542,,0.02273855358362198
,,,18543,,0.02513858675956726
,,,18544,,0.036168523132801056
,,,18545,,0.029101107269525528
,,,18546,,0.026530206203460693
,,,18547,,0.025506362318992615
,,,18548,,0.012805161997675896
80,,,6560,0.006430504377931356,
80,0.006007187534123659,,6560,,
81,,0.005252418108284473,6569,,
81,,0.006013397127389908,6579,,
81,,0.002769537502899766,6589,,
81,,0.002498792251572013,6599,,
81,,0.003604091703891754,6609,,
81,,0.0049871415831148624,6619,,
81,,0.0053834449499845505,6629,,
81,,0.003850108478218317,6639,,
,,,18549,,0.00026422698283568025
,,,18550,,0.00022339836868923157
,,,18551,,0.0004378972516860813
,,,18552,,0.00026091374456882477
,,,18553,,0.00042490760097280145
,,,18554,,0.00019419807358644903
,,,18555,,0.0004836440784856677
,,,18556,,0.0002014217752730474
,,,18557,,0.00042095084791071713
,,,18558,,0.00021704068058170378
,,,18559,,0.0006783760618418455
,,,18560,,0.0006303616100922227
,,,18561,,0.00018329884915146977
,,,18562,,0.00027245006640441716
,,,18563,,0.00042858312372118235
,,,18564,,0.00028841616585850716
,,,18565,,0.0005244241910986602
,,,18566,,0.0003443626337684691
,,,18567,,0.00036795344203710556
,,,18568,,0.0007029623375274241
,,,18569,,0.00024344850680790842
,,,18570,,0.00020579634292516857
,,,18571,,0.00020831410074606538
,,,18572,,0.000519794411957264
,,,18573,,0.0004429393738973886
,,,18574,,0.0003792291972786188
,,,18575,,0.000349562760675326
,,,18576,,0.004979987628757954
,,,18577,,0.016327757388353348
,,,18578,,0.013357313349843025
,,,18579,,0.013625613413751125
,,,18580,,0.0148762883618474
,,,18581,,0.013790838420391083
,,,18582,,0.07799053192138672
,,,18583,,0.022944126278162003
,,,18584,,0.011158112436532974
,,,18585,,0.01326386071741581
,,,18586,,0.008862116374075413
,,,18587,,0.004633250180631876
,,,18588,,0.01170733105391264
,,,18589,,0.007116921711713076
,,,18590,,0.004220633767545223
,,,18591,,0.011397764086723328
,,,18592,,0.012567117810249329
,,,18593,,0.004810052923858166
,,,18594,,0.016457276418805122
,,,18595,,0.007420632056891918
,,,18596,,0.0025235258508473635
,,,18597,,0.007881966419517994
,,,18598,,0.004145896062254906
,,,18599,,0.004993195179849863
,,,18600,,0.006436056923121214
,,,18601,,0.0022948822006583214
,,,18602,,0.006436836905777454
,,,18603,,0.0037262430414557457
,,,18604,,0.007855364121496677
,,,18605,,0.0070562949404120445
,,,18606,,0.002444916171953082
,,,18607,,0.004013253375887871
,,,18608,,0.002419658936560154
,,,18609,,0.0035184151493012905
,,,18610,,0.0024540373124182224
,,,18611,,0.0023954131174832582
,,,18612,,0.0032879733480513096
,,,18613,,0.002962703350931406
,,,18614,,0.0015846615424379706
,,,18615,,0.0024841700214892626
,,,18616,,0.007259675767272711
,,,18617,,0.0031214135233312845
,,,18618,,0.001617872854694724
,,,18619,,0.002224310766905546
,,,18620,,0.00029616605024784803
,,,18621,,0.0008768145344220102
,,,18622,,0.0006857918342575431
,,,18623,,0.00039864712744019926
,,,18624,,0.0003113573184236884
,,,18625,,0.00038895104080438614
,,,18626,,0.00018047538469545543
,,,18627,,0.00048215416609309614
,,,18628,,0.00024361534451600164
,,,18629,,0.0005250251851975918
,,,18630,,0.0004517938068602234
,,,18631,,0.0005095163360238075
,,,18632,,0.0006006417097523808
,,,18633,,0.005311942659318447
,,,18634,,0.006479514297097921
,,,18635,,0.006345274858176708
,,,18636,,0.02021588571369648
,,,18637,,0.013878080993890762
,,,18638,,0.010493962094187737
,,,18639,,0.017224840819835663
,,,18640,,0.01580914296209812
,,,18641,,0.005268082022666931
,,,18642,,0.005228662863373756
,,,18643,,0.005378049798309803
,,,18644,,0.004245328716933727
,,,18645,,0.004684395156800747
,,,18646,,0.005436454433947802
,,,18647,,0.004543096758425236
,,,18648,,0.0045231543481349945
,,,18649,,0.005309760570526123
,,,18650,,0.004348001442849636
,,,18651,,0.003957376349717379
,,,18652,,0.00412708381190896
,,,18653,,0.0053431186825037
,,,18654,,0.005073795560747385
,,,18655,,0.005257113836705685
,,,18656,,0.004925931803882122
,,,18657,,0.004705119878053665
,,,18658,,0.005965549498796463
,,,18659,,0.005324539262801409
,,,18660,,0.004071950446814299
,,,18661,,0.0053270659409463406
,,,18662,,0.005444259848445654
,,,18663,,0.0075354985892772675
,,,18664,,0.007505929563194513
,,,18665,,0.005676028318703175
,,,18666,,0.005105325486510992
,,,18667,,0.004757181741297245
,,,18668,,0.005467395763844252
,,,18669,,0.004476381465792656
,,,18670,,0.004723586142063141
,,,18671,,0.004921034909784794
,,,18672,,0.004715825896710157
,,,18673,,0.004893425852060318
,,,18674,,0.004827455617487431
,,,18675,,0.004094109870493412
,,,18676,,0.004471631720662117
,,,18677,,0.004505030810832977
,,,18678,,0.005526372697204351
,,,18679,,0.004742234013974667
,,,18680,,0.005480415187776089
,,,18681,,0.005125939380377531
,,,18682,,0.005534659139811993
,,,18683,,0.00527917267754674
,,,18684,,0.004949314519762993
,,,18685,,0.004691603593528271
,,,18686,,0.005239023827016354
,,,18687,,0.0037695863284170628
,,,18688,,0.0038868137635290623
,,,18689,,0.00344696082174778
,,,18690,,0.003503859043121338
,,,18691,,0.0035310336388647556
,,,18692,,0.003842862555757165
,,,18693,,0.003587985411286354
,,,18694,,0.0035770481918007135
,,,18695,,0.0035885742399841547
,,,18696,,0.0035439333878457546
,,,18697,,0.0030507275369018316
,,,18698,,0.00313222361728549
,,,18699,,0.0034334822557866573
,,,18700,,0.0037064135540276766
,,,18701,,0.003546497318893671
,,,18702,,0.003479535924270749
,,,18703,,0.0039470260962843895
,,,18704,,0.0037712762132287025
,,,18705,,0.0036988435313105583
,,,18706,,0.003311779350042343
,,,18707,,0.003420980181545019
,,,18708,,0.0038632620126008987
,,,18709,,0.003966590855270624
,,,18710,,0.004378780256956816
,,,18711,,0.00490143895149231
,,,18712,,0.004400929436087608
,,,18713,,0.00473383441567421
,,,18714,,0.004042305983603001
,,,18715,,0.0036865132860839367
,,,18716,,0.0040809293277561665
,,,18717,,0.0053391652181744576
,,,18718,,0.004487788304686546
,,,18719,,0.0039583598263561726
,,,18720,,0.005228488706052303
,,,18721,,0.004389888606965542
,,,18722,,0.005362710915505886
,,,18723,,0.004316139034926891
,,,18724,,0.003962044604122639
,,,18725,,0.004774381406605244
,,,18726,,0.004546028561890125
,,,18727,,0.003981810994446278
,,,18728,,0.005037471652030945
,,,18729,,0.004381856881082058
,,,18730,,0.004239116329699755
,,,18731,,0.0014894737396389246
,,,18732,,0.0013832452241331339
,,,18733,,0.0010677140671759844
,,,18734,,0.001046306686475873
,,,18735,,0.0008380167419090867
,,,18736,,0.0009008178021758795
,,,18737,,0.0012036656262353063
,,,18738,,0.0009030391229316592
,,,18739,,0.0012289548758417368
,,,18740,,0.0010940316133201122
,,,18741,,0.0010990523733198643
,,,18742,,0.0008944503497332335
,,,18743,,0.0010268595069646835
,,,18744,,0.0025759143754839897
,,,18745,,0.002670051995664835
,,,18746,,0.0038616161327809095
,,,18747,,0.002300974912941456
,,,18748,,0.0010014058789238334
,,,18749,,0.008923306129872799
,,,18750,,0.001526889856904745
,,,18751,,0.005978047847747803
,,,18752,,0.002480505732819438
,,,18753,,0.0025641033425927162
,,,18754,,0.005747799761593342
,,,18755,,0.00823688693344593
,,,18756,,0.006558557040989399
,,,18757,,0.0043836734257638454
,,,18758,,0.0041169277392327785
,,,18759,,0.005467727780342102
,,,18760,,0.007265981752425432
,,,18761,,0.04136548563838005
,,,18762,,0.031641267240047455
,,,18763,,0.023218555375933647
,,,18764,,0.02634485997259617
,,,18765,,0.04054946452379227
,,,18766,,0.02039792202413082
,,,18767,,0.024433178827166557
,,,18768,,0.0334499329328537
,,,18769,,0.022017326205968857
,,,18770,,0.027841396629810333
,,,18771,,0.02233952283859253
,,,18772,,0.02494855225086212
,,,18773,,0.03597622737288475
,,,18774,,0.028543414548039436
,,,18775,,0.02646631747484207
,,,18776,,0.025105319917201996
,,,18777,,0.013075163587927818
81,,,6641,0.006373406853526831,
81,0.005766060668975115,,6641,,
82,,0.010651017539203167,6649,,
82,,0.003681233851239085,6659,,
82,,0.00519623002037406,6669,,
82,,0.004495417699217796,6679,,
82,,0.0036038425751030445,6689,,
82,,0.007156708277761936,6699,,
82,,0.0032778452150523663,6709,,
82,,0.004441516008228064,6719,,
,,,18778,,0.00028933538123965263
,,,18779,,0.00024669201229698956
,,,18780,,0.00044502655509859324
,,,18781,,0.00023251469247043133
,,,18782,,0.0003532280679792166
,,,18783,,0.00018377833475824445
,,,18784,,0.00041573221096768975
,,,18785,,0.0002062424027826637
,,,18786,,0.0003101757902186364
,,,18787,,0.00020657165441662073
,,,18788,,0.0006400297861546278
,,,18789,,0.0006420465069822967
,,,18790,,0.00022201708634383976
,,,18791,,0.00025798616115935147
,,,18792,,0.00042934768134728074
,,,18793,,0.00027390840114094317
,,,18794,,0.0005655696149915457
,,,18795,,0.0004123591643292457
,,,18796,,0.0003296735812909901
,,,18797,,0.0008168930653482676
,,,18798,,0.00026616299874149263
,,,18799,,0.0002226553187938407
,,,18800,,0.0001874318695627153
,,,18801,,0.0005879350937902927
,,,18802,,0.0004434881848283112
,,,18803,,0.0004060565261170268
,,,18804,,0.00032130093313753605
,,,18805,,0.004989195615053177
,,,18806,,0.01633012667298317
,,,18807,,0.013363027945160866
,,,18808,,0.013543564826250076
,,,18809,,0.01484791748225689
,,,18810,,0.013781527057290077
,,,18811,,0.07773437350988388
,,,18812,,0.02288808859884739
,,,18813,,0.011111969128251076
,,,18814,,0.013247206807136536
,,,18815,,0.008834411390125751
,,,18816,,0.004684108775109053
,,,18817,,0.011741661466658115
,,,18818,,0.007132303901016712
,,,18819,,0.004127922933548689
,,,18820,,0.011333907023072243
,,,18821,,0.012494231574237347
,,,18822,,0.004720900673419237
,,,18823,,0.01629655435681343
,,,18824,,0.007335134781897068
,,,18825,,0.0024954043328762054
,,,18826,,0.007829788140952587
,,,18827,,0.004135533701628447
,,,18828,,0.004978965036571026
,,,18829,,0.006460666656494141
,,,18830,,0.002321661449968815
,,,18831,,0.006374952383339405
,,,18832,,0.003563997335731983
,,,18833,,0.007714185398072004
,,,18834,,0.006905966438353062
,,,18835,,0.0023883155081421137
,,,18836,,0.003925345838069916
,,,18837,,0.0023562125861644745
,,,18838,,0.003467942588031292
,,,18839,,0.0023860123474150896
,,,18840,,0.002287768293172121
,,,18841,,0.0031612517777830362
,,,18842,,0.0027032243087887764
,,,18843,,0.0013866913504898548
,,,18844,,0.0025614770129323006
,,,18845,,0.007193073630332947
,,,18846,,0.0031440965831279755
,,,18847,,0.0014752965653315187
,,,18848,,0.002116899471729994
,,,18849,,0.00034002537722699344
,,,18850,,0.0008737915195524693
,,,18851,,0.0005160483415238559
,,,18852,,0.0003424695460125804
,,,18853,,0.00033514652750454843
,,,18854,,0.0003809332847595215
,,,18855,,0.00024392653722316027
,,,18856,,0.000401647062972188
,,,18857,,0.0002836247440427542
,,,18858,,0.00046474661212414503
,,,18859,,0.0003989991673734039
,,,18860,,0.0007736132247373462
,,,18861,,0.0006305136485025287
,,,18862,,0.005269081797450781
,,,18863,,0.0065392618998885155
,,,18864,,0.006339527666568756
,,,18865,,0.02026749588549137
,,,18866,,0.014139757491648197
,,,18867,,0.010745182633399963
,,,18868,,0.017166387289762497
,,,18869,,0.01581101305782795
,,,18870,,0.005037790164351463
,,,18871,,0.005017182789742947
,,,18872,,0.005140242166817188
,,,18873,,0.003991847392171621
,,,18874,,0.004473018925637007
,,,18875,,0.005183527246117592
,,,18876,,0.004299691878259182
,,,18877,,0.004266372881829739
,,,18878,,0.005036086775362492
,,,18879,,0.004152752924710512
,,,18880,,0.0037077113520354033
,,,18881,,0.00389043428003788
,,,18882,,0.00510235782712698
,,,18883,,0.0048100766725838184
,,,18884,,0.005026496481150389
,,,18885,,0.004665442742407322
,,,18886,,0.004408248234540224
,,,18887,,0.005661258473992348
,,,18888,,0.0050436644814908504
,,,18889,,0.0038094681221991777
,,,18890,,0.005047459155321121
,,,18891,,0.005193678196519613
,,,18892,,0.0077429041266441345
,,,18893,,0.007643462158739567
,,,18894,,0.0056696548126637936
,,,18895,,0.0047844648361206055
,,,18896,,0.004499133676290512
,,,18897,,0.0052492874674499035
,,,18898,,0.004187027923762798
,,,18899,,0.004475775640457869
,,,18900,,0.0046283286064863205
,,,18901,,0.004402901045978069
,,,18902,,0.004568724427372217
,,,18903,,0.004565957002341747
,,,18904,,0.0038006354589015245
,,,18905,,0.004170483909547329
,,,18906,,0.004301710985600948
,,,18907,,0.005241198465228081
,,,18908,,0.004517559893429279
,,,18909,,0.0051069436594843864
,,,18910,,0.004912962205708027
,,,18911,,0.0052174655720591545
,,,18912,,0.004966095555573702
,,,18913,,0.004682743921875954
,,,18914,,0.004381624981760979
,,,18915,,0.004918854683637619
,,,18916,,0.00357641139999032
,,,18917,,0.0037326368037611246
,,,18918,,0.003279872238636017
,,,18919,,0.003338234033435583
,,,18920,,0.0033432128839194775
,,,18921,,0.0036700062919408083
,,,18922,,0.003398125059902668
,,,18923,,0.0033998223952949047
,,,18924,,0.0033901622518897057
,,,18925,,0.0034515769220888615
,,,18926,,0.00285952421836555
,,,18927,,0.0029899501241743565
,,,18928,,0.003259879071265459
,,,18929,,0.003552016569301486
,,,18930,,0.003395511768758297
,,,18931,,0.0032929242588579655
,,,18932,,0.0038072546012699604
,,,18933,,0.0036058088298887014
,,,18934,,0.0035258312709629536
,,,18935,,0.003152440767735243
,,,18936,,0.0032568606548011303
,,,18937,,0.0036616958677768707
,,,18938,,0.003780618542805314
,,,18939,,0.0041841426864266396
,,,18940,,0.004694292321801186
,,,18941,,0.004218137823045254
,,,18942,,0.004540958907455206
,,,18943,,0.0038856491446495056
,,,18944,,0.003499572863802314
,,,18945,,0.0039058313705027103
,,,18946,,0.005112670827656984
,,,18947,,0.004302969202399254
,,,18948,,0.003747584531083703
,,,18949,,0.005026765167713165
,,,18950,,0.004177747294306755
,,,18951,,0.005181243643164635
,,,18952,,0.004147524945437908
,,,18953,,0.003791715484112501
,,,18954,,0.00454648956656456
,,,18955,,0.004365284461528063
,,,18956,,0.0037891643587499857
,,,18957,,0.004810248501598835
,,,18958,,0.004202689975500107
,,,18959,,0.00406743073835969
,,,18960,,0.0014906558208167553
,,,18961,,0.0014213325921446085
,,,18962,,0.0011009613517671824
,,,18963,,0.0011128424666821957
,,,18964,,0.0008650064119137824
,,,18965,,0.000919830403290689
,,,18966,,0.0012193755246698856
,,,18967,,0.0009535917197354138
,,,18968,,0.0012526079080998898
,,,18969,,0.001169914728961885
,,,18970,,0.0011349143460392952
,,,18971,,0.0008665345376357436
,,,18972,,0.0010538261849433184
,,,18973,,0.0026602211873978376
,,,18974,,0.0026497943326830864
,,,18975,,0.003898527007550001
,,,18976,,0.0023242654278874397
,,,18977,,0.0009920349111780524
,,,18978,,0.008935474790632725
,,,18979,,0.001581275137141347
,,,18980,,0.00594825204461813
,,,18981,,0.0025590145960450172
,,,18982,,0.0025312150828540325
,,,18983,,0.005632820073515177
,,,18984,,0.00800066813826561
,,,18985,,0.0065768719650805
,,,18986,,0.0041826823726296425
,,,18987,,0.004070659633725882
,,,18988,,0.005441478453576565
,,,18989,,0.00719750439748168
,,,18990,,0.04125528410077095
,,,18991,,0.03144805133342743
,,,18992,,0.023028478026390076
,,,18993,,0.026165086776018143
,,,18994,,0.04021618142724037
,,,18995,,0.020198307931423187
,,,18996,,0.02425382472574711
,,,18997,,0.033042676746845245
,,,18998,,0.021908748894929886
,,,18999,,0.027471991255879402
,,,19000,,0.02225710265338421
,,,19001,,0.02470162883400917
,,,19002,,0.03570784628391266
,,,19003,,0.02835780940949917
,,,19004,,0.026096884161233902
,,,19005,,0.02492419257760048
,,,19006,,0.012946763075888157
82,,,6722,0.006263959687203169,
82,0.005796167068183422,,6722,,
83,,0.005328440573066473,6729,,
83,,0.003824166487902403,6739,,
83,,0.004315049387514591,6749,,
83,,0.006146213039755821,6759,,
83,,0.00607816968113184,6769,,
83,,0.0038681812584400177,6779,,
83,,0.002240194007754326,6789,,
83,,0.003108267206698656,6799,,
,,,19007,,0.00021499069407582283
,,,19008,,0.00014837087655905634
,,,19009,,0.0003902010794263333
,,,19010,,0.00013450338155962527
,,,19011,,0.00030542747117578983
,,,19012,,0.0001153684570454061
,,,19013,,0.0003743650740943849
,,,19014,,0.00010326378105673939
,,,19015,,0.0002300109772477299
,,,19016,,0.00014418401406146586
,,,19017,,0.0005783230299130082
,,,19018,,0.0006385291344486177
,,,19019,,0.00013411158579401672
,,,19020,,0.0001741216256050393
,,,19021,,0.0003436096594668925
,,,19022,,0.00017764023505151272
,,,19023,,0.0004918752238154411
,,,19024,,0.0002783692325465381
,,,19025,,0.0002412867033854127
,,,19026,,0.0007341442396864295
,,,19027,,0.0001762205793056637
,,,19028,,0.00013180545647628605
,,,19029,,0.00010141070379177108
,,,19030,,0.00045265312655828893
,,,19031,,0.0003502170729916543
,,,19032,,0.0002888645394705236
,,,19033,,0.00026652260567061603
,,,19034,,0.004902677144855261
,,,19035,,0.01619497314095497
,,,19036,,0.013241253793239594
,,,19037,,0.013457642868161201
,,,19038,,0.014740901067852974
,,,19039,,0.013652926310896873
,,,19040,,0.07750478386878967
,,,19041,,0.022766754031181335
,,,19042,,0.011039992794394493
,,,19043,,0.013145031407475471
,,,19044,,0.00875725969672203
,,,19045,,0.004570302553474903
,,,19046,,0.011620137840509415
,,,19047,,0.00706430384889245
,,,19048,,0.004171332344412804
,,,19049,,0.01108379103243351
,,,19050,,0.012336276471614838
,,,19051,,0.004660874605178833
,,,19052,,0.01609433814883232
,,,19053,,0.00721394969150424
,,,19054,,0.002509528771042824
,,,19055,,0.007730888202786446
,,,19056,,0.0040482645854353905
,,,19057,,0.004856036975979805
,,,19058,,0.006348075345158577
,,,19059,,0.002286335686221719
,,,19060,,0.006315581500530243
,,,19061,,0.00349133787676692
,,,19062,,0.007570316083729267
,,,19063,,0.006822205148637295
,,,19064,,0.002300090389326215
,,,19065,,0.003752697492018342
,,,19066,,0.0021586352959275246
,,,19067,,0.003295186208561063
,,,19068,,0.0021834042854607105
,,,19069,,0.002092652954161167
,,,19070,,0.0029880525544285774
,,,19071,,0.002652752213180065
,,,19072,,0.0013158692745491862
,,,19073,,0.0023774465080350637
,,,19074,,0.007037426345050335
,,,19075,,0.0029492871835827827
,,,19076,,0.0013801995664834976
,,,19077,,0.0021068803034722805
,,,19078,,0.0002724293735809624
,,,19079,,0.0007857382297515869
,,,19080,,0.0003820735728368163
,,,19081,,0.00041712517850100994
,,,19082,,0.00029159875703044236
,,,19083,,0.0002884877612814307
,,,19084,,0.0001791995600797236
,,,19085,,0.00033161055762320757
,,,19086,,0.00021142713376320899
,,,19087,,0.0004177966038696468
,,,19088,,0.0004342836909927428
,,,19089,,0.0006789055769331753
,,,19090,,0.000471679464681074
,,,19091,,0.005077518988400698
,,,19092,,0.00631363783031702
,,,19093,,0.006030936725437641
,,,19094,,0.01924937218427658
,,,19095,,0.013088563457131386
,,,19096,,0.010011542588472366
,,,19097,,0.01666843891143799
,,,19098,,0.015182792209088802
,,,19099,,0.004872896708548069
,,,19100,,0.004886584356427193
,,,19101,,0.005026001483201981
,,,19102,,0.003872836474329233
,,,19103,,0.004325170069932938
,,,19104,,0.00506649911403656
,,,19105,,0.0041356924921274185
,,,19106,,0.004145258106291294
,,,19107,,0.004921269603073597
,,,19108,,0.004018951207399368
,,,19109,,0.0035710777156054974
,,,19110,,0.0037964656949043274
,,,19111,,0.0049423109740018845
,,,19112,,0.004705190192908049
,,,19113,,0.004895235411822796
,,,19114,,0.004581921733915806
,,,19115,,0.004301943816244602
,,,19116,,0.005574823822826147
,,,19117,,0.004911493510007858
,,,19118,,0.0037000090815126896
,,,19119,,0.004962415434420109
,,,19120,,0.005093458108603954
,,,19121,,0.007531460374593735
,,,19122,,0.007485220208764076
,,,19123,,0.005483501590788364
,,,19124,,0.0047495681792497635
,,,19125,,0.004481080919504166
,,,19126,,0.005314117297530174
,,,19127,,0.004114764276891947
,,,19128,,0.004457746632397175
,,,19129,,0.004564432427287102
,,,19130,,0.004368221387267113
,,,19131,,0.004628774709999561
,,,19132,,0.004505480639636517
,,,19133,,0.0037866546772420406
,,,19134,,0.004142042249441147
,,,19135,,0.004307152703404427
,,,19136,,0.005291570909321308
,,,19137,,0.004510585218667984
,,,19138,,0.0051079923287034035
,,,19139,,0.004922385327517986
,,,19140,,0.005222307983785868
,,,19141,,0.004972865805029869
,,,19142,,0.0046796537935733795
,,,19143,,0.004411571659147739
,,,19144,,0.004931078292429447
,,,19145,,0.003610005369409919
,,,19146,,0.0037775193341076374
,,,19147,,0.003229523543268442
,,,19148,,0.003307861275970936
,,,19149,,0.0033200886100530624
,,,19150,,0.0036246427334845066
,,,19151,,0.0034406448248773813
,,,19152,,0.003380289999768138
,,,19153,,0.003444715403020382
,,,19154,,0.0035224854946136475
,,,19155,,0.0027972066309303045
,,,19156,,0.0028977682814002037
,,,19157,,0.003347206860780716
,,,19158,,0.0035047847777605057
,,,19159,,0.0033312966115772724
,,,19160,,0.0032430943101644516
,,,19161,,0.003997572232037783
,,,19162,,0.0036985527258366346
,,,19163,,0.003564059268683195
,,,19164,,0.0031027751974761486
,,,19165,,0.0032090088352560997
,,,19166,,0.003710214514285326
,,,19167,,0.003715868340805173
,,,19168,,0.004099877551198006
,,,19169,,0.0046441988088190556
,,,19170,,0.004148203879594803
,,,19171,,0.004489605315029621
,,,19172,,0.0038288533687591553
,,,19173,,0.0034413111861795187
,,,19174,,0.003851061686873436
,,,19175,,0.005048963241279125
,,,19176,,0.0042289867997169495
,,,19177,,0.0036577049177139997
,,,19178,,0.004964491352438927
,,,19179,,0.004154876805841923
,,,19180,,0.005123128183186054
,,,19181,,0.004090834874659777
,,,19182,,0.0037245783023536205
,,,19183,,0.004468374885618687
,,,19184,,0.0043087489902973175
,,,19185,,0.0037370752543210983
,,,19186,,0.004782090894877911
,,,19187,,0.004110836889594793
,,,19188,,0.004023252986371517
,,,19189,,0.001564668957144022
,,,19190,,0.0013712153304368258
,,,19191,,0.0009558868478052318
,,,19192,,0.0010524280369281769
,,,19193,,0.0008162186713889241
,,,19194,,0.000890817609615624
,,,19195,,0.0012044355971738696
,,,19196,,0.0009131031110882759
,,,19197,,0.0012205599341541529
,,,19198,,0.0011066403239965439
,,,19199,,0.001099259126931429
,,,19200,,0.0008803557138890028
,,,19201,,0.0010789961088448763
,,,19202,,0.0025631547905504704
,,,19203,,0.002622772939503193
,,,19204,,0.0038984292186796665
,,,19205,,0.002275214996188879
,,,19206,,0.000938397366553545
,,,19207,,0.00889621488749981
,,,19208,,0.0015557148726657033
,,,19209,,0.005903082899749279
,,,19210,,0.0024898333940654993
,,,19211,,0.0024917428381741047
,,,19212,,0.005579707212746143
,,,19213,,0.008176700212061405
,,,19214,,0.006546278018504381
,,,19215,,0.0043062567710876465
,,,19216,,0.003937897738069296
,,,19217,,0.005599869415163994
,,,19218,,0.007117812987416983
,,,19219,,0.0410228930413723
,,,19220,,0.031194619834423065
,,,19221,,0.0227414071559906
,,,19222,,0.026045629754662514
,,,19223,,0.040026698261499405
,,,19224,,0.020080916583538055
,,,19225,,0.024063538759946823
,,,19226,,0.03288495913147926
,,,19227,,0.021646859124302864
,,,19228,,0.027246780693531036
,,,19229,,0.021966107189655304
,,,19230,,0.024577422067523003
,,,19231,,0.0354011133313179
,,,19232,,0.028160545974969864
,,,19233,,0.025899989530444145
,,,19234,,0.024689629673957825
,,,19235,,0.012873897328972816
83,,,6803,0.0061702486127614975,
83,0.005772878415882587,,6803,,
84,,0.008668655529618263,6809,,
84,,0.006352832540869713,6819,,
84,,0.00703637208789587,6829,,
84,,0.0036677527241408825,6839,,
84,,0.01015060767531395,6849,,
84,,0.004927370231598616,6859,,
84,,0.004074329975992441,6869,,
84,,0.005111999344080687,6879,,
,,,19236,,0.0001988320000236854
,,,19237,,0.0001417257881257683
,,,19238,,0.00036942301085218787
,,,19239,,0.00016953158774413168
,,,19240,,0.00029000407084822655
,,,19241,,0.00013919445336796343
,,,19242,,0.00039397086948156357
,,,19243,,0.00014030256716068834
,,,19244,,0.0002771593863144517
,,,19245,,0.0001526791020296514
,,,19246,,0.0005902521079406142
,,,19247,,0.0005645219353027642
,,,19248,,0.0001301034353673458
,,,19249,,0.00020826174295507371
,,,19250,,0.00039360253140330315
,,,19251,,0.0002029657771345228
,,,19252,,0.0004939953796565533
,,,19253,,0.00031752436188980937
,,,19254,,0.0002364335668971762
,,,19255,,0.0007896991446614265
,,,19256,,0.00020406504336278886
,,,19257,,0.00012955302372574806
,,,19258,,0.00010847311932593584
,,,19259,,0.0004995253402739763
,,,19260,,0.0003721751272678375
,,,19261,,0.0002896256628446281
,,,19262,,0.00024093063257168978
,,,19263,,0.004881861619651318
,,,19264,,0.016162175685167313
,,,19265,,0.01322229579091072
,,,19266,,0.013391882181167603
,,,19267,,0.014733979478478432
,,,19268,,0.013614144176244736
,,,19269,,0.07731898874044418
,,,19270,,0.02269022725522518
,,,19271,,0.010949254035949707
,,,19272,,0.013099199160933495
,,,19273,,0.008770167827606201
,,,19274,,0.004609198309481144
,,,19275,,0.01160990260541439
,,,19276,,0.007024754304438829
,,,19277,,0.00421613734215498
,,,19278,,0.011415759101510048
,,,19279,,0.012404600158333778
,,,19280,,0.004790609236806631
,,,19281,,0.016092702746391296
,,,19282,,0.007356963120400906
,,,19283,,0.0025596758350729942
,,,19284,,0.007758975028991699
,,,19285,,0.004253839608281851
,,,19286,,0.004945148713886738
,,,19287,,0.006534758023917675
,,,19288,,0.0024447920732200146
,,,19289,,0.006386369466781616
,,,19290,,0.0035781734623014927
,,,19291,,0.007575819734483957
,,,19292,,0.006785675883293152
,,,19293,,0.00234542740508914
,,,19294,,0.003769362810999155
,,,19295,,0.0023357609752565622
,,,19296,,0.003344983560964465
,,,19297,,0.002327455673366785
,,,19298,,0.0021926353219896555
,,,19299,,0.0030596256256103516
,,,19300,,0.0025944923982024193
,,,19301,,0.0013665634905919433
,,,19302,,0.002360293176025152
,,,19303,,0.007048739120364189
,,,19304,,0.0030523627065122128
,,,19305,,0.001432384829968214
,,,19306,,0.0020892778411507607
,,,19307,,0.00025540971546433866
,,,19308,,0.0008532003848813474
,,,19309,,0.0005374676547944546
,,,19310,,0.00035514807677827775
,,,19311,,0.0002708905376493931
,,,19312,,0.000323605170706287
,,,19313,,0.0001661543210502714
,,,19314,,0.00040637049823999405
,,,19315,,0.00020676128042396158
,,,19316,,0.00043591303983703256
,,,19317,,0.00039135475526563823
,,,19318,,0.0005700318142771721
,,,19319,,0.0005694208666682243
,,,19320,,0.005451826378703117
,,,19321,,0.006712199188768864
,,,19322,,0.006508485414087772
,,,19323,,0.019212786108255386
,,,19324,,0.013094540685415268
,,,19325,,0.010124525055289268
,,,19326,,0.016618793830275536
,,,19327,,0.015196875669062138
,,,19328,,0.00490734213963151
,,,19329,,0.004905291832983494
,,,19330,,0.005040409509092569
,,,19331,,0.003917687106877565
,,,19332,,0.004387791268527508
,,,19333,,0.005099214147776365
,,,19334,,0.004156914539635181
,,,19335,,0.004187847021967173
,,,19336,,0.004899007733911276
,,,19337,,0.004050238989293575
,,,19338,,0.0036204431671649218
,,,19339,,0.0038147009909152985
,,,19340,,0.005002007819712162
,,,19341,,0.004737135488539934
,,,19342,,0.004915873985737562
,,,19343,,0.004579962231218815
,,,19344,,0.004318474791944027
,,,19345,,0.005542751867324114
,,,19346,,0.004947773180902004
,,,19347,,0.0037392841186374426
,,,19348,,0.004960278980433941
,,,19349,,0.005042870528995991
,,,19350,,0.007247283589094877
,,,19351,,0.007246413268148899
,,,19352,,0.005349288694560528
,,,19353,,0.004749049432575703
,,,19354,,0.004439909011125565
,,,19355,,0.005207301117479801
,,,19356,,0.004105462692677975
,,,19357,,0.004425152204930782
,,,19358,,0.004555251449346542
,,,19359,,0.004370624665170908
,,,19360,,0.004550369456410408
,,,19361,,0.004481373820453882
,,,19362,,0.0038062070962041616
,,,19363,,0.004111966118216515
,,,19364,,0.0042761522345244884
,,,19365,,0.005242004990577698
,,,19366,,0.004495381377637386
,,,19367,,0.005052950698882341
,,,19368,,0.004860340617597103
,,,19369,,0.005154057405889034
,,,19370,,0.0049224188551306725
,,,19371,,0.004612255841493607
,,,19372,,0.0043612937442958355
,,,19373,,0.00489036925137043
,,,19374,,0.0035453380551189184
,,,19375,,0.003740450832992792
,,,19376,,0.0032919286750257015
,,,19377,,0.0033224623184651136
,,,19378,,0.003336019115522504
,,,19379,,0.00367473135702312
,,,19380,,0.003423925954848528
,,,19381,,0.0034080147743225098
,,,19382,,0.0034370175562798977
,,,19383,,0.003460557432845235
,,,19384,,0.0028423971962183714
,,,19385,,0.0029791228007525206
,,,19386,,0.003338080830872059
,,,19387,,0.0035254955291748047
,,,19388,,0.00338766910135746
,,,19389,,0.0032834638841450214
,,,19390,,0.0038605898153036833
,,,19391,,0.0036494347732514143
,,,19392,,0.003520476631820202
,,,19393,,0.0031426912173628807
,,,19394,,0.0032523644622415304
,,,19395,,0.0037143887020647526
,,,19396,,0.0037534222938120365
,,,19397,,0.004096680786460638
,,,19398,,0.004678505007177591
,,,19399,,0.004201031289994717
,,,19400,,0.004505431745201349
,,,19401,,0.0038414709270000458
,,,19402,,0.003483193926513195
,,,19403,,0.003882351331412792
,,,19404,,0.005042386241257191
,,,19405,,0.004248065873980522
,,,19406,,0.003688559401780367
,,,19407,,0.004983157385140657
,,,19408,,0.004163880832493305
,,,19409,,0.0051155006512999535
,,,19410,,0.004103746265172958
,,,19411,,0.003749746596440673
,,,19412,,0.004487189464271069
,,,19413,,0.004294379148632288
,,,19414,,0.003752827877178788
,,,19415,,0.004774040542542934
,,,19416,,0.004137158393859863
,,,19417,,0.004022514447569847
,,,19418,,0.001479616155847907
,,,19419,,0.001442198408767581
,,,19420,,0.0010885980445891619
,,,19421,,0.0010935933096334338
,,,19422,,0.0008380357758142054
,,,19423,,0.0009048851206898689
,,,19424,,0.0012043578317388892
,,,19425,,0.0009450569050386548
,,,19426,,0.0012675486505031586
,,,19427,,0.0011513304198160768
,,,19428,,0.0010997611097991467
,,,19429,,0.0008939059916883707
,,,19430,,0.0010162403341382742
,,,19431,,0.0026772001292556524
,,,19432,,0.002576767699792981
,,,19433,,0.0037989674601703882
,,,19434,,0.0022483631037175655
,,,19435,,0.0009868895867839456
,,,19436,,0.008824793621897697
,,,19437,,0.0014555882662534714
,,,19438,,0.0058302562683820724
,,,19439,,0.0023233278188854456
,,,19440,,0.0024038914125412703
,,,19441,,0.005655931308865547
,,,19442,,0.008222434669733047
,,,19443,,0.006503700744360685
,,,19444,,0.004564969800412655
,,,19445,,0.004311460070312023
,,,19446,,0.005912731867283583
,,,19447,,0.007025964558124542
,,,19448,,0.040677350014448166
,,,19449,,0.03080250695347786
,,,19450,,0.02258129231631756
,,,19451,,0.025755129754543304
,,,19452,,0.03956837207078934
,,,19453,,0.01985195279121399
,,,19454,,0.023820217698812485
,,,19455,,0.03247503936290741
,,,19456,,0.02143758162856102
,,,19457,,0.0271342471241951
,,,19458,,0.021789371967315674
,,,19459,,0.024389494210481644
,,,19460,,0.03507235273718834
,,,19461,,0.028003070503473282
,,,19462,,0.02568962797522545
,,,19463,,0.02436872571706772
,,,19464,,0.01248154230415821
84,,,6884,0.00616748072206974,
84,0.005964555777609348,,6884,,
85,,0.004513953346759081,6889,,
85,,0.0062856124714016914,6899,,
85,,0.006407985929399729,6909,,
85,,0.008497059345245361,6919,,
85,,0.004944532178342342,6929,,
85,,0.006188463419675827,6939,,
85,,0.008077088743448257,6949,,
85,,0.003812707494944334,6959,,
,,,19465,,0.00024708255659788847
,,,19466,,0.00020066407159902155
,,,19467,,0.000460366893094033
,,,19468,,0.00018324302800465375
,,,19469,,0.0003304405545350164
,,,19470,,0.00013118749484419823
,,,19471,,0.00047357875155285
,,,19472,,0.00015189341502264142
,,,19473,,0.00026765905204229057
,,,19474,,0.0001753204269334674
,,,19475,,0.0006162262870930135
,,,19476,,0.0007168438751250505
,,,19477,,0.00018225304665975273
,,,19478,,0.0002067967434413731
,,,19479,,0.00040072135743685067
,,,19480,,0.00020564391161315143
,,,19481,,0.000528272008523345
,,,19482,,0.0003578100586310029
,,,19483,,0.0003226129920221865
,,,19484,,0.0007466840324923396
,,,19485,,0.00020384015806484967
,,,19486,,0.00015837310638744384
,,,19487,,0.00012390853953547776
,,,19488,,0.0005374735337682068
,,,19489,,0.0004163574194535613
,,,19490,,0.0003235507756471634
,,,19491,,0.00029089185409247875
,,,19492,,0.005450792610645294
,,,19493,,0.016565391793847084
,,,19494,,0.01365664228796959
,,,19495,,0.013882257044315338
,,,19496,,0.015285007655620575
,,,19497,,0.014100801199674606
,,,19498,,0.07780083268880844
,,,19499,,0.023229826241731644
,,,19500,,0.011447682045400143
,,,19501,,0.013635383918881416
,,,19502,,0.009217631071805954
,,,19503,,0.005067091900855303
,,,19504,,0.012130532413721085
,,,19505,,0.007509791292250156
,,,19506,,0.004515414126217365
,,,19507,,0.011664384044706821
,,,19508,,0.012981681153178215
,,,19509,,0.0049226367846131325
,,,19510,,0.016844656318426132
,,,19511,,0.007740493398159742
,,,19512,,0.0027441829442977905
,,,19513,,0.008307832293212414
,,,19514,,0.00433396128937602
,,,19515,,0.0052007948979735374
,,,19516,,0.006770056672394276
,,,19517,,0.0024351219180971384
,,,19518,,0.006675284821540117
,,,19519,,0.004141703248023987
,,,19520,,0.008255990222096443
,,,19521,,0.0074941059574484825
,,,19522,,0.0027141801547259092
,,,19523,,0.004202403128147125
,,,19524,,0.0028266715817153454
,,,19525,,0.0037591056898236275
,,,19526,,0.002603636821731925
,,,19527,,0.002604366047307849
,,,19528,,0.0035437613260000944
,,,19529,,0.0032605486921966076
,,,19530,,0.0019165293779224157
,,,19531,,0.0032006376422941685
,,,19532,,0.007654779125005007
,,,19533,,0.0033342267852276564
,,,19534,,0.001953213242813945
,,,19535,,0.002380221616476774
,,,19536,,0.0003173910372424871
,,,19537,,0.000839346437714994
,,,19538,,0.00039297575131058693
,,,19539,,0.0003477818099781871
,,,19540,,0.00034218071959912777
,,,19541,,0.00035546201979741454
,,,19542,,0.0002185386256314814
,,,19543,,0.00027923774905502796
,,,19544,,0.00022303531295619905
,,,19545,,0.0004891551798209548
,,,19546,,0.00036195453139953315
,,,19547,,0.000829293392598629
,,,19548,,0.0005961183924227953
,,,19549,,0.006616466678678989
,,,19550,,0.008615280501544476
,,,19551,,0.00767389964312315
,,,19552,,0.02133515290915966
,,,19553,,0.01434759795665741
,,,19554,,0.011543205007910728
,,,19555,,0.019181743264198303
,,,19556,,0.017450857907533646
,,,19557,,0.00576024129986763
,,,19558,,0.005580957978963852
,,,19559,,0.005740554071962833
,,,19560,,0.004445830825716257
,,,19561,,0.004981419071555138
,,,19562,,0.005644539371132851
,,,19563,,0.0046784039586782455
,,,19564,,0.004790144041180611
,,,19565,,0.005488180089741945
,,,19566,,0.004662873223423958
,,,19567,,0.004249973222613335
,,,19568,,0.004309633281081915
,,,19569,,0.005761861335486174
,,,19570,,0.005369161255657673
,,,19571,,0.005634904373437166
,,,19572,,0.005234625190496445
,,,19573,,0.005026575177907944
,,,19574,,0.006223328877240419
,,,19575,,0.005625779740512371
,,,19576,,0.004207798279821873
,,,19577,,0.005662190727889538
,,,19578,,0.0059426394291222095
,,,19579,,0.010696650482714176
,,,19580,,0.010503577999770641
,,,19581,,0.0076129380613565445
,,,19582,,0.0051972088403999805
,,,19583,,0.0048838951624929905
,,,19584,,0.005692204926162958
,,,19585,,0.0045767975971102715
,,,19586,,0.004938540514558554
,,,19587,,0.0051612211391329765
,,,19588,,0.004924439359456301
,,,19589,,0.005154475569725037
,,,19590,,0.005008621606975794
,,,19591,,0.004362357780337334
,,,19592,,0.004527559503912926
,,,19593,,0.004665642511099577
,,,19594,,0.005660942755639553
,,,19595,,0.004805927164852619
,,,19596,,0.005715137347579002
,,,19597,,0.005301246419548988
,,,19598,,0.005644391756504774
,,,19599,,0.005415847059339285
,,,19600,,0.005107918754220009
,,,19601,,0.004807186312973499
,,,19602,,0.005501320119947195
,,,19603,,0.004614508710801601
,,,19604,,0.004621116444468498
,,,19605,,0.0039160409942269325
,,,19606,,0.0037870698142796755
,,,19607,,0.0038954676128923893
,,,19608,,0.00464260671287775
,,,19609,,0.004333073738962412
,,,19610,,0.004873467609286308
,,,19611,,0.004534129053354263
,,,19612,,0.003915056586265564
,,,19613,,0.0038053803145885468
,,,19614,,0.004148999694734812
,,,19615,,0.003782794810831547
,,,19616,,0.004138241522014141
,,,19617,,0.003898715367540717
,,,19618,,0.0039276182651519775
,,,19619,,0.004778056405484676
,,,19620,,0.00408262200653553
,,,19621,,0.004053383134305477
,,,19622,,0.0037322966381907463
,,,19623,,0.004070871509611607
,,,19624,,0.004258329048752785
,,,19625,,0.004253022838383913
,,,19626,,0.004820207133889198
,,,19627,,0.005447520408779383
,,,19628,,0.004832849837839603
,,,19629,,0.005125448107719421
,,,19630,,0.0044167302548885345
,,,19631,,0.004017432685941458
,,,19632,,0.004457598552107811
,,,19633,,0.005865818355232477
,,,19634,,0.0048348624259233475
,,,19635,,0.004258268512785435
,,,19636,,0.00570317218080163
,,,19637,,0.004858708940446377
,,,19638,,0.0059109339490532875
,,,19639,,0.0047529530711472034
,,,19640,,0.004381054546684027
,,,19641,,0.005119099281728268
,,,19642,,0.005052145570516586
,,,19643,,0.004366319160908461
,,,19644,,0.00540484394878149
,,,19645,,0.0047392453998327255
,,,19646,,0.004649599082767963
,,,19647,,0.001768809393979609
,,,19648,,0.0015439214184880257
,,,19649,,0.0010846611112356186
,,,19650,,0.0011599689023569226
,,,19651,,0.0009158183820545673
,,,19652,,0.001019765855744481
,,,19653,,0.0013020450714975595
,,,19654,,0.001030005281791091
,,,19655,,0.00135477923322469
,,,19656,,0.0012933160178363323
,,,19657,,0.0012391433119773865
,,,19658,,0.0010271018836647272
,,,19659,,0.0011614130344241858
,,,19660,,0.003325758269056678
,,,19661,,0.0033831102773547173
,,,19662,,0.004256501328200102
,,,19663,,0.003410045523196459
,,,19664,,0.0012038308195769787
,,,19665,,0.0101375263184309
,,,19666,,0.0018517321441322565
,,,19667,,0.00616773497313261
,,,19668,,0.0026614239905029535
,,,19669,,0.0030389083549380302
,,,19670,,0.00652841292321682
,,,19671,,0.008860774338245392
,,,19672,,0.007496304344385862
,,,19673,,0.005093653220683336
,,,19674,,0.005256762262433767
,,,19675,,0.006833366118371487
,,,19676,,0.0076966662891209126
,,,19677,,0.04214794933795929
,,,19678,,0.03231683000922203
,,,19679,,0.02398068830370903
,,,19680,,0.027076639235019684
,,,19681,,0.04113297909498215
,,,19682,,0.021085118874907494
,,,19683,,0.02513224445283413
,,,19684,,0.03406338766217232
,,,19685,,0.022649677470326424
,,,19686,,0.028709888458251953
,,,19687,,0.023196756839752197
,,,19688,,0.025894828140735626
,,,19689,,0.03649774193763733
,,,19690,,0.02941608801484108
,,,19691,,0.026944296434521675
,,,19692,,0.02578544244170189
,,,19693,,0.013061998412013054
85,,,6965,0.00675949826836586,
85,0.006718309596180916,,6965,,
86,,0.0031010243110358715,6969,,
86,,0.007019164506345987,6979,,
86,,0.007952536456286907,6989,,
86,,0.0031923637725412846,6999,,
86,,0.005680266302078962,7009,,
86,,0.006892050616443157,7019,,
86,,0.007339134346693754,7029,,
86,,0.007112528197467327,7039,,
,,,19694,,0.0002485832083038986
,,,19695,,0.00021127256331965327
,,,19696,,0.0003837985568679869
,,,19697,,0.00022322240693029016
,,,19698,,0.00047298037679865956
,,,19699,,0.00015994595014490187
,,,19700,,0.0004612797638401389
,,,19701,,0.00017266857321374118
,,,19702,,0.00042906738235615194
,,,19703,,0.00019890174735337496
,,,19704,,0.0006345236906781793
,,,19705,,0.0006008874624967575
,,,19706,,0.00018269014253746718
,,,19707,,0.00024145239149220288
,,,19708,,0.0004378063604235649
,,,19709,,0.0002449639141559601
,,,19710,,0.0006232404848560691
,,,19711,,0.0003369007899891585
,,,19712,,0.0003922103496734053
,,,19713,,0.0007440311019308865
,,,19714,,0.00022947476827539504
,,,19715,,0.00019718242401722819
,,,19716,,0.00017752195708453655
,,,19717,,0.0005193708930164576
,,,19718,,0.000438133894931525
,,,19719,,0.0003872938686981797
,,,19720,,0.00033931698999367654
,,,19721,,0.005406614392995834
,,,19722,,0.01652655191719532
,,,19723,,0.013529435731470585
,,,19724,,0.013852879405021667
,,,19725,,0.015200385823845863
,,,19726,,0.013899426907300949
,,,19727,,0.07762770354747772
,,,19728,,0.02293115295469761
,,,19729,,0.011331094428896904
,,,19730,,0.013538382016122341
,,,19731,,0.009320823475718498
,,,19732,,0.005118857603520155
,,,19733,,0.012010919861495495
,,,19734,,0.007584996521472931
,,,19735,,0.004833350423723459
,,,19736,,0.011617666110396385
,,,19737,,0.01317882165312767
,,,19738,,0.005454941652715206
,,,19739,,0.01675305888056755
,,,19740,,0.007928655482828617
,,,19741,,0.0034011593088507652
,,,19742,,0.00842575915157795
,,,19743,,0.004827918019145727
,,,19744,,0.005533740855753422
,,,19745,,0.007250359281897545
,,,19746,,0.003420677036046982
,,,19747,,0.007097688969224691
,,,19748,,0.0038600631523877382
,,,19749,,0.00794078130275011
,,,19750,,0.007009411230683327
,,,19751,,0.002462642267346382
,,,19752,,0.0038969689048826694
,,,19753,,0.0024071037769317627
,,,19754,,0.0035390066914260387
,,,19755,,0.002541041001677513
,,,19756,,0.002403498161584139
,,,19757,,0.0031230614986270666
,,,19758,,0.0028514303267002106
,,,19759,,0.001511512789875269
,,,19760,,0.002836280269548297
,,,19761,,0.007349436171352863
,,,19762,,0.0032888660207390785
,,,19763,,0.0017344385851174593
,,,19764,,0.002269832883030176
,,,19765,,0.0003039975999854505
,,,19766,,0.0008379450300708413
,,,19767,,0.0004352609976194799
,,,19768,,0.0003852405643556267
,,,19769,,0.0003331676125526428
,,,19770,,0.00033568701473996043
,,,19771,,0.00022679567337036133
,,,19772,,0.000342120707500726
,,,19773,,0.0002729604602791369
,,,19774,,0.0004582641995511949
,,,19775,,0.0004074200405739248
,,,19776,,0.00081685371696949
,,,19777,,0.000551318284124136
,,,19778,,0.0053411815315485
,,,19779,,0.006417251192033291
,,,19780,,0.00659895408898592
,,,19781,,0.021143712103366852
,,,19782,,0.015213155187666416
,,,19783,,0.011535052210092545
,,,19784,,0.018060166388750076
,,,19785,,0.016355253756046295
,,,19786,,0.0051481714472174644
,,,19787,,0.004941845312714577
,,,19788,,0.00502851651981473
,,,19789,,0.003937684930860996
,,,19790,,0.004363891668617725
,,,19791,,0.005103926174342632
,,,19792,,0.004166070371866226
,,,19793,,0.004206690937280655
,,,19794,,0.0049272570759058
,,,19795,,0.00403242651373148
,,,19796,,0.0035856086760759354
,,,19797,,0.003878353862091899
,,,19798,,0.004974168725311756
,,,19799,,0.004688551649451256
,,,19800,,0.004869583994150162
,,,19801,,0.004595933016389608
,,,19802,,0.004379734396934509
,,,19803,,0.00553743913769722
,,,19804,,0.0049332682974636555
,,,19805,,0.0037469477392733097
,,,19806,,0.004929724615067244
,,,19807,,0.005140210501849651
,,,19808,,0.007728260941803455
,,,19809,,0.007822987623512745
,,,19810,,0.0055928463116288185
,,,19811,,0.004825287498533726
,,,19812,,0.004463661462068558
,,,19813,,0.005199560895562172
,,,19814,,0.004128425847738981
,,,19815,,0.004475233145058155
,,,19816,,0.004575503058731556
,,,19817,,0.00429602712392807
,,,19818,,0.004594474099576473
,,,19819,,0.004596678074449301
,,,19820,,0.0037895613349974155
,,,19821,,0.004091228358447552
,,,19822,,0.004229900427162647
,,,19823,,0.005180404055863619
,,,19824,,0.004495047498494387
,,,19825,,0.0050580864772200584
,,,19826,,0.004832632839679718
,,,19827,,0.005100737791508436
,,,19828,,0.004892836790531874
,,,19829,,0.004623868968337774
,,,19830,,0.004359484650194645
,,,19831,,0.004899541847407818
,,,19832,,0.003531424328684807
,,,19833,,0.0037255017086863518
,,,19834,,0.003348415717482567
,,,19835,,0.0032873479649424553
,,,19836,,0.0033572111278772354
,,,19837,,0.0037259769160300493
,,,19838,,0.0032913668546825647
,,,19839,,0.0034116897732019424
,,,19840,,0.003444082336500287
,,,19841,,0.0033948104828596115
,,,19842,,0.0028162747621536255
,,,19843,,0.0030104320030659437
,,,19844,,0.003219022648409009
,,,19845,,0.0035204263404011726
,,,19846,,0.0033539957366883755
,,,19847,,0.0032625605817884207
,,,19848,,0.0037131584249436855
,,,19849,,0.003540955949574709
,,,19850,,0.003495540004223585
,,,19851,,0.003136387560516596
,,,19852,,0.0032178284600377083
,,,19853,,0.003704024711623788
,,,19854,,0.0037357418332248926
,,,19855,,0.00410811509937048
,,,19856,,0.0046544428914785385
,,,19857,,0.004164152313023806
,,,19858,,0.004483966156840324
,,,19859,,0.003832967719063163
,,,19860,,0.0034379526041448116
,,,19861,,0.0038540398236364126
,,,19862,,0.005047323647886515
,,,19863,,0.004279524087905884
,,,19864,,0.0036494089290499687
,,,19865,,0.004969362635165453
,,,19866,,0.004137477837502956
,,,19867,,0.0050840917974710464
,,,19868,,0.004058945458382368
,,,19869,,0.003702386748045683
,,,19870,,0.0044878567568957806
,,,19871,,0.004308652598410845
,,,19872,,0.003723207162693143
,,,19873,,0.004752296954393387
,,,19874,,0.004108470864593983
,,,19875,,0.0040102447383105755
,,,19876,,0.0015269495779648423
,,,19877,,0.0013343323953449726
,,,19878,,0.000995174515992403
,,,19879,,0.0011077702511101961
,,,19880,,0.0008780249627307057
,,,19881,,0.0009375186054967344
,,,19882,,0.001207118621096015
,,,19883,,0.0009451943333260715
,,,19884,,0.001187868183478713
,,,19885,,0.0010916083119809628
,,,19886,,0.0011164377210661769
,,,19887,,0.0010015404550358653
,,,19888,,0.0010472702560946345
,,,19889,,0.002769178943708539
,,,19890,,0.002541384194046259
,,,19891,,0.003945361357182264
,,,19892,,0.002539652632549405
,,,19893,,0.0010431844275444746
,,,19894,,0.009039575234055519
,,,19895,,0.0016960332868620753
,,,19896,,0.006037210579961538
,,,19897,,0.0026001997757703066
,,,19898,,0.0024341465905308723
,,,19899,,0.005948549602180719
,,,19900,,0.008089326322078705
,,,19901,,0.00677951704710722
,,,19902,,0.004337689373642206
,,,19903,,0.004141096957027912
,,,19904,,0.005847712978720665
,,,19905,,0.007131447084248066
,,,19906,,0.04034958779811859
,,,19907,,0.03077724575996399
,,,19908,,0.02256004884839058
,,,19909,,0.02554926648736
,,,19910,,0.039354823529720306
,,,19911,,0.019743341952562332
,,,19912,,0.02370205521583557
,,,19913,,0.03236973285675049
,,,19914,,0.021271582692861557
,,,19915,,0.02693065255880356
,,,19916,,0.021647028625011444
,,,19917,,0.024048209190368652
,,,19918,,0.03489512950181961
,,,19919,,0.027911674231290817
,,,19920,,0.025583818554878235
,,,19921,,0.024319730699062347
,,,19922,,0.012347904965281487
86,,,7046,0.006288708653301001,
86,0.006026644725352526,,7046,,
87,,0.004336860962212086,7049,,
87,,0.003635634435340762,7059,,
87,,0.003022832330316305,7069,,
87,,0.00822705589234829,7079,,
87,,0.01076415553689003,7089,,
87,,0.00461152009665966,7099,,
87,,0.011212567798793316,7109,,
87,,0.004027003888040781,7119,,
,,,19923,,0.0004318880965001881
,,,19924,,0.000421553326305002
,,,19925,,0.000566209782846272
,,,19926,,0.00037218499346636236
,,,19927,,0.0006762556731700897
,,,19928,,0.0002843961992766708
,,,19929,,0.0006144815706647933
,,,19930,,0.00034222836256958544
,,,19931,,0.0005883052363060415
,,,19932,,0.00037103917566128075
,,,19933,,0.0008095524972304702
,,,19934,,0.0008257217705249786
,,,19935,,0.0003479447041172534
,,,19936,,0.00040340321720577776
,,,19937,,0.0005540586425922811
,,,19938,,0.000402734091039747
,,,19939,,0.0008067456656135619
,,,19940,,0.000506499083712697
,,,19941,,0.0005938810063526034
,,,19942,,0.0008756566094234586
,,,19943,,0.00037311064079403877
,,,19944,,0.0003789217444136739
,,,19945,,0.0003203473752364516
,,,19946,,0.0006952754920348525
,,,19947,,0.0006342784618027508
,,,19948,,0.0005413423059508204
,,,19949,,0.0004920447245240211
,,,19950,,0.005044854711741209
,,,19951,,0.016321878880262375
,,,19952,,0.013359024189412594
,,,19953,,0.013482916168868542
,,,19954,,0.014837224967777729
,,,19955,,0.013681646436452866
,,,19956,,0.07705643773078918
,,,19957,,0.02269860729575157
,,,19958,,0.011004522442817688
,,,19959,,0.01321470458060503
,,,19960,,0.008906802162528038
,,,19961,,0.004753435961902142
,,,19962,,0.011750485748052597
,,,19963,,0.007194331847131252
,,,19964,,0.004396297037601471
,,,19965,,0.011115710251033306
,,,19966,,0.012491412460803986
,,,19967,,0.004947590176016092
,,,19968,,0.01634872704744339
,,,19969,,0.007397658657282591
,,,19970,,0.0026720273308455944
,,,19971,,0.007843898609280586
,,,19972,,0.004204642027616501
,,,19973,,0.005171574652194977
,,,19974,,0.006499490235000849
,,,19975,,0.0025954926386475563
,,,19976,,0.00664875190705061
,,,19977,,0.003911037929356098
,,,19978,,0.007770739030092955
,,,19979,,0.007148967124521732
,,,19980,,0.0027736276388168335
,,,19981,,0.004279439803212881
,,,19982,,0.00270178378559649
,,,19983,,0.0037635648623108864
,,,19984,,0.0025841575115919113
,,,19985,,0.0024937407579272985
,,,19986,,0.0034799263812601566
,,,19987,,0.0030966373160481453
,,,19988,,0.0017860557418316603
,,,19989,,0.0028227828443050385
,,,19990,,0.007335943635553122
,,,19991,,0.0034665612038224936
,,,19992,,0.0017850903095677495
,,,19993,,0.002449861727654934
,,,19994,,0.00045729969860985875
,,,19995,,0.0008872605976648629
,,,19996,,0.00040980486664921045
,,,19997,,0.0004946632543578744
,,,19998,,0.0004638851969502866
,,,19999,,0.00044312572572380304
,,,20000,,0.0003449548385106027
,,,20001,,0.00036003143759444356
,,,20002,,0.0003386638418305665
,,,20003,,0.000531537807546556
,,,20004,,0.0005189296789467335
,,,20005,,0.001071656122803688
,,,20006,,0.0006557921296916902
,,,20007,,0.005384716205298901
,,,20008,,0.006626281887292862
,,,20009,,0.006267291959375143
,,,20010,,0.019349994137883186
,,,20011,,0.013030560687184334
,,,20012,,0.01077256165444851
,,,20013,,0.017672065645456314
,,,20014,,0.01626034826040268
,,,20015,,0.0059430040419101715
,,,20016,,0.005696423351764679
,,,20017,,0.005802243947982788
,,,20018,,0.004676594398915768
,,,20019,,0.00513968151062727
,,,20020,,0.005733711179345846
,,,20021,,0.004920119419693947
,,,20022,,0.005000658333301544
,,,20023,,0.005804538726806641
,,,20024,,0.004840474110096693
,,,20025,,0.004481182433664799
,,,20026,,0.004240648355334997
,,,20027,,0.00578328687697649
,,,20028,,0.0054458207450807095
,,,20029,,0.005771914031356573
,,,20030,,0.005308489315211773
,,,20031,,0.005029659252613783
,,,20032,,0.006443350575864315
,,,20033,,0.0057807788252830505
,,,20034,,0.004440599586814642
,,,20035,,0.005763459950685501
,,,20036,,0.005834427662193775
,,,20037,,0.0072162579745054245
,,,20038,,0.007229836191982031
,,,20039,,0.005737834610044956
,,,20040,,0.005157872568815947
,,,20041,,0.004774495027959347
,,,20042,,0.005593582056462765
,,,20043,,0.004760300740599632
,,,20044,,0.004876132123172283
,,,20045,,0.005163039080798626
,,,20046,,0.004985990934073925
,,,20047,,0.004940676968544722
,,,20048,,0.004941889084875584
,,,20049,,0.004358363803476095
,,,20050,,0.004626312758773565
,,,20051,,0.0045652673579752445
,,,20052,,0.0055124275386333466
,,,20053,,0.004843428265303373
,,,20054,,0.005573737900704145
,,,20055,,0.005185669753700495
,,,20056,,0.005751362536102533
,,,20057,,0.005322924815118313
,,,20058,,0.0050875102169811726
,,,20059,,0.004834284074604511
,,,20060,,0.00546221574768424
,,,20061,,0.0037761759012937546
,,,20062,,0.00397860910743475
,,,20063,,0.0035570489708334208
,,,20064,,0.003437324659898877
,,,20065,,0.0035716381389647722
,,,20066,,0.003940168768167496
,,,20067,,0.0035102120600640774
,,,20068,,0.003687784308567643
,,,20069,,0.00356692960485816
,,,20070,,0.0036532839294523
,,,20071,,0.0029820490162819624
,,,20072,,0.003156176535412669
,,,20073,,0.0033800676465034485
,,,20074,,0.0037774823140352964
,,,20075,,0.003598577342927456
,,,20076,,0.003458589082583785
,,,20077,,0.003979505971074104
,,,20078,,0.0037030517123639584
,,,20079,,0.00359782250598073
,,,20080,,0.003414412494748831
,,,20081,,0.003399736015126109
,,,20082,,0.0038325877394527197
,,,20083,,0.0038901446387171745
,,,20084,,0.004295242018997669
,,,20085,,0.004798615351319313
,,,20086,,0.004299386404454708
,,,20087,,0.004623248241841793
,,,20088,,0.0039863986894488335
,,,20089,,0.003559666685760021
,,,20090,,0.003978721797466278
,,,20091,,0.005205389112234116
,,,20092,,0.0043511842377483845
,,,20093,,0.0038207066245377064
,,,20094,,0.005131750367581844
,,,20095,,0.0043034860864281654
,,,20096,,0.005254334770143032
,,,20097,,0.004209185019135475
,,,20098,,0.0038700061850249767
,,,20099,,0.004629194270819426
,,,20100,,0.004464996978640556
,,,20101,,0.0038915518671274185
,,,20102,,0.004995815455913544
,,,20103,,0.004257606342434883
,,,20104,,0.004127684980630875
,,,20105,,0.0017490581376478076
,,,20106,,0.0015638498589396477
,,,20107,,0.0012365984730422497
,,,20108,,0.0012363933492451906
,,,20109,,0.0010408051311969757
,,,20110,,0.0010642645647749305
,,,20111,,0.0013890587724745274
,,,20112,,0.0010950533905997872
,,,20113,,0.0014279421884566545
,,,20114,,0.0013062291545793414
,,,20115,,0.0012765800347551703
,,,20116,,0.0009849155321717262
,,,20117,,0.0012167396489530802
,,,20118,,0.0034307842142879963
,,,20119,,0.0032253784593194723
,,,20120,,0.004734694492071867
,,,20121,,0.0033629501704126596
,,,20122,,0.0013127506244927645
,,,20123,,0.010245369747281075
,,,20124,,0.002034117467701435
,,,20125,,0.006892615929245949
,,,20126,,0.0030178234446793795
,,,20127,,0.0028973487205803394
,,,20128,,0.00648533646017313
,,,20129,,0.008660742081701756
,,,20130,,0.0076633961871266365
,,,20131,,0.005311337299644947
,,,20132,,0.005373938474804163
,,,20133,,0.006909680552780628
,,,20134,,0.007557378150522709
,,,20135,,0.04084872454404831
,,,20136,,0.03109811618924141
,,,20137,,0.02290365844964981
,,,20138,,0.026121512055397034
,,,20139,,0.039866648614406586
,,,20140,,0.020172132179141045
,,,20141,,0.024174505844712257
,,,20142,,0.03266742080450058
,,,20143,,0.021953709423542023
,,,20144,,0.02737349271774292
,,,20145,,0.022268909960985184
,,,20146,,0.024514416232705116
,,,20147,,0.03532902151346207
,,,20148,,0.028457636013627052
,,,20149,,0.025900226086378098
,,,20150,,0.02464011311531067
,,,20151,,0.012699240818619728
87,,,7127,0.006490862928330898,
87,0.005759153515100479,,7127,,
88,,0.0112875085324049,7129,,
88,,0.004596902057528496,7139,,
88,,0.003245539963245392,7149,,
88,,0.007515694946050644,7159,,
88,,0.004653147887438536,7169,,
88,,0.004760379437357187,7179,,
88,,0.005338020157068968,7189,,
88,,0.006536485161632299,7199,,
,,,20152,,0.00020588004554156214
,,,20153,,0.00016084802336990833
,,,20154,,0.0003840735007543117
,,,20155,,0.00017911844770424068
,,,20156,,0.0002912167110480368
,,,20157,,0.00013360477169044316
,,,20158,,0.0004359855083748698
,,,20159,,0.0001445355301257223
,,,20160,,0.0002867401926778257
,,,20161,,0.00015784605056978762
,,,20162,,0.0006106157670728862
,,,20163,,0.0005976709071546793
,,,20164,,0.00015516395797021687
,,,20165,,0.00018773590272758156
,,,20166,,0.00033652246929705143
,,,20167,,0.0002069540787488222
,,,20168,,0.00044050870928913355
,,,20169,,0.0003270006272941828
,,,20170,,0.000245883158640936
,,,20171,,0.0006591800483874977
,,,20172,,0.00019529862038325518
,,,20173,,0.00014219425793271512
,,,20174,,0.00013233599020168185
,,,20175,,0.0004647236200980842
,,,20176,,0.000359072262654081
,,,20177,,0.00033534038811922073
,,,20178,,0.0002559159474913031
,,,20179,,0.004838528111577034
,,,20180,,0.01608113758265972
,,,20181,,0.013116016052663326
,,,20182,,0.01328220870345831
,,,20183,,0.014583888463675976
,,,20184,,0.013486301526427269
,,,20185,,0.07665470987558365
,,,20186,,0.022513115778565407
,,,20187,,0.010799409821629524
,,,20188,,0.01299356296658516
,,,20189,,0.008676753379404545
,,,20190,,0.004548191092908382
,,,20191,,0.011496558785438538
,,,20192,,0.006971779279410839
,,,20193,,0.004132390022277832
,,,20194,,0.011084338650107384
,,,20195,,0.012380775064229965
,,,20196,,0.004749716259539127
,,,20197,,0.016184605658054352
,,,20198,,0.007274341769516468
,,,20199,,0.0025668893940746784
,,,20200,,0.007649239152669907
,,,20201,,0.004030629992485046
,,,20202,,0.004860844928771257
,,,20203,,0.0062573812901973724
,,,20204,,0.0023426220286637545
,,,20205,,0.0063776178285479546
,,,20206,,0.003679289948195219
,,,20207,,0.00748493243008852
,,,20208,,0.0067737167701125145
,,,20209,,0.0024255497846752405
,,,20210,,0.0038130381144583225
,,,20211,,0.0023017595522105694
,,,20212,,0.003461110405623913
,,,20213,,0.002345167100429535
,,,20214,,0.0022403381299227476
,,,20215,,0.00314641697332263
,,,20216,,0.002908378606662154
,,,20217,,0.001525473897345364
,,,20218,,0.002666156506165862
,,,20219,,0.006967657711356878
,,,20220,,0.002967442851513624
,,,20221,,0.0015981453470885754
,,,20222,,0.002176470123231411
,,,20223,,0.000300864310702309
,,,20224,,0.0008830736042000353
,,,20225,,0.0005510136834345758
,,,20226,,0.0004194140201434493
,,,20227,,0.00031210167799144983
,,,20228,,0.0003670852747745812
,,,20229,,0.00021168972307350487
,,,20230,,0.00045924430014565587
,,,20231,,0.00027171411784365773
,,,20232,,0.00048305877135135233
,,,20233,,0.0004453775763977319
,,,20234,,0.0005997051484882832
,,,20235,,0.00058282061945647
,,,20236,,0.004887753166258335
,,,20237,,0.006008617579936981
,,,20238,,0.005865834653377533
,,,20239,,0.01876385137438774
,,,20240,,0.012775857001543045
,,,20241,,0.009926975704729557
,,,20242,,0.01616181805729866
,,,20243,,0.014642838388681412
,,,20244,,0.004674167837947607
,,,20245,,0.004686375614255667
,,,20246,,0.004799095913767815
,,,20247,,0.003713433863595128
,,,20248,,0.004191462881863117
,,,20249,,0.004846308846026659
,,,20250,,0.003964237868785858
,,,20251,,0.003952826838940382
,,,20252,,0.004703177604824305
,,,20253,,0.0038663276936858892
,,,20254,,0.003454286139458418
,,,20255,,0.0036216170992702246
,,,20256,,0.004759468138217926
,,,20257,,0.004525946453213692
,,,20258,,0.004712753929197788
,,,20259,,0.004380851984024048
,,,20260,,0.004132217727601528
,,,20261,,0.005299408454447985
,,,20262,,0.004728163126856089
,,,20263,,0.0035413531586527824
,,,20264,,0.004759782925248146
,,,20265,,0.004843547474592924
,,,20266,,0.00703476183116436
,,,20267,,0.007005271501839161
,,,20268,,0.005138540640473366
,,,20269,,0.004468955099582672
,,,20270,,0.004212627653032541
,,,20271,,0.0049034301191568375
,,,20272,,0.0038766153156757355
,,,20273,,0.004185894504189491
,,,20274,,0.004328590352088213
,,,20275,,0.004133559763431549
,,,20276,,0.004340859595686197
,,,20277,,0.0042403824627399445
,,,20278,,0.0035731664393097162
,,,20279,,0.003893431043252349
,,,20280,,0.004056790843605995
,,,20281,,0.004932692274451256
,,,20282,,0.004206947982311249
,,,20283,,0.004789996892213821
,,,20284,,0.004623905755579472
,,,20285,,0.004868763964623213
,,,20286,,0.004688795190304518
,,,20287,,0.0043577877804636955
,,,20288,,0.004147970583289862
,,,20289,,0.004600314889103174
,,,20290,,0.0033600509632378817
,,,20291,,0.0035117086954414845
,,,20292,,0.0030829531606286764
,,,20293,,0.003146430244669318
,,,20294,,0.0031702208798378706
,,,20295,,0.0034653700422495604
,,,20296,,0.003172227181494236
,,,20297,,0.003204873763024807
,,,20298,,0.0032497895881533623
,,,20299,,0.0032640486024320126
,,,20300,,0.002641041064634919
,,,20301,,0.0027914976235479116
,,,20302,,0.00308192428201437
,,,20303,,0.003358127549290657
,,,20304,,0.0031561360228806734
,,,20305,,0.0030671856366097927
,,,20306,,0.0036538438871502876
,,,20307,,0.003398874308913946
,,,20308,,0.003301574382930994
,,,20309,,0.002959249075502157
,,,20310,,0.0030544064939022064
,,,20311,,0.0034860256128013134
,,,20312,,0.003554286900907755
,,,20313,,0.003944420255720615
,,,20314,,0.004428495652973652
,,,20315,,0.003973339684307575
,,,20316,,0.0042935507372021675
,,,20317,,0.003643349278718233
,,,20318,,0.0032814841251820326
,,,20319,,0.0036666840314865112
,,,20320,,0.004818306304514408
,,,20321,,0.004052169155329466
,,,20322,,0.0034916126169264317
,,,20323,,0.004752088338136673
,,,20324,,0.003957922104746103
,,,20325,,0.004908896051347256
,,,20326,,0.003946150653064251
,,,20327,,0.003555193543434143
,,,20328,,0.004280642606317997
,,,20329,,0.004090217873454094
,,,20330,,0.003569236723706126
,,,20331,,0.0045594386756420135
,,,20332,,0.003953754901885986
,,,20333,,0.0038316051941365004
,,,20334,,0.0014441886451095343
,,,20335,,0.0013505442766472697
,,,20336,,0.0010224786819890141
,,,20337,,0.0011143877636641264
,,,20338,,0.0008046397706493735
,,,20339,,0.0009057184215635061
,,,20340,,0.00116404565051198
,,,20341,,0.0009528333903290331
,,,20342,,0.0011877010110765696
,,,20343,,0.0010691499337553978
,,,20344,,0.0011012990726158023
,,,20345,,0.0008854193147271872
,,,20346,,0.0010380505118519068
,,,20347,,0.0025477344170212746
,,,20348,,0.0025466259103268385
,,,20349,,0.0038101684767752886
,,,20350,,0.0024453429505228996
,,,20351,,0.0009619757765904069
,,,20352,,0.0088264811784029
,,,20353,,0.0014590020291507244
,,,20354,,0.005760338623076677
,,,20355,,0.0023919837549328804
,,,20356,,0.0023677910212427378
,,,20357,,0.005507816094905138
,,,20358,,0.008111191913485527
,,,20359,,0.006317515391856432
,,,20360,,0.0043615130707621574
,,,20361,,0.004059627652168274
,,,20362,,0.005566728767007589
,,,20363,,0.00686312559992075
,,,20364,,0.03981626033782959
,,,20365,,0.03031400591135025
,,,20366,,0.021843664348125458
,,,20367,,0.025028804317116737
,,,20368,,0.03881610929965973
,,,20369,,0.019187208265066147
,,,20370,,0.023115795105695724
,,,20371,,0.03186168521642685
,,,20372,,0.020882997661828995
,,,20373,,0.026214998215436935
,,,20374,,0.021126147359609604
,,,20375,,0.023694198578596115
,,,20376,,0.03446817025542259
,,,20377,,0.027234479784965515
,,,20378,,0.024830903857946396
,,,20379,,0.02370729297399521
,,,20380,,0.01218213327229023
88,,,7208,0.0060005513951182365,
88,0.005797959864139557,,7208,,
89,,0.0022845366038382053,7209,,
89,,0.002402875805273652,7219,,
89,,0.004658835940063,7229,,
89,,0.003941596485674381,7239,,
89,,0.004990412387996912,7249,,
89,,0.009516088292002678,7259,,
89,,0.005333157256245613,7269,,
89,,0.0042929016053676605,7279,,
89,,0.005507819354534149,7289,,
,,,20381,,0.0005170632502995431
,,,20382,,0.0005269356188364327
,,,20383,,0.000676108174957335
,,,20384,,0.000416868191678077
,,,20385,,0.0005750127602368593
,,,20386,,0.0003303049015812576
,,,20387,,0.0005996923428028822
,,,20388,,0.00040628586430102587
,,,20389,,0.00048740016063675284
,,,20390,,0.00042449450120329857
,,,20391,,0.0008486679289489985
,,,20392,,0.000992113840766251
,,,20393,,0.00048205116763710976
,,,20394,,0.0004479785275179893
,,,20395,,0.0006198747432790697
,,,20396,,0.00048544860328547657
,,,20397,,0.0008262067567557096
,,,20398,,0.000674401642754674
,,,20399,,0.0005978471017442644
,,,20400,,0.001089354045689106
,,,20401,,0.00045240725739859045
,,,20402,,0.0004498689668253064
,,,20403,,0.0003706609713844955
,,,20404,,0.0008309329277835786
,,,20405,,0.0006778312963433564
,,,20406,,0.0006135306903161108
,,,20407,,0.0005152003141120076
,,,20408,,0.0050045885145664215
,,,20409,,0.01613323763012886
,,,20410,,0.013176018372178078
,,,20411,,0.013521138578653336
,,,20412,,0.014714973047375679
,,,20413,,0.013612122274935246
,,,20414,,0.07630850374698639
,,,20415,,0.022480890154838562
,,,20416,,0.010904157534241676
,,,20417,,0.013112757354974747
,,,20418,,0.008763237856328487
,,,20419,,0.004696390125900507
,,,20420,,0.011568338610231876
,,,20421,,0.00718388007953763
,,,20422,,0.0044274176470935345
,,,20423,,0.011067082174122334
,,,20424,,0.012613044120371342
,,,20425,,0.00499304011464119
,,,20426,,0.016107596457004547
,,,20427,,0.0074936095625162125
,,,20428,,0.0027922666631639004
,,,20429,,0.007863213308155537
,,,20430,,0.004292834550142288
,,,20431,,0.005107298493385315
,,,20432,,0.006516236811876297
,,,20433,,0.0026314291171729565
,,,20434,,0.006515756249427795
,,,20435,,0.0036029526963829994
,,,20436,,0.007532533723860979
,,,20437,,0.006837640888988972
,,,20438,,0.0026094578206539154
,,,20439,,0.004041216801851988
,,,20440,,0.0024766656570136547
,,,20441,,0.0036193057894706726
,,,20442,,0.002496282337233424
,,,20443,,0.002436575945466757
,,,20444,,0.0033873890060931444
,,,20445,,0.0031442216131836176
,,,20446,,0.0016631009057164192
,,,20447,,0.0024832345079630613
,,,20448,,0.007030670531094074
,,,20449,,0.0031927903182804585
,,,20450,,0.0017422364326193929
,,,20451,,0.0024873458314687014
,,,20452,,0.0007323800236918032
,,,20453,,0.0009404731099493802
,,,20454,,0.0004337538266554475
,,,20455,,0.0007436744635924697
,,,20456,,0.000775699270889163
,,,20457,,0.0006593560683541
,,,20458,,0.0005086239543743432
,,,20459,,0.00047038577031344175
,,,20460,,0.00047977783833630383
,,,20461,,0.0006150500848889351
,,,20462,,0.0007148686563596129
,,,20463,,0.0016636245418339968
,,,20464,,0.0008829580619931221
,,,20465,,0.004971942864358425
,,,20466,,0.006043766625225544
,,,20467,,0.0058450764045119286
,,,20468,,0.01855996809899807
,,,20469,,0.01260001864284277
,,,20470,,0.009672056883573532
,,,20471,,0.015956778079271317
,,,20472,,0.014511383138597012
,,,20473,,0.004667357075959444
,,,20474,,0.004646018147468567
,,,20475,,0.004793315660208464
,,,20476,,0.0037359213456511497
,,,20477,,0.004194397479295731
,,,20478,,0.004849057644605637
,,,20479,,0.004002507776021957
,,,20480,,0.00398233812302351
,,,20481,,0.004649895243346691
,,,20482,,0.003840118646621704
,,,20483,,0.003466098103672266
,,,20484,,0.0036049261689186096
,,,20485,,0.004780319519340992
,,,20486,,0.004503622651100159
,,,20487,,0.004659327212721109
,,,20488,,0.004388708155602217
,,,20489,,0.004171337932348251
,,,20490,,0.005363426636904478
,,,20491,,0.004761799238622189
,,,20492,,0.003584236139431596
,,,20493,,0.004745014943182468
,,,20494,,0.004832455888390541
,,,20495,,0.006987938657402992
,,,20496,,0.007071652449667454
,,,20497,,0.005193030461668968
,,,20498,,0.004553618840873241
,,,20499,,0.004242719616740942
,,,20500,,0.004952719900757074
,,,20501,,0.004022478125989437
,,,20502,,0.004237534943968058
,,,20503,,0.004437719471752644
,,,20504,,0.004292796365916729
,,,20505,,0.004396673291921616
,,,20506,,0.004248918034136295
,,,20507,,0.0037191780284047127
,,,20508,,0.0039976718835532665
,,,20509,,0.004124441649764776
,,,20510,,0.004999558441340923
,,,20511,,0.004263286478817463
,,,20512,,0.0049072010442614555
,,,20513,,0.00463432352989912
,,,20514,,0.00498620793223381
,,,20515,,0.004741684999316931
,,,20516,,0.004455925431102514
,,,20517,,0.004198359791189432
,,,20518,,0.004757274873554707
,,,20519,,0.0033193198032677174
,,,20520,,0.0034516509622335434
,,,20521,,0.0030150972306728363
,,,20522,,0.0030901243444532156
,,,20523,,0.003083297982811928
,,,20524,,0.0034066494554281235
,,,20525,,0.003146836766973138
,,,20526,,0.0031552445143461227
,,,20527,,0.0031538838520646095
,,,20528,,0.003174673765897751
,,,20529,,0.002614053664728999
,,,20530,,0.0027629495598375797
,,,20531,,0.0030602889601141214
,,,20532,,0.003314971923828125
,,,20533,,0.0031344040762633085
,,,20534,,0.0030364145059138536
,,,20535,,0.0035232026129961014
,,,20536,,0.003376869484782219
,,,20537,,0.003262018086388707
,,,20538,,0.002894352190196514
,,,20539,,0.0030315667390823364
,,,20540,,0.0033864639699459076
,,,20541,,0.003576129674911499
,,,20542,,0.0039329444989562035
,,,20543,,0.004434850066900253
,,,20544,,0.004004061222076416
,,,20545,,0.004281547386199236
,,,20546,,0.003644258249551058
,,,20547,,0.0032939729280769825
,,,20548,,0.0037008612416684628
,,,20549,,0.004831275902688503
,,,20550,,0.00408633379265666
,,,20551,,0.003500167513266206
,,,20552,,0.004763163160532713
,,,20553,,0.003947417251765728
,,,20554,,0.004884121939539909
,,,20555,,0.003892408451065421
,,,20556,,0.0035469233989715576
,,,20557,,0.0043030427768826485
,,,20558,,0.004093799740076065
,,,20559,,0.0035551830660551786
,,,20560,,0.004563339985907078
,,,20561,,0.003956971690058708
,,,20562,,0.003848388558253646
,,,20563,,0.0016033456195145845
,,,20564,,0.0015225523384287953
,,,20565,,0.0011689704842865467
,,,20566,,0.0011966826859861612
,,,20567,,0.0009957719594240189
,,,20568,,0.0009981518378481269
,,,20569,,0.0013199150562286377
,,,20570,,0.0010443857172504067
,,,20571,,0.0013371328823268414
,,,20572,,0.0012596070300787687
,,,20573,,0.0012159841135144234
,,,20574,,0.0010100032668560743
,,,20575,,0.001161825144663453
,,,20576,,0.002763038733974099
,,,20577,,0.0028248438611626625
,,,20578,,0.003977745305746794
,,,20579,,0.0024832189083099365
,,,20580,,0.0011460388777777553
,,,20581,,0.008752248249948025
,,,20582,,0.0016394791891798377
,,,20583,,0.005934921093285084
,,,20584,,0.0026121381670236588
,,,20585,,0.002549612196162343
,,,20586,,0.0055577633902430534
,,,20587,,0.00797758437693119
,,,20588,,0.006700103171169758
,,,20589,,0.004137688782066107
,,,20590,,0.004162216559052467
,,,20591,,0.005563541315495968
,,,20592,,0.007023727521300316
,,,20593,,0.03976050019264221
,,,20594,,0.03033016063272953
,,,20595,,0.022011417895555496
,,,20596,,0.025150984525680542
,,,20597,,0.038865961134433746
,,,20598,,0.019319940358400345
,,,20599,,0.02341190166771412
,,,20600,,0.03185340762138367
,,,20601,,0.021135767921805382
,,,20602,,0.02637244202196598
,,,20603,,0.021232970058918
,,,20604,,0.023813001811504364
,,,20605,,0.03449438512325287
,,,20606,,0.027434777468442917
,,,20607,,0.025065207853913307
,,,20608,,0.02387736365199089
,,,20609,,0.01229254063218832
89,,,7289,0.006102306302636862,
89,0.005599099211394787,,7289,,
90,,0.004696606658399105,7299,,
90,,0.007049090228974819,7309,,
90,,0.0047148894518613815,7319,,
90,,0.005612131208181381,7329,,
90,,0.006476548034697771,7339,,
90,,0.006103699095547199,7349,,
90,,0.00202819867990911,7359,,
90,,0.003537658369168639,7369,,
,,,20610,,0.0002855908533092588
,,,20611,,0.00025224851560778916
,,,20612,,0.00043286217260174453
,,,20613,,0.00024621246848255396
,,,20614,,0.00038711068918928504
,,,20615,,0.00019892163982149214
,,,20616,,0.0004984898259863257
,,,20617,,0.00021942760213278234
,,,20618,,0.00040075427386909723
,,,20619,,0.0002444915589876473
,,,20620,,0.0006914851837791502
,,,20621,,0.0006922195898368955
,,,20622,,0.00024172099074348807
,,,20623,,0.00025723568978719413
,,,20624,,0.0004441897035576403
,,,20625,,0.00028189472504891455
,,,20626,,0.0005105648888275027
,,,20627,,0.00035595966619439423
,,,20628,,0.0003681108064483851
,,,20629,,0.000678843935020268
,,,20630,,0.0002874305937439203
,,,20631,,0.00022969706333242357
,,,20632,,0.00022602274839300662
,,,20633,,0.0004959428333677351
,,,20634,,0.00042631960241124034
,,,20635,,0.00036337182973511517
,,,20636,,0.00035687274066731334
,,,20637,,0.004816129337996244
,,,20638,,0.01590995118021965
,,,20639,,0.012960094958543777
,,,20640,,0.013259634375572205
,,,20641,,0.01447626668959856
,,,20642,,0.013412274420261383
,,,20643,,0.07607804238796234
,,,20644,,0.022241223603487015
,,,20645,,0.010691097937524319
,,,20646,,0.012896286323666573
,,,20647,,0.008573729544878006
,,,20648,,0.004505312070250511
,,,20649,,0.011361133307218552
,,,20650,,0.006899625062942505
,,,20651,,0.003942195791751146
,,,20652,,0.01052018627524376
,,,20653,,0.012128228321671486
,,,20654,,0.004519922658801079
,,,20655,,0.015544673427939415
,,,20656,,0.00700750108808279
,,,20657,,0.0023918307852
,,,20658,,0.007418970111757517
,,,20659,,0.00388262327760458
,,,20660,,0.004671579226851463
,,,20661,,0.0061157457530498505
,,,20662,,0.002328988164663315
,,,20663,,0.006107545457780361
,,,20664,,0.003427355084568262
,,,20665,,0.007294802460819483
,,,20666,,0.006503429263830185
,,,20667,,0.0024377917870879173
,,,20668,,0.0036189707461744547
,,,20669,,0.00232543982565403
,,,20670,,0.0032597219105809927
,,,20671,,0.002361639402806759
,,,20672,,0.0022338905837386847
,,,20673,,0.0029700985178351402
,,,20674,,0.002646315610036254
,,,20675,,0.0014590400969609618
,,,20676,,0.002438456052914262
,,,20677,,0.006747938692569733
,,,20678,,0.0030610361136496067
,,,20679,,0.001610228093340993
,,,20680,,0.0022068736143410206
,,,20681,,0.00034456088906154037
,,,20682,,0.0007974968175403774
,,,20683,,0.00031553974258713424
,,,20684,,0.00034080352634191513
,,,20685,,0.00034684722777456045
,,,20686,,0.0003616395697463304
,,,20687,,0.0002897715603467077
,,,20688,,0.0002348130219615996
,,,20689,,0.0003014440299011767
,,,20690,,0.0003823454608209431
,,,20691,,0.00035237084375694394
,,,20692,,0.001098079839721322
,,,20693,,0.0005613155663013458
,,,20694,,0.004854761995375156
,,,20695,,0.0060150716453790665
,,,20696,,0.005868072155863047
,,,20697,,0.01903364807367325
,,,20698,,0.013260154984891415
,,,20699,,0.00966443121433258
,,,20700,,0.015682095661759377
,,,20701,,0.014233732596039772
,,,20702,,0.004587655421346426
,,,20703,,0.004543464630842209
,,,20704,,0.004671857226639986
,,,20705,,0.0036306516267359257
,,,20706,,0.004050866700708866
,,,20707,,0.004715686198323965
,,,20708,,0.003849633736535907
,,,20709,,0.003870961954817176
,,,20710,,0.004562885034829378
,,,20711,,0.0037443179171532393
,,,20712,,0.0033413651399314404
,,,20713,,0.00354008749127388
,,,20714,,0.004602419212460518
,,,20715,,0.004395897965878248
,,,20716,,0.004565058276057243
,,,20717,,0.004247238859534264
,,,20718,,0.004008595831692219
,,,20719,,0.00518052140250802
,,,20720,,0.004575850907713175
,,,20721,,0.0034416676498949528
,,,20722,,0.004601816181093454
,,,20723,,0.004750135354697704
,,,20724,,0.0068596769124269485
,,,20725,,0.006961296312510967
,,,20726,,0.005065015517175198
,,,20727,,0.0044006891548633575
,,,20728,,0.004125281702727079
,,,20729,,0.00487610325217247
,,,20730,,0.0038498584181070328
,,,20731,,0.004122016951441765
,,,20732,,0.004250392317771912
,,,20733,,0.004079315345734358
,,,20734,,0.004245842341333628
,,,20735,,0.004174183122813702
,,,20736,,0.0035503632389009
,,,20737,,0.0038416958414018154
,,,20738,,0.003984597511589527
,,,20739,,0.004895028658211231
,,,20740,,0.0041780113242566586
,,,20741,,0.0046943118795752525
,,,20742,,0.004517801105976105
,,,20743,,0.004795121029019356
,,,20744,,0.004602705594152212
,,,20745,,0.004306086804717779
,,,20746,,0.0040955860167741776
,,,20747,,0.004592122044414282
,,,20748,,0.0032971620094031096
,,,20749,,0.003433454316109419
,,,20750,,0.002986157312989235
,,,20751,,0.0030390224419534206
,,,20752,,0.00305925402790308
,,,20753,,0.0033989669755101204
,,,20754,,0.003137954045087099
,,,20755,,0.003151981858536601
,,,20756,,0.003168991766870022
,,,20757,,0.003137145657092333
,,,20758,,0.0025922153145074844
,,,20759,,0.0027495361864566803
,,,20760,,0.003021351294592023
,,,20761,,0.0032650046050548553
,,,20762,,0.0031231646426022053
,,,20763,,0.003005073871463537
,,,20764,,0.00349243963137269
,,,20765,,0.0033433837816119194
,,,20766,,0.0032196631655097008
,,,20767,,0.002866574330255389
,,,20768,,0.0030072666704654694
,,,20769,,0.003382013412192464
,,,20770,,0.0035077203065156937
,,,20771,,0.003870710264891386
,,,20772,,0.004365581087768078
,,,20773,,0.003926822915673256
,,,20774,,0.004264348186552525
,,,20775,,0.0036076651886105537
,,,20776,,0.0032534718047827482
,,,20777,,0.0036365585401654243
,,,20778,,0.0047683087177574635
,,,20779,,0.004040869884192944
,,,20780,,0.0034386715851724148
,,,20781,,0.004709698259830475
,,,20782,,0.003889573272317648
,,,20783,,0.00481418939307332
,,,20784,,0.003833989379927516
,,,20785,,0.0035253921523690224
,,,20786,,0.004234003368765116
,,,20787,,0.004016214981675148
,,,20788,,0.0035054010804742575
,,,20789,,0.004502948373556137
,,,20790,,0.0038604973815381527
,,,20791,,0.003818909637629986
,,,20792,,0.0016269816551357508
,,,20793,,0.0014515576185658574
,,,20794,,0.001049874583259225
,,,20795,,0.0011104667792096734
,,,20796,,0.0009682929376140237
,,,20797,,0.0009761910769157112
,,,20798,,0.0012876818655058742
,,,20799,,0.0010121868690475821
,,,20800,,0.001278525684028864
,,,20801,,0.0012104458874091506
,,,20802,,0.0011529182083904743
,,,20803,,0.0009300449746660888
,,,20804,,0.001103306538425386
,,,20805,,0.002810194157063961
,,,20806,,0.0025149350985884666
,,,20807,,0.003789858892560005
,,,20808,,0.0025013121776282787
,,,20809,,0.000978941679932177
,,,20810,,0.008358832448720932
,,,20811,,0.001599264913238585
,,,20812,,0.0058075240813195705
,,,20813,,0.0024453948717564344
,,,20814,,0.0024448689073324203
,,,20815,,0.005611758679151535
,,,20816,,0.007795686833560467
,,,20817,,0.006568288896232843
,,,20818,,0.004122644662857056
,,,20819,,0.004132220521569252
,,,20820,,0.005598337855190039
,,,20821,,0.0068226526491343975
,,,20822,,0.03953532874584198
,,,20823,,0.030023500323295593
,,,20824,,0.021727051585912704
,,,20825,,0.024859413504600525
,,,20826,,0.038497380912303925
,,,20827,,0.019009506329894066
,,,20828,,0.022974640130996704
,,,20829,,0.03140770271420479
,,,20830,,0.020778119564056396
,,,20831,,0.02596617117524147
,,,20832,,0.020804088562726974
,,,20833,,0.023401916027069092
,,,20834,,0.03435323387384415
,,,20835,,0.02682504802942276
,,,20836,,0.024599000811576843
,,,20837,,0.023452816531062126
,,,20838,,0.012152657844126225
90,,,7370,0.005932200234383345,
90,0.005452118813991547,,7370,,
91,,0.0036227749660611153,7379,,
91,,0.007346763741225004,7389,,
91,,0.004181104712188244,7399,,
91,,0.004633339121937752,7409,,
91,,0.007205891888588667,7419,,
91,,0.005064824596047401,7429,,
91,,0.005232855211943388,7439,,
91,,0.003424681257456541,7449,,
,,,20839,,0.00023689738009124994
,,,20840,,0.0001985450799111277
,,,20841,,0.00039184076013043523
,,,20842,,0.00019132734450977296
,,,20843,,0.0003126196679659188
,,,20844,,0.0001405261573381722
,,,20845,,0.0004035246674902737
,,,20846,,0.0001610818726476282
,,,20847,,0.00025723190628923476
,,,20848,,0.0001778109435690567
,,,20849,,0.0006074300617910922
,,,20850,,0.0005427113501355052
,,,20851,,0.00016666814917698503
,,,20852,,0.00021840521367266774
,,,20853,,0.00034147442784160376
,,,20854,,0.00022032891865819693
,,,20855,,0.0004902130458503962
,,,20856,,0.0003278559888713062
,,,20857,,0.00026765288203023374
,,,20858,,0.0006501388270407915
,,,20859,,0.00019631304894573987
,,,20860,,0.00016666826559230685
,,,20861,,0.00014194741379469633
,,,20862,,0.00044377398444339633
,,,20863,,0.0003767602320294827
,,,20864,,0.0003340764087624848
,,,20865,,0.0002711180131882429
,,,20866,,0.004734488669782877
,,,20867,,0.015866830945014954
,,,20868,,0.012905467301607132
,,,20869,,0.013160205446183681
,,,20870,,0.014470855705440044
,,,20871,,0.013306946493685246
,,,20872,,0.0759797915816307
,,,20873,,0.02219809591770172
,,,20874,,0.010615050792694092
,,,20875,,0.01279730349779129
,,,20876,,0.00852297805249691
,,,20877,,0.004474746063351631
,,,20878,,0.01131482981145382
,,,20879,,0.006865651346743107
,,,20880,,0.003908848389983177
,,,20881,,0.010479941964149475
,,,20882,,0.01199082937091589
,,,20883,,0.004475867375731468
,,,20884,,0.015409030951559544
,,,20885,,0.006993351504206657
,,,20886,,0.0023885746486485004
,,,20887,,0.007285581901669502
,,,20888,,0.003860816825181246
,,,20889,,0.004677153192460537
,,,20890,,0.006088891066610813
,,,20891,,0.0022942116484045982
,,,20892,,0.0061333924531936646
,,,20893,,0.003422727808356285
,,,20894,,0.007221978157758713
,,,20895,,0.006579963024705648
,,,20896,,0.002442762488499284
,,,20897,,0.0037132329307496548
,,,20898,,0.0023097258526831865
,,,20899,,0.0033019953407347202
,,,20900,,0.002279211999848485
,,,20901,,0.0022356724366545677
,,,20902,,0.0030357218347489834
,,,20903,,0.0029237952549010515
,,,20904,,0.0015335655771195889
,,,20905,,0.0024134537670761347
,,,20906,,0.006719575263559818
,,,20907,,0.002929290756583214
,,,20908,,0.0015818867832422256
,,,20909,,0.0021265738178044558
,,,20910,,0.00028043947531841695
,,,20911,,0.0008185236947610974
,,,20912,,0.0005078612011857331
,,,20913,,0.00032970862230286
,,,20914,,0.00030408933525905013
,,,20915,,0.0003299658710602671
,,,20916,,0.00021146106882952154
,,,20917,,0.00038537807995453477
,,,20918,,0.00022961846843827516
,,,20919,,0.00043429594370536506
,,,20920,,0.0003672694438137114
,,,20921,,0.0006876016268506646
,,,20922,,0.0005698002059943974
,,,20923,,0.004741817247122526
,,,20924,,0.005767463706433773
,,,20925,,0.0061088260263204575
,,,20926,,0.02112584188580513
,,,20927,,0.015305597335100174
,,,20928,,0.011271825060248375
,,,20929,,0.015655292198061943
,,,20930,,0.01432032510638237
,,,20931,,0.004690147470682859
,,,20932,,0.004555311519652605
,,,20933,,0.0046759117394685745
,,,20934,,0.003654260654002428
,,,20935,,0.00407983735203743
,,,20936,,0.004726660903543234
,,,20937,,0.003907104954123497
,,,20938,,0.0038784577045589685
,,,20939,,0.004609865602105856
,,,20940,,0.0037444911431521177
,,,20941,,0.0033425609581172466
,,,20942,,0.0036114268004894257
,,,20943,,0.0046221488155424595
,,,20944,,0.004410969093441963
,,,20945,,0.004565627314150333
,,,20946,,0.004291796591132879
,,,20947,,0.004046552814543247
,,,20948,,0.0051993560045957565
,,,20949,,0.004570797551423311
,,,20950,,0.0035058888606727123
,,,20951,,0.004660160280764103
,,,20952,,0.0047598425298929214
,,,20953,,0.006845503114163876
,,,20954,,0.006826790515333414
,,,20955,,0.005068366881459951
,,,20956,,0.004480606876313686
,,,20957,,0.004156036302447319
,,,20958,,0.004847507458180189
,,,20959,,0.003922970965504646
,,,20960,,0.004121845588088036
,,,20961,,0.004264235030859709
,,,20962,,0.004046508111059666
,,,20963,,0.0042096031829714775
,,,20964,,0.004242517054080963
,,,20965,,0.0035515015479177237
,,,20966,,0.003857122268527746
,,,20967,,0.00398270832374692
,,,20968,,0.0047990139573812485
,,,20969,,0.004179437179118395
,,,20970,,0.004694911185652018
,,,20971,,0.004518487490713596
,,,20972,,0.004787527024745941
,,,20973,,0.0045562004670500755
,,,20974,,0.00432936567813158
,,,20975,,0.0040878052823245525
,,,20976,,0.004539448767900467
,,,20977,,0.0034136525355279446
,,,20978,,0.0035289181396365166
,,,20979,,0.0031560491770505905
,,,20980,,0.0032269542571157217
,,,20981,,0.003231922397390008
,,,20982,,0.0035284601617604494
,,,20983,,0.0032006949186325073
,,,20984,,0.003182249376550317
,,,20985,,0.0032825879752635956
,,,20986,,0.0033043380826711655
,,,20987,,0.002772616222500801
,,,20988,,0.0028391629457473755
,,,20989,,0.003107513301074505
,,,20990,,0.0033864749129861593
,,,20991,,0.0031750397756695747
,,,20992,,0.0030857142992317677
,,,20993,,0.0035009109415113926
,,,20994,,0.0033940027933567762
,,,20995,,0.0033544478937983513
,,,20996,,0.003028291277587414
,,,20997,,0.0030571240931749344
,,,20998,,0.003496411722153425
,,,20999,,0.0036172932013869286
,,,21000,,0.004019000567495823
,,,21001,,0.004457153379917145
,,,21002,,0.0040195407345891
,,,21003,,0.00432061729952693
,,,21004,,0.0036849419120699167
,,,21005,,0.003314156085252762
,,,21006,,0.003735962091013789
,,,21007,,0.004863661713898182
,,,21008,,0.004113278817385435
,,,21009,,0.003580822143703699
,,,21010,,0.004819393157958984
,,,21011,,0.003983224742114544
,,,21012,,0.004897271282970905
,,,21013,,0.003928152844309807
,,,21014,,0.0036156070418655872
,,,21015,,0.004360157996416092
,,,21016,,0.004132834263145924
,,,21017,,0.0036243214271962643
,,,21018,,0.004612026736140251
,,,21019,,0.00396511796861887
,,,21020,,0.003891959087923169
,,,21021,,0.0014176378026604652
,,,21022,,0.001303351134993136
,,,21023,,0.0009491191012784839
,,,21024,,0.001042902353219688
,,,21025,,0.0007702149450778961
,,,21026,,0.0008479589014314115
,,,21027,,0.0011212159879505634
,,,21028,,0.0009002020815387368
,,,21029,,0.0011429700534790754
,,,21030,,0.0011037332005798817
,,,21031,,0.0010371638927608728
,,,21032,,0.0008525517769157887
,,,21033,,0.000987163744866848
,,,21034,,0.002740744035691023
,,,21035,,0.002833730075508356
,,,21036,,0.003940184600651264
,,,21037,,0.00248334719799459
,,,21038,,0.0009618619224056602
,,,21039,,0.008595062419772148
,,,21040,,0.0016183203551918268
,,,21041,,0.005616096779704094
,,,21042,,0.0025400500744581223
,,,21043,,0.0025227325968444347
,,,21044,,0.006140231154859066
,,,21045,,0.008354075253009796
,,,21046,,0.006666155066341162
,,,21047,,0.004451205022633076
,,,21048,,0.004156014416366816
,,,21049,,0.005999132990837097
,,,21050,,0.006887530907988548
,,,21051,,0.039505720138549805
,,,21052,,0.030132710933685303
,,,21053,,0.02181246131658554
,,,21054,,0.025011707097291946
,,,21055,,0.0384596511721611
,,,21056,,0.019028276205062866
,,,21057,,0.02295919694006443
,,,21058,,0.03146209940314293
,,,21059,,0.020628957077860832
,,,21060,,0.025745633989572525
,,,21061,,0.021008513867855072
,,,21062,,0.023550037294626236
,,,21063,,0.03414260223507881
,,,21064,,0.027040649205446243
,,,21065,,0.02473994344472885
,,,21066,,0.02356009930372238
,,,21067,,0.01240819413214922
91,,,7451,0.005970918107777834,
91,0.005369888618588448,,7451,,
92,,0.006882993970066309,7459,,
92,,0.006502820644527674,7469,,
92,,0.004514915868639946,7479,,
92,,0.008076546713709831,7489,,
92,,0.007482533808797598,7499,,
92,,0.0034011893440037966,7509,,
92,,0.00852954387664795,7519,,
92,,0.004495715722441673,7529,,
,,,21068,,0.00030468706972897053
,,,21069,,0.00026629341300576925
,,,21070,,0.0004658724064938724
,,,21071,,0.0002666912041604519
,,,21072,,0.0004067699774168432
,,,21073,,0.00021197216119617224
,,,21074,,0.0005014314665459096
,,,21075,,0.00023157111718319356
,,,21076,,0.0003894027031492442
,,,21077,,0.0002585408219601959
,,,21078,,0.0006967305671423674
,,,21079,,0.0006859668646939099
,,,21080,,0.00022745032038073987
,,,21081,,0.0002850380842573941
,,,21082,,0.00043075595749542117
,,,21083,,0.00030761645757593215
,,,21084,,0.0005419690860435367
,,,21085,,0.0003927753132302314
,,,21086,,0.0003561707853805274
,,,21087,,0.0006774183711968362
,,,21088,,0.0002697194286156446
,,,21089,,0.00024002195277716964
,,,21090,,0.00023189981584437191
,,,21091,,0.000528480508364737
,,,21092,,0.00047137722140178084
,,,21093,,0.00041049154242500663
,,,21094,,0.00034091828274540603
,,,21095,,0.004827041178941727
,,,21096,,0.015845853835344315
,,,21097,,0.01284867711365223
,,,21098,,0.013158529065549374
,,,21099,,0.014472420327365398
,,,21100,,0.013270437717437744
,,,21101,,0.07577317953109741
,,,21102,,0.022193726152181625
,,,21103,,0.010616477578878403
,,,21104,,0.012827219441533089
,,,21105,,0.00857741478830576
,,,21106,,0.004492046311497688
,,,21107,,0.011321169324219227
,,,21108,,0.006862204056233168
,,,21109,,0.003915042150765657
,,,21110,,0.010399909690022469
,,,21111,,0.011876694858074188
,,,21112,,0.004390542395412922
,,,21113,,0.015265228226780891
,,,21114,,0.0068918149918317795
,,,21115,,0.0024054786190390587
,,,21116,,0.007260936312377453
,,,21117,,0.003839656477794051
,,,21118,,0.0045936936512589455
,,,21119,,0.005977438762784004
,,,21120,,0.0022645611315965652
,,,21121,,0.006062109023332596
,,,21122,,0.003291486296802759
,,,21123,,0.007033882196992636
,,,21124,,0.0063619050197303295
,,,21125,,0.0021856052335351706
,,,21126,,0.0035247961059212685
,,,21127,,0.0021493867971003056
,,,21128,,0.003113354090601206
,,,21129,,0.00213976064696908
,,,21130,,0.002039432991296053
,,,21131,,0.0028474500868469477
,,,21132,,0.002474670298397541
,,,21133,,0.0013367487117648125
,,,21134,,0.00234683183953166
,,,21135,,0.006559689529240131
,,,21136,,0.0028227679431438446
,,,21137,,0.0013403091579675674
,,,21138,,0.0019577601924538612
,,,21139,,0.00031447006040252745
,,,21140,,0.0008487574523314834
,,,21141,,0.000517803942784667
,,,21142,,0.00041554620838724077
,,,21143,,0.0003404294839128852
,,,21144,,0.00037570466520264745
,,,21145,,0.0002404857223154977
,,,21146,,0.00041468869312666357
,,,21147,,0.0002835696213878691
,,,21148,,0.0004602595290634781
,,,21149,,0.0004576733335852623
,,,21150,,0.0006450979853980243
,,,21151,,0.000566389411687851
,,,21152,,0.00466390885412693
,,,21153,,0.005724679678678513
,,,21154,,0.005580672062933445
,,,21155,,0.01835835725069046
,,,21156,,0.012506330385804176
,,,21157,,0.009602255187928677
,,,21158,,0.015587414614856243
,,,21159,,0.014161673374474049
,,,21160,,0.004516699351370335
,,,21161,,0.004499212373048067
,,,21162,,0.004607426933944225
,,,21163,,0.003605170641094446
,,,21164,,0.004004727117717266
,,,21165,,0.004706067498773336
,,,21166,,0.003817936172708869
,,,21167,,0.0038220814894884825
,,,21168,,0.00451618991792202
,,,21169,,0.0036827092990279198
,,,21170,,0.0032924816478043795
,,,21171,,0.003545229323208332
,,,21172,,0.004545310977846384
,,,21173,,0.004332767799496651
,,,21174,,0.0045295641757547855
,,,21175,,0.004208941012620926
,,,21176,,0.003973416518419981
,,,21177,,0.005095280706882477
,,,21178,,0.00451021920889616
,,,21179,,0.003443679539486766
,,,21180,,0.004580751061439514
,,,21181,,0.004698203410953283
,,,21182,,0.0066698454320430756
,,,21183,,0.0067001027055084705
,,,21184,,0.004920686595141888
,,,21185,,0.004340260289609432
,,,21186,,0.004033444449305534
,,,21187,,0.0047141071408987045
,,,21188,,0.0037603548262268305
,,,21189,,0.004025955684483051
,,,21190,,0.004116864874958992
,,,21191,,0.003953276667743921
,,,21192,,0.004123697057366371
,,,21193,,0.00410165311768651
,,,21194,,0.0034535243175923824
,,,21195,,0.0037317140959203243
,,,21196,,0.0038640121929347515
,,,21197,,0.004750980995595455
,,,21198,,0.004105113446712494
,,,21199,,0.0045883446000516415
,,,21200,,0.0043997629545629025
,,,21201,,0.004653559997677803
,,,21202,,0.004487049300223589
,,,21203,,0.004197762347757816
,,,21204,,0.003989189397543669
,,,21205,,0.004405137617141008
,,,21206,,0.003187712514773011
,,,21207,,0.003295846516266465
,,,21208,,0.002935084979981184
,,,21209,,0.002996602328494191
,,,21210,,0.0029984242282807827
,,,21211,,0.0033204196952283382
,,,21212,,0.0030243457295000553
,,,21213,,0.0030074622482061386
,,,21214,,0.0030745924450457096
,,,21215,,0.0030364198610186577
,,,21216,,0.002537262160331011
,,,21217,,0.0026587697211652994
,,,21218,,0.0029488522559404373
,,,21219,,0.0031883064657449722
,,,21220,,0.0030057227704674006
,,,21221,,0.0029297221917659044
,,,21222,,0.0033583864569664
,,,21223,,0.0032430430874228477
,,,21224,,0.003154383972287178
,,,21225,,0.002824526745826006
,,,21226,,0.002904541091993451
,,,21227,,0.003333812113851309
,,,21228,,0.0034811533987522125
,,,21229,,0.0038134760688990355
,,,21230,,0.004352577030658722
,,,21231,,0.0038829380646348
,,,21232,,0.004207033198326826
,,,21233,,0.0035639842972159386
,,,21234,,0.003219866193830967
,,,21235,,0.0035940397065132856
,,,21236,,0.004718132317066193
,,,21237,,0.003988778218626976
,,,21238,,0.0034032496623694897
,,,21239,,0.004657109268009663
,,,21240,,0.003864327445626259
,,,21241,,0.004754355177283287
,,,21242,,0.0038052897434681654
,,,21243,,0.003494291566312313
,,,21244,,0.004196779802441597
,,,21245,,0.004000052344053984
,,,21246,,0.003490348346531391
,,,21247,,0.004457055125385523
,,,21248,,0.003841185476630926
,,,21249,,0.0037974310107529163
,,,21250,,0.001470856717787683
,,,21251,,0.001358741894364357
,,,21252,,0.0010027352254837751
,,,21253,,0.001091839512810111
,,,21254,,0.0008664467604830861
,,,21255,,0.0008950924384407699
,,,21256,,0.0011717448942363262
,,,21257,,0.0009173249127343297
,,,21258,,0.0012103078188374639
,,,21259,,0.0010802963515743613
,,,21260,,0.0011011363239958882
,,,21261,,0.0009161880589090288
,,,21262,,0.0010537311900407076
,,,21263,,0.0025446275249123573
,,,21264,,0.0027382972184568644
,,,21265,,0.0039146533235907555
,,,21266,,0.002340254606679082
,,,21267,,0.0010465637315064669
,,,21268,,0.008581845089793205
,,,21269,,0.0020063461270183325
,,,21270,,0.005828078370541334
,,,21271,,0.0030056536197662354
,,,21272,,0.0025879305321723223
,,,21273,,0.005500990431755781
,,,21274,,0.008105525746941566
,,,21275,,0.0065365866757929325
,,,21276,,0.004352937452495098
,,,21277,,0.0037768452893942595
,,,21278,,0.00562169449403882
,,,21279,,0.006810154765844345
,,,21280,,0.03934482857584953
,,,21281,,0.0296291783452034
,,,21282,,0.021433338522911072
,,,21283,,0.024551017209887505
,,,21284,,0.03793678432703018
,,,21285,,0.01888205111026764
,,,21286,,0.02262670174241066
,,,21287,,0.031194383278489113
,,,21288,,0.02048429101705551
,,,21289,,0.025568721815943718
,,,21290,,0.020625688135623932
,,,21291,,0.023301372304558754
,,,21292,,0.03390977159142494
,,,21293,,0.026642844080924988
,,,21294,,0.024329010397195816
,,,21295,,0.02332042157649994
,,,21296,,0.012228099629282951
92,,,7532,0.005852632690221071,
92,0.005454978905618191,,7532,,
93,,0.0036650151014328003,7539,,
93,,0.0036447294987738132,7549,,
93,,0.006600973661988974,7559,,
93,,0.0090347770601511,7569,,
93,,0.005069117061793804,7579,,
93,,0.004169718362390995,7589,,
93,,0.002313950564712286,7599,,
93,,0.004264406859874725,7609,,
,,,21297,,0.0005831193411722779
,,,21298,,0.0006271954625844955
,,,21299,,0.0006615036400035024
,,,21300,,0.00048523989971727133
,,,21301,,0.0007727938937023282
,,,21302,,0.00030738551868125796
,,,21303,,0.000545151939149946
,,,21304,,0.000412624329328537
,,,21305,,0.0005203723558224738
,,,21306,,0.0003972900449298322
,,,21307,,0.0008522418211214244
,,,21308,,0.0007509751594625413
,,,21309,,0.0004964094841852784
,,,21310,,0.00042819356895051897
,,,21311,,0.0005067890742793679
,,,21312,,0.0004577047366183251
,,,21313,,0.0009608904365450144
,,,21314,,0.0006445051985792816
,,,21315,,0.0005886533763259649
,,,21316,,0.0008506846497766674
,,,21317,,0.0003239493235014379
,,,21318,,0.0005195243284106255
,,,21319,,0.00036877545062452555
,,,21320,,0.0007743757450953126
,,,21321,,0.000676842057146132
,,,21322,,0.0006984256906434894
,,,21323,,0.0005050748586654663
,,,21324,,0.004954102449119091
,,,21325,,0.016116734594106674
,,,21326,,0.013048604130744934
,,,21327,,0.013409828767180443
,,,21328,,0.014644184149801731
,,,21329,,0.013463646173477173
,,,21330,,0.0759635865688324
,,,21331,,0.02235615998506546
,,,21332,,0.010705871507525444
,,,21333,,0.01299198903143406
,,,21334,,0.008720286190509796
,,,21335,,0.004683715291321278
,,,21336,,0.011511358432471752
,,,21337,,0.00703257555142045
,,,21338,,0.004054440185427666
,,,21339,,0.010514745488762856
,,,21340,,0.011994697153568268
,,,21341,,0.004507729783654213
,,,21342,,0.015419364906847477
,,,21343,,0.006979532074183226
,,,21344,,0.002494947984814644
,,,21345,,0.007405059412121773
,,,21346,,0.004007457755506039
,,,21347,,0.004798951558768749
,,,21348,,0.00616054330021143
,,,21349,,0.002390227746218443
,,,21350,,0.0062154377810657024
,,,21351,,0.0035518864169716835
,,,21352,,0.0073186540976166725
,,,21353,,0.006616084836423397
,,,21354,,0.002434967551380396
,,,21355,,0.0038964301347732544
,,,21356,,0.0023169631604105234
,,,21357,,0.003397879423573613
,,,21358,,0.0023791459389030933
,,,21359,,0.002355312928557396
,,,21360,,0.0032295461278408766
,,,21361,,0.002973682712763548
,,,21362,,0.0014375782338902354
,,,21363,,0.0026521168183535337
,,,21364,,0.006718582008033991
,,,21365,,0.0029789002146571875
,,,21366,,0.0014498926466330886
,,,21367,,0.0021476102992892265
,,,21368,,0.000392611778806895
,,,21369,,0.0009990371763706207
,,,21370,,0.0006762630073353648
,,,21371,,0.0004680372658185661
,,,21372,,0.00044432413415051997
,,,21373,,0.00046876815031282604
,,,21374,,0.0003177898470312357
,,,21375,,0.0005850712768733501
,,,21376,,0.00038194446824491024
,,,21377,,0.0006592248100787401
,,,21378,,0.000511419028043747
,,,21379,,0.0005864347331225872
,,,21380,,0.0007222510175779462
,,,21381,,0.005015534348785877
,,,21382,,0.00602593133226037
,,,21383,,0.0059065185487270355
,,,21384,,0.01826462522149086
,,,21385,,0.012286553159356117
,,,21386,,0.009572278708219528
,,,21387,,0.01568290963768959
,,,21388,,0.014367310330271721
,,,21389,,0.004653323441743851
,,,21390,,0.004528508521616459
,,,21391,,0.00459290063008666
,,,21392,,0.0036594257690012455
,,,21393,,0.0040263831615448
,,,21394,,0.004674448631703854
,,,21395,,0.0038588226307183504
,,,21396,,0.0039052534848451614
,,,21397,,0.00454423064365983
,,,21398,,0.0037228623405098915
,,,21399,,0.0033952121157199144
,,,21400,,0.0034869115334004164
,,,21401,,0.004602608270943165
,,,21402,,0.0043645985424518585
,,,21403,,0.00452490895986557
,,,21404,,0.004228623583912849
,,,21405,,0.004031035583466291
,,,21406,,0.005122861824929714
,,,21407,,0.004611128941178322
,,,21408,,0.0034742613788694143
,,,21409,,0.004580114968121052
,,,21410,,0.0047687953338027
,,,21411,,0.0070745088160037994
,,,21412,,0.00712511595338583
,,,21413,,0.005257822573184967
,,,21414,,0.004364687483757734
,,,21415,,0.004090883769094944
,,,21416,,0.004765597637742758
,,,21417,,0.0038758947048336267
,,,21418,,0.004084582440555096
,,,21419,,0.004248620010912418
,,,21420,,0.004039193503558636
,,,21421,,0.004174219910055399
,,,21422,,0.004170618485659361
,,,21423,,0.003535084892064333
,,,21424,,0.0038430080749094486
,,,21425,,0.0039090970531105995
,,,21426,,0.004760110285133123
,,,21427,,0.004126866813749075
,,,21428,,0.004683655686676502
,,,21429,,0.004511775448918343
,,,21430,,0.004722973797470331
,,,21431,,0.0045075798407197
,,,21432,,0.00427398644387722
,,,21433,,0.004041467793285847
,,,21434,,0.004500376991927624
,,,21435,,0.0032676225528120995
,,,21436,,0.003447379218414426
,,,21437,,0.00303821312263608
,,,21438,,0.003044656477868557
,,,21439,,0.0031175834592431784
,,,21440,,0.003438265062868595
,,,21441,,0.003118353895843029
,,,21442,,0.003158536273986101
,,,21443,,0.0031472016125917435
,,,21444,,0.0031260119285434484
,,,21445,,0.0026460704393684864
,,,21446,,0.002803419018164277
,,,21447,,0.0029598362743854523
,,,21448,,0.00327844126150012
,,,21449,,0.0031203259713947773
,,,21450,,0.003026578575372696
,,,21451,,0.0034382205922156572
,,,21452,,0.0032989063765853643
,,,21453,,0.0032361294142901897
,,,21454,,0.0029502338729798794
,,,21455,,0.003027284052222967
,,,21456,,0.00340255256742239
,,,21457,,0.003556799376383424
,,,21458,,0.0038611567579209805
,,,21459,,0.004345995839685202
,,,21460,,0.0039261821657419205
,,,21461,,0.0042299674823880196
,,,21462,,0.0036229430697858334
,,,21463,,0.003292315173894167
,,,21464,,0.0036541696172207594
,,,21465,,0.00472498033195734
,,,21466,,0.004009434022009373
,,,21467,,0.003472849726676941
,,,21468,,0.004653965588659048
,,,21469,,0.003886413061991334
,,,21470,,0.0047858115285634995
,,,21471,,0.0039048483595252037
,,,21472,,0.0035298310685902834
,,,21473,,0.0042235394939780235
,,,21474,,0.004001638852059841
,,,21475,,0.00352770765312016
,,,21476,,0.004435162991285324
,,,21477,,0.003919908311218023
,,,21478,,0.0037811168003827333
,,,21479,,0.0014544606674462557
,,,21480,,0.001380040543153882
,,,21481,,0.0010189369786530733
,,,21482,,0.0010932162404060364
,,,21483,,0.0008176534902304411
,,,21484,,0.0009216120233759284
,,,21485,,0.0012289476580917835
,,,21486,,0.0009494393016211689
,,,21487,,0.0012201641220599413
,,,21488,,0.0011088189203292131
,,,21489,,0.0010979550424963236
,,,21490,,0.0008801426738500595
,,,21491,,0.0010564476251602173
,,,21492,,0.0027210297994315624
,,,21493,,0.0027254691813141108
,,,21494,,0.003932358231395483
,,,21495,,0.0025713061913847923
,,,21496,,0.0010524673853069544
,,,21497,,0.008560484275221825
,,,21498,,0.0015365473227575421
,,,21499,,0.005586122162640095
,,,21500,,0.002477605827152729
,,,21501,,0.0024385303258895874
,,,21502,,0.005542906932532787
,,,21503,,0.008262944407761097
,,,21504,,0.006412561982870102
,,,21505,,0.004267496056854725
,,,21506,,0.0041780052706599236
,,,21507,,0.005800141952931881
,,,21508,,0.006738849449902773
,,,21509,,0.03923610597848892
,,,21510,,0.029875338077545166
,,,21511,,0.021556951105594635
,,,21512,,0.024597184732556343
,,,21513,,0.038086675107479095
,,,21514,,0.018912695348262787
,,,21515,,0.022801555693149567
,,,21516,,0.03130943328142166
,,,21517,,0.02056281268596649
,,,21518,,0.025817571207880974
,,,21519,,0.020816132426261902
,,,21520,,0.02331947162747383
,,,21521,,0.03424925357103348
,,,21522,,0.02668255940079689
,,,21523,,0.024620138108730316
,,,21524,,0.02325037121772766
,,,21525,,0.012419200502336025
93,,,7613,0.005958203691989183,
93,0.005466876085847616,,7613,,
94,,0.003423485439270735,7619,,
94,,0.006167475134134293,7629,,
94,,0.010503914207220078,7639,,
94,,0.005402982700616121,7649,,
94,,0.006260005757212639,7659,,
94,,0.0033485719468444586,7669,,
94,,0.007806031033396721,7679,,
94,,0.00379222072660923,7689,,
,,,21526,,0.00039659871254116297
,,,21527,,0.00037212666939012706
,,,21528,,0.0004951541777700186
,,,21529,,0.0003482383326627314
,,,21530,,0.0004736841074191034
,,,21531,,0.00029348937096074224
,,,21532,,0.0006019353168085217
,,,21533,,0.00033642080961726606
,,,21534,,0.0004770142841152847
,,,21535,,0.00035579464747570455
,,,21536,,0.000794463325291872
,,,21537,,0.0006716247880831361
,,,21538,,0.00037072983104735613
,,,21539,,0.0003332974447403103
,,,21540,,0.0005106473108753562
,,,21541,,0.0003865725011564791
,,,21542,,0.0005941296112723649
,,,21543,,0.0004839335451833904
,,,21544,,0.00045497537939809263
,,,21545,,0.000731344276573509
,,,21546,,0.00035481253871694207
,,,21547,,0.0003377202956471592
,,,21548,,0.00030809888266958296
,,,21549,,0.0005738948821090162
,,,21550,,0.0005267935339361429
,,,21551,,0.0004537140775937587
,,,21552,,0.0004360076563898474
,,,21553,,0.004650952760130167
,,,21554,,0.01559868548065424
,,,21555,,0.012655679136514664
,,,21556,,0.012957100756466389
,,,21557,,0.014229703694581985
,,,21558,,0.013100603595376015
,,,21559,,0.07518438249826431
,,,21560,,0.02188040316104889
,,,21561,,0.010398874059319496
,,,21562,,0.012624559924006462
,,,21563,,0.008350036107003689
,,,21564,,0.004285013303160667
,,,21565,,0.011116992682218552
,,,21566,,0.006683320738375187
,,,21567,,0.0036878809332847595
,,,21568,,0.01017787680029869
,,,21569,,0.011717607267200947
,,,21570,,0.004321123007684946
,,,21571,,0.014947330579161644
,,,21572,,0.006719786673784256
,,,21573,,0.0022839198354631662
,,,21574,,0.0071074478328228
,,,21575,,0.003751843236386776
,,,21576,,0.004493666812777519
,,,21577,,0.005876860115677118
,,,21578,,0.0021761106327176094
,,,21579,,0.005886466708034277
,,,21580,,0.00332247419282794
,,,21581,,0.00700071407482028
,,,21582,,0.006308318115770817
,,,21583,,0.0022222218103706837
,,,21584,,0.0034560654312372208
,,,21585,,0.002300580497831106
,,,21586,,0.003075073007494211
,,,21587,,0.002109387656673789
,,,21588,,0.0020237520802766085
,,,21589,,0.0028052709531039
,,,21590,,0.0026272032409906387
,,,21591,,0.0014936397783458233
,,,21592,,0.002423115773126483
,,,21593,,0.006453134119510651
,,,21594,,0.0027776663191616535
,,,21595,,0.0015350664034485817
,,,21596,,0.002118562813848257
,,,21597,,0.00037634657928720117
,,,21598,,0.0007705651223659515
,,,21599,,0.0003059265436604619
,,,21600,,0.00037094196886755526
,,,21601,,0.00038568698801100254
,,,21602,,0.00037329751648940146
,,,21603,,0.0002998720738105476
,,,21604,,0.0002333645970793441
,,,21605,,0.00028502894565463066
,,,21606,,0.00038566518924199045
,,,21607,,0.00038709724321961403
,,,21608,,0.0010941076325252652
,,,21609,,0.0005514986114576459
,,,21610,,0.00463021220639348
,,,21611,,0.005697379354387522
,,,21612,,0.005580628290772438
,,,21613,,0.017643345519900322
,,,21614,,0.01223136205226183
,,,21615,,0.00924722757190466
,,,21616,,0.015084764920175076
,,,21617,,0.013703398406505585
,,,21618,,0.0044373394921422005
,,,21619,,0.0044516511261463165
,,,21620,,0.004540399182587862
,,,21621,,0.0035566692240536213
,,,21622,,0.003972569014877081
,,,21623,,0.0045769233256578445
,,,21624,,0.0037780259735882282
,,,21625,,0.0038080676458775997
,,,21626,,0.004462698940187693
,,,21627,,0.003635347355157137
,,,21628,,0.0032792475540190935
,,,21629,,0.003385084681212902
,,,21630,,0.004478344693779945
,,,21631,,0.0042804935947060585
,,,21632,,0.004434029571712017
,,,21633,,0.004163909703493118
,,,21634,,0.003953303676098585
,,,21635,,0.005080872680991888
,,,21636,,0.004490909166634083
,,,21637,,0.003379169385880232
,,,21638,,0.004533125087618828
,,,21639,,0.004632300231605768
,,,21640,,0.0065514082089066505
,,,21641,,0.0066492208279669285
,,,21642,,0.004892735742032528
,,,21643,,0.004316298291087151
,,,21644,,0.004017441533505917
,,,21645,,0.004663027822971344
,,,21646,,0.0037906584329903126
,,,21647,,0.003987326752394438
,,,21648,,0.004151896573603153
,,,21649,,0.003949510399252176
,,,21650,,0.004101830068975687
,,,21651,,0.004075315780937672
,,,21652,,0.003457034472376108
,,,21653,,0.0037336391396820545
,,,21654,,0.0038678348064422607
,,,21655,,0.004687611944973469
,,,21656,,0.004064654465764761
,,,21657,,0.004609159659594297
,,,21658,,0.00436887051910162
,,,21659,,0.004630093462765217
,,,21660,,0.004456014838069677
,,,21661,,0.00419914536178112
,,,21662,,0.003957560285925865
,,,21663,,0.004400567151606083
,,,21664,,0.0031966962851583958
,,,21665,,0.003370577236637473
,,,21666,,0.0029861945658922195
,,,21667,,0.0029480329249054193
,,,21668,,0.0030165354255586863
,,,21669,,0.00333703332580626
,,,21670,,0.0030092932283878326
,,,21671,,0.003071351209655404
,,,21672,,0.0030645255465060472
,,,21673,,0.0030752825550734997
,,,21674,,0.002584559377282858
,,,21675,,0.0026913750916719437
,,,21676,,0.0029347827658057213
,,,21677,,0.0031775017268955708
,,,21678,,0.0030411281622946262
,,,21679,,0.0029206136241555214
,,,21680,,0.0033187055960297585
,,,21681,,0.003216149751096964
,,,21682,,0.0031287996098399162
,,,21683,,0.0028422540053725243
,,,21684,,0.002896395977586508
,,,21685,,0.0033069103956222534
,,,21686,,0.0034713156055659056
,,,21687,,0.0038175571244210005
,,,21688,,0.0042643919587135315
,,,21689,,0.003864723490551114
,,,21690,,0.004157479852437973
,,,21691,,0.0035332117695361376
,,,21692,,0.0031738379038870335
,,,21693,,0.0035675193648785353
,,,21694,,0.004631053656339645
,,,21695,,0.003917179070413113
,,,21696,,0.003403028938919306
,,,21697,,0.004592013545334339
,,,21698,,0.0038505340926349163
,,,21699,,0.004689238034188747
,,,21700,,0.003754756646230817
,,,21701,,0.003447877708822489
,,,21702,,0.004153926856815815
,,,21703,,0.003989005461335182
,,,21704,,0.0034239953383803368
,,,21705,,0.004423176869750023
,,,21706,,0.003789941780269146
,,,21707,,0.00374952657148242
,,,21708,,0.001450174953788519
,,,21709,,0.0013115627225488424
,,,21710,,0.0009968283120542765
,,,21711,,0.0010625813156366348
,,,21712,,0.0009304173290729523
,,,21713,,0.0008908057352527976
,,,21714,,0.0011491983896121383
,,,21715,,0.0009171725832857192
,,,21716,,0.001175286597572267
,,,21717,,0.001101997448131442
,,,21718,,0.0010644688736647367
,,,21719,,0.0009158057509921491
,,,21720,,0.0010027082171291113
,,,21721,,0.0026276337448507547
,,,21722,,0.0026194010861217976
,,,21723,,0.0038076050113886595
,,,21724,,0.0022798150312155485
,,,21725,,0.0010830507380887866
,,,21726,,0.00827130675315857
,,,21727,,0.0016247646417468786
,,,21728,,0.005944449920207262
,,,21729,,0.002640219172462821
,,,21730,,0.002365303924307227
,,,21731,,0.005464518442749977
,,,21732,,0.007837105542421341
,,,21733,,0.006383617874234915
,,,21734,,0.0040768892504274845
,,,21735,,0.003884921781718731
,,,21736,,0.005445555318146944
,,,21737,,0.0067382073029875755
,,,21738,,0.038513269275426865
,,,21739,,0.029173163697123528
,,,21740,,0.020989559590816498
,,,21741,,0.02408662810921669
,,,21742,,0.037423133850097656
,,,21743,,0.018341051414608955
,,,21744,,0.02226707711815834
,,,21745,,0.030546963214874268
,,,21746,,0.020040620118379593
,,,21747,,0.025014255195856094
,,,21748,,0.02014896273612976
,,,21749,,0.0226760171353817
,,,21750,,0.03327843174338341
,,,21751,,0.026164447888731956
,,,21752,,0.023816432803869247
,,,21753,,0.022748718038201332
,,,21754,,0.011813865974545479
94,,,7694,0.005770896561443806,
94,0.005304516293108463,,7694,,
95,,0.006779673974961042,7699,,
95,,0.002782549010589719,7709,,
95,,0.0053407540544867516,7719,,
95,,0.002011052565649152,7729,,
95,,0.010431446135044098,7739,,
95,,0.02467070147395134,7749,,
95,,0.014041977003216743,7759,,
95,,0.00800599716603756,7769,,
,,,21755,,0.0006706974818371236
,,,21756,,0.0007491644937545061
,,,21757,,0.0014454886550083756
,,,21758,,0.0005449880845844746
,,,21759,,0.00132754968944937
,,,21760,,0.00046374055091291666
,,,21761,,0.001579665462486446
,,,21762,,0.00048249028623104095
,,,21763,,0.0007914131274446845
,,,21764,,0.0006402821745723486
,,,21765,,0.0015422436408698559
,,,21766,,0.001867800485342741
,,,21767,,0.0006452407687902451
,,,21768,,0.0006228027632459998
,,,21769,,0.0008894403581507504
,,,21770,,0.0005947087192907929
,,,21771,,0.0013755874242633581
,,,21772,,0.0011753409635275602
,,,21773,,0.0011064261198043823
,,,21774,,0.0013588203582912683
,,,21775,,0.0004855823062825948
,,,21776,,0.0006185433594509959
,,,21777,,0.0005707262898795307
,,,21778,,0.00120253162458539
,,,21779,,0.0010032076388597488
,,,21780,,0.0010368460789322853
,,,21781,,0.0008450029417872429
,,,21782,,0.00799991749227047
,,,21783,,0.020477455109357834
,,,21784,,0.017449498176574707
,,,21785,,0.017807338386774063
,,,21786,,0.019291985780000687
,,,21787,,0.017179589718580246
,,,21788,,0.08241306245326996
,,,21789,,0.02703624963760376
,,,21790,,0.0149260014295578
,,,21791,,0.016991904005408287
,,,21792,,0.012559611350297928
,,,21793,,0.008105178363621235
,,,21794,,0.015350542962551117
,,,21795,,0.010799393989145756
,,,21796,,0.009382209740579128
,,,21797,,0.0181341003626585
,,,21798,,0.01807340607047081
,,,21799,,0.008504989556968212
,,,21800,,0.02371535822749138
,,,21801,,0.012442856095731258
,,,21802,,0.005909200757741928
,,,21803,,0.014158874750137329
,,,21804,,0.007734941318631172
,,,21805,,0.00863683968782425
,,,21806,,0.011239200830459595
,,,21807,,0.005037582479417324
,,,21808,,0.012443486601114273
,,,21809,,0.00921155046671629
,,,21810,,0.014188358560204506
,,,21811,,0.013293548487126827
,,,21812,,0.006648014299571514
,,,21813,,0.008343889378011227
,,,21814,,0.006700235418975353
,,,21815,,0.008122073486447334
,,,21816,,0.006635857746005058
,,,21817,,0.0062499213963747025
,,,21818,,0.007383733056485653
,,,21819,,0.007576872128993273
,,,21820,,0.004783802665770054
,,,21821,,0.007202371954917908
,,,21822,,0.013158631511032581
,,,21823,,0.006941794417798519
,,,21824,,0.005831916816532612
,,,21825,,0.005197499878704548
,,,21826,,0.001096863765269518
,,,21827,,0.0016339302528649569
,,,21828,,0.0008554208325222135
,,,21829,,0.001459664897993207
,,,21830,,0.0009987195953726768
,,,21831,,0.0010690633207559586
,,,21832,,0.0006360035040415823
,,,21833,,0.0010220350231975317
,,,21834,,0.0006766410660929978
,,,21835,,0.0011133173247799277
,,,21836,,0.001271712244488299
,,,21837,,0.0010104950051754713
,,,21838,,0.0010903824586421251
,,,21839,,0.01689450442790985
,,,21840,,0.018145490437746048
,,,21841,,0.06000004708766937
,,,21842,,0.2473573386669159
,,,21843,,0.19969689846038818
,,,21844,,0.09090404957532883
,,,21845,,0.04418943449854851
,,,21846,,0.040882572531700134
,,,21847,,0.014409562572836876
,,,21848,,0.012088047340512276
,,,21849,,0.012860791757702827
,,,21850,,0.01036166399717331
,,,21851,,0.011242778971791267
,,,21852,,0.012084546498954296
,,,21853,,0.011207476258277893
,,,21854,,0.011312472634017467
,,,21855,,0.012072131037712097
,,,21856,,0.01110875979065895
,,,21857,,0.01141868345439434
,,,21858,,0.00972647313028574
,,,21859,,0.012918788939714432
,,,21860,,0.011282895691692829
,,,21861,,0.01254262588918209
,,,21862,,0.010936149396002293
,,,21863,,0.01110372506082058
,,,21864,,0.012953770346939564
,,,21865,,0.012252472341060638
,,,21866,,0.009779880754649639
,,,21867,,0.012274136766791344
,,,21868,,0.01230639312416315
,,,21869,,0.019060097634792328
,,,21870,,0.01909024268388748
,,,21871,,0.014781106263399124
,,,21872,,0.011565405875444412
,,,21873,,0.010957986116409302
,,,21874,,0.011672857217490673
,,,21875,,0.010266559198498726
,,,21876,,0.011325402185320854
,,,21877,,0.0113596236333251
,,,21878,,0.011307683773338795
,,,21879,,0.011002488434314728
,,,21880,,0.011273159645497799
,,,21881,,0.010353722609579563
,,,21882,,0.010598497465252876
,,,21883,,0.009888686239719391
,,,21884,,0.011917740106582642
,,,21885,,0.011322027072310448
,,,21886,,0.012120852246880531
,,,21887,,0.010761531069874763
,,,21888,,0.012163191102445126
,,,21889,,0.011635802686214447
,,,21890,,0.011076165363192558
,,,21891,,0.010687647387385368
,,,21892,,0.012190502136945724
,,,21893,,0.010715784505009651
,,,21894,,0.011896619573235512
,,,21895,,0.010024122893810272
,,,21896,,0.009331811219453812
,,,21897,,0.009559549391269684
,,,21898,,0.011508860625326633
,,,21899,,0.011058678850531578
,,,21900,,0.010867786593735218
,,,21901,,0.011515866965055466
,,,21902,,0.010249452665448189
,,,21903,,0.009398489259183407
,,,21904,,0.009466913528740406
,,,21905,,0.00951642356812954
,,,21906,,0.010083339177072048
,,,21907,,0.010466058738529682
,,,21908,,0.009911911562085152
,,,21909,,0.012115124613046646
,,,21910,,0.01026902999728918
,,,21911,,0.010281622409820557
,,,21912,,0.009540822356939316
,,,21913,,0.010361883789300919
,,,21914,,0.01035986840724945
,,,21915,,0.00808931514620781
,,,21916,,0.008372356183826923
,,,21917,,0.009149494580924511
,,,21918,,0.008543537929654121
,,,21919,,0.008792652748525143
,,,21920,,0.007925018668174744
,,,21921,,0.007422017864882946
,,,21922,,0.007978344336152077
,,,21923,,0.009646786376833916
,,,21924,,0.008446813561022282
,,,21925,,0.007788714021444321
,,,21926,,0.00961284339427948
,,,21927,,0.008895674720406532
,,,21928,,0.009885624051094055
,,,21929,,0.008263351395726204
,,,21930,,0.0077688852325081825
,,,21931,,0.008857261389493942
,,,21932,,0.008415021002292633
,,,21933,,0.007984446361660957
,,,21934,,0.009424668736755848
,,,21935,,0.008334431797266006
,,,21936,,0.008038768544793129
,,,21937,,0.004283434245735407
,,,21938,,0.00344726350158453
,,,21939,,0.0026470054872334003
,,,21940,,0.002771629486232996
,,,21941,,0.002304813824594021
,,,21942,,0.002384219318628311
,,,21943,,0.002935477066785097
,,,21944,,0.0026786220259964466
,,,21945,,0.003511659801006317
,,,21946,,0.002670533489435911
,,,21947,,0.0026262812316417694
,,,21948,,0.0026132501661777496
,,,21949,,0.002810087287798524
,,,21950,,0.005975446663796902
,,,21951,,0.006139159202575684
,,,21952,,0.00648316228762269
,,,21953,,0.0063144750893116
,,,21954,,0.0022765719331800938
,,,21955,,0.016664406284689903
,,,21956,,0.003691352903842926
,,,21957,,0.011005707085132599
,,,21958,,0.005119813606142998
,,,21959,,0.005396191030740738
,,,21960,,0.010995423421263695
,,,21961,,0.012708481401205063
,,,21962,,0.012068294920027256
,,,21963,,0.00919712707400322
,,,21964,,0.00809461623430252
,,,21965,,0.01206973847001791
,,,21966,,0.010368512943387032
,,,21967,,0.0486009456217289
,,,21968,,0.03795073181390762
,,,21969,,0.029568349942564964
,,,21970,,0.0327838771045208
,,,21971,,0.04815573990345001
,,,21972,,0.02601167932152748
,,,21973,,0.030303511768579483
,,,21974,,0.04082382097840309
,,,21975,,0.028376933187246323
,,,21976,,0.0353487953543663
,,,21977,,0.029246920719742775
,,,21978,,0.03214939683675766
,,,21979,,0.04232560098171234
,,,21980,,0.035765502601861954
,,,21981,,0.03284556418657303
,,,21982,,0.031764209270477295
,,,21983,,0.017124881967902184
95,,,7775,0.013361471705138683,
95,0.013287773355841637,,7775,,
96,,0.013139250688254833,7779,,
96,,0.006542527116835117,7789,,
96,,0.009195312857627869,7799,,
96,,0.010815341956913471,7809,,
96,,0.007321014069020748,7819,,
96,,0.00788893736898899,7829,,
96,,0.0038069526199251413,7839,,
96,,0.005243442952632904,7849,,
,,,21984,,0.00024709635181352496
,,,21985,,0.0002219391753897071
,,,21986,,0.00043550156988203526
,,,21987,,0.00022073130821809173
,,,21988,,0.00041395053267478943
,,,21989,,0.00016418902669101954
,,,21990,,0.000496586028020829
,,,21991,,0.00017261720495298505
,,,21992,,0.00039847230073064566
,,,21993,,0.00019981547666247934
,,,21994,,0.000688587490003556
,,,21995,,0.0006571842823177576
,,,21996,,0.0001804940402507782
,,,21997,,0.00022272481874097139
,,,21998,,0.00041478656930848956
,,,21999,,0.00023513684573117644
,,,22000,,0.0005413790931925178
,,,22001,,0.00041022413643077016
,,,22002,,0.00036211981205269694
,,,22003,,0.0007370860548689961
,,,22004,,0.00019955605966970325
,,,22005,,0.0002053222560789436
,,,22006,,0.00015884236199781299
,,,22007,,0.0005096849636174738
,,,22008,,0.00044378696475178003
,,,22009,,0.000367796077625826
,,,22010,,0.0003042366879526526
,,,22011,,0.0053450120612978935
,,,22012,,0.01675252988934517
,,,22013,,0.013641971163451672
,,,22014,,0.01397373154759407
,,,22015,,0.01534549705684185
,,,22016,,0.014019172638654709
,,,22017,,0.07781627774238586
,,,22018,,0.023081446066498756
,,,22019,,0.011435934342443943
,,,22020,,0.01358503382652998
,,,22021,,0.009385348297655582
,,,22022,,0.005162232555449009
,,,22023,,0.012112190946936607
,,,22024,,0.007489288225769997
,,,22025,,0.004719829186797142
,,,22026,,0.011826271191239357
,,,22027,,0.013161237351596355
,,,22028,,0.00524758268147707
,,,22029,,0.016856063157320023
,,,22030,,0.007947351783514023
,,,22031,,0.0030809638556092978
,,,22032,,0.008439507335424423
,,,22033,,0.00466621108353138
,,,22034,,0.005609428510069847
,,,22035,,0.007002700585871935
,,,22036,,0.0027904363814741373
,,,22037,,0.0072417668998241425
,,,22038,,0.004198133945465088
,,,22039,,0.00832220260053873
,,,22040,,0.007511721923947334
,,,22041,,0.0031365579925477505
,,,22042,,0.004456537310034037
,,,22043,,0.0030469410121440887
,,,22044,,0.0040135569870471954
,,,22045,,0.003105024341493845
,,,22046,,0.0029099234379827976
,,,22047,,0.0037919532041996717
,,,22048,,0.003655493725091219
,,,22049,,0.002008073264732957
,,,22050,,0.00340347271412611
,,,22051,,0.007887696847319603
,,,22052,,0.0036631140392273664
,,,22053,,0.0021747038699686527
,,,22054,,0.0026799626648426056
,,,22055,,0.00036014680517837405
,,,22056,,0.0009399118134751916
,,,22057,,0.0005467894952744246
,,,22058,,0.0004983185208402574
,,,22059,,0.0003901905147358775
,,,22060,,0.0004953118041157722
,,,22061,,0.00022017338778823614
,,,22062,,0.0004417927120812237
,,,22063,,0.0002865171409212053
,,,22064,,0.00064786960138008
,,,22065,,0.0005086760502308607
,,,22066,,0.000606457469984889
,,,22067,,0.0006336295045912266
,,,22068,,0.006567125674337149
,,,22069,,0.008615762926638126
,,,22070,,0.015544876456260681
,,,22071,,0.0857175886631012
,,,22072,,0.05625848472118378
,,,22073,,0.02609904855489731
,,,22074,,0.020609648898243904
,,,22075,,0.019210539758205414
,,,22076,,0.006761467084288597
,,,22077,,0.006691189482808113
,,,22078,,0.006811185274273157
,,,22079,,0.005299237556755543
,,,22080,,0.005841733422130346
,,,22081,,0.00653974199667573
,,,22082,,0.005727491341531277
,,,22083,,0.005705272778868675
,,,22084,,0.006420882418751717
,,,22085,,0.0055943564511835575
,,,22086,,0.005513682961463928
,,,22087,,0.005127669777721167
,,,22088,,0.00684560788795352
,,,22089,,0.0060740876942873
,,,22090,,0.006514267064630985
,,,22091,,0.0058292425237596035
,,,22092,,0.005769491661339998
,,,22093,,0.006902672350406647
,,,22094,,0.006310171447694302
,,,22095,,0.004961069673299789
,,,22096,,0.006515141576528549
,,,22097,,0.006532545201480389
,,,22098,,0.008992178365588188
,,,22099,,0.008831638842821121
,,,22100,,0.006843805778771639
,,,22101,,0.0055865212343633175
,,,22102,,0.005127093754708767
,,,22103,,0.005890154279768467
,,,22104,,0.00484385434538126
,,,22105,,0.005267348140478134
,,,22106,,0.0055033182725310326
,,,22107,,0.005170087330043316
,,,22108,,0.005331692285835743
,,,22109,,0.005318515934050083
,,,22110,,0.004633449018001556
,,,22111,,0.004807347431778908
,,,22112,,0.004864893853664398
,,,22113,,0.006073785480111837
,,,22114,,0.005246771965175867
,,,22115,,0.005935848690569401
,,,22116,,0.005473930388689041
,,,22117,,0.006131770089268684
,,,22118,,0.005758629646152258
,,,22119,,0.005277575459331274
,,,22120,,0.005070307292044163
,,,22121,,0.005830626469105482
,,,22122,,0.004625675734132528
,,,22123,,0.0048770178109407425
,,,22124,,0.004181907512247562
,,,22125,,0.004133932292461395
,,,22126,,0.004170919768512249
,,,22127,,0.004706412088125944
,,,22128,,0.004456567578017712
,,,22129,,0.004874966107308865
,,,22130,,0.004372128751128912
,,,22131,,0.0044578975066542625
,,,22132,,0.003965047653764486
,,,22133,,0.003948332741856575
,,,22134,,0.004008161369711161
,,,22135,,0.0046861981973052025
,,,22136,,0.0044729323126375675
,,,22137,,0.004220105241984129
,,,22138,,0.005082814954221249
,,,22139,,0.004438193514943123
,,,22140,,0.004427150823175907
,,,22141,,0.004180870018899441
,,,22142,,0.004338504280894995
,,,22143,,0.004524776712059975
,,,22144,,0.0043324064463377
,,,22145,,0.004857323598116636
,,,22146,,0.005327541381120682
,,,22147,,0.004917064681649208
,,,22148,,0.005189267918467522
,,,22149,,0.004507878795266151
,,,22150,,0.00406789593398571
,,,22151,,0.004596784710884094
,,,22152,,0.005797051824629307
,,,22153,,0.00504564493894577
,,,22154,,0.004323731176555157
,,,22155,,0.005672568455338478
,,,22156,,0.0048443349078297615
,,,22157,,0.005905608646571636
,,,22158,,0.00484908651560545
,,,22159,,0.004376040305942297
,,,22160,,0.0052651516161859035
,,,22161,,0.004998937249183655
,,,22162,,0.004423361271619797
,,,22163,,0.00564469862729311
,,,22164,,0.004896821454167366
,,,22165,,0.004640460945665836
,,,22166,,0.0019955879542976618
,,,22167,,0.0017415637848898768
,,,22168,,0.0013632948976010084
,,,22169,,0.0013871565461158752
,,,22170,,0.0010695935925468802
,,,22171,,0.001163347507826984
,,,22172,,0.0015111701795831323
,,,22173,,0.0012185632949694991
,,,22174,,0.001600875984877348
,,,22175,,0.0013284606393426657
,,,22176,,0.001327410456724465
,,,22177,,0.0012776947114616632
,,,22178,,0.0013256052043288946
,,,22179,,0.003116156440228224
,,,22180,,0.0032837800681591034
,,,22181,,0.004378017038106918
,,,22182,,0.0030324305407702923
,,,22183,,0.0011913799680769444
,,,22184,,0.00998871959745884
,,,22185,,0.0018129763193428516
,,,22186,,0.006666610948741436
,,,22187,,0.0029613112565129995
,,,22188,,0.0029057590290904045
,,,22189,,0.006437455769628286
,,,22190,,0.008749744854867458
,,,22191,,0.007432498969137669
,,,22192,,0.005355361849069595
,,,22193,,0.004565662704408169
,,,22194,,0.0066262949258089066
,,,22195,,0.00740827526897192
,,,22196,,0.040855929255485535
,,,22197,,0.03101012110710144
,,,22198,,0.022774357348680496
,,,22199,,0.02586669661104679
,,,22200,,0.03971325606107712
,,,22201,,0.019944077357649803
,,,22202,,0.02395070530474186
,,,22203,,0.03280993551015854
,,,22204,,0.021867679432034492
,,,22205,,0.027183115482330322
,,,22206,,0.02190040796995163
,,,22207,,0.024619897827506065
,,,22208,,0.03541002422571182
,,,22209,,0.028214704245328903
,,,22210,,0.02591630071401596
,,,22211,,0.024593381211161613
,,,22212,,0.012642523273825645
96,,,7856,0.00741993123665452,
96,0.009108738042414188,,7856,,
97,,0.0033111271914094687,7859,,
97,,0.005894791800528765,7869,,
97,,0.008919774554669857,7879,,
97,,0.011553027667105198,7889,,
97,,0.003097912296652794,7899,,
97,,0.008725102990865707,7909,,
97,,0.0029064249247312546,7919,,
97,,0.008003161288797855,7929,,
,,,22213,,0.0003096935397479683
,,,22214,,0.00026895961491391063
,,,22215,,0.0004886211245320737
,,,22216,,0.00028476404258981347
,,,22217,,0.00045959927956573665
,,,22218,,0.00020912967738695443
,,,22219,,0.0005433438345789909
,,,22220,,0.0002550309000071138
,,,22221,,0.0004818074812646955
,,,22222,,0.00025245637516491115
,,,22223,,0.0006962430197745562
,,,22224,,0.0007200794643722475
,,,22225,,0.00022024750069249421
,,,22226,,0.0003135275619570166
,,,22227,,0.0005094925872981548
,,,22228,,0.00030837790109217167
,,,22229,,0.0006064220215193927
,,,22230,,0.00044807951780967414
,,,22231,,0.0003896383859682828
,,,22232,,0.0008117359830066562
,,,22233,,0.00029230740619823337
,,,22234,,0.00026245095068588853
,,,22235,,0.00022916063608136028
,,,22236,,0.000595146557316184
,,,22237,,0.0005016031209379435
,,,22238,,0.00042939477134495974
,,,22239,,0.0003825942403636873
,,,22240,,0.0051123714074492455
,,,22241,,0.01631883904337883
,,,22242,,0.01315111480653286
,,,22243,,0.013643858954310417
,,,22244,,0.014836877584457397
,,,22245,,0.013568914495408535
,,,22246,,0.07675401866436005
,,,22247,,0.022575944662094116
,,,22248,,0.01097908429801464
,,,22249,,0.013242606073617935
,,,22250,,0.008994028903543949
,,,22251,,0.004901992157101631
,,,22252,,0.011777307838201523
,,,22253,,0.007271355949342251
,,,22254,,0.0044435057789087296
,,,22255,,0.01136917993426323
,,,22256,,0.012854764237999916
,,,22257,,0.005093236919492483
,,,22258,,0.016444943845272064
,,,22259,,0.007667861878871918
,,,22260,,0.00288564246147871
,,,22261,,0.008044426329433918
,,,22262,,0.00428788224235177
,,,22263,,0.0052982172928750515
,,,22264,,0.00672435387969017
,,,22265,,0.0027390834875404835
,,,22266,,0.006794321816414595
,,,22267,,0.003960853908210993
,,,22268,,0.007998260669410229
,,,22269,,0.007258640602231026
,,,22270,,0.002932006726041436
,,,22271,,0.004377491772174835
,,,22272,,0.0028675394132733345
,,,22273,,0.0038110772147774696
,,,22274,,0.002873374382033944
,,,22275,,0.0027470234781503677
,,,22276,,0.0036814205814152956
,,,22277,,0.0034136553294956684
,,,22278,,0.0018534446135163307
,,,22279,,0.0028487080708146095
,,,22280,,0.007519252598285675
,,,22281,,0.0035095021594315767
,,,22282,,0.0019164683762937784
,,,22283,,0.0025784194003790617
,,,22284,,0.00035321590257808566
,,,22285,,0.0008569313795305789
,,,22286,,0.0005004707491025329
,,,22287,,0.00040887013892643154
,,,22288,,0.00033004465512931347
,,,22289,,0.00042128722998313606
,,,22290,,0.00022526818793267012
,,,22291,,0.0004267756885383278
,,,22292,,0.0002633095136843622
,,,22293,,0.0005287533276714385
,,,22294,,0.0004274747334420681
,,,22295,,0.0006721942918375134
,,,22296,,0.000598337035626173
,,,22297,,0.005879181437194347
,,,22298,,0.0074752699583768845
,,,22299,,0.01115350890904665
,,,22300,,0.05573737993836403
,,,22301,,0.038689859211444855
,,,22302,,0.020122017711400986
,,,22303,,0.019445206969976425
,,,22304,,0.018152553588151932
,,,22305,,0.00598953478038311
,,,22306,,0.005664589814841747
,,,22307,,0.0056960200890898705
,,,22308,,0.004577907733619213
,,,22309,,0.005016972776502371
,,,22310,,0.005715246312320232
,,,22311,,0.004916051402688026
,,,22312,,0.005031614564359188
,,,22313,,0.00548936054110527
,,,22314,,0.004582824185490608
,,,22315,,0.004346392583101988
,,,22316,,0.004456094466149807
,,,22317,,0.0056226132437586784
,,,22318,,0.005259866826236248
,,,22319,,0.005656854249536991
,,,22320,,0.005095860920846462
,,,22321,,0.004900941625237465
,,,22322,,0.0060629574581980705
,,,22323,,0.005510902032256126
,,,22324,,0.004367594141513109
,,,22325,,0.00564413471147418
,,,22326,,0.005833112634718418
,,,22327,,0.008435427211225033
,,,22328,,0.008274085819721222
,,,22329,,0.00658778753131628
,,,22330,,0.005561573430895805
,,,22331,,0.004921863786876202
,,,22332,,0.0056739868596196175
,,,22333,,0.004882076755166054
,,,22334,,0.005135686136782169
,,,22335,,0.005450802855193615
,,,22336,,0.005228244699537754
,,,22337,,0.005086940713226795
,,,22338,,0.005383551120758057
,,,22339,,0.0048326789401471615
,,,22340,,0.004708408378064632
,,,22341,,0.0048592835664749146
,,,22342,,0.005734348203986883
,,,22343,,0.005131466314196587
,,,22344,,0.005823254585266113
,,,22345,,0.0051704999059438705
,,,22346,,0.006008225493133068
,,,22347,,0.0054863691329956055
,,,22348,,0.005262464284896851
,,,22349,,0.00494597340002656
,,,22350,,0.005700129084289074
,,,22351,,0.004028222523629665
,,,22352,,0.004195466637611389
,,,22353,,0.003864036640152335
,,,22354,,0.0037818115670233965
,,,22355,,0.003908495884388685
,,,22356,,0.004266913048923016
,,,22357,,0.003960750065743923
,,,22358,,0.004066343419253826
,,,22359,,0.0038939672522246838
,,,22360,,0.003970256540924311
,,,22361,,0.003581753233447671
,,,22362,,0.0034125051461160183
,,,22363,,0.003584795631468296
,,,22364,,0.003987754695117474
,,,22365,,0.003982812166213989
,,,22366,,0.0037781866267323494
,,,22367,,0.004124289844185114
,,,22368,,0.004021354950964451
,,,22369,,0.003927233628928661
,,,22370,,0.003751506330445409
,,,22371,,0.003705567680299282
,,,22372,,0.0042684078216552734
,,,22373,,0.00392539007589221
,,,22374,,0.00447448855265975
,,,22375,,0.004897385835647583
,,,22376,,0.004444746300578117
,,,22377,,0.004798057023435831
,,,22378,,0.004108395427465439
,,,22379,,0.0036447402089834213
,,,22380,,0.004147626459598541
,,,22381,,0.005309185944497585
,,,22382,,0.004603646695613861
,,,22383,,0.00398088525980711
,,,22384,,0.005250193178653717
,,,22385,,0.0045225899666547775
,,,22386,,0.005406998097896576
,,,22387,,0.004313157871365547
,,,22388,,0.003956291824579239
,,,22389,,0.004809239413589239
,,,22390,,0.004593047313392162
,,,22391,,0.004033327102661133
,,,22392,,0.005155971273779869
,,,22393,,0.004408699460327625
,,,22394,,0.0043525369837880135
,,,22395,,0.0017671959940344095
,,,22396,,0.0015857743564993143
,,,22397,,0.0011983144795522094
,,,22398,,0.0011849496513605118
,,,22399,,0.0010071336291730404
,,,22400,,0.0010421116603538394
,,,22401,,0.0013302045408636332
,,,22402,,0.0010895219165831804
,,,22403,,0.0013997477944940329
,,,22404,,0.001243285951204598
,,,22405,,0.001271108165383339
,,,22406,,0.0010254341177642345
,,,22407,,0.0011527127353474498
,,,22408,,0.002828529104590416
,,,22409,,0.0030283299274742603
,,,22410,,0.00413104984909296
,,,22411,,0.002682063728570938
,,,22412,,0.0011028118897229433
,,,22413,,0.009515691548585892
,,,22414,,0.0018378884997218847
,,,22415,,0.0060634976252913475
,,,22416,,0.002737719565629959
,,,22417,,0.002795262262225151
,,,22418,,0.00604512682184577
,,,22419,,0.008406287059187889
,,,22420,,0.007071179337799549
,,,22421,,0.005188369192183018
,,,22422,,0.004353906027972698
,,,22423,,0.0060790181159973145
,,,22424,,0.007079959847033024
,,,22425,,0.04009729623794556
,,,22426,,0.03040875494480133
,,,22427,,0.022347167134284973
,,,22428,,0.025417296215891838
,,,22429,,0.03893169015645981
,,,22430,,0.01968356780707836
,,,22431,,0.02324667200446129
,,,22432,,0.031926073133945465
,,,22433,,0.021327368915081024
,,,22434,,0.026561561971902847
,,,22435,,0.021293461322784424
,,,22436,,0.024101831018924713
,,,22437,,0.03478650748729706
,,,22438,,0.027484430000185966
,,,22439,,0.025496147572994232
,,,22440,,0.024225786328315735
,,,22441,,0.012265967205166817
97,,,7937,0.006833515129983425,
97,0.006655630189925432,,7937,,
98,,0.006060754880309105,7939,,
98,,0.005603699944913387,7949,,
98,,0.005769269075244665,7959,,
98,,0.004908879287540913,7969,,
98,,0.004431075416505337,7979,,
98,,0.0030637942254543304,7989,,
98,,0.007551913149654865,7999,,
98,,0.002881992608308792,8009,,
,,,22442,,0.00020602419681381434
,,,22443,,0.00015347373846452683
,,,22444,,0.00036789668956771493
,,,22445,,0.0001632172497920692
,,,22446,,0.0003018876595888287
,,,22447,,0.00013197289081290364
,,,22448,,0.00042325013782829046
,,,22449,,0.0001362253970000893
,,,22450,,0.00034218747168779373
,,,22451,,0.00015230593271553516
,,,22452,,0.000605762645136565
,,,22453,,0.00058223947416991
,,,22454,,0.00015516675193794072
,,,22455,,0.00017000135267153382
,,,22456,,0.00034810503711923957
,,,22457,,0.00019080983474850655
,,,22458,,0.0004307932103984058
,,,22459,,0.0003060963936150074
,,,22460,,0.0002563618472777307
,,,22461,,0.0006751306937076151
,,,22462,,0.00017553952056914568
,,,22463,,0.00013878141180612147
,,,22464,,0.00011883483966812491
,,,22465,,0.0004368320805951953
,,,22466,,0.0003763676795642823
,,,22467,,0.000285790185444057
,,,22468,,0.00025700265541672707
,,,22469,,0.004882877692580223
,,,22470,,0.016010507941246033
,,,22471,,0.01298485603183508
,,,22472,,0.013319717720150948
,,,22473,,0.014644840732216835
,,,22474,,0.013389257714152336
,,,22475,,0.07621736824512482
,,,22476,,0.02230314165353775
,,,22477,,0.010735254734754562
,,,22478,,0.012971957214176655
,,,22479,,0.008744288235902786
,,,22480,,0.004600192420184612
,,,22481,,0.011507850140333176
,,,22482,,0.00694675650447607
,,,22483,,0.004033688921481371
,,,22484,,0.010703782550990582
,,,22485,,0.012300480157136917
,,,22486,,0.004661225713789463
,,,22487,,0.015652287751436234
,,,22488,,0.007167822681367397
,,,22489,,0.002557578030973673
,,,22490,,0.007547255605459213
,,,22491,,0.003961128182709217
,,,22492,,0.004864374175667763
,,,22493,,0.0061972117982804775
,,,22494,,0.002448642160743475
,,,22495,,0.006343834102153778
,,,22496,,0.0034423561301082373
,,,22497,,0.007297554053366184
,,,22498,,0.00660089123994112
,,,22499,,0.0024049365893006325
,,,22500,,0.003788288217037916
,,,22501,,0.0022670282050967216
,,,22502,,0.0033232548739761114
,,,22503,,0.0023552575148642063
,,,22504,,0.0022468725219368935
,,,22505,,0.003112416248768568
,,,22506,,0.0028093208093196154
,,,22507,,0.0014519315445795655
,,,22508,,0.0023862849920988083
,,,22509,,0.006886688061058521
,,,22510,,0.003031738568097353
,,,22511,,0.0014798124320805073
,,,22512,,0.0022526339162141085
,,,22513,,0.00031327520264312625
,,,22514,,0.0007541391532868147
,,,22515,,0.0003137257881462574
,,,22516,,0.00032310906681232154
,,,22517,,0.0003089199890382588
,,,22518,,0.0003326237783767283
,,,22519,,0.00021923391614109278
,,,22520,,0.00023868962307460606
,,,22521,,0.00021821950213052332
,,,22522,,0.0004218100802972913
,,,22523,,0.00033159489976242185
,,,22524,,0.0009140107431448996
,,,22525,,0.0005493881180882454
,,,22526,,0.005319538991898298
,,,22527,,0.006638542748987675
,,,22528,,0.00900247972458601
,,,22529,,0.04316755011677742
,,,22530,,0.030271455645561218
,,,22531,,0.015986623242497444
,,,22532,,0.017084473744034767
,,,22533,,0.015798740088939667
,,,22534,,0.005289840511977673
,,,22535,,0.005162658169865608
,,,22536,,0.005195061210542917
,,,22537,,0.004122382495552301
,,,22538,,0.004519840702414513
,,,22539,,0.005215340293943882
,,,22540,,0.004406874533742666
,,,22541,,0.0043999506160616875
,,,22542,,0.0051145125180482864
,,,22543,,0.004195014014840126
,,,22544,,0.0038873362354934216
,,,22545,,0.004006546456366777
,,,22546,,0.005146181210875511
,,,22547,,0.004862894304096699
,,,22548,,0.00505729578435421
,,,22549,,0.004717051982879639
,,,22550,,0.004505465738475323
,,,22551,,0.005704258568584919
,,,22552,,0.00502213928848505
,,,22553,,0.0038820914924144745
,,,22554,,0.005165537819266319
,,,22555,,0.005290897563099861
,,,22556,,0.007446300238370895
,,,22557,,0.007430749014019966
,,,22558,,0.005680060479789972
,,,22559,,0.0046968646347522736
,,,22560,,0.00451531819999218
,,,22561,,0.005151627119630575
,,,22562,,0.004151283763349056
,,,22563,,0.004428688902407885
,,,22564,,0.004654228687286377
,,,22565,,0.004460575990378857
,,,22566,,0.004689227323979139
,,,22567,,0.0045380499213933945
,,,22568,,0.004007799085229635
,,,22569,,0.004157585557550192
,,,22570,,0.004287402145564556
,,,22571,,0.005307835526764393
,,,22572,,0.00443903636187315
,,,22573,,0.005144745577126741
,,,22574,,0.00482780858874321
,,,22575,,0.005168641917407513
,,,22576,,0.0049644154496490955
,,,22577,,0.004660625476390123
,,,22578,,0.0044487761333584785
,,,22579,,0.0050343056209385395
,,,22580,,0.003959104884415865
,,,22581,,0.004048588220030069
,,,22582,,0.003461281768977642
,,,22583,,0.003431328572332859
,,,22584,,0.0034836013801395893
,,,22585,,0.0038340373430401087
,,,22586,,0.0036076370161026716
,,,22587,,0.0037037343718111515
,,,22588,,0.003718408290296793
,,,22589,,0.0036103492602705956
,,,22590,,0.003064935328438878
,,,22591,,0.003226699773222208
,,,22592,,0.0034228165168315172
,,,22593,,0.003737288760021329
,,,22594,,0.0035692481324076653
,,,22595,,0.0035059545189142227
,,,22596,,0.004202778916805983
,,,22597,,0.003753829747438431
,,,22598,,0.0036868383176624775
,,,22599,,0.0032950995955616236
,,,22600,,0.003422817448154092
,,,22601,,0.003792074043303728
,,,22602,,0.0037599129136651754
,,,22603,,0.0041762529872357845
,,,22604,,0.004630496725440025
,,,22605,,0.0041787647642195225
,,,22606,,0.0044959490187466145
,,,22607,,0.003809447167441249
,,,22608,,0.0034138683695346117
,,,22609,,0.00392399774864316
,,,22610,,0.004971865564584732
,,,22611,,0.004385038278996944
,,,22612,,0.0037410412915050983
,,,22613,,0.004928109236061573
,,,22614,,0.0041830833069980145
,,,22615,,0.005051472224295139
,,,22616,,0.004087644629180431
,,,22617,,0.0037067285738885403
,,,22618,,0.004520848859101534
,,,22619,,0.004326180554926395
,,,22620,,0.0037542483769357204
,,,22621,,0.004798912443220615
,,,22622,,0.0041724918410182
,,,22623,,0.004056636709719896
,,,22624,,0.0015489039942622185
,,,22625,,0.0014158290578052402
,,,22626,,0.001041071955114603
,,,22627,,0.001063388423062861
,,,22628,,0.0008853483013808727
,,,22629,,0.0009303765837103128
,,,22630,,0.001215675612911582
,,,22631,,0.0009598274482414126
,,,22632,,0.001250595087185502
,,,22633,,0.0011236004065722227
,,,22634,,0.0010990893933922052
,,,22635,,0.0008756372844800353
,,,22636,,0.0010293268132954836
,,,22637,,0.0024656569585204124
,,,22638,,0.0024921868462115526
,,,22639,,0.0037206015549600124
,,,22640,,0.0023004349786788225
,,,22641,,0.0009111012332141399
,,,22642,,0.008491412736475468
,,,22643,,0.0014380495995283127
,,,22644,,0.005522192921489477
,,,22645,,0.0024552466347813606
,,,22646,,0.0023204300086945295
,,,22647,,0.005429509095847607
,,,22648,,0.0076391203328967094
,,,22649,,0.006373676471412182
,,,22650,,0.004503401927649975
,,,22651,,0.003924932796508074
,,,22652,,0.0053969742730259895
,,,22653,,0.00650712801143527
,,,22654,,0.038877591490745544
,,,22655,,0.02931263856589794
,,,22656,,0.02129431441426277
,,,22657,,0.024250946938991547
,,,22658,,0.03754712641239166
,,,22659,,0.018512330949306488
,,,22660,,0.02227504551410675
,,,22661,,0.030743006616830826
,,,22662,,0.020128333941102028
,,,22663,,0.02533411607146263
,,,22664,,0.020338620990514755
,,,22665,,0.022888951003551483
,,,22666,,0.03367207571864128
,,,22667,,0.0264495387673378
,,,22668,,0.024187173694372177
,,,22669,,0.022924786433577538
,,,22670,,0.011873951181769371
98,,,8018,0.006284079514443874,
98,0.005943390540778637,,8018,,
99,,0.0035957428626716137,8019,,
99,,0.005613225512206554,8029,,
99,,0.005067970138043165,8039,,
99,,0.005745656322687864,8049,,
99,,0.007545639760792255,8059,,
99,,0.004160688258707523,8069,,
99,,0.008161336183547974,8079,,
99,,0.006486312486231327,8089,,
99,,0.01180943287909031,8099,,
,,,22671,,0.000266522285528481
,,,22672,,0.00022406826610676944
,,,22673,,0.00045957480324432254
,,,22674,,0.0001804017520043999
,,,22675,,0.0003205647226423025
,,,22676,,0.00015219258784782141
,,,22677,,0.00041236140532419086
,,,22678,,0.0001655550440773368
,,,22679,,0.0002631981624290347
,,,22680,,0.0001877355098258704
,,,22681,,0.0006387693574652076
,,,22682,,0.0007071095751598477
,,,22683,,0.0002177682181354612
,,,22684,,0.00019472738495096564
,,,22685,,0.0003958021115977317
,,,22686,,0.00021084348554722965
,,,22687,,0.0005004351260140538
,,,22688,,0.0003435130347497761
,,,22689,,0.00027102179592475295
,,,22690,,0.0007940210634842515
,,,22691,,0.00020998308900743723
,,,22692,,0.00017772451974451542
,,,22693,,0.00012679131759796292
,,,22694,,0.0005068652681075037
,,,22695,,0.0003889587242156267
,,,22696,,0.00030888960463926196
,,,22697,,0.0002562978770583868
,,,22698,,0.00487409858033061
,,,22699,,0.015912456437945366
,,,22700,,0.012781426310539246
,,,22701,,0.013347744941711426
,,,22702,,0.014527956955134869
,,,22703,,0.013354577124118805
,,,22704,,0.07565890997648239
,,,22705,,0.022175941616296768
,,,22706,,0.010667231865227222
,,,22707,,0.012889607809484005
,,,22708,,0.008606032468378544
,,,22709,,0.00460593868046999
,,,22710,,0.011372881941497326
,,,22711,,0.0069774421863257885
,,,22712,,0.003910589963197708
,,,22713,,0.010528883896768093
,,,22714,,0.01205061748623848
,,,22715,,0.004487056750804186
,,,22716,,0.015359310433268547
,,,22717,,0.0069803716614842415
,,,22718,,0.0024555176496505737
,,,22719,,0.00738274771720171
,,,22720,,0.003916734829545021
,,,22721,,0.004694278817623854
,,,22722,,0.006138712167739868
,,,22723,,0.0023586703464388847
,,,22724,,0.006230905652046204
,,,22725,,0.0033854504581540823
,,,22726,,0.0071466779336333275
,,,22727,,0.006458973977714777
,,,22728,,0.0022995215840637684
,,,22729,,0.003628288395702839
,,,22730,,0.002241274109110236
,,,22731,,0.0032345186918973923
,,,22732,,0.002223999472334981
,,,22733,,0.0021558147855103016
,,,22734,,0.0029763299971818924
,,,22735,,0.0027172958943992853
,,,22736,,0.001412699930369854
,,,22737,,0.0024029447231441736
,,,22738,,0.006711059249937534
,,,22739,,0.0029104179702699184
,,,22740,,0.001475837780162692
,,,22741,,0.002092249458655715
,,,22742,,0.00032335089053958654
,,,22743,,0.0007547655841335654
,,,22744,,0.000334147218381986
,,,22745,,0.0003127110539935529
,,,22746,,0.0003165078815072775
,,,22747,,0.0003230530128348619
,,,22748,,0.00021838999236933887
,,,22749,,0.00026293034898117185
,,,22750,,0.00021698331693187356
,,,22751,,0.00041818383033387363
,,,22752,,0.00034218240762129426
,,,22753,,0.0008557209512218833
,,,22754,,0.0005540148122236133
,,,22755,,0.005030644126236439
,,,22756,,0.006360345054417849
,,,22757,,0.008867597207427025
,,,22758,,0.04331778734922409
,,,22759,,0.028726885095238686
,,,22760,,0.01588829793035984
,,,22761,,0.01662338525056839
,,,22762,,0.015460941940546036
,,,22763,,0.005064436234533787
,,,22764,,0.004941092338413
,,,22765,,0.0049896640703082085
,,,22766,,0.0038754723500460386
,,,22767,,0.004338766448199749
,,,22768,,0.004962880164384842
,,,22769,,0.0041461060754954815
,,,22770,,0.00413475651293993
,,,22771,,0.004874051548540592
,,,22772,,0.00408229511231184
,,,22773,,0.0036868532188236713
,,,22774,,0.003819201374426484
,,,22775,,0.0049164812080562115
,,,22776,,0.004682920407503843
,,,22777,,0.004866320174187422
,,,22778,,0.004539223853498697
,,,22779,,0.004290890879929066
,,,22780,,0.005402630660682917
,,,22781,,0.004784437362104654
,,,22782,,0.0036804508417844772
,,,22783,,0.004937365651130676
,,,22784,,0.005012160632759333
,,,22785,,0.007334725931286812
,,,22786,,0.007263449020683765
,,,22787,,0.005489625968039036
,,,22788,,0.004481753334403038
,,,22789,,0.004234860651195049
,,,22790,,0.004874538630247116
,,,22791,,0.003937644883990288
,,,22792,,0.004204604774713516
,,,22793,,0.004425357095897198
,,,22794,,0.004203051794320345
,,,22795,,0.004419748671352863
,,,22796,,0.004324420355260372
,,,22797,,0.0037431535311043262
,,,22798,,0.00394815020263195
,,,22799,,0.004093814641237259
,,,22800,,0.005029933527112007
,,,22801,,0.004280621185898781
,,,22802,,0.00484143290668726
,,,22803,,0.004647817462682724
,,,22804,,0.004859846085309982
,,,22805,,0.004740030504763126
,,,22806,,0.0043597412295639515
,,,22807,,0.0041837990283966064
,,,22808,,0.004711451008915901
,,,22809,,0.0034117414616048336
,,,22810,,0.003565761959180236
,,,22811,,0.003116168547421694
,,,22812,,0.003132700454443693
,,,22813,,0.0031685861758887768
,,,22814,,0.003515732940286398
,,,22815,,0.003226428758352995
,,,22816,,0.0032482673414051533
,,,22817,,0.003313656197860837
,,,22818,,0.0032560210675001144
,,,22819,,0.002705866703763604
,,,22820,,0.0028680702671408653
,,,22821,,0.0030891981441527605
,,,22822,,0.0033790776506066322
,,,22823,,0.0032227924093604088
,,,22824,,0.0031382525339722633
,,,22825,,0.003646132303401828
,,,22826,,0.0034361202269792557
,,,22827,,0.003328195307403803
,,,22828,,0.0030056480318307877
,,,22829,,0.003095900407060981
,,,22830,,0.0035012855660170317
,,,22831,,0.003568585030734539
,,,22832,,0.004032505210489035
,,,22833,,0.004459423944354057
,,,22834,,0.004002920817583799
,,,22835,,0.004323671571910381
,,,22836,,0.003659375011920929
,,,22837,,0.0032676896080374718
,,,22838,,0.0037238739896565676
,,,22839,,0.004804814234375954
,,,22840,,0.0041715772822499275
,,,22841,,0.0035333328414708376
,,,22842,,0.004757341463118792
,,,22843,,0.004022935405373573
,,,22844,,0.004863200709223747
,,,22845,,0.0038790202233940363
,,,22846,,0.003575615817680955
,,,22847,,0.0043259272351861
,,,22848,,0.004099964164197445
,,,22849,,0.0035980925895273685
,,,22850,,0.004612305201590061
,,,22851,,0.00397009402513504
,,,22852,,0.003909624647349119
,,,22853,,0.001494748517870903
,,,22854,,0.0013666409067809582
,,,22855,,0.0010213684290647507
,,,22856,,0.0010169673478230834
,,,22857,,0.0008222935721278191
,,,22858,,0.0008779620984569192
,,,22859,,0.0011789498385041952
,,,22860,,0.0009044004837051034
,,,22861,,0.001240479527041316
,,,22862,,0.0010686812456697226
,,,22863,,0.001057213288731873
,,,22864,,0.0008417461067438126
,,,22865,,0.0009977887384593487
,,,22866,,0.002482824958860874
,,,22867,,0.002635200973600149
,,,22868,,0.00377591117285192
,,,22869,,0.0022254050709307194
,,,22870,,0.0009526736102998257
,,,22871,,0.00823149736970663
,,,22872,,0.001387153286486864
,,,22873,,0.005335612688213587
,,,22874,,0.0023024589754641056
,,,22875,,0.002402813406661153
,,,22876,,0.005355575121939182
,,,22877,,0.007795833051204681
,,,22878,,0.0062408349476754665
,,,22879,,0.004424853250384331
,,,22880,,0.003909931052476168
,,,22881,,0.00535417627543211
,,,22882,,0.006543601863086224
,,,22883,,0.0384773388504982
,,,22884,,0.029044514521956444
,,,22885,,0.02107439748942852
,,,22886,,0.024011723697185516
,,,22887,,0.0372336208820343
,,,22888,,0.018302250653505325
,,,22889,,0.022062430158257484
,,,22890,,0.03045376017689705
,,,22891,,0.019880924373865128
,,,22892,,0.025094492360949516
,,,22893,,0.020115286111831665
,,,22894,,0.022639229893684387
,,,22895,,0.03344419598579407
,,,22896,,0.026150163263082504
,,,22897,,0.023900769650936127
,,,22898,,0.022715885192155838
,,,22899,,0.011723601259291172
99,,,8099,0.006130928173661232,
99,0.005829789210110903,,8099,,
,,,0,,0.00039659871254116297
,,,1,,0.00037212666939012706
,,,2,,0.0004951541777700186
,,,3,,0.0003482383326627314
,,,4,,0.0004736841074191034
,,,5,,0.00029348937096074224
,,,6,,0.0006019353168085217
,,,7,,0.00033642080961726606
,,,8,,0.0004770142841152847
,,,9,,0.00035579464747570455
,,,10,,0.000794463325291872
,,,11,,0.0006716247880831361
,,,12,,0.00037072983104735613
,,,13,,0.0003332974447403103
,,,14,,0.0005106473108753562
,,,15,,0.0003865725011564791
,,,16,,0.0005941296112723649
,,,17,,0.0004839335451833904
,,,18,,0.00045497537939809263
,,,19,,0.000731344276573509
,,,20,,0.00035481253871694207
,,,21,,0.0003377202956471592
,,,22,,0.00030809888266958296
,,,23,,0.0005738948821090162
,,,24,,0.0005267935339361429
,,,25,,0.0004537140775937587
,,,26,,0.0004360076563898474
,,,27,,0.004650952760130167
,,,28,,0.01559868548065424
,,,29,,0.012655679136514664
,,,30,,0.012957100756466389
,,,31,,0.014229703694581985
,,,32,,0.013100603595376015
,,,33,,0.07518438249826431
,,,34,,0.02188040316104889
,,,35,,0.010398874059319496
,,,36,,0.012624559924006462
,,,37,,0.008350036107003689
,,,38,,0.004285013303160667
,,,39,,0.011116992682218552
,,,40,,0.006683320738375187
,,,41,,0.0036878809332847595
,,,42,,0.01017787680029869
,,,43,,0.011717607267200947
,,,44,,0.004321123007684946
,,,45,,0.014947330579161644
,,,46,,0.006719786673784256
,,,47,,0.0022839198354631662
,,,48,,0.0071074478328228
,,,49,,0.003751843236386776
,,,50,,0.004493666812777519
,,,51,,0.005876860115677118
,,,52,,0.0021761106327176094
,,,53,,0.005886466708034277
,,,54,,0.00332247419282794
,,,55,,0.00700071407482028
,,,56,,0.006308318115770817
,,,57,,0.0022222218103706837
,,,58,,0.0034560654312372208
,,,59,,0.002300580497831106
,,,60,,0.003075073007494211
,,,61,,0.002109387656673789
,,,62,,0.0020237520802766085
,,,63,,0.0028052709531039
,,,64,,0.0026272032409906387
,,,65,,0.0014936397783458233
,,,66,,0.002423115773126483
,,,67,,0.006453134119510651
,,,68,,0.0027776663191616535
,,,69,,0.0015350664034485817
,,,70,,0.002118562813848257
,,,71,,0.00037634657928720117
,,,72,,0.0007705651223659515
,,,73,,0.0003059265436604619
,,,74,,0.00037094196886755526
,,,75,,0.00038568698801100254
,,,76,,0.00037329751648940146
,,,77,,0.0002998720738105476
,,,78,,0.0002333645970793441
,,,79,,0.00028502894565463066
,,,80,,0.00038566518924199045
,,,81,,0.00038709724321961403
,,,82,,0.0010941076325252652
,,,83,,0.0005514986114576459
,,,84,,0.00463021220639348
,,,85,,0.005697379354387522
,,,86,,0.005580628290772438
,,,87,,0.017643345519900322
,,,88,,0.01223136205226183
,,,89,,0.00924722757190466
,,,90,,0.015084764920175076
,,,91,,0.013703398406505585
,,,92,,0.0044373394921422005
,,,93,,0.0044516511261463165
,,,94,,0.004540399182587862
,,,95,,0.0035566692240536213
,,,96,,0.003972569014877081
,,,97,,0.0045769233256578445
,,,98,,0.0037780259735882282
,,,99,,0.0038080676458775997
,,,100,,0.004462698940187693
,,,101,,0.003635347355157137
,,,102,,0.0032792475540190935
,,,103,,0.003385084681212902
,,,104,,0.004478344693779945
,,,105,,0.0042804935947060585
,,,106,,0.004434029571712017
,,,107,,0.004163909703493118
,,,108,,0.003953303676098585
,,,109,,0.005080872680991888
,,,110,,0.004490909166634083
,,,111,,0.003379169385880232
,,,112,,0.004533125087618828
,,,113,,0.004632300231605768
,,,114,,0.0065514082089066505
,,,115,,0.0066492208279669285
,,,116,,0.004892735742032528
,,,117,,0.004316298291087151
,,,118,,0.004017441533505917
,,,119,,0.004663027822971344
,,,120,,0.0037906584329903126
,,,121,,0.003987326752394438
,,,122,,0.004151896573603153
,,,123,,0.003949510399252176
,,,124,,0.004101830068975687
,,,125,,0.004075315780937672
,,,126,,0.003457034472376108
,,,127,,0.0037336391396820545
,,,128,,0.0038678348064422607
,,,129,,0.004687611944973469
,,,130,,0.004064654465764761
,,,131,,0.004609159659594297
,,,132,,0.00436887051910162
,,,133,,0.004630093462765217
,,,134,,0.004456014838069677
,,,135,,0.00419914536178112
,,,136,,0.003957560285925865
,,,137,,0.004400567151606083
,,,138,,0.0031966962851583958
,,,139,,0.003370577236637473
,,,140,,0.0029861945658922195
,,,141,,0.0029480329249054193
,,,142,,0.0030165354255586863
,,,143,,0.00333703332580626
,,,144,,0.0030092932283878326
,,,145,,0.003071351209655404
,,,146,,0.0030645255465060472
,,,147,,0.0030752825550734997
,,,148,,0.002584559377282858
,,,149,,0.0026913750916719437
,,,150,,0.0029347827658057213
,,,151,,0.0031775017268955708
,,,152,,0.0030411281622946262
,,,153,,0.0029206136241555214
,,,154,,0.0033187055960297585
,,,155,,0.003216149751096964
,,,156,,0.0031287996098399162
,,,157,,0.0028422540053725243
,,,158,,0.002896395977586508
,,,159,,0.0033069103956222534
,,,160,,0.0034713156055659056
,,,161,,0.0038175571244210005
,,,162,,0.0042643919587135315
,,,163,,0.003864723490551114
,,,164,,0.004157479852437973
,,,165,,0.0035332117695361376
,,,166,,0.0031738379038870335
,,,167,,0.0035675193648785353
,,,168,,0.004631053656339645
,,,169,,0.003917179070413113
,,,170,,0.003403028938919306
,,,171,,0.004592013545334339
,,,172,,0.0038505340926349163
,,,173,,0.004689238034188747
,,,174,,0.003754756646230817
,,,175,,0.003447877708822489
,,,176,,0.004153926856815815
,,,177,,0.003989005461335182
,,,178,,0.0034239953383803368
,,,179,,0.004423176869750023
,,,180,,0.003789941780269146
,,,181,,0.00374952657148242
,,,182,,0.001450174953788519
,,,183,,0.0013115627225488424
,,,184,,0.0009968283120542765
,,,185,,0.0010625813156366348
,,,186,,0.0009304173290729523
,,,187,,0.0008908057352527976
,,,188,,0.0011491983896121383
,,,189,,0.0009171725832857192
,,,190,,0.001175286597572267
,,,191,,0.001101997448131442
,,,192,,0.0010644688736647367
,,,193,,0.0009158057509921491
,,,194,,0.0010027082171291113
,,,195,,0.0026276337448507547
,,,196,,0.0026194010861217976
,,,197,,0.0038076050113886595
,,,198,,0.0022798150312155485
,,,199,,0.0010830507380887866
,,,200,,0.00827130675315857
,,,201,,0.0016247646417468786
,,,202,,0.005944449920207262
,,,203,,0.002640219172462821
,,,204,,0.002365303924307227
,,,205,,0.005464518442749977
,,,206,,0.007837105542421341
,,,207,,0.006383617874234915
,,,208,,0.0040768892504274845
,,,209,,0.003884921781718731
,,,210,,0.005445555318146944
,,,211,,0.0067382073029875755
,,,212,,0.038513269275426865
,,,213,,0.029173163697123528
,,,214,,0.020989559590816498
,,,215,,0.02408662810921669
,,,216,,0.037423133850097656
,,,217,,0.018341051414608955
,,,218,,0.02226707711815834
,,,219,,0.030546963214874268
,,,220,,0.020040620118379593
,,,221,,0.025014255195856094
,,,222,,0.02014896273612976
,,,223,,0.0226760171353817
,,,224,,0.03327843174338341
,,,225,,0.026164447888731956
,,,226,,0.023816432803869247
,,,227,,0.022748718038201332
,,,228,,0.011813865974545479
100,,,8100,0.005770896561443806,
